datetime,open,high,low,close,volume,trade_count
2025-07-01 00:00:00,1.1784,1.1786,1.1783,1.1785,44921.9,61
2025-07-01 00:02:00,1.1786,1.1787,1.1785,1.1786,25343.399999999998,38
2025-07-01 00:04:00,1.1786,1.1787,1.1786,1.1786,2612.5,9
2025-07-01 00:06:00,1.1786,1.1788,1.1786,1.1788,100038.9,40
2025-07-01 00:08:00,1.1788,1.1788,1.1786,1.1786,5867.1,21
2025-07-01 00:10:00,1.1786,1.1788,1.1786,1.1788,18358.3,29
2025-07-01 00:12:00,1.1787,1.1789,1.1787,1.1788,9873.7,22
2025-07-01 00:14:00,1.1789,1.1791,1.1788,1.1791,24689.0,40
2025-07-01 00:16:00,1.179,1.1791,1.179,1.179,14352.8,29
2025-07-01 00:18:00,1.179,1.1791,1.1789,1.1791,5177.3,17
2025-07-01 00:20:00,1.179,1.179,1.1787,1.1787,32768.9,22
2025-07-01 00:22:00,1.1788,1.1788,1.1784,1.1785,41647.9,47
2025-07-01 00:24:00,1.1784,1.1786,1.1783,1.1785,56533.0,89
2025-07-01 00:26:00,1.1786,1.1789,1.1786,1.1788,50376.4,30
2025-07-01 00:28:00,1.1788,1.1789,1.1788,1.1788,16815.1,15
2025-07-01 00:30:00,1.1788,1.179,1.1788,1.1789,15302.5,138
2025-07-01 00:32:00,1.1791,1.1791,1.1789,1.179,25403.2,40
2025-07-01 00:34:00,1.1789,1.1791,1.1789,1.1789,154887.1,130
2025-07-01 00:36:00,1.179,1.1791,1.1789,1.179,33093.5,61
2025-07-01 00:38:00,1.179,1.179,1.1789,1.1789,49128.299999999996,41
2025-07-01 00:40:00,1.1788,1.179,1.1788,1.179,1764.9,14
2025-07-01 00:42:00,1.1789,1.179,1.1788,1.1788,2699.1,16
2025-07-01 00:44:00,1.1788,1.1789,1.1788,1.1788,2997.8,15
2025-07-01 00:46:00,1.1788,1.1791,1.1788,1.179,3828.7999999999997,17
2025-07-01 00:48:00,1.1791,1.1791,1.179,1.179,8619.3,21
2025-07-01 00:50:00,1.1791,1.1792,1.179,1.1791,2487.4,14
2025-07-01 00:52:00,1.1791,1.1792,1.1791,1.1792,514.4,10
2025-07-01 00:54:00,1.1792,1.1793,1.1791,1.1793,15895.5,12
2025-07-01 00:56:00,1.1793,1.1793,1.1792,1.1793,2417.4,11
2025-07-01 00:58:00,1.1793,1.1795,1.1793,1.1794,5206.299999999999,14
2025-07-01 01:00:00,1.1794,1.1795,1.1794,1.1794,18499.6,64
2025-07-01 01:02:00,1.1793,1.1794,1.1793,1.1794,1281.5,11
2025-07-01 01:04:00,1.1793,1.1794,1.1793,1.1794,3982.6,11
2025-07-01 01:06:00,1.1794,1.1794,1.1792,1.1792,18363.0,23
2025-07-01 01:08:00,1.1792,1.1793,1.1791,1.1791,3123.7,10
2025-07-01 01:10:00,1.1792,1.1792,1.1791,1.1791,3058.4,12
2025-07-01 01:12:00,1.1791,1.1792,1.1791,1.1791,4988.0,8
2025-07-01 01:14:00,1.1791,1.1794,1.1791,1.1794,6520.2,22
2025-07-01 01:16:00,1.1794,1.1794,1.1793,1.1794,3914.6,16
2025-07-01 01:18:00,1.1795,1.1796,1.1795,1.1795,4362.7,17
2025-07-01 01:20:00,1.1797,1.1802,1.1797,1.1799,143956.8,146
2025-07-01 01:22:00,1.18,1.1801,1.1795,1.1795,44218.5,41
2025-07-01 01:24:00,1.1795,1.1795,1.1791,1.1791,8235.199999999999,57
2025-07-01 01:26:00,1.1791,1.1793,1.1791,1.1793,5062.6,23
2025-07-01 01:28:00,1.1792,1.1793,1.1791,1.1791,1766.5,6
2025-07-01 01:30:00,1.1791,1.1791,1.1788,1.1789,18913.5,75
2025-07-01 01:32:00,1.1788,1.1788,1.1786,1.1786,2552.3999999999996,16
2025-07-01 01:34:00,1.1786,1.1787,1.1786,1.1786,10035.1,29
2025-07-01 01:36:00,1.1786,1.1787,1.1784,1.1784,9711.3,26
2025-07-01 01:38:00,1.1785,1.1786,1.1783,1.1786,3267.5,13
2025-07-01 01:40:00,1.1785,1.1785,1.1784,1.1785,1112.3,14
2025-07-01 01:42:00,1.1785,1.1785,1.1784,1.1784,2630.4,10
2025-07-01 01:44:00,1.1785,1.1787,1.1785,1.1786,8863.2,28
2025-07-01 01:46:00,1.1785,1.1785,1.1783,1.1783,39844.0,30
2025-07-01 01:48:00,1.1783,1.1784,1.1782,1.1783,15825.3,13
2025-07-01 01:50:00,1.1782,1.1782,1.1781,1.1781,14940.7,8
2025-07-01 01:52:00,1.178,1.1781,1.1779,1.178,8678.3,23
2025-07-01 01:54:00,1.178,1.178,1.1778,1.1778,24359.1,25
2025-07-01 01:56:00,1.1778,1.178,1.1778,1.1779,12631.2,35
2025-07-01 01:58:00,1.1779,1.1779,1.1778,1.1779,10752.7,23
2025-07-01 02:00:00,1.1778,1.1778,1.1775,1.1776,20493.800000000003,57
2025-07-01 02:02:00,1.1776,1.1778,1.1776,1.1776,46594.9,21
2025-07-01 02:04:00,1.1776,1.1777,1.1776,1.1777,3922.0,11
2025-07-01 02:06:00,1.1777,1.1779,1.1777,1.1778,5899.4,18
2025-07-01 02:08:00,1.1779,1.1779,1.1776,1.1777,74319.8,44
2025-07-01 02:10:00,1.1777,1.1777,1.1776,1.1777,4041.8,13
2025-07-01 02:12:00,1.1777,1.1777,1.1776,1.1777,4255.5,15
2025-07-01 02:14:00,1.1776,1.1777,1.1776,1.1776,2122.7,18
2025-07-01 02:16:00,1.1776,1.1779,1.1776,1.1779,4369.2,12
2025-07-01 02:18:00,1.1779,1.1779,1.1778,1.1778,4644.1,21
2025-07-01 02:20:00,1.1777,1.1777,1.1776,1.1777,2875.4,12
2025-07-01 02:22:00,1.1777,1.1777,1.1776,1.1776,3381.7,12
2025-07-01 02:24:00,1.1776,1.1778,1.1776,1.1778,2054.5,10
2025-07-01 02:26:00,1.1777,1.1778,1.1777,1.1778,2117.2,8
2025-07-01 02:28:00,1.1779,1.1779,1.1778,1.1778,1991.2,12
2025-07-01 02:30:00,1.1778,1.178,1.1778,1.178,27624.5,149
2025-07-01 02:32:00,1.1779,1.178,1.1779,1.1779,1432.5,9
2025-07-01 02:34:00,1.178,1.178,1.1778,1.1778,51948.1,47
2025-07-01 02:36:00,1.1778,1.1781,1.1778,1.1781,8709.8,25
2025-07-01 02:38:00,1.178,1.1781,1.178,1.1781,5538.9,11
2025-07-01 02:40:00,1.1782,1.1782,1.1781,1.1781,25509.0,37
2025-07-01 02:42:00,1.1781,1.1781,1.178,1.1781,5806.4,23
2025-07-01 02:44:00,1.1781,1.1781,1.178,1.1781,2505.2,12
2025-07-01 02:46:00,1.1782,1.1784,1.1782,1.1783,53638.0,64
2025-07-01 02:48:00,1.1783,1.1784,1.1783,1.1783,2689.2,12
2025-07-01 02:50:00,1.1784,1.1784,1.1783,1.1784,2669.5,12
2025-07-01 02:52:00,1.1784,1.1785,1.1783,1.1784,5751.9,21
2025-07-01 02:54:00,1.1785,1.1785,1.1785,1.1785,1895.2,11
2025-07-01 02:56:00,1.1785,1.1786,1.1785,1.1786,1095.7,8
2025-07-01 02:58:00,1.1786,1.1786,1.1785,1.1786,2288.4,12
2025-07-01 03:00:00,1.1785,1.1786,1.1785,1.1786,1090.6999999999998,7
2025-07-01 03:02:00,1.1785,1.1787,1.1785,1.1787,1045.0,7
2025-07-01 03:04:00,1.1787,1.1787,1.1786,1.1787,4441.8,20
2025-07-01 03:06:00,1.1787,1.1787,1.1785,1.1786,14948.5,37
2025-07-01 03:08:00,1.1786,1.1787,1.1785,1.1787,11506.3,24
2025-07-01 03:10:00,1.1787,1.1787,1.1786,1.1786,3115.7,23
2025-07-01 03:12:00,1.1787,1.1788,1.1786,1.1786,27183.600000000002,13
2025-07-01 03:14:00,1.1786,1.1788,1.1786,1.1788,8671.3,17
2025-07-01 03:16:00,1.1788,1.1788,1.1787,1.1788,7312.3,22
2025-07-01 03:18:00,1.1787,1.1789,1.1787,1.1789,9734.8,20
2025-07-01 03:20:00,1.1789,1.179,1.1788,1.179,4213.5,11
2025-07-01 03:22:00,1.1789,1.179,1.1789,1.1789,548.6,9
2025-07-01 03:24:00,1.1789,1.179,1.1789,1.179,412.4,12
2025-07-01 03:26:00,1.179,1.179,1.1788,1.1788,17828.0,23
2025-07-01 03:28:00,1.1788,1.1788,1.1786,1.1787,10054.0,16
2025-07-01 03:30:00,1.1786,1.1787,1.1786,1.1786,8290.1,22
2025-07-01 03:32:00,1.1786,1.1786,1.1784,1.1786,4713.8,15
2025-07-01 03:34:00,1.1785,1.1785,1.1784,1.1785,1828.8999999999999,14
2025-07-01 03:36:00,1.1784,1.1786,1.1784,1.1786,1301.3,16
2025-07-01 03:38:00,1.1787,1.1789,1.1787,1.1789,1521.4,14
2025-07-01 03:40:00,1.1789,1.1789,1.1788,1.1789,3864.3,15
2025-07-01 03:42:00,1.1789,1.1789,1.1789,1.1789,4550.5,25
2025-07-01 03:44:00,1.1789,1.179,1.1789,1.179,3453.7,12
2025-07-01 03:46:00,1.179,1.179,1.1789,1.179,8354.5,20
2025-07-01 03:48:00,1.179,1.179,1.179,1.179,5869.9,15
2025-07-01 03:50:00,1.179,1.179,1.1788,1.1789,31268.4,18
2025-07-01 03:52:00,1.1789,1.1789,1.1788,1.1788,25395.9,33
2025-07-01 03:54:00,1.1787,1.1788,1.1785,1.1785,21051.1,30
2025-07-01 03:56:00,1.1785,1.1786,1.1784,1.1786,17276.8,34
2025-07-01 03:58:00,1.1786,1.1787,1.1785,1.1787,54905.299999999996,27
2025-07-01 04:00:00,1.1787,1.1787,1.1787,1.1787,4009.2000000000003,14
2025-07-01 04:02:00,1.1787,1.1788,1.1786,1.1787,3302.4,25
2025-07-01 04:04:00,1.1786,1.1787,1.1785,1.1785,4897.0,33
2025-07-01 04:06:00,1.1785,1.1785,1.1783,1.1785,11358.800000000001,31
2025-07-01 04:08:00,1.1785,1.1786,1.1785,1.1786,6414.1,15
2025-07-01 04:10:00,1.1786,1.1789,1.1786,1.1788,4705.5,18
2025-07-01 04:12:00,1.1789,1.179,1.1788,1.179,8338.7,26
2025-07-01 04:14:00,1.179,1.179,1.1789,1.1789,6449.7,18
2025-07-01 04:16:00,1.1789,1.179,1.1789,1.179,4021.9,17
2025-07-01 04:18:00,1.1789,1.179,1.1789,1.179,3443.6,29
2025-07-01 04:20:00,1.179,1.179,1.1789,1.1789,6063.0,27
2025-07-01 04:22:00,1.1791,1.1791,1.179,1.1791,2558.3,18
2025-07-01 04:24:00,1.1791,1.1791,1.179,1.1791,9448.1,23
2025-07-01 04:26:00,1.1791,1.1791,1.179,1.179,35631.6,37
2025-07-01 04:28:00,1.179,1.179,1.1788,1.1789,22006.7,42
2025-07-01 04:30:00,1.1788,1.1789,1.1786,1.1786,30624.5,44
2025-07-01 04:32:00,1.1786,1.1787,1.1786,1.1787,11301.0,22
2025-07-01 04:34:00,1.1787,1.1787,1.1785,1.1786,17676.6,36
2025-07-01 04:36:00,1.1785,1.1787,1.1785,1.1787,13527.199999999999,36
2025-07-01 04:38:00,1.1787,1.1787,1.1785,1.1785,7014.2,16
2025-07-01 04:40:00,1.1784,1.1785,1.1784,1.1784,1894.3,14
2025-07-01 04:42:00,1.1784,1.1785,1.1784,1.1784,7553.9,18
2025-07-01 04:44:00,1.1785,1.1785,1.1782,1.1783,6126.4,32
2025-07-01 04:46:00,1.1782,1.1784,1.1782,1.1783,2763.6,23
2025-07-01 04:48:00,1.1783,1.1784,1.1783,1.1784,2153.6,25
2025-07-01 04:50:00,1.1784,1.1784,1.1782,1.1783,6622.8,32
2025-07-01 04:52:00,1.1783,1.1783,1.1782,1.1782,15731.4,27
2025-07-01 04:54:00,1.1782,1.1782,1.178,1.1781,11133.8,38
2025-07-01 04:56:00,1.1781,1.1781,1.178,1.1781,7719.9,18
2025-07-01 04:58:00,1.1781,1.1782,1.1781,1.1782,21934.6,60
2025-07-01 05:00:00,1.1782,1.1783,1.1782,1.1782,3845.0,23
2025-07-01 05:02:00,1.1782,1.1783,1.1782,1.1783,2570.2,19
2025-07-01 05:04:00,1.1783,1.1784,1.1782,1.1784,9731.6,30
2025-07-01 05:06:00,1.1783,1.1784,1.1782,1.1783,7525.400000000001,34
2025-07-01 05:08:00,1.1783,1.1783,1.1782,1.1782,5384.5,32
2025-07-01 05:10:00,1.1782,1.1782,1.1781,1.1781,9577.8,25
2025-07-01 05:12:00,1.1781,1.1782,1.1781,1.1781,17240.6,36
2025-07-01 05:14:00,1.1782,1.1782,1.1781,1.1782,5025.9,15
2025-07-01 05:16:00,1.1782,1.1782,1.1779,1.1779,9340.8,30
2025-07-01 05:18:00,1.1779,1.178,1.1779,1.1779,9180.9,29
2025-07-01 05:20:00,1.1779,1.1781,1.1779,1.1781,35777.1,24
2025-07-01 05:22:00,1.1781,1.1782,1.1781,1.1781,3986.2999999999997,19
2025-07-01 05:24:00,1.1782,1.1783,1.1781,1.1783,16083.1,124
2025-07-01 05:26:00,1.1783,1.1784,1.1782,1.1783,12860.5,29
2025-07-01 05:28:00,1.1782,1.1784,1.1782,1.1784,31444.0,42
2025-07-01 05:30:00,1.1784,1.1785,1.1784,1.1785,10355.3,24
2025-07-01 05:32:00,1.1785,1.1785,1.1784,1.1785,4027.4,15
2025-07-01 05:34:00,1.1784,1.1785,1.1784,1.1785,5350.3,25
2025-07-01 05:36:00,1.1785,1.1785,1.1784,1.1785,13818.8,59
2025-07-01 05:38:00,1.1785,1.1785,1.1784,1.1784,27284.9,36
2025-07-01 05:40:00,1.1784,1.1784,1.1781,1.1781,25649.0,34
2025-07-01 05:42:00,1.1781,1.1782,1.1779,1.178,15152.1,56
2025-07-01 05:44:00,1.178,1.1781,1.1778,1.1779,18979.6,25
2025-07-01 05:46:00,1.1779,1.1781,1.1778,1.1781,27671.5,35
2025-07-01 05:48:00,1.178,1.1781,1.1777,1.1778,21309.7,46
2025-07-01 05:50:00,1.1777,1.1779,1.1777,1.1778,16602.4,34
2025-07-01 05:52:00,1.1777,1.1781,1.1777,1.178,36209.9,53
2025-07-01 05:54:00,1.1779,1.1781,1.1779,1.1781,30164.3,37
2025-07-01 05:56:00,1.178,1.1784,1.178,1.1784,32643.8,40
2025-07-01 05:58:00,1.1783,1.1784,1.1782,1.1783,34942.1,74
2025-07-01 06:00:00,1.1783,1.1784,1.1778,1.1778,51225.6,62
2025-07-01 06:02:00,1.1778,1.1779,1.1776,1.1778,36908.6,45
2025-07-01 06:04:00,1.1778,1.178,1.1777,1.1777,56664.7,53
2025-07-01 06:06:00,1.1778,1.1778,1.1776,1.1777,6370.5,31
2025-07-01 06:08:00,1.1778,1.1778,1.1776,1.1776,47523.5,71
2025-07-01 06:10:00,1.1776,1.1777,1.1775,1.1776,20793.8,47
2025-07-01 06:12:00,1.1775,1.1775,1.1774,1.1775,13105.5,28
2025-07-01 06:14:00,1.1775,1.1776,1.1774,1.1775,13875.7,39
2025-07-01 06:16:00,1.1776,1.1776,1.1774,1.1774,33658.8,33
2025-07-01 06:18:00,1.1774,1.1776,1.1774,1.1774,5670.099999999999,25
2025-07-01 06:20:00,1.1775,1.1776,1.1772,1.1772,45376.6,60
2025-07-01 06:22:00,1.1772,1.1773,1.1771,1.1772,24706.7,39
2025-07-01 06:24:00,1.1772,1.1775,1.1772,1.1774,43425.5,50
2025-07-01 06:26:00,1.1774,1.1775,1.1774,1.1774,15054.0,40
2025-07-01 06:28:00,1.1774,1.1777,1.1774,1.1776,17118.0,51
2025-07-01 06:30:00,1.1776,1.1778,1.1776,1.1777,36706.4,63
2025-07-01 06:32:00,1.1777,1.1777,1.1775,1.1775,40651.0,51
2025-07-01 06:34:00,1.1775,1.1777,1.1775,1.1776,10052.7,29
2025-07-01 06:36:00,1.1777,1.1778,1.1774,1.1774,11428.1,42
2025-07-01 06:38:00,1.1775,1.1776,1.1773,1.1775,17378.7,32
2025-07-01 06:40:00,1.1776,1.1778,1.1776,1.1778,20345.3,32
2025-07-01 06:42:00,1.1777,1.1779,1.1777,1.1779,48826.7,36
2025-07-01 06:44:00,1.1779,1.1779,1.1778,1.1778,13093.9,36
2025-07-01 06:46:00,1.1779,1.1779,1.1777,1.1777,35038.0,44
2025-07-01 06:48:00,1.1777,1.1778,1.1776,1.1777,53234.9,48
2025-07-01 06:50:00,1.1777,1.178,1.1774,1.1777,111141.1,138
2025-07-01 06:52:00,1.1778,1.1779,1.1776,1.1776,93556.6,118
2025-07-01 06:54:00,1.1776,1.1777,1.1775,1.1775,45153.4,40
2025-07-01 06:56:00,1.1774,1.1774,1.1773,1.1774,50993.7,64
2025-07-01 06:58:00,1.1775,1.1775,1.1773,1.1773,30309.5,24
2025-07-01 07:00:00,1.1773,1.1774,1.177,1.177,53168.6,74
2025-07-01 07:02:00,1.177,1.177,1.1762,1.1763,75305.9,121
2025-07-01 07:04:00,1.1764,1.177,1.1764,1.1769,39091.5,83
2025-07-01 07:06:00,1.1769,1.1771,1.1768,1.177,62333.9,62
2025-07-01 07:08:00,1.177,1.1771,1.1769,1.177,29898.800000000003,58
2025-07-01 07:10:00,1.177,1.1778,1.177,1.1778,32453.5,62
2025-07-01 07:12:00,1.1777,1.1778,1.1776,1.1776,12710.2,40
2025-07-01 07:14:00,1.1777,1.1778,1.1775,1.1777,44299.700000000004,51
2025-07-01 07:16:00,1.1778,1.178,1.1778,1.178,3373.6000000000004,11
2025-07-01 07:18:00,1.1779,1.178,1.1777,1.1779,24805.0,95
2025-07-01 07:20:00,1.1779,1.1781,1.1778,1.178,43607.8,66
2025-07-01 07:22:00,1.1779,1.178,1.1778,1.178,21433.4,52
2025-07-01 07:24:00,1.1779,1.1779,1.1776,1.1778,90255.8,97
2025-07-01 07:26:00,1.1778,1.178,1.1778,1.1779,16443.9,46
2025-07-01 07:28:00,1.178,1.178,1.1778,1.1778,27256.6,47
2025-07-01 07:30:00,1.1778,1.1781,1.1778,1.1778,26763.4,110
2025-07-01 07:32:00,1.1779,1.178,1.1778,1.1779,12999.699999999999,40
2025-07-01 07:34:00,1.1779,1.1779,1.1778,1.1778,27658.4,40
2025-07-01 07:36:00,1.1778,1.1779,1.1776,1.1778,26712.8,45
2025-07-01 07:38:00,1.1779,1.1781,1.1779,1.178,20444.9,35
2025-07-01 07:40:00,1.1781,1.1781,1.1777,1.1778,41004.8,30
2025-07-01 07:42:00,1.1778,1.1778,1.1775,1.1776,29506.1,58
2025-07-01 07:44:00,1.1775,1.1777,1.1774,1.1774,50756.2,75
2025-07-01 07:46:00,1.1774,1.1775,1.1772,1.1774,32851.5,39
2025-07-01 07:48:00,1.1774,1.1775,1.1774,1.1774,5483.6,31
2025-07-01 07:50:00,1.1774,1.1775,1.1773,1.1773,32692.600000000002,54
2025-07-01 07:52:00,1.1773,1.1777,1.1773,1.1776,38277.6,43
2025-07-01 07:54:00,1.1777,1.1777,1.1776,1.1776,8890.1,37
2025-07-01 07:56:00,1.1776,1.1779,1.1776,1.1777,14289.6,47
2025-07-01 07:58:00,1.1778,1.178,1.1777,1.1779,10002.7,43
2025-07-01 08:00:00,1.1779,1.1779,1.1774,1.1775,14492.7,38
2025-07-01 08:02:00,1.1775,1.1777,1.1775,1.1776,12649.1,38
2025-07-01 08:04:00,1.1776,1.1777,1.1773,1.1773,15192.5,43
2025-07-01 08:06:00,1.1774,1.1777,1.1772,1.1776,31733.9,68
2025-07-01 08:08:00,1.1775,1.1777,1.1774,1.1777,43971.5,49
2025-07-01 08:10:00,1.1776,1.1776,1.1771,1.1771,16421.2,48
2025-07-01 08:12:00,1.1771,1.1772,1.1769,1.1772,16367.6,39
2025-07-01 08:14:00,1.1772,1.1772,1.1771,1.1772,8021.0,30
2025-07-01 08:16:00,1.1773,1.1774,1.1771,1.1774,28124.2,41
2025-07-01 08:18:00,1.1774,1.1776,1.1774,1.1776,39963.6,90
2025-07-01 08:20:00,1.1775,1.1776,1.1774,1.1775,19121.4,92
2025-07-01 08:22:00,1.1776,1.1779,1.1775,1.1779,28551.8,57
2025-07-01 08:24:00,1.1779,1.1781,1.1779,1.1779,13820.3,51
2025-07-01 08:26:00,1.1779,1.1781,1.1778,1.1779,10762.6,34
2025-07-01 08:28:00,1.178,1.1782,1.178,1.1782,7445.3,34
2025-07-01 08:30:00,1.1781,1.1783,1.178,1.178,45852.1,109
2025-07-01 08:32:00,1.178,1.1785,1.1779,1.1785,15641.7,52
2025-07-01 08:34:00,1.1785,1.1788,1.1784,1.1784,44290.1,61
2025-07-01 08:36:00,1.1784,1.1787,1.1783,1.1787,30017.2,51
2025-07-01 08:38:00,1.1786,1.1791,1.1786,1.179,41935.9,84
2025-07-01 08:40:00,1.179,1.179,1.1787,1.1787,14051.0,36
2025-07-01 08:42:00,1.1786,1.1786,1.1784,1.1784,19749.6,42
2025-07-01 08:44:00,1.1785,1.1788,1.1784,1.1788,36395.799999999996,55
2025-07-01 08:46:00,1.1788,1.1789,1.1786,1.1789,15232.6,37
2025-07-01 08:48:00,1.1788,1.1791,1.1788,1.1789,19741.9,52
2025-07-01 08:50:00,1.179,1.1792,1.1789,1.179,18667.1,45
2025-07-01 08:52:00,1.179,1.1795,1.1789,1.1795,37297.5,86
2025-07-01 08:54:00,1.1795,1.1809,1.1795,1.1806,359619.6,489
2025-07-01 08:56:00,1.1806,1.1806,1.1801,1.1801,115722.8,244
2025-07-01 08:58:00,1.1801,1.1801,1.1798,1.1798,35314.6,47
2025-07-01 09:00:00,1.1798,1.1798,1.1794,1.1794,25858.5,35
2025-07-01 09:02:00,1.1795,1.1795,1.1793,1.1794,29233.5,33
2025-07-01 09:04:00,1.1794,1.1797,1.1794,1.1796,18625.9,49
2025-07-01 09:06:00,1.1796,1.1797,1.1793,1.1793,26956.8,52
2025-07-01 09:08:00,1.1794,1.1794,1.1789,1.1792,29757.4,68
2025-07-01 09:10:00,1.1793,1.1794,1.1791,1.1791,15515.3,33
2025-07-01 09:12:00,1.1791,1.1794,1.179,1.1792,107858.7,76
2025-07-01 09:14:00,1.1792,1.1798,1.1792,1.1796,42086.3,79
2025-07-01 09:16:00,1.1797,1.1801,1.1796,1.1801,87656.2,62
2025-07-01 09:18:00,1.18,1.1807,1.18,1.1805,44333.4,88
2025-07-01 09:20:00,1.1805,1.1806,1.1803,1.1805,41873.9,76
2025-07-01 09:22:00,1.1805,1.1806,1.1803,1.1804,51196.0,63
2025-07-01 09:24:00,1.1805,1.1808,1.1804,1.1808,35193.3,61
2025-07-01 09:26:00,1.1809,1.181,1.1806,1.1808,35128.5,104
2025-07-01 09:28:00,1.1809,1.1809,1.1806,1.1808,110293.7,57
2025-07-01 09:30:00,1.1807,1.1814,1.1806,1.1814,90628.59999999999,165
2025-07-01 09:32:00,1.1813,1.1816,1.1813,1.1815,28458.0,49
2025-07-01 09:34:00,1.1815,1.1822,1.1815,1.1816,115421.4,169
2025-07-01 09:36:00,1.1816,1.1819,1.1814,1.1816,27492.0,103
2025-07-01 09:38:00,1.1816,1.1817,1.1815,1.1815,28905.2,57
2025-07-01 09:40:00,1.1815,1.1818,1.1812,1.1812,30997.7,68
2025-07-01 09:42:00,1.1813,1.1815,1.1812,1.1814,44544.1,71
2025-07-01 09:44:00,1.1813,1.1817,1.1813,1.1817,64345.6,48
2025-07-01 09:46:00,1.1817,1.1818,1.1815,1.1815,44352.4,77
2025-07-01 09:48:00,1.1814,1.1815,1.1812,1.1814,41349.1,70
2025-07-01 09:50:00,1.1814,1.1814,1.1812,1.1813,28597.9,75
2025-07-01 09:52:00,1.1813,1.1814,1.181,1.1812,24386.1,47
2025-07-01 09:54:00,1.1813,1.1813,1.1808,1.1809,19738.2,44
2025-07-01 09:56:00,1.1809,1.1809,1.1807,1.1807,19686.7,46
2025-07-01 09:58:00,1.1808,1.1809,1.1806,1.1806,20214.1,49
2025-07-01 10:00:00,1.1806,1.1809,1.1806,1.1807,10460.9,33
2025-07-01 10:02:00,1.1808,1.1808,1.1805,1.1806,17365.3,60
2025-07-01 10:04:00,1.1806,1.1811,1.1806,1.181,25638.6,74
2025-07-01 10:06:00,1.1811,1.1812,1.1809,1.1809,33946.8,57
2025-07-01 10:08:00,1.181,1.1812,1.1808,1.1812,18570.4,50
2025-07-01 10:10:00,1.1813,1.1813,1.181,1.1812,15409.4,44
2025-07-01 10:12:00,1.1812,1.1815,1.1811,1.1815,27037.899999999998,56
2025-07-01 10:14:00,1.1814,1.1816,1.1813,1.1814,16174.4,34
2025-07-01 10:16:00,1.1813,1.1814,1.1811,1.1811,19036.8,42
2025-07-01 10:18:00,1.1811,1.1812,1.1807,1.1807,18874.399999999998,55
2025-07-01 10:20:00,1.1807,1.1807,1.1806,1.1807,19339.9,36
2025-07-01 10:22:00,1.1807,1.1807,1.1804,1.1805,17734.6,53
2025-07-01 10:24:00,1.1805,1.1806,1.1803,1.1803,18671.4,57
2025-07-01 10:26:00,1.1804,1.1805,1.1803,1.1805,34574.6,52
2025-07-01 10:28:00,1.1804,1.1806,1.1804,1.1805,22159.0,63
2025-07-01 10:30:00,1.1806,1.1807,1.1805,1.1807,17449.8,43
2025-07-01 10:32:00,1.1806,1.181,1.1806,1.181,37471.7,86
2025-07-01 10:34:00,1.1809,1.181,1.1807,1.181,33656.799999999996,61
2025-07-01 10:36:00,1.1809,1.1809,1.1807,1.1807,12831.7,25
2025-07-01 10:38:00,1.1807,1.1807,1.1803,1.1804,25902.7,56
2025-07-01 10:40:00,1.1804,1.1804,1.1803,1.1804,14345.6,34
2025-07-01 10:42:00,1.1804,1.1806,1.1803,1.1806,29094.3,36
2025-07-01 10:44:00,1.1808,1.1808,1.1807,1.1807,4452.7,18
2025-07-01 10:46:00,1.1808,1.1811,1.1807,1.1811,44595.0,44
2025-07-01 10:48:00,1.1811,1.1811,1.1809,1.1811,22602.4,41
2025-07-01 10:50:00,1.181,1.1811,1.181,1.1811,14921.5,42
2025-07-01 10:52:00,1.1811,1.1812,1.181,1.181,21572.1,40
2025-07-01 10:54:00,1.1811,1.1811,1.1808,1.1809,32675.5,37
2025-07-01 10:56:00,1.1808,1.181,1.1807,1.1809,108801.8,58
2025-07-01 10:58:00,1.1808,1.1809,1.1806,1.1807,25380.5,39
2025-07-01 11:00:00,1.1806,1.1806,1.1804,1.1804,43005.5,54
2025-07-01 11:02:00,1.1804,1.1807,1.1804,1.1806,29936.6,45
2025-07-01 11:04:00,1.1806,1.1807,1.1806,1.1806,8833.699999999999,26
2025-07-01 11:06:00,1.1807,1.1807,1.1806,1.1806,9294.6,28
2025-07-01 11:08:00,1.1806,1.1807,1.1804,1.1806,24521.5,41
2025-07-01 11:10:00,1.1807,1.1807,1.1805,1.1805,31998.5,51
2025-07-01 11:12:00,1.1806,1.1806,1.1801,1.1802,99801.7,154
2025-07-01 11:14:00,1.1802,1.1804,1.1802,1.1803,24319.6,51
2025-07-01 11:16:00,1.1803,1.1803,1.1801,1.1801,30151.399999999998,43
2025-07-01 11:18:00,1.1801,1.1803,1.1801,1.1803,9477.8,23
2025-07-01 11:20:00,1.1803,1.1803,1.1801,1.1801,7733.3,27
2025-07-01 11:22:00,1.1801,1.1802,1.18,1.1801,14390.4,30
2025-07-01 11:24:00,1.1801,1.1802,1.1801,1.1801,51571.299999999996,40
2025-07-01 11:26:00,1.1802,1.1803,1.18,1.1801,53762.2,57
2025-07-01 11:28:00,1.18,1.1802,1.18,1.1801,29663.4,45
2025-07-01 11:30:00,1.1802,1.1804,1.1802,1.1803,33876.799999999996,40
2025-07-01 11:32:00,1.1803,1.1803,1.1802,1.1802,2724.3,21
2025-07-01 11:34:00,1.1803,1.1804,1.1802,1.1803,54879.5,56
2025-07-01 11:36:00,1.1803,1.1804,1.1802,1.1803,19099.7,52
2025-07-01 11:38:00,1.1803,1.1804,1.1802,1.1804,31246.9,40
2025-07-01 11:40:00,1.1804,1.1808,1.1804,1.1808,94724.9,139
2025-07-01 11:42:00,1.1807,1.181,1.1807,1.181,13144.6,39
2025-07-01 11:44:00,1.1809,1.1812,1.1809,1.1812,30041.2,37
2025-07-01 11:46:00,1.1811,1.1812,1.181,1.181,22268.8,57
2025-07-01 11:48:00,1.181,1.1811,1.1808,1.1808,19052.8,72
2025-07-01 11:50:00,1.1808,1.1812,1.1808,1.181,39245.3,53
2025-07-01 11:52:00,1.181,1.1812,1.1809,1.1811,84768.3,72
2025-07-01 11:54:00,1.181,1.1811,1.1806,1.1807,32145.6,52
2025-07-01 11:56:00,1.1807,1.1812,1.1807,1.181,37669.4,58
2025-07-01 11:58:00,1.181,1.181,1.1807,1.1807,14095.6,42
2025-07-01 12:00:00,1.1808,1.1809,1.1806,1.1808,54535.6,65
2025-07-01 12:02:00,1.1807,1.181,1.1806,1.1807,44435.6,62
2025-07-01 12:04:00,1.1807,1.181,1.1806,1.1809,34844.0,67
2025-07-01 12:06:00,1.181,1.181,1.1807,1.1808,14982.800000000001,37
2025-07-01 12:08:00,1.1807,1.1807,1.1804,1.1804,8764.1,36
2025-07-01 12:10:00,1.1804,1.1804,1.1801,1.1802,12386.2,28
2025-07-01 12:12:00,1.1802,1.1802,1.18,1.1802,21280.4,50
2025-07-01 12:14:00,1.1801,1.1804,1.1801,1.1803,23624.5,75
2025-07-01 12:16:00,1.1803,1.1806,1.1803,1.1805,15966.6,46
2025-07-01 12:18:00,1.1806,1.1806,1.1805,1.1806,29241.4,90
2025-07-01 12:20:00,1.1806,1.1807,1.1803,1.1804,31417.4,64
2025-07-01 12:22:00,1.1804,1.1804,1.1802,1.1803,25863.8,73
2025-07-01 12:24:00,1.1804,1.1806,1.1803,1.1804,58925.0,122
2025-07-01 12:26:00,1.1804,1.1804,1.1801,1.1802,39856.3,120
2025-07-01 12:28:00,1.1802,1.1803,1.1801,1.1802,59818.200000000004,46
2025-07-01 12:30:00,1.1802,1.1803,1.18,1.1803,28492.4,78
2025-07-01 12:32:00,1.1804,1.1804,1.1801,1.1802,42175.9,97
2025-07-01 12:34:00,1.1802,1.1803,1.1801,1.1801,33037.3,75
2025-07-01 12:36:00,1.1801,1.1803,1.18,1.1802,32914.4,63
2025-07-01 12:38:00,1.1802,1.1802,1.1801,1.1802,12403.0,32
2025-07-01 12:40:00,1.1803,1.1804,1.1802,1.1803,70456.6,60
2025-07-01 12:42:00,1.1803,1.1803,1.1799,1.1799,25472.7,67
2025-07-01 12:44:00,1.1799,1.1799,1.1798,1.1798,20284.2,67
2025-07-01 12:46:00,1.1797,1.18,1.1796,1.1799,119796.6,75
2025-07-01 12:48:00,1.1799,1.18,1.1797,1.1798,30051.8,42
2025-07-01 12:50:00,1.18,1.18,1.1798,1.1799,66823.3,84
2025-07-01 12:52:00,1.1799,1.1799,1.1797,1.1798,247474.5,172
2025-07-01 12:54:00,1.1797,1.1797,1.1795,1.1796,42539.3,76
2025-07-01 12:56:00,1.1795,1.1796,1.1794,1.1794,29813.7,34
2025-07-01 12:58:00,1.1794,1.1796,1.1794,1.1795,74786.9,87
2025-07-01 13:00:00,1.1795,1.1797,1.1794,1.1796,51729.8,84
2025-07-01 13:02:00,1.1797,1.1797,1.1794,1.1796,43087.5,54
2025-07-01 13:04:00,1.1796,1.1798,1.1796,1.1796,28229.0,64
2025-07-01 13:06:00,1.1796,1.1797,1.1796,1.1797,29511.3,45
2025-07-01 13:08:00,1.1797,1.1798,1.1795,1.1795,20429.2,48
2025-07-01 13:10:00,1.1795,1.1798,1.1795,1.1797,49108.9,83
2025-07-01 13:12:00,1.1797,1.1798,1.1794,1.1794,113417.7,63
2025-07-01 13:14:00,1.1794,1.1795,1.1793,1.1793,17866.3,56
2025-07-01 13:16:00,1.1793,1.1794,1.1793,1.1794,17137.4,40
2025-07-01 13:18:00,1.1794,1.1796,1.1793,1.1793,39889.6,46
2025-07-01 13:20:00,1.1794,1.1795,1.1792,1.1792,96238.0,271
2025-07-01 13:22:00,1.1792,1.1794,1.1792,1.1793,18904.3,29
2025-07-01 13:24:00,1.1793,1.1793,1.1789,1.179,105838.0,105
2025-07-01 13:26:00,1.179,1.1791,1.1788,1.1791,38475.2,56
2025-07-01 13:28:00,1.179,1.1792,1.179,1.1791,21511.3,30
2025-07-01 13:30:00,1.1791,1.1792,1.1788,1.1789,205291.1,65
2025-07-01 13:32:00,1.179,1.1791,1.179,1.179,17884.3,27
2025-07-01 13:34:00,1.179,1.1791,1.1789,1.179,24332.4,32
2025-07-01 13:36:00,1.1789,1.1797,1.1789,1.1795,129769.40000000001,123
2025-07-01 13:38:00,1.1796,1.1799,1.1796,1.1798,80887.3,95
2025-07-01 13:40:00,1.1798,1.1801,1.1795,1.1796,124573.9,166
2025-07-01 13:42:00,1.1796,1.1797,1.179,1.179,48531.6,85
2025-07-01 13:44:00,1.1791,1.1792,1.1787,1.1788,41820.7,135
2025-07-01 13:46:00,1.1788,1.1789,1.1786,1.1789,58158.5,79
2025-07-01 13:48:00,1.179,1.1804,1.1788,1.1801,319322.2,347
2025-07-01 13:50:00,1.18,1.18,1.1794,1.18,119017.7,150
2025-07-01 13:52:00,1.18,1.18,1.1795,1.1796,90646.5,106
2025-07-01 13:54:00,1.1797,1.1797,1.179,1.1793,66654.5,95
2025-07-01 13:56:00,1.1793,1.1795,1.1793,1.1794,37147.6,131
2025-07-01 13:58:00,1.1793,1.1797,1.1793,1.1796,67251.5,60
2025-07-01 14:00:00,1.1796,1.1797,1.178,1.178,786718.8,638
2025-07-01 14:02:00,1.1781,1.1785,1.1776,1.1779,259204.9,152
2025-07-01 14:04:00,1.1779,1.1783,1.1776,1.1783,223312.1,181
2025-07-01 14:06:00,1.1783,1.1786,1.1782,1.1785,77365.8,109
2025-07-01 14:08:00,1.1786,1.1786,1.1778,1.1778,85796.0,88
2025-07-01 14:10:00,1.1777,1.1779,1.1776,1.1778,78937.6,82
2025-07-01 14:12:00,1.1777,1.1782,1.1775,1.1782,65587.1,99
2025-07-01 14:14:00,1.1781,1.1784,1.178,1.1782,75844.0,78
2025-07-01 14:16:00,1.1782,1.1784,1.1782,1.1783,83671.3,101
2025-07-01 14:18:00,1.1783,1.1784,1.1778,1.1781,126928.4,122
2025-07-01 14:20:00,1.1781,1.1786,1.178,1.1784,44397.5,66
2025-07-01 14:22:00,1.1784,1.1787,1.1784,1.1785,70926.9,85
2025-07-01 14:24:00,1.1784,1.1788,1.1784,1.1788,20781.1,40
2025-07-01 14:26:00,1.1787,1.1789,1.1785,1.1785,112906.7,101
2025-07-01 14:28:00,1.1785,1.1786,1.1781,1.1782,139477.2,131
2025-07-01 14:30:00,1.1781,1.1784,1.1781,1.1782,45955.0,112
2025-07-01 14:32:00,1.1782,1.1785,1.1781,1.1781,25529.2,48
2025-07-01 14:34:00,1.1781,1.1782,1.1778,1.178,68035.8,80
2025-07-01 14:36:00,1.178,1.178,1.1774,1.1774,77335.2,71
2025-07-01 14:38:00,1.1774,1.1774,1.1772,1.1773,23603.9,58
2025-07-01 14:40:00,1.1774,1.1774,1.1768,1.1768,95388.1,121
2025-07-01 14:42:00,1.1768,1.1771,1.1767,1.1771,66561.0,160
2025-07-01 14:44:00,1.1771,1.1776,1.1771,1.1774,115364.4,118
2025-07-01 14:46:00,1.1774,1.1776,1.1774,1.1774,88526.3,121
2025-07-01 14:48:00,1.1774,1.1775,1.177,1.1772,196623.6,162
2025-07-01 14:50:00,1.1773,1.1777,1.1771,1.1774,140688.5,198
2025-07-01 14:52:00,1.1774,1.1777,1.1772,1.1773,89260.6,97
2025-07-01 14:54:00,1.1771,1.1776,1.1771,1.1773,162096.6,143
2025-07-01 14:56:00,1.1773,1.1773,1.1768,1.1768,27773.7,70
2025-07-01 14:58:00,1.1768,1.1775,1.1768,1.1773,81450.2,164
2025-07-01 15:00:00,1.1773,1.1773,1.1769,1.1769,36276.2,64
2025-07-01 15:02:00,1.1769,1.177,1.1765,1.1765,102465.7,169
2025-07-01 15:04:00,1.1765,1.1768,1.1765,1.1766,45029.6,77
2025-07-01 15:06:00,1.1766,1.177,1.1766,1.1766,35177.3,117
2025-07-01 15:08:00,1.1766,1.1767,1.1766,1.1766,28559.1,59
2025-07-01 15:10:00,1.1766,1.1767,1.1763,1.1765,63259.7,84
2025-07-01 15:12:00,1.1764,1.1766,1.1764,1.1765,32045.6,57
2025-07-01 15:14:00,1.1764,1.1765,1.1764,1.1765,16556.4,39
2025-07-01 15:16:00,1.1764,1.1765,1.1762,1.1765,103384.6,137
2025-07-01 15:18:00,1.1766,1.177,1.1765,1.1769,35942.5,104
2025-07-01 15:20:00,1.1769,1.177,1.1766,1.1766,29578.2,78
2025-07-01 15:22:00,1.1767,1.1767,1.1763,1.1763,15351.3,44
2025-07-01 15:24:00,1.1763,1.1764,1.1763,1.1763,10612.1,45
2025-07-01 15:26:00,1.1764,1.1765,1.1762,1.1762,54440.4,106
2025-07-01 15:28:00,1.1762,1.1762,1.176,1.1761,30697.5,68
2025-07-01 15:30:00,1.1762,1.1764,1.176,1.1764,68139.4,114
2025-07-01 15:32:00,1.1763,1.1765,1.1763,1.1765,65174.5,61
2025-07-01 15:34:00,1.1766,1.1769,1.1766,1.1768,47706.8,96
2025-07-01 15:36:00,1.1768,1.177,1.1768,1.1769,22937.2,59
2025-07-01 15:38:00,1.1767,1.1767,1.1764,1.1765,35401.6,78
2025-07-01 15:40:00,1.1765,1.1765,1.1763,1.1763,12665.8,43
2025-07-01 15:42:00,1.1764,1.1767,1.1763,1.1766,33792.0,64
2025-07-01 15:44:00,1.1766,1.1767,1.1763,1.1764,34669.4,56
2025-07-01 15:46:00,1.1765,1.1765,1.1763,1.1763,13402.7,32
2025-07-01 15:48:00,1.1763,1.1765,1.1763,1.1765,14397.0,51
2025-07-01 15:50:00,1.1765,1.1767,1.1765,1.1766,27572.8,67
2025-07-01 15:52:00,1.1766,1.1767,1.1765,1.1766,18141.0,49
2025-07-01 15:54:00,1.1766,1.1769,1.1763,1.1764,55042.700000000004,59
2025-07-01 15:56:00,1.1763,1.1767,1.1763,1.1767,21337.7,62
2025-07-01 15:58:00,1.1767,1.1768,1.1766,1.1767,25707.4,52
2025-07-01 16:00:00,1.1768,1.1768,1.1765,1.1766,43603.8,63
2025-07-01 16:02:00,1.1766,1.1766,1.1761,1.1761,66029.8,84
2025-07-01 16:04:00,1.176,1.1761,1.1758,1.1758,26629.100000000002,61
2025-07-01 16:06:00,1.1758,1.1761,1.1758,1.1759,26190.3,52
2025-07-01 16:08:00,1.1759,1.1762,1.1758,1.1759,42389.4,53
2025-07-01 16:10:00,1.1759,1.176,1.1758,1.1759,15276.6,39
2025-07-01 16:12:00,1.1759,1.1763,1.1759,1.1762,22784.9,63
2025-07-01 16:14:00,1.1762,1.1763,1.1761,1.1762,9147.5,34
2025-07-01 16:16:00,1.1762,1.1763,1.1761,1.1761,24184.5,58
2025-07-01 16:18:00,1.1761,1.1762,1.1758,1.1758,103491.79999999999,40
2025-07-01 16:20:00,1.1758,1.1759,1.1757,1.1758,15796.9,45
2025-07-01 16:22:00,1.1759,1.176,1.1758,1.1759,14527.2,38
2025-07-01 16:24:00,1.1758,1.1759,1.1756,1.1757,27627.9,91
2025-07-01 16:26:00,1.1757,1.1758,1.1755,1.1755,19561.4,48
2025-07-01 16:28:00,1.1755,1.1757,1.1755,1.1757,12674.3,70
2025-07-01 16:30:00,1.1756,1.1759,1.1756,1.1759,14614.7,48
2025-07-01 16:32:00,1.1759,1.176,1.1758,1.176,17743.7,37
2025-07-01 16:34:00,1.1759,1.176,1.1758,1.1758,6224.5,29
2025-07-01 16:36:00,1.1758,1.176,1.1758,1.1759,15260.0,50
2025-07-01 16:38:00,1.1758,1.1759,1.1757,1.1758,11962.2,46
2025-07-01 16:40:00,1.1757,1.1758,1.1756,1.1756,25648.2,52
2025-07-01 16:42:00,1.1756,1.1757,1.1756,1.1757,13947.8,32
2025-07-01 16:44:00,1.1756,1.1757,1.1754,1.1755,12750.6,49
2025-07-01 16:46:00,1.1754,1.1755,1.1754,1.1755,12364.9,31
2025-07-01 16:48:00,1.1754,1.1757,1.1754,1.1757,17190.1,46
2025-07-01 16:50:00,1.1757,1.1757,1.1753,1.1753,17809.8,41
2025-07-01 16:52:00,1.1753,1.1756,1.1753,1.1755,18915.9,45
2025-07-01 16:54:00,1.1755,1.1758,1.1755,1.1758,21542.9,50
2025-07-01 16:56:00,1.1757,1.1757,1.1754,1.1754,26365.4,54
2025-07-01 16:58:00,1.1754,1.1757,1.1754,1.1756,15895.3,42
2025-07-01 17:00:00,1.1757,1.1761,1.1757,1.1758,42803.3,63
2025-07-01 17:02:00,1.1758,1.176,1.1758,1.176,43651.0,67
2025-07-01 17:04:00,1.176,1.1763,1.1759,1.1762,26696.2,74
2025-07-01 17:06:00,1.1762,1.1763,1.1761,1.1763,17430.2,40
2025-07-01 17:08:00,1.1762,1.1763,1.1762,1.1762,5410.8,24
2025-07-01 17:10:00,1.1763,1.1763,1.176,1.1762,10500.6,42
2025-07-01 17:12:00,1.1762,1.1764,1.1762,1.1763,9913.3,43
2025-07-01 17:14:00,1.1763,1.1764,1.1762,1.1762,15749.4,52
2025-07-01 17:16:00,1.1763,1.1766,1.1761,1.1765,21919.3,72
2025-07-01 17:18:00,1.1766,1.1767,1.1765,1.1766,14895.7,42
2025-07-01 17:20:00,1.1767,1.1768,1.1766,1.1768,15722.0,33
2025-07-01 17:22:00,1.1768,1.177,1.1767,1.1769,17731.1,47
2025-07-01 17:24:00,1.1769,1.1771,1.1769,1.177,19027.8,80
2025-07-01 17:26:00,1.177,1.1771,1.1768,1.1768,26043.5,114
2025-07-01 17:28:00,1.1768,1.1769,1.1768,1.1769,18373.3,81
2025-07-01 17:30:00,1.1768,1.1771,1.1768,1.1771,6195.9,35
2025-07-01 17:32:00,1.1771,1.1771,1.177,1.177,5932.6,38
2025-07-01 17:34:00,1.1771,1.1772,1.177,1.1772,18099.7,41
2025-07-01 17:36:00,1.1771,1.1773,1.1771,1.1772,3618.1,25
2025-07-01 17:38:00,1.1773,1.1773,1.1771,1.1771,4726.3,31
2025-07-01 17:40:00,1.1771,1.1773,1.1771,1.1773,21653.3,49
2025-07-01 17:42:00,1.1773,1.1773,1.177,1.177,15185.7,41
2025-07-01 17:44:00,1.1771,1.1771,1.177,1.177,5468.3,33
2025-07-01 17:46:00,1.177,1.1772,1.177,1.1772,8860.199999999999,45
2025-07-01 17:48:00,1.1772,1.1772,1.177,1.1771,7142.5,33
2025-07-01 17:50:00,1.1771,1.1772,1.177,1.1772,8965.7,40
2025-07-01 17:52:00,1.1772,1.1774,1.1772,1.1774,13212.900000000001,38
2025-07-01 17:54:00,1.1773,1.1774,1.1771,1.1772,13894.5,59
2025-07-01 17:56:00,1.1771,1.1773,1.1771,1.1772,10731.7,54
2025-07-01 17:58:00,1.1772,1.1774,1.1772,1.1773,10168.7,42
2025-07-01 18:00:00,1.1773,1.1774,1.1772,1.1772,14176.300000000001,36
2025-07-01 18:02:00,1.1772,1.1773,1.1772,1.1772,8938.8,48
2025-07-01 18:04:00,1.1774,1.1774,1.1773,1.1773,19813.4,37
2025-07-01 18:06:00,1.1773,1.1774,1.1772,1.1772,6460.400000000001,24
2025-07-01 18:08:00,1.1772,1.1773,1.1772,1.1772,8415.6,31
2025-07-01 18:10:00,1.1772,1.1773,1.1772,1.1773,6678.9,32
2025-07-01 18:12:00,1.1772,1.1773,1.1771,1.1771,13923.5,48
2025-07-01 18:14:00,1.1771,1.1772,1.177,1.1771,13016.5,45
2025-07-01 18:16:00,1.1771,1.1771,1.1769,1.177,27336.2,64
2025-07-01 18:18:00,1.1769,1.177,1.1769,1.177,13472.800000000001,46
2025-07-01 18:20:00,1.177,1.177,1.1767,1.1767,28460.2,66
2025-07-01 18:22:00,1.1767,1.1768,1.1767,1.1767,15506.5,59
2025-07-01 18:24:00,1.1767,1.1769,1.1767,1.1769,13481.2,54
2025-07-01 18:26:00,1.1768,1.1769,1.1768,1.1769,14845.9,36
2025-07-01 18:28:00,1.1768,1.1769,1.1768,1.1768,16590.0,45
2025-07-01 18:30:00,1.1768,1.1769,1.1767,1.1768,25399.4,47
2025-07-01 18:32:00,1.1769,1.1769,1.1767,1.1768,32145.899999999998,60
2025-07-01 18:34:00,1.1768,1.1769,1.1768,1.1768,8057.4,30
2025-07-01 18:36:00,1.1768,1.1769,1.1768,1.1768,11939.8,32
2025-07-01 18:38:00,1.1768,1.1769,1.1768,1.1769,7557.0,34
2025-07-01 18:40:00,1.1769,1.1769,1.1767,1.1767,12693.6,43
2025-07-01 18:42:00,1.1767,1.1772,1.1766,1.1769,391135.9,118
2025-07-01 18:44:00,1.1769,1.177,1.1768,1.1768,12813.0,46
2025-07-01 18:46:00,1.1768,1.1771,1.1768,1.1769,160692.8,99
2025-07-01 18:48:00,1.1768,1.1771,1.1768,1.177,89761.8,92
2025-07-01 18:50:00,1.177,1.1771,1.177,1.1771,70370.59999999999,82
2025-07-01 18:52:00,1.1771,1.1771,1.1769,1.1769,23240.5,47
2025-07-01 18:54:00,1.177,1.177,1.1769,1.1769,14598.4,26
2025-07-01 18:56:00,1.1769,1.1771,1.1769,1.1771,7369.6,38
2025-07-01 18:58:00,1.177,1.1772,1.177,1.1771,25958.3,72
2025-07-01 19:00:00,1.1771,1.1773,1.1771,1.1773,33259.9,86
2025-07-01 19:02:00,1.1772,1.1773,1.1772,1.1772,13199.7,42
2025-07-01 19:04:00,1.1773,1.1775,1.1772,1.1775,64882.4,110
2025-07-01 19:06:00,1.1775,1.1776,1.1774,1.1775,23896.3,54
2025-07-01 19:08:00,1.1775,1.1779,1.1775,1.1779,30576.2,88
2025-07-01 19:10:00,1.1779,1.1779,1.1778,1.1779,23410.6,45
2025-07-01 19:12:00,1.1779,1.1781,1.1779,1.178,8202.0,31
2025-07-01 19:14:00,1.1781,1.1781,1.178,1.1781,19009.9,41
2025-07-01 19:16:00,1.178,1.1781,1.1779,1.1779,9555.3,40
2025-07-01 19:18:00,1.1779,1.178,1.1779,1.178,9636.4,35
2025-07-01 19:20:00,1.178,1.1781,1.1778,1.1779,19222.6,73
2025-07-01 19:22:00,1.1778,1.1779,1.1778,1.1778,8147.1,32
2025-07-01 19:24:00,1.1778,1.1779,1.1777,1.1777,21307.8,33
2025-07-01 19:26:00,1.1777,1.1778,1.1776,1.1777,79234.7,100
2025-07-01 19:28:00,1.1777,1.1778,1.1777,1.1777,22604.0,40
2025-07-01 19:30:00,1.1777,1.1778,1.1775,1.1775,30742.7,49
2025-07-01 19:32:00,1.1775,1.1776,1.1775,1.1775,18442.7,42
2025-07-01 19:34:00,1.1776,1.1776,1.1775,1.1775,9235.0,41
2025-07-01 19:36:00,1.1775,1.1776,1.1775,1.1775,15219.3,30
2025-07-01 19:38:00,1.1775,1.1776,1.1775,1.1776,11020.0,32
2025-07-01 19:40:00,1.1775,1.1777,1.1775,1.1777,55751.9,117
2025-07-01 19:42:00,1.1776,1.1777,1.1775,1.1776,28082.6,48
2025-07-01 19:44:00,1.1775,1.1777,1.1775,1.1776,43083.9,105
2025-07-01 19:46:00,1.1777,1.1777,1.1776,1.1776,49970.3,74
2025-07-01 19:48:00,1.1776,1.1778,1.1776,1.1777,37524.8,92
2025-07-01 19:50:00,1.1777,1.1778,1.1777,1.1777,13094.4,37
2025-07-01 19:52:00,1.1778,1.1781,1.1777,1.178,42558.2,70
2025-07-01 19:54:00,1.178,1.1781,1.178,1.178,10463.3,39
2025-07-01 19:56:00,1.178,1.1782,1.178,1.1781,22636.7,56
2025-07-01 19:58:00,1.1781,1.1782,1.1781,1.1781,10625.4,49
2025-07-01 20:00:00,1.1781,1.1784,1.1781,1.1783,153384.1,175
2025-07-01 20:02:00,1.1782,1.1783,1.1782,1.1783,41008.6,198
2025-07-01 20:04:00,1.1782,1.1785,1.1782,1.1785,57880.9,114
2025-07-01 20:06:00,1.1785,1.1788,1.1785,1.1787,37142.4,51
2025-07-01 20:08:00,1.1788,1.1789,1.1787,1.1787,70619.2,97
2025-07-01 20:10:00,1.1786,1.1789,1.1786,1.1788,34153.9,51
2025-07-01 20:12:00,1.1788,1.1789,1.1788,1.1789,27593.5,72
2025-07-01 20:14:00,1.1789,1.1789,1.1787,1.1788,22229.7,70
2025-07-01 20:16:00,1.1788,1.1788,1.1787,1.1787,10387.1,30
2025-07-01 20:18:00,1.1788,1.1788,1.1787,1.1788,14038.4,38
2025-07-01 20:20:00,1.1788,1.179,1.1788,1.179,31939.2,66
2025-07-01 20:22:00,1.179,1.1792,1.179,1.1792,20444.0,43
2025-07-01 20:24:00,1.1792,1.1792,1.1791,1.1791,19309.6,42
2025-07-01 20:26:00,1.1791,1.1793,1.1791,1.1793,11873.3,41
2025-07-01 20:28:00,1.1792,1.1794,1.1792,1.1793,6741.1,32
2025-07-01 20:30:00,1.1795,1.1796,1.1794,1.1795,25006.7,42
2025-07-01 20:32:00,1.1794,1.1797,1.1794,1.1795,10049.2,44
2025-07-01 20:34:00,1.1795,1.1796,1.1793,1.1793,12396.5,47
2025-07-01 20:36:00,1.1793,1.1795,1.1793,1.1794,7516.8,27
2025-07-01 20:38:00,1.1795,1.1796,1.1795,1.1796,12535.1,24
2025-07-01 20:40:00,1.1796,1.1797,1.1795,1.1796,12530.4,41
2025-07-01 20:42:00,1.1796,1.1799,1.1796,1.1799,20843.9,35
2025-07-01 20:44:00,1.1798,1.1799,1.1796,1.1796,23994.8,45
2025-07-01 20:46:00,1.1796,1.1798,1.1796,1.1798,17004.0,47
2025-07-01 20:48:00,1.1797,1.1798,1.1797,1.1797,25259.3,45
2025-07-01 20:50:00,1.1797,1.1799,1.1797,1.1799,7957.3,29
2025-07-01 20:52:00,1.1799,1.18,1.1798,1.1799,8491.2,47
2025-07-01 20:54:00,1.18,1.18,1.1798,1.1798,7202.1,29
2025-07-01 20:56:00,1.1798,1.1799,1.1798,1.1798,17731.1,48
2025-07-01 20:58:00,1.1798,1.1799,1.1798,1.1798,17944.2,48
2025-07-01 21:00:00,1.1798,1.1798,1.1797,1.1797,40132.9,52
2025-07-01 21:02:00,1.1797,1.1797,1.1796,1.1797,15592.800000000001,43
2025-07-01 21:04:00,1.1796,1.1797,1.1794,1.1794,34884.1,142
2025-07-01 21:06:00,1.1794,1.1795,1.1794,1.1794,5095.3,26
2025-07-01 21:08:00,1.1794,1.1795,1.1794,1.1795,8259.7,36
2025-07-01 21:10:00,1.1795,1.1795,1.1794,1.1795,7135.8,28
2025-07-01 21:12:00,1.1794,1.1795,1.1793,1.1793,31104.000000000004,35
2025-07-01 21:14:00,1.1793,1.1794,1.1793,1.1793,24817.2,43
2025-07-01 21:16:00,1.1793,1.1794,1.1793,1.1793,10800.6,28
2025-07-01 21:18:00,1.1793,1.1795,1.1793,1.1794,29338.5,56
2025-07-01 21:20:00,1.1794,1.1795,1.1794,1.1794,8028.5,27
2025-07-01 21:22:00,1.1794,1.1795,1.1794,1.1794,8654.2,37
2025-07-01 21:24:00,1.1795,1.1795,1.1793,1.1793,26062.6,73
2025-07-01 21:26:00,1.1793,1.1794,1.1793,1.1793,16416.0,54
2025-07-01 21:28:00,1.1793,1.1794,1.1793,1.1793,15655.9,50
2025-07-01 21:30:00,1.1793,1.1794,1.1793,1.1794,8033.599999999999,30
2025-07-01 21:32:00,1.1793,1.1794,1.1793,1.1794,16948.6,22
2025-07-01 21:34:00,1.1794,1.1794,1.1793,1.1793,23150.0,37
2025-07-01 21:36:00,1.1794,1.1795,1.1793,1.1795,18960.2,36
2025-07-01 21:38:00,1.1794,1.1795,1.1794,1.1794,4869.1,26
2025-07-01 21:40:00,1.1795,1.1795,1.1794,1.1794,6924.599999999999,32
2025-07-01 21:42:00,1.1794,1.1795,1.1792,1.1794,41248.9,44
2025-07-01 21:44:00,1.1793,1.1796,1.1793,1.1794,5107.4,21
2025-07-01 21:46:00,1.1795,1.1796,1.1794,1.1795,8925.8,30
2025-07-01 21:48:00,1.1795,1.1796,1.1794,1.1794,16526.1,49
2025-07-01 21:50:00,1.1796,1.1796,1.1794,1.1794,5671.2,24
2025-07-01 21:52:00,1.1794,1.1795,1.1794,1.1794,5039.2,24
2025-07-01 21:54:00,1.1794,1.1795,1.1794,1.1794,5181.5,25
2025-07-01 21:56:00,1.1794,1.1795,1.1794,1.1794,2561.9,21
2025-07-01 21:58:00,1.1794,1.1795,1.1794,1.1794,9267.6,26
2025-07-01 22:00:00,1.1795,1.1796,1.1795,1.1795,7619.0,22
2025-07-01 22:02:00,1.1795,1.1797,1.1795,1.1797,27656.0,41
2025-07-01 22:04:00,1.1797,1.1797,1.1796,1.1796,2134.0,14
2025-07-01 22:06:00,1.1796,1.1797,1.1796,1.1797,4548.4,33
2025-07-01 22:08:00,1.1796,1.1797,1.1796,1.1796,5083.7,30
2025-07-01 22:10:00,1.1796,1.1797,1.1796,1.1797,7857.9,34
2025-07-01 22:12:00,1.1796,1.1798,1.1796,1.1798,24790.4,75
2025-07-01 22:14:00,1.1798,1.1798,1.1797,1.1798,2604.3,20
2025-07-01 22:16:00,1.1798,1.1798,1.1795,1.1798,12381.8,33
2025-07-01 22:18:00,1.1797,1.1798,1.1797,1.1797,4963.9,23
2025-07-01 22:20:00,1.1797,1.1798,1.1796,1.1797,33624.6,37
2025-07-01 22:22:00,1.1796,1.1797,1.1795,1.1795,8422.7,30
2025-07-01 22:24:00,1.1795,1.1796,1.1795,1.1796,14252.3,22
2025-07-01 22:26:00,1.1796,1.1796,1.1794,1.1794,17696.4,39
2025-07-01 22:28:00,1.1794,1.1796,1.1793,1.1796,11541.800000000001,28
2025-07-01 22:30:00,1.1795,1.1797,1.1795,1.1796,6019.9,36
2025-07-01 22:32:00,1.1795,1.1796,1.1795,1.1796,5618.5,22
2025-07-01 22:34:00,1.1796,1.1797,1.1795,1.1797,9996.4,30
2025-07-01 22:36:00,1.1796,1.1797,1.1796,1.1796,8883.099999999999,24
2025-07-01 22:38:00,1.1796,1.1797,1.1796,1.1797,3833.3,30
2025-07-01 22:40:00,1.1797,1.1798,1.1796,1.1797,2667.1,27
2025-07-01 22:42:00,1.1798,1.1798,1.1797,1.1797,5469.7,32
2025-07-01 22:44:00,1.1797,1.1798,1.1797,1.1797,8672.1,33
2025-07-01 22:46:00,1.1798,1.1798,1.1797,1.1797,3170.5,27
2025-07-01 22:48:00,1.1798,1.1798,1.1797,1.1797,3152.0,21
2025-07-01 22:50:00,1.1798,1.1798,1.1797,1.1797,7480.099999999999,27
2025-07-01 22:52:00,1.1798,1.1798,1.1797,1.1797,3692.8,21
2025-07-01 22:54:00,1.1798,1.1798,1.1796,1.1796,5122.2,24
2025-07-01 22:56:00,1.1797,1.1797,1.1795,1.1796,8959.5,27
2025-07-01 22:58:00,1.1796,1.1796,1.1794,1.1794,5545.7,23
2025-07-01 23:00:00,1.1794,1.1795,1.1794,1.1794,4697.5,32
2025-07-01 23:02:00,1.1795,1.1795,1.1794,1.1794,5927.3,32
2025-07-01 23:04:00,1.1794,1.1795,1.1793,1.1793,11994.5,34
2025-07-01 23:06:00,1.1793,1.1794,1.1792,1.1792,11025.6,39
2025-07-01 23:08:00,1.1792,1.1793,1.1792,1.1793,6875.3,23
2025-07-01 23:10:00,1.1792,1.1793,1.1791,1.1792,35059.5,94
2025-07-01 23:12:00,1.1792,1.1795,1.1792,1.1794,30255.8,62
2025-07-01 23:14:00,1.1794,1.1795,1.1794,1.1794,6701.5,29
2025-07-01 23:16:00,1.1794,1.1794,1.1793,1.1794,7370.8,53
2025-07-01 23:18:00,1.1794,1.1794,1.1792,1.1793,13979.5,47
2025-07-01 23:20:00,1.1793,1.1793,1.1792,1.1793,1271.5,8
2025-07-01 23:22:00,1.1793,1.1793,1.1793,1.1793,1088.9,8
2025-07-01 23:24:00,1.1793,1.1793,1.1792,1.1793,7412.2,18
2025-07-01 23:26:00,1.1793,1.1794,1.1793,1.1794,1944.5,16
2025-07-01 23:28:00,1.1794,1.1795,1.1793,1.1794,3820.1,12
2025-07-01 23:30:00,1.1794,1.1796,1.1794,1.1796,2193.5,15
2025-07-01 23:32:00,1.1796,1.1796,1.1795,1.1795,1238.3,5
2025-07-01 23:34:00,1.1796,1.1797,1.1795,1.1797,1817.6,5
2025-07-01 23:36:00,1.1797,1.1797,1.1795,1.1796,2056.8,13
2025-07-01 23:38:00,1.1796,1.1796,1.1795,1.1796,8905.9,10
2025-07-01 23:40:00,1.1796,1.1798,1.1796,1.1797,15406.900000000001,22
2025-07-01 23:42:00,1.1798,1.1798,1.1797,1.1798,1958.3,20
2025-07-01 23:44:00,1.1797,1.1799,1.1797,1.1798,10201.6,32
2025-07-01 23:46:00,1.1799,1.18,1.1798,1.1799,20105.8,41
2025-07-01 23:48:00,1.1799,1.18,1.1799,1.1799,6263.6,26
2025-07-01 23:50:00,1.1799,1.1799,1.1798,1.1798,1900.6,21
2025-07-01 23:52:00,1.1798,1.1799,1.1798,1.1798,3879.3999999999996,11
2025-07-01 23:54:00,1.1798,1.1799,1.1798,1.1798,1232.1,15
2025-07-01 23:56:00,1.1798,1.1799,1.1798,1.1799,5869.8,20
2025-07-01 23:58:00,1.1799,1.1799,1.1799,1.1799,3170.7,18
2025-07-02 00:00:00,1.1798,1.1799,1.1795,1.1795,8082.6,35
2025-07-02 00:02:00,1.1795,1.1796,1.1795,1.1795,3250.5,26
2025-07-02 00:04:00,1.1795,1.1796,1.1795,1.1795,4291.6,28
2025-07-02 00:06:00,1.1795,1.1796,1.1795,1.1795,2373.5,23
2025-07-02 00:08:00,1.1795,1.1796,1.1795,1.1795,4508.6,26
2025-07-02 00:10:00,1.1795,1.1796,1.1794,1.1794,3605.5000000000005,11
2025-07-02 00:12:00,1.1795,1.1795,1.1794,1.1795,6260.6,26
2025-07-02 00:14:00,1.1794,1.1796,1.1794,1.1795,14742.8,33
2025-07-02 00:16:00,1.1794,1.1795,1.1794,1.1794,668.7,10
2025-07-02 00:18:00,1.1793,1.1794,1.1793,1.1793,855.3,12
2025-07-02 00:20:00,1.1793,1.1796,1.1793,1.1796,8303.9,20
2025-07-02 00:22:00,1.1796,1.1796,1.1795,1.1796,196.7,13
2025-07-02 00:24:00,1.1796,1.1797,1.1796,1.1796,3790.9,13
2025-07-02 00:26:00,1.1795,1.1796,1.1794,1.1794,13534.5,23
2025-07-02 00:28:00,1.1794,1.1794,1.1793,1.1793,5655.9,12
2025-07-02 00:30:00,1.1794,1.1794,1.1793,1.1793,13415.4,106
2025-07-02 00:32:00,1.1794,1.1794,1.1793,1.1794,1871.9,16
2025-07-02 00:34:00,1.1794,1.1795,1.1793,1.1795,3880.2,20
2025-07-02 00:36:00,1.1795,1.1795,1.1794,1.1795,1444.8,20
2025-07-02 00:38:00,1.1794,1.1795,1.1794,1.1795,1199.9,14
2025-07-02 00:40:00,1.1794,1.1795,1.1794,1.1794,1444.2,17
2025-07-02 00:42:00,1.1794,1.1795,1.1793,1.1793,1379.1,16
2025-07-02 00:44:00,1.1793,1.1793,1.1793,1.1793,1894.2,18
2025-07-02 00:46:00,1.1793,1.1795,1.1793,1.1794,5095.9,34
2025-07-02 00:48:00,1.1794,1.1794,1.1794,1.1794,1519.8,16
2025-07-02 00:50:00,1.1795,1.1796,1.1795,1.1795,2497.4,22
2025-07-02 00:52:00,1.1795,1.1795,1.1795,1.1795,2133.2,7
2025-07-02 00:54:00,1.1796,1.1797,1.1796,1.1797,4768.5,12
2025-07-02 00:56:00,1.1797,1.1799,1.1797,1.1799,18172.6,41
2025-07-02 00:58:00,1.1799,1.1799,1.1799,1.1799,4300.2,22
2025-07-02 01:00:00,1.1799,1.1802,1.1798,1.1802,18549.399999999998,84
2025-07-02 01:02:00,1.1801,1.1802,1.18,1.1801,1230.1,12
2025-07-02 01:04:00,1.1801,1.1801,1.18,1.18,2522.4,17
2025-07-02 01:06:00,1.1799,1.18,1.1797,1.1798,3802.1,19
2025-07-02 01:08:00,1.1798,1.1799,1.1798,1.1799,2462.9,15
2025-07-02 01:10:00,1.1799,1.1799,1.1798,1.1799,1641.5,18
2025-07-02 01:12:00,1.1799,1.1799,1.1798,1.1798,4715.4,30
2025-07-02 01:14:00,1.1799,1.1799,1.1798,1.1798,5639.2,23
2025-07-02 01:16:00,1.1799,1.1799,1.1797,1.1797,39518.1,117
2025-07-02 01:18:00,1.1798,1.1799,1.1797,1.1799,23171.6,82
2025-07-02 01:20:00,1.1799,1.1799,1.1798,1.1799,1480.2,14
2025-07-02 01:22:00,1.1798,1.1799,1.1798,1.1798,7201.4,20
2025-07-02 01:24:00,1.1798,1.1799,1.1798,1.1798,1543.1,7
2025-07-02 01:26:00,1.1799,1.18,1.1798,1.18,15465.0,47
2025-07-02 01:28:00,1.1799,1.18,1.1799,1.1799,3827.6,8
2025-07-02 01:30:00,1.1799,1.18,1.1799,1.1799,4709.7,15
2025-07-02 01:32:00,1.1799,1.18,1.1798,1.1798,691.5,10
2025-07-02 01:34:00,1.1797,1.1797,1.1796,1.1796,1615.9,12
2025-07-02 01:36:00,1.1797,1.1797,1.1796,1.1797,7388.2,44
2025-07-02 01:38:00,1.1797,1.1799,1.1797,1.1799,7261.3,19
2025-07-02 01:40:00,1.1799,1.18,1.1799,1.18,9700.800000000001,20
2025-07-02 01:42:00,1.18,1.18,1.1799,1.18,4276.4,11
2025-07-02 01:44:00,1.18,1.1801,1.1799,1.1801,10011.1,20
2025-07-02 01:46:00,1.1801,1.1802,1.1796,1.1796,23290.2,87
2025-07-02 01:48:00,1.1796,1.1796,1.1793,1.1793,21038.6,51
2025-07-02 01:50:00,1.1792,1.1792,1.1788,1.1789,82138.9,106
2025-07-02 01:52:00,1.1789,1.179,1.1787,1.1789,8753.7,21
2025-07-02 01:54:00,1.1789,1.179,1.1789,1.179,4410.8,16
2025-07-02 01:56:00,1.1789,1.1789,1.1786,1.1787,2653.8,15
2025-07-02 01:58:00,1.1786,1.1787,1.1786,1.1787,973.7,9
2025-07-02 02:00:00,1.1786,1.1788,1.1786,1.1787,14876.1,63
2025-07-02 02:02:00,1.1787,1.1788,1.1785,1.1786,26327.8,51
2025-07-02 02:04:00,1.1786,1.1786,1.1784,1.1784,27153.5,71
2025-07-02 02:06:00,1.1785,1.1786,1.1783,1.1786,28664.0,51
2025-07-02 02:08:00,1.1787,1.1789,1.1786,1.1788,11385.3,28
2025-07-02 02:10:00,1.1787,1.1788,1.1786,1.1786,14995.7,20
2025-07-02 02:12:00,1.1786,1.1787,1.1785,1.1785,249.60000000000002,6
2025-07-02 02:14:00,1.1786,1.1789,1.1786,1.1788,54823.1,78
2025-07-02 02:16:00,1.1788,1.1789,1.1787,1.1787,25379.4,33
2025-07-02 02:18:00,1.1787,1.1789,1.1787,1.1789,7590.900000000001,17
2025-07-02 02:20:00,1.1789,1.1789,1.1787,1.1787,4105.6,10
2025-07-02 02:22:00,1.1787,1.1787,1.1786,1.1787,919.4,14
2025-07-02 02:24:00,1.1787,1.1789,1.1787,1.1789,935.6999999999999,5
2025-07-02 02:26:00,1.1789,1.179,1.1789,1.1789,156.3,9
2025-07-02 02:28:00,1.1789,1.179,1.1789,1.179,1793.7,12
2025-07-02 02:30:00,1.179,1.1791,1.179,1.1791,25784.5,138
2025-07-02 02:32:00,1.1791,1.1791,1.179,1.179,1672.0,12
2025-07-02 02:34:00,1.179,1.1792,1.179,1.1791,4519.7,16
2025-07-02 02:36:00,1.1791,1.1793,1.1791,1.1793,10480.9,17
2025-07-02 02:38:00,1.1793,1.1793,1.1792,1.1793,1961.3000000000002,16
2025-07-02 02:40:00,1.1793,1.1793,1.1792,1.1793,1696.6000000000001,18
2025-07-02 02:42:00,1.1793,1.1793,1.1792,1.1792,651.1999999999999,7
2025-07-02 02:44:00,1.1792,1.1793,1.1792,1.1792,4086.2000000000003,15
2025-07-02 02:46:00,1.1791,1.1793,1.1791,1.1792,12065.800000000001,21
2025-07-02 02:48:00,1.1792,1.1793,1.1792,1.1793,5652.6,23
2025-07-02 02:50:00,1.1793,1.1794,1.1793,1.1794,11778.3,26
2025-07-02 02:52:00,1.1794,1.1794,1.1794,1.1794,2976.6,13
2025-07-02 02:54:00,1.1795,1.1795,1.1793,1.1793,18293.5,15
2025-07-02 02:56:00,1.1792,1.1793,1.1792,1.1793,2683.8,16
2025-07-02 02:58:00,1.1793,1.1794,1.1793,1.1794,773.0,10
2025-07-02 03:00:00,1.1793,1.1793,1.179,1.1792,9745.9,49
2025-07-02 03:02:00,1.1792,1.1792,1.1791,1.1792,2099.1,15
2025-07-02 03:04:00,1.1792,1.1794,1.1792,1.1793,16781.4,49
2025-07-02 03:06:00,1.1793,1.1794,1.1793,1.1793,4667.0,8
2025-07-02 03:08:00,1.1793,1.1795,1.1793,1.1795,1433.9,17
2025-07-02 03:10:00,1.1795,1.1795,1.1794,1.1794,2676.7,21
2025-07-02 03:12:00,1.1794,1.1795,1.1794,1.1795,6569.6,25
2025-07-02 03:14:00,1.1795,1.1795,1.1794,1.1795,4486.3,16
2025-07-02 03:16:00,1.1795,1.1795,1.1793,1.1794,5164.3,15
2025-07-02 03:18:00,1.1794,1.1794,1.1792,1.1793,1191.8,12
2025-07-02 03:20:00,1.1791,1.1792,1.1791,1.1792,5292.4,39
2025-07-02 03:22:00,1.1792,1.1792,1.1791,1.1792,12487.1,19
2025-07-02 03:24:00,1.1792,1.1792,1.179,1.1791,114483.9,242
2025-07-02 03:26:00,1.1791,1.1791,1.179,1.1791,6386.900000000001,8
2025-07-02 03:28:00,1.1791,1.1791,1.179,1.1791,3121.7000000000003,13
2025-07-02 03:30:00,1.1791,1.1791,1.179,1.1791,1729.9,17
2025-07-02 03:32:00,1.1791,1.1791,1.179,1.179,4733.3,18
2025-07-02 03:34:00,1.1791,1.1791,1.179,1.179,20738.9,17
2025-07-02 03:36:00,1.179,1.1792,1.179,1.1792,1210.2,12
2025-07-02 03:38:00,1.1793,1.1793,1.1792,1.1792,1726.2,15
2025-07-02 03:40:00,1.1792,1.1792,1.1791,1.1791,9802.4,44
2025-07-02 03:42:00,1.1791,1.1791,1.179,1.1791,722.9,13
2025-07-02 03:44:00,1.179,1.1791,1.1789,1.179,5088.2,15
2025-07-02 03:46:00,1.179,1.179,1.1788,1.1789,9795.0,30
2025-07-02 03:48:00,1.1789,1.179,1.1788,1.179,10731.1,48
2025-07-02 03:50:00,1.179,1.1791,1.179,1.1791,7360.900000000001,14
2025-07-02 03:52:00,1.1791,1.1791,1.179,1.179,3765.8,15
2025-07-02 03:54:00,1.179,1.1791,1.179,1.1791,1602.2,14
2025-07-02 03:56:00,1.1791,1.1791,1.179,1.1791,8592.1,16
2025-07-02 03:58:00,1.179,1.1792,1.179,1.1791,4470.6,15
2025-07-02 04:00:00,1.1791,1.1792,1.1791,1.1792,10959.4,26
2025-07-02 04:02:00,1.1791,1.1792,1.1791,1.1792,5360.5,23
2025-07-02 04:04:00,1.1791,1.1792,1.1791,1.1792,4956.8,23
2025-07-02 04:06:00,1.1791,1.1793,1.1791,1.1792,2464.9,23
2025-07-02 04:08:00,1.1792,1.1793,1.1792,1.1792,4928.4,24
2025-07-02 04:10:00,1.1793,1.1793,1.1792,1.1793,7446.5,24
2025-07-02 04:12:00,1.1793,1.1793,1.1792,1.1792,1471.8999999999999,22
2025-07-02 04:14:00,1.1792,1.1793,1.1792,1.1792,5017.599999999999,26
2025-07-02 04:16:00,1.1792,1.1792,1.1791,1.1791,1546.5,12
2025-07-02 04:18:00,1.1792,1.1792,1.1791,1.1792,1747.8,19
2025-07-02 04:20:00,1.1792,1.1792,1.1791,1.1791,3724.1,18
2025-07-02 04:22:00,1.1791,1.1792,1.1791,1.1791,2340.2,26
2025-07-02 04:24:00,1.1792,1.1792,1.1791,1.1791,1455.9,19
2025-07-02 04:26:00,1.1791,1.1792,1.1791,1.1792,2675.7,19
2025-07-02 04:28:00,1.1792,1.1792,1.1791,1.1791,8180.099999999999,21
2025-07-02 04:30:00,1.1791,1.1792,1.1789,1.1789,9965.2,56
2025-07-02 04:32:00,1.179,1.179,1.1788,1.1788,2852.2,16
2025-07-02 04:34:00,1.1789,1.1789,1.1788,1.1789,1254.9,12
2025-07-02 04:36:00,1.1788,1.179,1.1788,1.179,15109.5,58
2025-07-02 04:38:00,1.179,1.179,1.1789,1.1789,3911.3999999999996,18
2025-07-02 04:40:00,1.179,1.179,1.1789,1.179,5640.2,42
2025-07-02 04:42:00,1.1789,1.179,1.1789,1.179,6758.3,42
2025-07-02 04:44:00,1.1789,1.179,1.1788,1.1789,21496.6,76
2025-07-02 04:46:00,1.1788,1.1789,1.1787,1.1788,25184.5,32
2025-07-02 04:48:00,1.1788,1.1788,1.1787,1.1787,10179.699999999999,19
2025-07-02 04:50:00,1.1787,1.1788,1.1787,1.1788,1107.6,12
2025-07-02 04:52:00,1.1788,1.1788,1.1787,1.1788,1564.1,15
2025-07-02 04:54:00,1.1787,1.1788,1.1787,1.1788,10599.3,20
2025-07-02 04:56:00,1.1787,1.1788,1.1787,1.1788,15056.2,35
2025-07-02 04:58:00,1.1787,1.1788,1.1787,1.1788,4803.1,27
2025-07-02 05:00:00,1.1788,1.1788,1.1787,1.1787,11054.8,24
2025-07-02 05:02:00,1.1788,1.1788,1.1786,1.1788,23656.8,51
2025-07-02 05:04:00,1.1788,1.1789,1.1788,1.1788,9451.4,38
2025-07-02 05:06:00,1.1788,1.1789,1.1785,1.1785,12151.5,37
2025-07-02 05:08:00,1.1784,1.1785,1.1784,1.1784,3610.9,14
2025-07-02 05:10:00,1.1784,1.1784,1.1783,1.1783,5243.900000000001,18
2025-07-02 05:12:00,1.1783,1.1783,1.1782,1.1782,5775.7,21
2025-07-02 05:14:00,1.1782,1.1785,1.1782,1.1784,77071.5,158
2025-07-02 05:16:00,1.1784,1.1785,1.1784,1.1784,16845.7,36
2025-07-02 05:18:00,1.1785,1.1785,1.1783,1.1783,20457.5,40
2025-07-02 05:20:00,1.1783,1.1783,1.1782,1.1782,10049.8,18
2025-07-02 05:22:00,1.1783,1.1784,1.1782,1.1783,57371.8,105
2025-07-02 05:24:00,1.1784,1.1784,1.1783,1.1783,10855.6,28
2025-07-02 05:26:00,1.1784,1.1785,1.1784,1.1785,14360.8,31
2025-07-02 05:28:00,1.1785,1.1785,1.1784,1.1784,4737.2,20
2025-07-02 05:30:00,1.1785,1.1786,1.1785,1.1786,61118.6,43
2025-07-02 05:32:00,1.1785,1.1787,1.1785,1.1787,4642.5,17
2025-07-02 05:34:00,1.1788,1.1788,1.1787,1.1788,11829.3,27
2025-07-02 05:36:00,1.1787,1.1788,1.1786,1.1787,12903.9,37
2025-07-02 05:38:00,1.1786,1.1787,1.1785,1.1785,11023.599999999999,39
2025-07-02 05:40:00,1.1785,1.1787,1.1785,1.1786,11517.5,36
2025-07-02 05:42:00,1.1786,1.1788,1.1786,1.1788,17270.5,45
2025-07-02 05:44:00,1.1787,1.1788,1.1787,1.1787,9962.3,25
2025-07-02 05:46:00,1.1786,1.1787,1.1784,1.1785,10086.2,28
2025-07-02 05:48:00,1.1784,1.1785,1.1783,1.1783,8371.4,31
2025-07-02 05:50:00,1.1784,1.1784,1.1781,1.1782,14834.6,38
2025-07-02 05:52:00,1.1781,1.1781,1.1779,1.178,33538.1,37
2025-07-02 05:54:00,1.1779,1.1781,1.1779,1.178,28745.8,72
2025-07-02 05:56:00,1.1781,1.1782,1.178,1.1782,26925.4,72
2025-07-02 05:58:00,1.1781,1.1782,1.178,1.178,9171.8,24
2025-07-02 06:00:00,1.1781,1.1782,1.1781,1.1782,7686.6,28
2025-07-02 06:02:00,1.1782,1.1782,1.178,1.178,16761.3,40
2025-07-02 06:04:00,1.178,1.1782,1.178,1.1782,12259.1,57
2025-07-02 06:06:00,1.1782,1.1783,1.1781,1.1783,32320.6,102
2025-07-02 06:08:00,1.1784,1.1786,1.1784,1.1785,12403.7,49
2025-07-02 06:10:00,1.1785,1.1787,1.1785,1.1787,3658.0,29
2025-07-02 06:12:00,1.1787,1.1787,1.1784,1.1784,57498.200000000004,34
2025-07-02 06:14:00,1.1784,1.1784,1.1783,1.1784,16190.800000000001,32
2025-07-02 06:16:00,1.1784,1.1785,1.1784,1.1784,20030.6,48
2025-07-02 06:18:00,1.1784,1.1785,1.1783,1.1784,10029.1,36
2025-07-02 06:20:00,1.1784,1.1785,1.1782,1.1783,16148.1,40
2025-07-02 06:22:00,1.1783,1.1784,1.1779,1.178,23834.6,77
2025-07-02 06:24:00,1.178,1.178,1.1777,1.1778,17353.1,58
2025-07-02 06:26:00,1.1778,1.178,1.1778,1.1779,15127.0,55
2025-07-02 06:28:00,1.1779,1.178,1.1778,1.1779,15384.800000000001,41
2025-07-02 06:30:00,1.1778,1.178,1.1777,1.1777,22960.8,52
2025-07-02 06:32:00,1.1777,1.1778,1.1777,1.1777,10994.7,34
2025-07-02 06:34:00,1.1777,1.1777,1.1775,1.1776,16340.5,30
2025-07-02 06:36:00,1.1776,1.1777,1.1774,1.1775,9870.300000000001,49
2025-07-02 06:38:00,1.1774,1.1776,1.1774,1.1776,12214.2,35
2025-07-02 06:40:00,1.1775,1.1776,1.1774,1.1775,97406.0,336
2025-07-02 06:42:00,1.1775,1.1775,1.1774,1.1775,13237.7,33
2025-07-02 06:44:00,1.1775,1.1775,1.1773,1.1773,54400.4,163
2025-07-02 06:46:00,1.1774,1.1774,1.1771,1.1771,12548.3,36
2025-07-02 06:48:00,1.1772,1.1772,1.1769,1.1769,16005.8,49
2025-07-02 06:50:00,1.1769,1.1769,1.1768,1.1768,21384.2,31
2025-07-02 06:52:00,1.1768,1.177,1.1767,1.1769,17925.8,44
2025-07-02 06:54:00,1.1769,1.1772,1.1769,1.1771,34595.1,63
2025-07-02 06:56:00,1.1772,1.1773,1.1771,1.1772,26074.8,43
2025-07-02 06:58:00,1.1772,1.1775,1.1772,1.1774,27088.6,66
2025-07-02 07:00:00,1.1774,1.1775,1.177,1.177,27161.1,63
2025-07-02 07:02:00,1.177,1.1772,1.177,1.1771,14024.8,42
2025-07-02 07:04:00,1.1771,1.1772,1.1769,1.1769,19636.6,45
2025-07-02 07:06:00,1.177,1.1771,1.1769,1.177,28134.399999999998,49
2025-07-02 07:08:00,1.177,1.1772,1.177,1.1771,101021.9,224
2025-07-02 07:10:00,1.177,1.1773,1.177,1.1773,12676.800000000001,56
2025-07-02 07:12:00,1.1773,1.1775,1.1773,1.1774,19078.2,46
2025-07-02 07:14:00,1.1774,1.1776,1.1774,1.1775,10279.8,32
2025-07-02 07:16:00,1.1775,1.1776,1.1775,1.1776,25084.3,41
2025-07-02 07:18:00,1.1776,1.1777,1.1773,1.1773,53014.299999999996,64
2025-07-02 07:20:00,1.1774,1.1774,1.1772,1.1772,11698.1,44
2025-07-02 07:22:00,1.1773,1.1773,1.1771,1.1772,15539.300000000001,48
2025-07-02 07:24:00,1.1772,1.1772,1.1771,1.1772,25334.4,24
2025-07-02 07:26:00,1.1771,1.1772,1.1771,1.1771,3883.1,25
2025-07-02 07:28:00,1.1771,1.1771,1.177,1.177,4311.1,22
2025-07-02 07:30:00,1.177,1.1771,1.1767,1.177,24871.9,39
2025-07-02 07:32:00,1.1769,1.177,1.1768,1.1769,36779.3,38
2025-07-02 07:34:00,1.1769,1.1775,1.1769,1.1774,29552.9,57
2025-07-02 07:36:00,1.1774,1.1775,1.1771,1.1771,36991.1,71
2025-07-02 07:38:00,1.177,1.1771,1.1765,1.1768,35370.7,70
2025-07-02 07:40:00,1.1768,1.1769,1.1768,1.1769,9806.300000000001,31
2025-07-02 07:42:00,1.1769,1.177,1.1769,1.177,10857.699999999999,28
2025-07-02 07:44:00,1.177,1.1772,1.177,1.1771,64432.7,41
2025-07-02 07:46:00,1.1771,1.1772,1.177,1.1772,19190.4,33
2025-07-02 07:48:00,1.1771,1.1772,1.1771,1.1772,12157.199999999999,21
2025-07-02 07:50:00,1.1772,1.1772,1.1768,1.1769,32349.3,69
2025-07-02 07:52:00,1.1769,1.177,1.1768,1.1769,22730.7,43
2025-07-02 07:54:00,1.1768,1.177,1.1767,1.1768,22352.2,54
2025-07-02 07:56:00,1.1769,1.1769,1.1767,1.1767,14109.300000000001,40
2025-07-02 07:58:00,1.1768,1.1768,1.1765,1.1765,26692.5,65
2025-07-02 08:00:00,1.1766,1.1767,1.1764,1.1767,39654.0,84
2025-07-02 08:02:00,1.1768,1.1769,1.1767,1.1768,3146.6,23
2025-07-02 08:04:00,1.1768,1.1768,1.1766,1.1767,65921.8,128
2025-07-02 08:06:00,1.1766,1.1768,1.1766,1.1767,18504.2,30
2025-07-02 08:08:00,1.1768,1.177,1.1767,1.1769,17379.6,36
2025-07-02 08:10:00,1.1769,1.1771,1.1768,1.1768,44366.1,40
2025-07-02 08:12:00,1.1768,1.1769,1.1767,1.1768,28956.9,48
2025-07-02 08:14:00,1.1768,1.1769,1.1768,1.1768,10652.2,17
2025-07-02 08:16:00,1.1769,1.177,1.1768,1.1769,20016.5,38
2025-07-02 08:18:00,1.1769,1.1769,1.1768,1.1769,12503.5,31
2025-07-02 08:20:00,1.1768,1.1769,1.1766,1.1766,28307.5,50
2025-07-02 08:22:00,1.1766,1.1766,1.1762,1.1766,38423.8,73
2025-07-02 08:24:00,1.1766,1.1767,1.1766,1.1767,18823.3,22
2025-07-02 08:26:00,1.1767,1.1769,1.1766,1.1769,18145.8,35
2025-07-02 08:28:00,1.1768,1.177,1.1768,1.1768,44992.6,72
2025-07-02 08:30:00,1.1769,1.177,1.1768,1.1768,24765.8,105
2025-07-02 08:32:00,1.1769,1.1772,1.1768,1.1771,99022.4,42
2025-07-02 08:34:00,1.1771,1.1772,1.1769,1.1769,30857.0,57
2025-07-02 08:36:00,1.1769,1.1771,1.1769,1.177,26046.0,61
2025-07-02 08:38:00,1.177,1.1771,1.1768,1.1769,19269.7,44
2025-07-02 08:40:00,1.1769,1.1769,1.1767,1.1768,14280.4,39
2025-07-02 08:42:00,1.1767,1.1769,1.1767,1.1768,7452.3,38
2025-07-02 08:44:00,1.1769,1.177,1.1769,1.1769,13519.199999999999,32
2025-07-02 08:46:00,1.1769,1.177,1.1769,1.1769,14485.3,40
2025-07-02 08:48:00,1.177,1.1773,1.1769,1.1773,26109.2,46
2025-07-02 08:50:00,1.1772,1.1772,1.1769,1.1769,58683.1,86
2025-07-02 08:52:00,1.1769,1.1769,1.1766,1.1768,84998.2,143
2025-07-02 08:54:00,1.1767,1.1769,1.1765,1.1765,17130.4,51
2025-07-02 08:56:00,1.1766,1.1767,1.1765,1.1766,85667.0,40
2025-07-02 08:58:00,1.1767,1.1767,1.1766,1.1766,7611.5,35
2025-07-02 09:00:00,1.1766,1.1768,1.1766,1.1767,14345.1,37
2025-07-02 09:02:00,1.1768,1.1768,1.1767,1.1767,24724.6,64
2025-07-02 09:04:00,1.1768,1.1768,1.1767,1.1767,3390.8,21
2025-07-02 09:06:00,1.1767,1.1768,1.1766,1.1766,41890.3,57
2025-07-02 09:08:00,1.1767,1.1767,1.1765,1.1767,19038.2,34
2025-07-02 09:10:00,1.1767,1.1767,1.1761,1.1761,18641.7,62
2025-07-02 09:12:00,1.1761,1.1762,1.1761,1.1761,20731.6,43
2025-07-02 09:14:00,1.1762,1.1763,1.176,1.1762,94704.8,54
2025-07-02 09:16:00,1.1763,1.1764,1.1761,1.1761,15430.4,60
2025-07-02 09:18:00,1.1762,1.1762,1.176,1.1761,7361.3,28
2025-07-02 09:20:00,1.176,1.1762,1.176,1.1761,36152.9,39
2025-07-02 09:22:00,1.1761,1.1761,1.176,1.1761,20848.3,36
2025-07-02 09:24:00,1.176,1.1761,1.1759,1.1759,57460.3,108
2025-07-02 09:26:00,1.1759,1.1759,1.1757,1.1758,45017.3,48
2025-07-02 09:28:00,1.1758,1.1758,1.1757,1.1757,35385.5,44
2025-07-02 09:30:00,1.1758,1.1759,1.1757,1.1757,42047.7,65
2025-07-02 09:32:00,1.1758,1.1759,1.1757,1.1759,11682.8,21
2025-07-02 09:34:00,1.1759,1.1761,1.1759,1.1759,24275.1,51
2025-07-02 09:36:00,1.1759,1.176,1.1757,1.1757,16953.9,53
2025-07-02 09:38:00,1.1758,1.176,1.1757,1.1759,34119.6,47
2025-07-02 09:40:00,1.176,1.176,1.1759,1.1759,11357.7,26
2025-07-02 09:42:00,1.1759,1.1761,1.1759,1.1761,21725.3,38
2025-07-02 09:44:00,1.176,1.1761,1.176,1.1761,17318.2,39
2025-07-02 09:46:00,1.1761,1.1761,1.1759,1.176,30186.6,50
2025-07-02 09:48:00,1.1759,1.1761,1.1759,1.1761,44379.1,49
2025-07-02 09:50:00,1.1761,1.1762,1.176,1.1761,7505.2,33
2025-07-02 09:52:00,1.1761,1.1763,1.1761,1.1763,55614.6,48
2025-07-02 09:54:00,1.1763,1.1764,1.1762,1.1762,20391.5,39
2025-07-02 09:56:00,1.1762,1.1763,1.176,1.176,36121.4,57
2025-07-02 09:58:00,1.176,1.1761,1.1758,1.1759,20270.2,52
2025-07-02 10:00:00,1.176,1.1763,1.176,1.1762,30707.600000000002,52
2025-07-02 10:02:00,1.1762,1.1764,1.1762,1.1764,22064.1,46
2025-07-02 10:04:00,1.1764,1.1766,1.1764,1.1765,21071.2,36
2025-07-02 10:06:00,1.1765,1.1767,1.1765,1.1766,11539.0,37
2025-07-02 10:08:00,1.1766,1.1768,1.1766,1.1767,16721.6,27
2025-07-02 10:10:00,1.1767,1.1769,1.1767,1.1769,175038.5,36
2025-07-02 10:12:00,1.1769,1.1769,1.1768,1.1768,15715.1,47
2025-07-02 10:14:00,1.1768,1.1769,1.1768,1.1768,14448.300000000001,77
2025-07-02 10:16:00,1.1768,1.1769,1.1768,1.1769,18050.0,34
2025-07-02 10:18:00,1.1769,1.177,1.1765,1.1765,72274.7,128
2025-07-02 10:20:00,1.1765,1.1767,1.1765,1.1765,16929.2,36
2025-07-02 10:22:00,1.1765,1.1766,1.1764,1.1765,12046.8,36
2025-07-02 10:24:00,1.1765,1.1767,1.1764,1.1765,7087.1,32
2025-07-02 10:26:00,1.1766,1.1766,1.1763,1.1764,13849.3,32
2025-07-02 10:28:00,1.1763,1.1764,1.1763,1.1763,22095.4,33
2025-07-02 10:30:00,1.1764,1.1766,1.1762,1.1765,55628.3,45
2025-07-02 10:32:00,1.1766,1.1766,1.1764,1.1764,19246.9,58
2025-07-02 10:34:00,1.1764,1.1766,1.1764,1.1766,22813.9,45
2025-07-02 10:36:00,1.1766,1.1767,1.1765,1.1766,25899.6,54
2025-07-02 10:38:00,1.1766,1.1766,1.1765,1.1766,14698.0,30
2025-07-02 10:40:00,1.1765,1.1766,1.1765,1.1766,5687.5,34
2025-07-02 10:42:00,1.1766,1.1768,1.1766,1.1767,64575.5,51
2025-07-02 10:44:00,1.1767,1.1768,1.1762,1.1763,71405.9,69
2025-07-02 10:46:00,1.1763,1.1763,1.176,1.176,69334.8,101
2025-07-02 10:48:00,1.176,1.1761,1.1759,1.1759,25295.9,78
2025-07-02 10:50:00,1.176,1.176,1.1758,1.1759,45010.700000000004,50
2025-07-02 10:52:00,1.1758,1.1759,1.1755,1.1757,73563.5,80
2025-07-02 10:54:00,1.1756,1.1758,1.1756,1.1757,4929.9,23
2025-07-02 10:56:00,1.1757,1.1758,1.1756,1.1757,47427.100000000006,56
2025-07-02 10:58:00,1.1757,1.176,1.1756,1.1759,244426.4,85
2025-07-02 11:00:00,1.1758,1.1759,1.1758,1.1759,26367.1,51
2025-07-02 11:02:00,1.1758,1.176,1.1758,1.1759,15323.8,56
2025-07-02 11:04:00,1.1759,1.1762,1.1759,1.1761,70002.2,88
2025-07-02 11:06:00,1.1762,1.1763,1.1761,1.1762,56929.2,78
2025-07-02 11:08:00,1.1761,1.1762,1.176,1.176,14789.3,37
2025-07-02 11:10:00,1.1761,1.1763,1.176,1.1763,31617.0,56
2025-07-02 11:12:00,1.1762,1.1763,1.1762,1.1762,57991.299999999996,66
2025-07-02 11:14:00,1.1762,1.1763,1.1762,1.1763,31940.6,60
2025-07-02 11:16:00,1.1762,1.1763,1.1762,1.1762,11515.3,27
2025-07-02 11:18:00,1.1763,1.1763,1.176,1.176,19138.0,63
2025-07-02 11:20:00,1.1761,1.1761,1.176,1.1761,10075.8,35
2025-07-02 11:22:00,1.176,1.1762,1.176,1.1762,12406.1,37
2025-07-02 11:24:00,1.1761,1.1762,1.176,1.176,59569.700000000004,96
2025-07-02 11:26:00,1.176,1.176,1.1759,1.1759,24136.1,90
2025-07-02 11:28:00,1.176,1.176,1.1757,1.1757,10973.5,37
2025-07-02 11:30:00,1.1756,1.1757,1.1756,1.1757,15817.1,64
2025-07-02 11:32:00,1.1756,1.1757,1.1754,1.1757,52148.7,63
2025-07-02 11:34:00,1.1757,1.1757,1.1753,1.1754,34568.7,60
2025-07-02 11:36:00,1.1754,1.1755,1.1754,1.1754,8320.7,28
2025-07-02 11:38:00,1.1754,1.1755,1.1752,1.1752,14256.300000000001,48
2025-07-02 11:40:00,1.1752,1.1752,1.175,1.175,13178.199999999999,48
2025-07-02 11:42:00,1.175,1.1752,1.175,1.1752,17072.8,41
2025-07-02 11:44:00,1.1753,1.1753,1.175,1.1751,4903.8,37
2025-07-02 11:46:00,1.1751,1.1751,1.1749,1.1749,9969.7,46
2025-07-02 11:48:00,1.1749,1.175,1.1748,1.1748,42695.4,33
2025-07-02 11:50:00,1.1748,1.1751,1.1748,1.175,22593.899999999998,41
2025-07-02 11:52:00,1.175,1.1752,1.175,1.1752,14143.7,26
2025-07-02 11:54:00,1.1752,1.1753,1.1749,1.175,38539.1,92
2025-07-02 11:56:00,1.175,1.175,1.1745,1.1745,50267.6,75
2025-07-02 11:58:00,1.1746,1.1746,1.1743,1.1745,61250.6,79
2025-07-02 12:00:00,1.1746,1.1746,1.1743,1.1745,65758.09999999999,79
2025-07-02 12:02:00,1.1746,1.1749,1.1745,1.1748,33295.6,50
2025-07-02 12:04:00,1.1748,1.175,1.1747,1.175,48198.3,95
2025-07-02 12:06:00,1.1749,1.175,1.1747,1.1749,28683.5,89
2025-07-02 12:08:00,1.1747,1.1751,1.1747,1.1749,94746.5,115
2025-07-02 12:10:00,1.1748,1.1748,1.1745,1.1745,79995.3,64
2025-07-02 12:12:00,1.1746,1.1749,1.1746,1.1747,56139.799999999996,61
2025-07-02 12:14:00,1.1747,1.1771,1.1747,1.1766,1150516.3,911
2025-07-02 12:16:00,1.1767,1.1768,1.1764,1.1766,121599.2,154
2025-07-02 12:18:00,1.1767,1.1769,1.1765,1.1767,98331.1,99
2025-07-02 12:20:00,1.1769,1.1773,1.1767,1.1768,120324.1,92
2025-07-02 12:22:00,1.1769,1.1777,1.1769,1.1774,141042.2,115
2025-07-02 12:24:00,1.1775,1.1779,1.1775,1.1778,79135.0,111
2025-07-02 12:26:00,1.1778,1.1778,1.1771,1.1771,141382.0,87
2025-07-02 12:28:00,1.1771,1.1772,1.1769,1.177,132094.7,80
2025-07-02 12:30:00,1.177,1.177,1.1764,1.1766,177871.3,86
2025-07-02 12:32:00,1.1765,1.1767,1.1762,1.1762,151419.6,117
2025-07-02 12:34:00,1.1762,1.1766,1.1762,1.1766,159478.1,115
2025-07-02 12:36:00,1.1767,1.1767,1.1758,1.1762,189721.1,122
2025-07-02 12:38:00,1.1762,1.1764,1.1761,1.1761,47904.3,46
2025-07-02 12:40:00,1.1761,1.1761,1.1752,1.1752,78843.1,95
2025-07-02 12:42:00,1.1752,1.1754,1.1749,1.1753,146538.2,104
2025-07-02 12:44:00,1.1754,1.1757,1.1753,1.1756,106676.4,68
2025-07-02 12:46:00,1.1756,1.176,1.1756,1.1758,231944.4,87
2025-07-02 12:48:00,1.1758,1.176,1.1758,1.176,30663.7,35
2025-07-02 12:50:00,1.1759,1.1759,1.1755,1.1758,149643.9,54
2025-07-02 12:52:00,1.1758,1.1759,1.1754,1.1754,160242.4,55
2025-07-02 12:54:00,1.1753,1.1756,1.1752,1.1752,136358.8,98
2025-07-02 12:56:00,1.1751,1.1753,1.175,1.1752,110179.0,67
2025-07-02 12:58:00,1.1751,1.1751,1.1749,1.1751,158438.0,74
2025-07-02 13:00:00,1.1752,1.1754,1.1751,1.1753,77980.5,79
2025-07-02 13:02:00,1.1753,1.1756,1.1753,1.1755,40061.200000000004,55
2025-07-02 13:04:00,1.1755,1.1759,1.1755,1.1759,32636.8,51
2025-07-02 13:06:00,1.176,1.1767,1.176,1.1767,123473.2,89
2025-07-02 13:08:00,1.1768,1.1773,1.1768,1.1771,78983.7,128
2025-07-02 13:10:00,1.1771,1.1774,1.1771,1.1772,39299.8,52
2025-07-02 13:12:00,1.1771,1.1772,1.1767,1.1768,89383.1,82
2025-07-02 13:14:00,1.1767,1.1771,1.1767,1.1771,24384.8,48
2025-07-02 13:16:00,1.177,1.1771,1.1767,1.1767,26408.2,48
2025-07-02 13:18:00,1.1768,1.1769,1.1766,1.1767,43411.0,56
2025-07-02 13:20:00,1.1767,1.1769,1.1766,1.1766,25085.2,64
2025-07-02 13:22:00,1.1767,1.1767,1.1764,1.1764,37360.2,58
2025-07-02 13:24:00,1.1764,1.1764,1.176,1.1762,49929.4,112
2025-07-02 13:26:00,1.1761,1.1763,1.176,1.176,50889.0,48
2025-07-02 13:28:00,1.1759,1.1762,1.1758,1.1761,53018.8,63
2025-07-02 13:30:00,1.1761,1.1762,1.1757,1.1758,43865.1,49
2025-07-02 13:32:00,1.1758,1.1761,1.1758,1.1758,80555.8,66
2025-07-02 13:34:00,1.1758,1.176,1.1754,1.176,56761.0,67
2025-07-02 13:36:00,1.1759,1.1764,1.1759,1.1764,60929.700000000004,48
2025-07-02 13:38:00,1.1763,1.1766,1.1762,1.1766,94829.09999999999,77
2025-07-02 13:40:00,1.1765,1.1767,1.1765,1.1767,46750.6,38
2025-07-02 13:42:00,1.1766,1.1767,1.1765,1.1765,97586.7,81
2025-07-02 13:44:00,1.1764,1.1766,1.1763,1.1764,121248.1,72
2025-07-02 13:46:00,1.1763,1.1764,1.1762,1.1764,61748.5,38
2025-07-02 13:48:00,1.1764,1.1764,1.1759,1.1761,127530.09999999999,110
2025-07-02 13:50:00,1.1761,1.1762,1.1758,1.1759,69437.2,60
2025-07-02 13:52:00,1.176,1.176,1.1758,1.176,91697.8,85
2025-07-02 13:54:00,1.1759,1.1759,1.1751,1.1751,129924.0,73
2025-07-02 13:56:00,1.1751,1.1755,1.1751,1.1753,128186.90000000001,67
2025-07-02 13:58:00,1.1753,1.1755,1.1752,1.1753,160313.7,66
2025-07-02 14:00:00,1.1754,1.1759,1.1754,1.1758,108465.1,74
2025-07-02 14:02:00,1.1757,1.1757,1.1753,1.1753,7657.1,33
2025-07-02 14:04:00,1.1754,1.1754,1.175,1.1751,23470.0,41
2025-07-02 14:06:00,1.175,1.1752,1.1748,1.1749,93374.5,87
2025-07-02 14:08:00,1.1749,1.1754,1.1749,1.1753,72134.1,63
2025-07-02 14:10:00,1.1754,1.1755,1.1751,1.1752,131511.2,75
2025-07-02 14:12:00,1.1751,1.1752,1.1751,1.1752,88202.3,45
2025-07-02 14:14:00,1.1752,1.1752,1.175,1.1751,148912.8,117
2025-07-02 14:16:00,1.1751,1.1752,1.1748,1.1749,78784.7,58
2025-07-02 14:18:00,1.1748,1.1751,1.1748,1.175,87784.59999999999,59
2025-07-02 14:20:00,1.1751,1.1753,1.175,1.1753,75384.4,66
2025-07-02 14:22:00,1.1754,1.1755,1.1753,1.1754,19934.3,35
2025-07-02 14:24:00,1.1754,1.1758,1.1753,1.1758,101758.6,84
2025-07-02 14:26:00,1.1758,1.1763,1.1758,1.176,159977.8,217
2025-07-02 14:28:00,1.176,1.176,1.1755,1.1755,60924.9,72
2025-07-02 14:30:00,1.1755,1.1757,1.1754,1.1755,213683.3,55
2025-07-02 14:32:00,1.1755,1.1758,1.1755,1.1758,50457.0,39
2025-07-02 14:34:00,1.1758,1.1759,1.1756,1.1756,23571.9,35
2025-07-02 14:36:00,1.1757,1.1757,1.1754,1.1754,26917.2,55
2025-07-02 14:38:00,1.1754,1.1754,1.175,1.175,46718.200000000004,84
2025-07-02 14:40:00,1.175,1.1754,1.1749,1.1754,76620.3,92
2025-07-02 14:42:00,1.1755,1.1755,1.1749,1.1749,64628.0,64
2025-07-02 14:44:00,1.175,1.1752,1.1749,1.175,84213.0,77
2025-07-02 14:46:00,1.175,1.1755,1.175,1.1751,42230.4,78
2025-07-02 14:48:00,1.1751,1.1751,1.1747,1.1747,53960.6,73
2025-07-02 14:50:00,1.1747,1.1754,1.1744,1.1754,68849.5,126
2025-07-02 14:52:00,1.1754,1.1754,1.1749,1.1751,107054.3,315
2025-07-02 14:54:00,1.175,1.1757,1.175,1.1756,144667.9,120
2025-07-02 14:56:00,1.1757,1.176,1.1757,1.1758,85954.5,121
2025-07-02 14:58:00,1.1758,1.176,1.1757,1.1758,51026.3,66
2025-07-02 15:00:00,1.1759,1.176,1.1758,1.1759,12704.800000000001,30
2025-07-02 15:02:00,1.1759,1.1761,1.1759,1.176,5122.0,20
2025-07-02 15:04:00,1.1761,1.1762,1.176,1.176,118273.6,57
2025-07-02 15:06:00,1.1761,1.1761,1.1758,1.1759,159899.9,80
2025-07-02 15:08:00,1.1759,1.176,1.1758,1.176,51088.3,55
2025-07-02 15:10:00,1.1761,1.1768,1.1759,1.1768,160622.7,226
2025-07-02 15:12:00,1.1767,1.1769,1.1766,1.1769,296022.5,168
2025-07-02 15:14:00,1.1768,1.1773,1.1768,1.1773,70770.3,79
2025-07-02 15:16:00,1.1773,1.1774,1.1772,1.1773,58277.4,55
2025-07-02 15:18:00,1.1773,1.1775,1.1771,1.1772,91362.8,74
2025-07-02 15:20:00,1.1771,1.1772,1.177,1.1771,46308.0,49
2025-07-02 15:22:00,1.1771,1.1775,1.177,1.1772,142605.2,105
2025-07-02 15:24:00,1.1773,1.1773,1.1768,1.1768,58677.8,77
2025-07-02 15:26:00,1.1769,1.1772,1.1767,1.1771,65465.8,46
2025-07-02 15:28:00,1.1772,1.1772,1.177,1.1771,59630.6,52
2025-07-02 15:30:00,1.1772,1.1775,1.1772,1.1775,186811.8,83
2025-07-02 15:32:00,1.1775,1.1778,1.1775,1.1777,150113.0,77
2025-07-02 15:34:00,1.1778,1.1778,1.1775,1.1776,164211.4,63
2025-07-02 15:36:00,1.1777,1.1777,1.1775,1.1776,69262.3,67
2025-07-02 15:38:00,1.1776,1.1779,1.1776,1.1776,144080.7,78
2025-07-02 15:40:00,1.1776,1.1777,1.1774,1.1776,98956.9,71
2025-07-02 15:42:00,1.1776,1.1778,1.1776,1.1778,40893.1,36
2025-07-02 15:44:00,1.1777,1.178,1.1777,1.1777,91216.8,50
2025-07-02 15:46:00,1.1778,1.1783,1.1778,1.1782,65867.4,52
2025-07-02 15:48:00,1.1781,1.1782,1.1779,1.1779,31824.6,31
2025-07-02 15:50:00,1.1779,1.178,1.1777,1.1777,15638.9,30
2025-07-02 15:52:00,1.1777,1.1779,1.1777,1.1779,96035.2,67
2025-07-02 15:54:00,1.1779,1.178,1.1776,1.1777,52997.1,92
2025-07-02 15:56:00,1.1778,1.1782,1.1778,1.178,145201.0,108
2025-07-02 15:58:00,1.178,1.1782,1.1779,1.1781,17877.2,41
2025-07-02 16:00:00,1.1781,1.1782,1.1778,1.1778,45872.3,59
2025-07-02 16:02:00,1.1779,1.1779,1.1778,1.1779,50069.2,64
2025-07-02 16:04:00,1.1778,1.1782,1.1778,1.1782,122747.4,190
2025-07-02 16:06:00,1.1782,1.1784,1.1781,1.1783,90832.3,166
2025-07-02 16:08:00,1.1784,1.1791,1.1783,1.1791,341478.8,434
2025-07-02 16:10:00,1.1789,1.1791,1.1785,1.1787,126751.9,180
2025-07-02 16:12:00,1.1786,1.1787,1.1786,1.1786,34160.1,62
2025-07-02 16:14:00,1.1786,1.1787,1.1784,1.1784,45455.3,78
2025-07-02 16:16:00,1.1785,1.1787,1.1785,1.1786,70950.1,163
2025-07-02 16:18:00,1.1786,1.1788,1.1786,1.1787,47348.7,117
2025-07-02 16:20:00,1.1787,1.1788,1.1786,1.1787,95640.9,108
2025-07-02 16:22:00,1.1787,1.1789,1.1786,1.1786,188458.6,105
2025-07-02 16:24:00,1.1786,1.1787,1.1783,1.1785,49244.8,82
2025-07-02 16:26:00,1.1785,1.1786,1.1785,1.1786,50588.4,57
2025-07-02 16:28:00,1.1785,1.1785,1.1783,1.1783,95776.2,139
2025-07-02 16:30:00,1.1784,1.1785,1.1783,1.1785,55028.1,48
2025-07-02 16:32:00,1.1786,1.1787,1.1785,1.1786,52456.6,80
2025-07-02 16:34:00,1.1786,1.1787,1.1784,1.1784,70990.1,104
2025-07-02 16:36:00,1.1784,1.1785,1.1784,1.1784,38702.1,57
2025-07-02 16:38:00,1.1784,1.1785,1.1783,1.1784,64244.5,73
2025-07-02 16:40:00,1.1784,1.1786,1.1783,1.1784,244017.0,385
2025-07-02 16:42:00,1.1785,1.1786,1.1783,1.1786,129031.5,117
2025-07-02 16:44:00,1.1785,1.1785,1.1782,1.1783,85220.7,84
2025-07-02 16:46:00,1.1782,1.1785,1.1782,1.1785,57652.0,78
2025-07-02 16:48:00,1.1784,1.1785,1.1784,1.1784,54919.0,83
2025-07-02 16:50:00,1.1784,1.1785,1.1784,1.1784,74998.4,91
2025-07-02 16:52:00,1.1784,1.1784,1.1782,1.1783,44173.0,102
2025-07-02 16:54:00,1.1784,1.1785,1.1783,1.1784,26088.9,57
2025-07-02 16:56:00,1.1785,1.1787,1.1784,1.1786,74278.3,79
2025-07-02 16:58:00,1.1785,1.1786,1.1784,1.1785,52912.9,100
2025-07-02 17:00:00,1.1784,1.1787,1.1784,1.1786,106510.1,129
2025-07-02 17:02:00,1.1786,1.179,1.1786,1.1789,41735.8,65
2025-07-02 17:04:00,1.1789,1.1792,1.1789,1.1791,61470.0,80
2025-07-02 17:06:00,1.1792,1.1795,1.1791,1.1795,91850.0,64
2025-07-02 17:08:00,1.1794,1.1795,1.1793,1.1793,46073.3,50
2025-07-02 17:10:00,1.1794,1.1794,1.1792,1.1793,33375.2,67
2025-07-02 17:12:00,1.1792,1.1793,1.1792,1.1792,17019.1,45
2025-07-02 17:14:00,1.1792,1.1794,1.1792,1.1794,12223.7,50
2025-07-02 17:16:00,1.1793,1.1795,1.1793,1.1794,33863.0,66
2025-07-02 17:18:00,1.1795,1.1795,1.1792,1.1795,53409.8,71
2025-07-02 17:20:00,1.1795,1.1795,1.1792,1.1792,43077.5,59
2025-07-02 17:22:00,1.1792,1.1792,1.179,1.1791,53084.5,91
2025-07-02 17:24:00,1.1791,1.1791,1.1788,1.1788,132166.7,208
2025-07-02 17:26:00,1.1787,1.1788,1.1787,1.1788,61427.4,71
2025-07-02 17:28:00,1.1787,1.1789,1.1787,1.1789,39395.0,56
2025-07-02 17:30:00,1.1789,1.1791,1.1789,1.179,145521.7,100
2025-07-02 17:32:00,1.179,1.1794,1.1789,1.1794,156786.8,105
2025-07-02 17:34:00,1.1793,1.1794,1.1792,1.1793,41191.3,54
2025-07-02 17:36:00,1.1793,1.1793,1.1792,1.1793,41955.7,68
2025-07-02 17:38:00,1.1793,1.1794,1.1791,1.1792,191592.9,267
2025-07-02 17:40:00,1.1791,1.1793,1.1791,1.1791,129995.6,145
2025-07-02 17:42:00,1.1792,1.1793,1.1791,1.1793,33578.7,72
2025-07-02 17:44:00,1.1792,1.1793,1.1792,1.1792,21838.9,51
2025-07-02 17:46:00,1.1793,1.1793,1.1792,1.1793,63664.1,100
2025-07-02 17:48:00,1.1793,1.1795,1.1793,1.1795,43505.2,84
2025-07-02 17:50:00,1.1794,1.1795,1.1793,1.1794,120817.1,96
2025-07-02 17:52:00,1.1794,1.1794,1.1793,1.1794,8505.2,47
2025-07-02 17:54:00,1.1793,1.1794,1.1792,1.1792,74354.0,74
2025-07-02 17:56:00,1.1793,1.1794,1.1792,1.1794,46786.9,75
2025-07-02 17:58:00,1.1794,1.1794,1.1793,1.1793,42693.6,76
2025-07-02 18:00:00,1.1793,1.1793,1.1791,1.1793,76898.7,103
2025-07-02 18:02:00,1.1792,1.1794,1.1792,1.1793,78041.2,99
2025-07-02 18:04:00,1.1794,1.1794,1.1792,1.1792,135799.5,120
2025-07-02 18:06:00,1.1793,1.1793,1.1791,1.1791,80870.0,100
2025-07-02 18:08:00,1.1792,1.1792,1.179,1.1791,34901.0,51
2025-07-02 18:10:00,1.179,1.1791,1.179,1.179,32894.5,80
2025-07-02 18:12:00,1.1791,1.1792,1.179,1.1791,29963.7,54
2025-07-02 18:14:00,1.1792,1.1793,1.1791,1.1792,17640.1,54
2025-07-02 18:16:00,1.1793,1.1793,1.1792,1.1792,26575.8,59
2025-07-02 18:18:00,1.1793,1.1793,1.1792,1.1792,39513.2,70
2025-07-02 18:20:00,1.1792,1.1794,1.1792,1.1793,11501.1,40
2025-07-02 18:22:00,1.1793,1.1794,1.1793,1.1794,54869.4,56
2025-07-02 18:24:00,1.1794,1.1796,1.1793,1.1795,27032.8,52
2025-07-02 18:26:00,1.1795,1.1796,1.1794,1.1795,71924.1,122
2025-07-02 18:28:00,1.1795,1.1795,1.1794,1.1794,16634.9,45
2025-07-02 18:30:00,1.1794,1.1796,1.1794,1.1795,22295.8,53
2025-07-02 18:32:00,1.1795,1.1796,1.1794,1.1795,25092.5,51
2025-07-02 18:34:00,1.1795,1.1796,1.1794,1.1796,14647.4,33
2025-07-02 18:36:00,1.1795,1.1796,1.1795,1.1795,37272.8,59
2025-07-02 18:38:00,1.1796,1.1796,1.1794,1.1795,65050.8,80
2025-07-02 18:40:00,1.1795,1.1795,1.1794,1.1794,40467.3,53
2025-07-02 18:42:00,1.1795,1.1797,1.1794,1.1797,104228.7,102
2025-07-02 18:44:00,1.1797,1.1797,1.1796,1.1797,48530.2,60
2025-07-02 18:46:00,1.1797,1.1798,1.1796,1.1797,77728.8,101
2025-07-02 18:48:00,1.1796,1.1797,1.1796,1.1796,61504.6,56
2025-07-02 18:50:00,1.1796,1.1797,1.1795,1.1796,34127.3,56
2025-07-02 18:52:00,1.1796,1.1798,1.1795,1.1795,62039.8,84
2025-07-02 18:54:00,1.1795,1.1796,1.1794,1.1795,43886.5,47
2025-07-02 18:56:00,1.1794,1.1796,1.1794,1.1796,38634.9,59
2025-07-02 18:58:00,1.1796,1.1797,1.1795,1.1797,113167.4,95
2025-07-02 19:00:00,1.1796,1.1797,1.1794,1.1795,180600.6,99
2025-07-02 19:02:00,1.1795,1.1795,1.1794,1.1795,31142.6,33
2025-07-02 19:04:00,1.1794,1.1795,1.1794,1.1794,48955.4,77
2025-07-02 19:06:00,1.1795,1.1795,1.1793,1.1794,58693.5,93
2025-07-02 19:08:00,1.1793,1.1795,1.1793,1.1795,46425.1,90
2025-07-02 19:10:00,1.1795,1.1795,1.1793,1.1794,122889.0,67
2025-07-02 19:12:00,1.1794,1.1795,1.1793,1.1794,36501.6,91
2025-07-02 19:14:00,1.1793,1.1794,1.1792,1.1792,74239.1,58
2025-07-02 19:16:00,1.1792,1.1792,1.179,1.179,20733.0,43
2025-07-02 19:18:00,1.179,1.1792,1.179,1.1792,23856.6,76
2025-07-02 19:20:00,1.1791,1.1792,1.1791,1.1791,29065.899999999998,73
2025-07-02 19:22:00,1.1791,1.1793,1.1791,1.1793,25636.2,65
2025-07-02 19:24:00,1.1793,1.1793,1.1792,1.1792,77455.5,44
2025-07-02 19:26:00,1.1793,1.1793,1.1791,1.1791,99833.09999999999,248
2025-07-02 19:28:00,1.1792,1.1793,1.1791,1.1792,83302.40000000001,47
2025-07-02 19:30:00,1.1792,1.1794,1.1792,1.1794,44862.2,71
2025-07-02 19:32:00,1.1794,1.1795,1.1793,1.1794,11592.7,40
2025-07-02 19:34:00,1.1794,1.1795,1.1794,1.1794,30621.300000000003,33
2025-07-02 19:36:00,1.1795,1.1795,1.1792,1.1793,93979.0,73
2025-07-02 19:38:00,1.1792,1.1794,1.1792,1.1793,34420.5,50
2025-07-02 19:40:00,1.1794,1.1794,1.1792,1.1793,136024.30000000002,76
2025-07-02 19:42:00,1.1793,1.1793,1.1792,1.1792,53145.899999999994,47
2025-07-02 19:44:00,1.1793,1.1793,1.1792,1.1792,135458.4,134
2025-07-02 19:46:00,1.1792,1.1793,1.1792,1.1793,100394.0,146
2025-07-02 19:48:00,1.1793,1.1794,1.1792,1.1793,13578.6,41
2025-07-02 19:50:00,1.1793,1.1795,1.1793,1.1795,45833.9,67
2025-07-02 19:52:00,1.1794,1.1796,1.1794,1.1796,15412.1,31
2025-07-02 19:54:00,1.1796,1.1796,1.1795,1.1795,10023.8,31
2025-07-02 19:56:00,1.1796,1.1798,1.1795,1.1797,51483.6,352
2025-07-02 19:58:00,1.1797,1.1798,1.1797,1.1798,29119.9,82
2025-07-02 20:00:00,1.1798,1.1798,1.1796,1.1797,51458.0,489
2025-07-02 20:02:00,1.1797,1.1797,1.1795,1.1795,29059.4,42
2025-07-02 20:04:00,1.1796,1.1796,1.1794,1.1795,26820.7,41
2025-07-02 20:06:00,1.1795,1.1795,1.1792,1.1793,47718.3,90
2025-07-02 20:08:00,1.1793,1.1793,1.1791,1.1792,114697.40000000001,328
2025-07-02 20:10:00,1.1792,1.1793,1.1791,1.1792,83959.3,324
2025-07-02 20:12:00,1.1792,1.1794,1.1792,1.1793,204937.3,702
2025-07-02 20:14:00,1.1794,1.1794,1.1793,1.1794,60215.4,87
2025-07-02 20:16:00,1.1794,1.1794,1.1792,1.1793,91404.8,108
2025-07-02 20:18:00,1.1792,1.1793,1.1792,1.1793,94183.3,125
2025-07-02 20:20:00,1.1793,1.1793,1.1792,1.1793,20333.7,44
2025-07-02 20:22:00,1.1793,1.1794,1.1792,1.1792,132054.8,304
2025-07-02 20:24:00,1.1793,1.1793,1.1792,1.1792,28210.7,57
2025-07-02 20:26:00,1.1792,1.1792,1.1791,1.1792,115416.1,130
2025-07-02 20:28:00,1.1792,1.1793,1.1791,1.1793,54542.5,90
2025-07-02 20:30:00,1.1793,1.1793,1.1792,1.1792,15839.7,44
2025-07-02 20:32:00,1.1792,1.1793,1.1792,1.1793,6895.8,19
2025-07-02 20:34:00,1.1793,1.1793,1.1792,1.1792,22433.5,43
2025-07-02 20:36:00,1.1793,1.1793,1.1793,1.1793,5176.9,12
2025-07-02 20:38:00,1.1793,1.1793,1.1792,1.1793,5327.4,30
2025-07-02 20:40:00,1.1793,1.1793,1.1792,1.1793,10719.6,29
2025-07-02 20:42:00,1.1793,1.1793,1.1792,1.1792,47573.4,52
2025-07-02 20:44:00,1.1792,1.1793,1.1792,1.1792,33443.5,54
2025-07-02 20:46:00,1.1792,1.1792,1.1791,1.1791,12076.9,41
2025-07-02 20:48:00,1.1792,1.1792,1.1791,1.1792,28404.8,66
2025-07-02 20:50:00,1.1791,1.1792,1.1791,1.1792,13125.8,35
2025-07-02 20:52:00,1.1791,1.1792,1.1791,1.1791,11037.9,39
2025-07-02 20:54:00,1.1792,1.1792,1.1791,1.1792,14840.0,36
2025-07-02 20:56:00,1.1792,1.1793,1.1791,1.1792,126343.40000000001,296
2025-07-02 20:58:00,1.1791,1.1795,1.1791,1.1795,40571.799999999996,52
2025-07-02 21:00:00,1.1795,1.1796,1.1795,1.1796,97671.09999999999,101
2025-07-02 21:02:00,1.1796,1.1796,1.1795,1.1796,12872.8,36
2025-07-02 21:04:00,1.1796,1.1796,1.1794,1.1795,70653.5,77
2025-07-02 21:06:00,1.1794,1.1795,1.1794,1.1794,8597.3,36
2025-07-02 21:08:00,1.1794,1.1795,1.1794,1.1794,11595.8,45
2025-07-02 21:10:00,1.1795,1.1795,1.1794,1.1794,17601.9,36
2025-07-02 21:12:00,1.1795,1.1795,1.1794,1.1795,19429.3,53
2025-07-02 21:14:00,1.1795,1.1796,1.1794,1.1795,42666.2,81
2025-07-02 21:16:00,1.1795,1.1797,1.1795,1.1796,79892.3,142
2025-07-02 21:18:00,1.1796,1.1796,1.1795,1.1796,77176.7,95
2025-07-02 21:20:00,1.1795,1.1796,1.1795,1.1796,25308.7,55
2025-07-02 21:22:00,1.1796,1.1796,1.1795,1.1796,21504.1,49
2025-07-02 21:24:00,1.1795,1.1796,1.1795,1.1795,26459.5,47
2025-07-02 21:26:00,1.1796,1.1796,1.1795,1.1796,28701.6,77
2025-07-02 21:28:00,1.1795,1.1796,1.1795,1.1796,27475.4,47
2025-07-02 21:30:00,1.1796,1.1796,1.1795,1.1796,23296.0,55
2025-07-02 21:32:00,1.1796,1.1796,1.1795,1.1796,27025.3,77
2025-07-02 21:34:00,1.1796,1.1796,1.1793,1.1794,64103.299999999996,132
2025-07-02 21:36:00,1.1794,1.1794,1.1793,1.1794,23624.2,61
2025-07-02 21:38:00,1.1794,1.1794,1.1792,1.1793,47891.1,61
2025-07-02 21:40:00,1.1793,1.1793,1.1792,1.1793,36453.0,57
2025-07-02 21:42:00,1.1792,1.1793,1.1792,1.1792,39360.4,95
2025-07-02 21:44:00,1.1793,1.1794,1.1791,1.1793,25740.4,86
2025-07-02 21:46:00,1.1791,1.1792,1.1791,1.1791,10396.8,28
2025-07-02 21:48:00,1.1791,1.1792,1.1789,1.1791,10814.2,32
2025-07-02 21:50:00,1.179,1.1791,1.1789,1.1791,12084.199999999999,26
2025-07-02 21:52:00,1.1791,1.1791,1.1786,1.1789,23477.3,52
2025-07-02 21:54:00,1.1788,1.1789,1.1786,1.1788,31002.2,69
2025-07-02 21:56:00,1.1787,1.1796,1.1787,1.1795,185501.9,118
2025-07-02 21:58:00,1.1795,1.1795,1.1794,1.1795,16459.5,29
2025-07-02 22:00:00,1.1794,1.1797,1.1793,1.1796,40113.9,71
2025-07-02 22:02:00,1.1796,1.1797,1.1794,1.1794,46506.1,46
2025-07-02 22:04:00,1.1794,1.1797,1.1794,1.1797,16001.6,48
2025-07-02 22:06:00,1.1796,1.1797,1.1796,1.1797,11677.9,38
2025-07-02 22:08:00,1.1796,1.1797,1.1796,1.1797,4981.9,23
2025-07-02 22:10:00,1.1797,1.1797,1.1796,1.1796,4600.9,19
2025-07-02 22:12:00,1.1796,1.1797,1.1796,1.1796,6225.5,13
2025-07-02 22:14:00,1.1797,1.1798,1.1796,1.1796,30979.3,58
2025-07-02 22:16:00,1.1797,1.1797,1.1795,1.1795,10168.9,37
2025-07-02 22:18:00,1.1796,1.1797,1.1795,1.1796,19316.2,37
2025-07-02 22:20:00,1.1796,1.1797,1.1796,1.1796,9039.0,32
2025-07-02 22:22:00,1.1796,1.1797,1.1796,1.1797,10660.7,22
2025-07-02 22:24:00,1.1795,1.1796,1.1795,1.1795,9931.4,21
2025-07-02 22:26:00,1.1795,1.1796,1.1795,1.1796,11771.0,28
2025-07-02 22:28:00,1.1796,1.1798,1.1796,1.1796,43362.5,85
2025-07-02 22:30:00,1.1797,1.1797,1.1796,1.1797,9770.9,33
2025-07-02 22:32:00,1.1797,1.1798,1.1796,1.1797,33257.6,64
2025-07-02 22:34:00,1.1797,1.1798,1.1796,1.1797,34194.9,84
2025-07-02 22:36:00,1.1796,1.1797,1.1795,1.1797,11703.1,28
2025-07-02 22:38:00,1.1796,1.1797,1.1796,1.1796,8948.3,35
2025-07-02 22:40:00,1.1797,1.1798,1.1796,1.1797,28978.399999999998,53
2025-07-02 22:42:00,1.1798,1.1798,1.1797,1.1798,7546.1,21
2025-07-02 22:44:00,1.1798,1.1798,1.1797,1.1797,10691.3,26
2025-07-02 22:46:00,1.1798,1.1798,1.1797,1.1797,10595.9,40
2025-07-02 22:48:00,1.1798,1.1798,1.1796,1.1797,10217.199999999999,23
2025-07-02 22:50:00,1.1797,1.1798,1.1796,1.1797,38522.2,57
2025-07-02 22:52:00,1.1797,1.1797,1.1796,1.1797,23385.1,43
2025-07-02 22:54:00,1.1796,1.1796,1.1795,1.1796,4820.0,21
2025-07-02 22:56:00,1.1795,1.1796,1.1795,1.1796,8544.6,27
2025-07-02 22:58:00,1.1796,1.1796,1.1795,1.1795,4106.299999999999,13
2025-07-02 23:00:00,1.1795,1.1796,1.1795,1.1796,7438.5,31
2025-07-02 23:02:00,1.1796,1.1796,1.1795,1.1795,7468.0,23
2025-07-02 23:04:00,1.1796,1.1797,1.1796,1.1797,8050.5,30
2025-07-02 23:06:00,1.1797,1.1797,1.1796,1.1797,3647.2,21
2025-07-02 23:08:00,1.1796,1.1797,1.1796,1.1796,30911.5,42
2025-07-02 23:10:00,1.1797,1.1797,1.1796,1.1797,8627.8,21
2025-07-02 23:12:00,1.1797,1.1798,1.1796,1.1798,24326.7,46
2025-07-02 23:14:00,1.1798,1.1798,1.1797,1.1798,4010.7,28
2025-07-02 23:16:00,1.1798,1.1799,1.1798,1.1798,41675.7,78
2025-07-02 23:18:00,1.1799,1.1799,1.1797,1.1798,34307.3,39
2025-07-02 23:20:00,1.1798,1.1798,1.1797,1.1798,9232.2,25
2025-07-02 23:22:00,1.1798,1.1798,1.1797,1.1798,4872.4,24
2025-07-02 23:24:00,1.1798,1.1799,1.1797,1.1799,15046.8,34
2025-07-02 23:26:00,1.1799,1.1799,1.1798,1.1798,13437.8,39
2025-07-02 23:28:00,1.1799,1.1799,1.1798,1.1799,6429.3,24
2025-07-02 23:30:00,1.1798,1.1799,1.1798,1.1798,5510.5,40
2025-07-02 23:32:00,1.1799,1.1799,1.1798,1.1798,56958.799999999996,28
2025-07-02 23:34:00,1.1799,1.1799,1.1798,1.1798,5197.6,25
2025-07-02 23:36:00,1.1798,1.1799,1.1798,1.1798,3345.7,26
2025-07-02 23:38:00,1.1799,1.1799,1.1798,1.1799,32006.3,39
2025-07-02 23:40:00,1.1799,1.1799,1.1798,1.1799,5901.8,22
2025-07-02 23:42:00,1.1799,1.1799,1.1798,1.1798,15104.6,28
2025-07-02 23:44:00,1.1799,1.18,1.1797,1.1798,7558.099999999999,22
2025-07-02 23:46:00,1.1799,1.1801,1.1798,1.1799,54448.9,19
2025-07-02 23:48:00,1.1799,1.1799,1.1798,1.1798,12152.2,19
2025-07-02 23:50:00,1.1798,1.1798,1.1797,1.1798,16284.0,28
2025-07-02 23:52:00,1.1798,1.1799,1.1798,1.1799,3518.0,11
2025-07-02 23:54:00,1.1799,1.1799,1.1798,1.1799,5908.1,14
2025-07-02 23:56:00,1.1798,1.1799,1.1798,1.1799,2226.2999999999997,7
2025-07-02 23:58:00,1.1799,1.1799,1.1798,1.1799,5876.3,22
2025-07-03 00:00:00,1.1798,1.1801,1.1797,1.18,31013.2,65
2025-07-03 00:02:00,1.18,1.1802,1.18,1.1802,44223.7,76
2025-07-03 00:04:00,1.1801,1.1802,1.1801,1.1802,19315.2,28
2025-07-03 00:06:00,1.1802,1.1802,1.1799,1.18,13873.0,28
2025-07-03 00:08:00,1.1799,1.18,1.1798,1.1798,16033.9,12
2025-07-03 00:10:00,1.1798,1.1798,1.1797,1.1797,6685.8,13
2025-07-03 00:12:00,1.1798,1.18,1.1798,1.18,12165.1,27
2025-07-03 00:14:00,1.18,1.1801,1.1799,1.18,6061.5,20
2025-07-03 00:16:00,1.1801,1.1804,1.18,1.1803,13630.1,30
2025-07-03 00:18:00,1.1803,1.1803,1.1801,1.1802,22204.2,20
2025-07-03 00:20:00,1.1801,1.1803,1.1801,1.1802,24935.0,40
2025-07-03 00:22:00,1.1801,1.1802,1.1801,1.1801,9432.1,20
2025-07-03 00:24:00,1.1801,1.1801,1.1799,1.1799,14946.8,23
2025-07-03 00:26:00,1.1799,1.1799,1.1797,1.1798,33555.8,19
2025-07-03 00:28:00,1.1798,1.1799,1.1798,1.1798,6794.1,17
2025-07-03 00:30:00,1.1799,1.18,1.1798,1.1798,17315.5,148
2025-07-03 00:32:00,1.1799,1.1799,1.1798,1.1799,6861.1,26
2025-07-03 00:34:00,1.1799,1.1799,1.1797,1.1797,23467.4,26
2025-07-03 00:36:00,1.1798,1.18,1.1797,1.18,5458.0,16
2025-07-03 00:38:00,1.1799,1.18,1.1799,1.18,2063.5,12
2025-07-03 00:40:00,1.18,1.1801,1.18,1.1801,1481.2,7
2025-07-03 00:42:00,1.1801,1.1803,1.18,1.1802,18410.4,24
2025-07-03 00:44:00,1.1803,1.1804,1.1802,1.1804,10194.6,47
2025-07-03 00:46:00,1.1803,1.1804,1.1802,1.1803,7706.3,16
2025-07-03 00:48:00,1.1803,1.1804,1.1803,1.1804,12703.0,32
2025-07-03 00:50:00,1.1804,1.1805,1.1804,1.1804,13965.0,31
2025-07-03 00:52:00,1.1805,1.1806,1.1805,1.1805,6942.1,13
2025-07-03 00:54:00,1.1805,1.1806,1.1805,1.1805,3235.8,16
2025-07-03 00:56:00,1.1804,1.1805,1.1803,1.1803,84423.4,46
2025-07-03 00:58:00,1.1802,1.1803,1.1802,1.1802,2979.9,11
2025-07-03 01:00:00,1.1803,1.1805,1.1802,1.1805,27454.7,111
2025-07-03 01:02:00,1.1805,1.1805,1.1804,1.1805,2770.5,16
2025-07-03 01:04:00,1.1804,1.1804,1.1803,1.1803,21593.9,19
2025-07-03 01:06:00,1.1803,1.1803,1.1801,1.1803,22980.2,12
2025-07-03 01:08:00,1.1802,1.1802,1.1801,1.1801,2914.5,17
2025-07-03 01:10:00,1.1802,1.1804,1.1802,1.1804,11545.2,14
2025-07-03 01:12:00,1.1803,1.1804,1.1803,1.1804,2491.5,13
2025-07-03 01:14:00,1.1804,1.1805,1.1804,1.1805,4904.8,14
2025-07-03 01:16:00,1.1804,1.1806,1.1804,1.1806,26815.0,35
2025-07-03 01:18:00,1.1805,1.1806,1.1805,1.1805,4556.7,13
2025-07-03 01:20:00,1.1806,1.1806,1.1803,1.1803,15183.0,22
2025-07-03 01:22:00,1.1804,1.1805,1.1804,1.1804,3124.0,10
2025-07-03 01:24:00,1.1805,1.1805,1.1804,1.1805,8157.4,22
2025-07-03 01:26:00,1.1804,1.1804,1.1804,1.1804,4610.1,11
2025-07-03 01:28:00,1.1804,1.1805,1.1804,1.1805,2515.0,7
2025-07-03 01:30:00,1.1804,1.1804,1.1803,1.1804,4332.4,15
2025-07-03 01:32:00,1.1803,1.1803,1.1803,1.1803,4967.2,9
2025-07-03 01:34:00,1.1803,1.1803,1.1803,1.1803,1352.4,12
2025-07-03 01:36:00,1.1804,1.1804,1.1803,1.1803,3893.1,14
2025-07-03 01:38:00,1.1804,1.1804,1.1803,1.1803,4408.4,15
2025-07-03 01:40:00,1.1803,1.1804,1.1802,1.1802,5395.8,27
2025-07-03 01:42:00,1.1802,1.1803,1.1802,1.1802,4023.2,25
2025-07-03 01:44:00,1.1802,1.1803,1.1802,1.1802,4331.2,26
2025-07-03 01:46:00,1.1802,1.1803,1.1801,1.1803,3188.6,24
2025-07-03 01:48:00,1.1803,1.1803,1.1802,1.1803,3419.6,19
2025-07-03 01:50:00,1.1803,1.1803,1.18,1.1801,10193.8,25
2025-07-03 01:52:00,1.18,1.1801,1.18,1.18,5004.599999999999,17
2025-07-03 01:54:00,1.1801,1.1801,1.18,1.1801,2447.7,16
2025-07-03 01:56:00,1.1801,1.1801,1.1799,1.1799,6204.9,22
2025-07-03 01:58:00,1.18,1.18,1.1799,1.1799,13002.9,23
2025-07-03 02:00:00,1.18,1.18,1.1799,1.1799,20946.8,80
2025-07-03 02:02:00,1.18,1.18,1.1799,1.1799,4248.0,19
2025-07-03 02:04:00,1.18,1.18,1.1799,1.18,2745.1,17
2025-07-03 02:06:00,1.18,1.18,1.1799,1.1799,8105.099999999999,16
2025-07-03 02:08:00,1.1798,1.1798,1.1796,1.1796,7941.7,20
2025-07-03 02:10:00,1.1795,1.1795,1.1793,1.1793,1913.4,12
2025-07-03 02:12:00,1.1793,1.1794,1.1793,1.1794,958.4,11
2025-07-03 02:14:00,1.1793,1.1795,1.1793,1.1795,7578.9,14
2025-07-03 02:16:00,1.1795,1.1795,1.1794,1.1795,2957.7,12
2025-07-03 02:18:00,1.1795,1.1795,1.1792,1.1792,7288.599999999999,29
2025-07-03 02:20:00,1.1793,1.1793,1.1791,1.1791,22813.7,19
2025-07-03 02:22:00,1.1792,1.1792,1.179,1.1791,1933.2,16
2025-07-03 02:24:00,1.1791,1.1792,1.1791,1.1791,3859.9,16
2025-07-03 02:26:00,1.1791,1.1791,1.179,1.1791,7437.7,20
2025-07-03 02:28:00,1.1791,1.1791,1.179,1.179,8008.7,24
2025-07-03 02:30:00,1.1791,1.1792,1.179,1.1792,33842.4,145
2025-07-03 02:32:00,1.1792,1.1793,1.1792,1.1793,10666.4,26
2025-07-03 02:34:00,1.1794,1.1795,1.1793,1.1795,6101.700000000001,20
2025-07-03 02:36:00,1.1795,1.1796,1.1794,1.1795,9762.5,17
2025-07-03 02:38:00,1.1795,1.1796,1.1795,1.1795,1147.0,11
2025-07-03 02:40:00,1.1795,1.1795,1.1793,1.1794,25151.5,29
2025-07-03 02:42:00,1.1793,1.1795,1.1793,1.1795,1541.1000000000001,9
2025-07-03 02:44:00,1.1794,1.1796,1.1794,1.1795,5274.0,9
2025-07-03 02:46:00,1.1795,1.1796,1.1795,1.1796,3925.9,19
2025-07-03 02:48:00,1.1797,1.1797,1.1796,1.1797,7707.000000000001,21
2025-07-03 02:50:00,1.1797,1.1797,1.1797,1.1797,3891.7,14
2025-07-03 02:52:00,1.1797,1.1797,1.1797,1.1797,3489.5,13
2025-07-03 02:54:00,1.1797,1.1797,1.1796,1.1797,36890.4,110
2025-07-03 02:56:00,1.1797,1.1797,1.1795,1.1795,3727.2,14
2025-07-03 02:58:00,1.1796,1.1796,1.1795,1.1796,1152.4,12
2025-07-03 03:00:00,1.1796,1.1796,1.1795,1.1796,1921.7,11
2025-07-03 03:02:00,1.1796,1.1797,1.1795,1.1797,4598.3,15
2025-07-03 03:04:00,1.1796,1.1797,1.1795,1.1796,9588.6,22
2025-07-03 03:06:00,1.1795,1.1796,1.1794,1.1794,1158.1000000000001,19
2025-07-03 03:08:00,1.1794,1.1795,1.1793,1.1794,8320.900000000001,20
2025-07-03 03:10:00,1.1794,1.1796,1.1794,1.1795,5755.6,18
2025-07-03 03:12:00,1.1796,1.1796,1.1795,1.1795,1159.7,14
2025-07-03 03:14:00,1.1795,1.1796,1.1795,1.1795,2416.2999999999997,15
2025-07-03 03:16:00,1.1796,1.1796,1.1795,1.1795,1555.5,11
2025-07-03 03:18:00,1.1797,1.1797,1.1796,1.1796,8084.400000000001,14
2025-07-03 03:20:00,1.1796,1.1797,1.1795,1.1795,4096.3,15
2025-07-03 03:22:00,1.1795,1.1795,1.1794,1.1794,1039.9,6
2025-07-03 03:24:00,1.1795,1.1795,1.1794,1.1794,1502.7,14
2025-07-03 03:26:00,1.1795,1.1795,1.1793,1.1793,1520.6000000000001,10
2025-07-03 03:28:00,1.1794,1.1794,1.1794,1.1794,4576.1,5
2025-07-03 03:30:00,1.1794,1.1794,1.1793,1.1793,2665.6,11
2025-07-03 03:32:00,1.1793,1.1794,1.1793,1.1794,1544.7,12
2025-07-03 03:34:00,1.1793,1.1794,1.1793,1.1794,10535.9,12
2025-07-03 03:36:00,1.1794,1.1794,1.1792,1.1793,5556.4,15
2025-07-03 03:38:00,1.1793,1.1793,1.1792,1.1792,3122.5,13
2025-07-03 03:40:00,1.1792,1.1792,1.1791,1.1791,4840.4,22
2025-07-03 03:42:00,1.1791,1.1791,1.179,1.1791,5446.8,39
2025-07-03 03:44:00,1.1791,1.1792,1.1791,1.1792,10174.3,24
2025-07-03 03:46:00,1.1792,1.1793,1.1792,1.1793,3231.6,13
2025-07-03 03:48:00,1.1793,1.1793,1.1792,1.1792,2432.3999999999996,12
2025-07-03 03:50:00,1.179,1.179,1.1789,1.1789,7742.7,17
2025-07-03 03:52:00,1.1789,1.1789,1.1788,1.1788,14053.999999999998,8
2025-07-03 03:54:00,1.1788,1.1789,1.1788,1.1789,6615.8,8
2025-07-03 03:56:00,1.1789,1.179,1.1789,1.179,1967.3,9
2025-07-03 03:58:00,1.179,1.179,1.179,1.179,1316.0,6
2025-07-03 04:00:00,1.1789,1.179,1.1789,1.179,477.9,11
2025-07-03 04:02:00,1.1789,1.1789,1.1788,1.1788,7301.7,14
2025-07-03 04:04:00,1.1788,1.1789,1.1788,1.1789,1825.8999999999999,13
2025-07-03 04:06:00,1.1789,1.179,1.1788,1.179,17508.2,28
2025-07-03 04:08:00,1.179,1.179,1.179,1.179,1504.3,12
2025-07-03 04:10:00,1.179,1.179,1.1789,1.179,3705.2,16
2025-07-03 04:12:00,1.179,1.179,1.179,1.179,458.5,5
2025-07-03 04:14:00,1.179,1.179,1.1789,1.1789,31084.899999999998,46
2025-07-03 04:16:00,1.1789,1.1789,1.1788,1.1789,453.7,5
2025-07-03 04:18:00,1.1789,1.179,1.1788,1.179,8584.5,23
2025-07-03 04:20:00,1.179,1.179,1.1789,1.179,642.2,6
2025-07-03 04:22:00,1.179,1.179,1.179,1.179,514.3,12
2025-07-03 04:24:00,1.179,1.179,1.1789,1.179,11058.9,7
2025-07-03 04:26:00,1.179,1.179,1.179,1.179,1227.4,11
2025-07-03 04:28:00,1.179,1.179,1.1788,1.1788,16170.1,11
2025-07-03 04:30:00,1.1788,1.1789,1.1788,1.1789,1867.9,11
2025-07-03 04:32:00,1.1788,1.1789,1.1788,1.1789,3258.6,11
2025-07-03 04:34:00,1.1789,1.1789,1.1789,1.1789,696.6,8
2025-07-03 04:36:00,1.1788,1.1789,1.1788,1.1789,6298.0,17
2025-07-03 04:38:00,1.1789,1.1789,1.1789,1.1789,1097.8,6
2025-07-03 04:40:00,1.1789,1.1789,1.1789,1.1789,4068.9,12
2025-07-03 04:42:00,1.1789,1.1789,1.1788,1.1788,4051.2000000000003,17
2025-07-03 04:44:00,1.1788,1.1788,1.1788,1.1788,1546.0,11
2025-07-03 04:46:00,1.1788,1.1789,1.1787,1.1789,4153.4,14
2025-07-03 04:48:00,1.1789,1.1789,1.1788,1.1788,2571.2,11
2025-07-03 04:50:00,1.1789,1.1789,1.1788,1.1789,768.3,6
2025-07-03 04:52:00,1.1788,1.1788,1.1787,1.1787,2444.2000000000003,17
2025-07-03 04:54:00,1.1786,1.1787,1.1786,1.1787,2148.4,18
2025-07-03 04:56:00,1.1787,1.1788,1.1787,1.1788,15776.3,27
2025-07-03 04:58:00,1.1788,1.1789,1.1787,1.1788,16729.6,45
2025-07-03 05:00:00,1.1788,1.1789,1.1788,1.1789,2565.8,12
2025-07-03 05:02:00,1.1789,1.1789,1.1787,1.1788,4184.599999999999,13
2025-07-03 05:04:00,1.1787,1.1788,1.1787,1.1788,955.2,6
2025-07-03 05:06:00,1.1788,1.1789,1.1787,1.1789,5424.400000000001,12
2025-07-03 05:08:00,1.1789,1.1789,1.1788,1.1789,31754.8,87
2025-07-03 05:10:00,1.1788,1.1789,1.1787,1.1788,9846.2,38
2025-07-03 05:12:00,1.1787,1.1787,1.1786,1.1786,4738.2,30
2025-07-03 05:14:00,1.1786,1.1786,1.1786,1.1786,2288.3,14
2025-07-03 05:16:00,1.1786,1.1787,1.1786,1.1786,7232.700000000001,11
2025-07-03 05:18:00,1.1786,1.1787,1.1786,1.1786,4267.3,15
2025-07-03 05:20:00,1.1786,1.1786,1.1785,1.1785,14799.1,39
2025-07-03 05:22:00,1.1785,1.1786,1.1785,1.1785,7406.4,32
2025-07-03 05:24:00,1.1785,1.1786,1.1785,1.1785,8171.000000000001,19
2025-07-03 05:26:00,1.1785,1.1786,1.1785,1.1785,5717.599999999999,18
2025-07-03 05:28:00,1.1785,1.1786,1.1785,1.1785,8905.1,23
2025-07-03 05:30:00,1.1785,1.1786,1.1785,1.1785,7768.7,39
2025-07-03 05:32:00,1.1785,1.1786,1.1784,1.1785,23642.8,77
2025-07-03 05:34:00,1.1785,1.1786,1.1785,1.1785,18717.4,55
2025-07-03 05:36:00,1.1786,1.1786,1.1784,1.1784,4325.8,14
2025-07-03 05:38:00,1.1784,1.1786,1.1784,1.1786,13620.7,42
2025-07-03 05:40:00,1.1785,1.1786,1.1785,1.1786,17234.8,35
2025-07-03 05:42:00,1.1785,1.1787,1.1785,1.1786,61373.3,86
2025-07-03 05:44:00,1.1786,1.1787,1.1786,1.1786,12900.9,30
2025-07-03 05:46:00,1.1786,1.1788,1.1786,1.1787,24025.5,35
2025-07-03 05:48:00,1.1787,1.1789,1.1787,1.1789,17255.1,47
2025-07-03 05:50:00,1.1788,1.1792,1.1788,1.1791,65088.5,49
2025-07-03 05:52:00,1.179,1.179,1.1789,1.179,4389.6,18
2025-07-03 05:54:00,1.1789,1.179,1.1789,1.179,18682.8,23
2025-07-03 05:56:00,1.1789,1.179,1.1789,1.1789,7964.8,19
2025-07-03 05:58:00,1.1789,1.1791,1.1789,1.1791,42433.0,64
2025-07-03 06:00:00,1.179,1.1792,1.179,1.1791,34290.6,58
2025-07-03 06:02:00,1.1791,1.1793,1.1791,1.1793,54559.3,74
2025-07-03 06:04:00,1.1792,1.1794,1.1792,1.1793,25414.8,42
2025-07-03 06:06:00,1.1793,1.1794,1.1793,1.1794,30573.100000000002,43
2025-07-03 06:08:00,1.1795,1.1796,1.1794,1.1796,17359.5,31
2025-07-03 06:10:00,1.1795,1.1796,1.1793,1.1794,17728.3,38
2025-07-03 06:12:00,1.1793,1.1794,1.1792,1.1794,39797.3,34
2025-07-03 06:14:00,1.1794,1.1794,1.1791,1.1791,22341.0,40
2025-07-03 06:16:00,1.1793,1.1793,1.1791,1.1791,10569.2,34
2025-07-03 06:18:00,1.1791,1.1792,1.179,1.1791,37376.8,80
2025-07-03 06:20:00,1.1792,1.1794,1.1791,1.1794,83048.3,41
2025-07-03 06:22:00,1.1793,1.1794,1.179,1.1791,53894.9,39
2025-07-03 06:24:00,1.1791,1.1791,1.1788,1.1789,28893.5,54
2025-07-03 06:26:00,1.1789,1.1792,1.1789,1.1792,21948.0,26
2025-07-03 06:28:00,1.1793,1.1793,1.1791,1.1792,30947.3,47
2025-07-03 06:30:00,1.1793,1.1793,1.179,1.1792,26554.7,36
2025-07-03 06:32:00,1.1792,1.1792,1.1787,1.1788,31325.6,37
2025-07-03 06:34:00,1.1788,1.1791,1.1787,1.1791,21072.4,42
2025-07-03 06:36:00,1.179,1.1792,1.179,1.1792,27341.0,49
2025-07-03 06:38:00,1.1791,1.1793,1.1791,1.1792,9522.8,33
2025-07-03 06:40:00,1.1791,1.1792,1.179,1.179,18175.5,43
2025-07-03 06:42:00,1.179,1.1793,1.179,1.1793,10434.6,37
2025-07-03 06:44:00,1.1792,1.1793,1.1791,1.1792,15478.6,29
2025-07-03 06:46:00,1.1792,1.1793,1.1791,1.1792,51471.7,71
2025-07-03 06:48:00,1.1791,1.1793,1.1791,1.1792,10700.8,48
2025-07-03 06:50:00,1.1792,1.1794,1.1792,1.1794,22872.9,33
2025-07-03 06:52:00,1.1793,1.1794,1.1793,1.1794,8439.1,30
2025-07-03 06:54:00,1.1793,1.1796,1.1793,1.1795,20807.5,43
2025-07-03 06:56:00,1.1795,1.1797,1.1794,1.1796,44592.6,78
2025-07-03 06:58:00,1.1796,1.1798,1.1796,1.1798,8733.0,31
2025-07-03 07:00:00,1.1798,1.1798,1.1796,1.1796,20565.0,40
2025-07-03 07:02:00,1.1796,1.1796,1.1793,1.1795,21815.9,52
2025-07-03 07:04:00,1.1795,1.1796,1.1792,1.1792,24208.0,54
2025-07-03 07:06:00,1.1792,1.1792,1.1789,1.179,15578.0,44
2025-07-03 07:08:00,1.179,1.1794,1.179,1.1792,15993.4,41
2025-07-03 07:10:00,1.1792,1.1795,1.1791,1.1794,22444.8,75
2025-07-03 07:12:00,1.1794,1.1795,1.1794,1.1794,12632.9,40
2025-07-03 07:14:00,1.1794,1.1795,1.1793,1.1794,20618.3,37
2025-07-03 07:16:00,1.1793,1.1795,1.1793,1.1794,20089.0,27
2025-07-03 07:18:00,1.1795,1.1795,1.1793,1.1794,15046.9,24
2025-07-03 07:20:00,1.1795,1.1796,1.1794,1.1796,18157.2,38
2025-07-03 07:22:00,1.1795,1.1799,1.1795,1.1799,19276.7,44
2025-07-03 07:24:00,1.1799,1.18,1.1798,1.18,11451.4,36
2025-07-03 07:26:00,1.18,1.1801,1.1799,1.1801,10066.6,31
2025-07-03 07:28:00,1.1801,1.1804,1.1801,1.1804,28950.6,51
2025-07-03 07:30:00,1.1803,1.1805,1.1803,1.1804,8670.199999999999,47
2025-07-03 07:32:00,1.1804,1.1804,1.1802,1.1803,14816.7,187
2025-07-03 07:34:00,1.1804,1.1806,1.1803,1.1805,17147.6,52
2025-07-03 07:36:00,1.1805,1.1806,1.1804,1.1804,10490.5,39
2025-07-03 07:38:00,1.1804,1.1805,1.1801,1.1801,18449.1,54
2025-07-03 07:40:00,1.1801,1.1803,1.1801,1.1802,18334.2,48
2025-07-03 07:42:00,1.1801,1.1805,1.1801,1.1805,30149.7,308
2025-07-03 07:44:00,1.1805,1.1805,1.1801,1.1802,21568.1,54
2025-07-03 07:46:00,1.1801,1.1803,1.18,1.18,29784.0,45
2025-07-03 07:48:00,1.1801,1.1801,1.1797,1.1798,21010.7,44
2025-07-03 07:50:00,1.1798,1.1801,1.1797,1.1801,43171.0,66
2025-07-03 07:52:00,1.1802,1.1802,1.1799,1.1799,27218.8,44
2025-07-03 07:54:00,1.1799,1.18,1.1799,1.18,33319.700000000004,47
2025-07-03 07:56:00,1.1799,1.1799,1.1797,1.1799,29006.8,35
2025-07-03 07:58:00,1.1798,1.1799,1.1798,1.1798,9845.4,29
2025-07-03 08:00:00,1.1798,1.1799,1.1797,1.1798,37138.7,48
2025-07-03 08:02:00,1.1799,1.1799,1.1797,1.1798,26292.6,97
2025-07-03 08:04:00,1.1799,1.1801,1.1798,1.1801,9582.9,32
2025-07-03 08:06:00,1.1801,1.1803,1.1801,1.1802,34275.799999999996,59
2025-07-03 08:08:00,1.1803,1.1803,1.1801,1.1801,36043.0,41
2025-07-03 08:10:00,1.1801,1.1802,1.1801,1.1802,26751.5,35
2025-07-03 08:12:00,1.1802,1.1803,1.1801,1.1803,12109.6,26
2025-07-03 08:14:00,1.1801,1.1802,1.1799,1.18,21122.0,47
2025-07-03 08:16:00,1.1799,1.18,1.1798,1.18,16895.3,46
2025-07-03 08:18:00,1.18,1.1801,1.1799,1.1801,15527.300000000001,36
2025-07-03 08:20:00,1.18,1.1801,1.1798,1.1798,14935.5,52
2025-07-03 08:22:00,1.1799,1.1799,1.1796,1.1797,22612.600000000002,47
2025-07-03 08:24:00,1.1796,1.1796,1.1793,1.1793,17332.7,54
2025-07-03 08:26:00,1.1794,1.1794,1.1792,1.1794,35855.799999999996,63
2025-07-03 08:28:00,1.1794,1.1794,1.1792,1.1793,6198.7,34
2025-07-03 08:30:00,1.1793,1.1796,1.1793,1.1795,39565.2,117
2025-07-03 08:32:00,1.1796,1.1796,1.1795,1.1796,18601.8,56
2025-07-03 08:34:00,1.1797,1.1797,1.1794,1.1794,32442.4,60
2025-07-03 08:36:00,1.1795,1.1795,1.1792,1.1793,23545.9,74
2025-07-03 08:38:00,1.1793,1.1793,1.1791,1.1792,12735.1,36
2025-07-03 08:40:00,1.1792,1.1793,1.1792,1.1793,15857.5,26
2025-07-03 08:42:00,1.1793,1.1794,1.1792,1.1794,29273.3,53
2025-07-03 08:44:00,1.1794,1.1794,1.1792,1.1794,27663.1,61
2025-07-03 08:46:00,1.1794,1.1795,1.1793,1.1795,19647.6,49
2025-07-03 08:48:00,1.1794,1.1795,1.1794,1.1794,6821.4,30
2025-07-03 08:50:00,1.1794,1.1795,1.1793,1.1794,20289.4,56
2025-07-03 08:52:00,1.1794,1.1796,1.1793,1.1794,66851.59999999999,63
2025-07-03 08:54:00,1.1794,1.1796,1.1794,1.1796,12330.5,49
2025-07-03 08:56:00,1.1795,1.1796,1.1794,1.1795,23953.5,38
2025-07-03 08:58:00,1.1794,1.1795,1.1792,1.1793,53344.9,45
2025-07-03 09:00:00,1.1792,1.1793,1.1791,1.1791,31749.399999999998,63
2025-07-03 09:02:00,1.1791,1.1792,1.1788,1.1789,42405.7,77
2025-07-03 09:04:00,1.1788,1.1789,1.1787,1.1789,16652.5,49
2025-07-03 09:06:00,1.179,1.179,1.1788,1.1788,24322.7,39
2025-07-03 09:08:00,1.1788,1.1789,1.1788,1.1789,8811.5,36
2025-07-03 09:10:00,1.1788,1.1789,1.1787,1.1788,32447.1,39
2025-07-03 09:12:00,1.1788,1.1789,1.1787,1.1789,63980.9,67
2025-07-03 09:14:00,1.1788,1.1789,1.1786,1.1786,27596.6,51
2025-07-03 09:16:00,1.1786,1.1788,1.1786,1.1787,24658.1,61
2025-07-03 09:18:00,1.1787,1.1789,1.1787,1.1787,44150.4,63
2025-07-03 09:20:00,1.1788,1.1789,1.1788,1.1788,20249.4,34
2025-07-03 09:22:00,1.1788,1.1789,1.1785,1.1786,124481.0,345
2025-07-03 09:24:00,1.1786,1.1787,1.1785,1.1785,144741.9,442
2025-07-03 09:26:00,1.1785,1.1788,1.1785,1.1787,65886.0,274
2025-07-03 09:28:00,1.1788,1.1788,1.1786,1.1786,173256.8,871
2025-07-03 09:30:00,1.1786,1.1788,1.1786,1.1787,92352.5,337
2025-07-03 09:32:00,1.1787,1.1788,1.1785,1.1787,173132.6,693
2025-07-03 09:34:00,1.1787,1.1788,1.1786,1.1786,209768.1,900
2025-07-03 09:36:00,1.1786,1.1788,1.1786,1.1787,116133.0,92
2025-07-03 09:38:00,1.1788,1.1788,1.1786,1.1787,285968.2,1245
2025-07-03 09:40:00,1.1786,1.1788,1.1786,1.1788,120622.8,123
2025-07-03 09:42:00,1.1787,1.179,1.1787,1.179,163876.7,164
2025-07-03 09:44:00,1.179,1.1791,1.1788,1.1789,71468.7,129
2025-07-03 09:46:00,1.1788,1.1789,1.1788,1.1789,74696.6,107
2025-07-03 09:48:00,1.1788,1.1789,1.1787,1.1787,124830.3,228
2025-07-03 09:50:00,1.1787,1.1788,1.1787,1.1787,29284.399999999998,52
2025-07-03 09:52:00,1.1788,1.1788,1.1785,1.1787,34949.0,59
2025-07-03 09:54:00,1.1788,1.1788,1.1787,1.1787,15834.4,36
2025-07-03 09:56:00,1.1787,1.1789,1.1786,1.1787,163791.0,364
2025-07-03 09:58:00,1.1786,1.1787,1.1786,1.1787,16693.100000000002,38
2025-07-03 10:00:00,1.1787,1.1787,1.1785,1.1785,102753.40000000001,105
2025-07-03 10:02:00,1.1786,1.1786,1.1785,1.1786,24439.9,47
2025-07-03 10:04:00,1.1785,1.1786,1.1785,1.1785,19449.3,68
2025-07-03 10:06:00,1.1785,1.1786,1.1785,1.1786,16572.9,31
2025-07-03 10:08:00,1.1785,1.1789,1.1785,1.1787,51983.1,65
2025-07-03 10:10:00,1.1787,1.1787,1.1783,1.1784,27266.9,70
2025-07-03 10:12:00,1.1783,1.1784,1.1782,1.1784,18349.1,58
2025-07-03 10:14:00,1.1784,1.1784,1.1783,1.1784,18621.0,38
2025-07-03 10:16:00,1.1785,1.1787,1.1784,1.1786,23352.3,48
2025-07-03 10:18:00,1.1786,1.1788,1.1786,1.1787,49531.4,131
2025-07-03 10:20:00,1.1787,1.1791,1.1787,1.179,156836.2,98
2025-07-03 10:22:00,1.1789,1.179,1.1789,1.1789,18637.6,29
2025-07-03 10:24:00,1.1789,1.1791,1.1789,1.1789,29645.5,68
2025-07-03 10:26:00,1.179,1.179,1.1789,1.179,16183.4,40
2025-07-03 10:28:00,1.1791,1.1793,1.179,1.1792,17259.6,74
2025-07-03 10:30:00,1.1792,1.1792,1.1791,1.1791,26561.6,78
2025-07-03 10:32:00,1.1792,1.1793,1.1791,1.1792,22442.9,58
2025-07-03 10:34:00,1.1793,1.1793,1.1792,1.1792,49561.7,50
2025-07-03 10:36:00,1.1792,1.1793,1.1792,1.1793,17607.3,31
2025-07-03 10:38:00,1.1793,1.1795,1.1792,1.1792,10970.6,53
2025-07-03 10:40:00,1.1792,1.1792,1.1792,1.1792,15654.0,26
2025-07-03 10:42:00,1.1792,1.1793,1.1792,1.1792,9998.6,22
2025-07-03 10:44:00,1.1792,1.1792,1.1792,1.1792,8001.1,19
2025-07-03 10:46:00,1.1793,1.1794,1.1793,1.1793,9555.8,31
2025-07-03 10:48:00,1.1794,1.1794,1.1792,1.1792,11212.1,42
2025-07-03 10:50:00,1.1792,1.1793,1.1791,1.1793,14798.0,37
2025-07-03 10:52:00,1.1792,1.1793,1.179,1.179,12364.4,39
2025-07-03 10:54:00,1.179,1.1791,1.1789,1.179,39190.0,47
2025-07-03 10:56:00,1.179,1.179,1.1788,1.1789,11468.5,43
2025-07-03 10:58:00,1.1788,1.1789,1.1787,1.1788,43618.8,83
2025-07-03 11:00:00,1.1787,1.1788,1.1786,1.1788,18462.6,61
2025-07-03 11:02:00,1.1788,1.1788,1.1787,1.1787,8458.9,37
2025-07-03 11:04:00,1.1787,1.1789,1.1787,1.1787,28753.1,31
2025-07-03 11:06:00,1.1788,1.1789,1.1788,1.1788,28640.0,43
2025-07-03 11:08:00,1.1788,1.1789,1.1786,1.1787,27526.8,59
2025-07-03 11:10:00,1.1786,1.1788,1.1786,1.1787,35997.0,51
2025-07-03 11:12:00,1.1786,1.1787,1.1785,1.1785,32024.4,58
2025-07-03 11:14:00,1.1786,1.1786,1.1785,1.1785,4556.6,27
2025-07-03 11:16:00,1.1785,1.1786,1.1784,1.1784,32258.7,70
2025-07-03 11:18:00,1.1784,1.1785,1.1784,1.1785,23469.0,91
2025-07-03 11:20:00,1.1785,1.1786,1.1785,1.1785,29350.399999999998,55
2025-07-03 11:22:00,1.1786,1.1787,1.1785,1.1786,92227.7,42
2025-07-03 11:24:00,1.1787,1.1787,1.1784,1.1785,50600.2,41
2025-07-03 11:26:00,1.1785,1.1787,1.1785,1.1787,61616.9,41
2025-07-03 11:28:00,1.1787,1.1787,1.1783,1.1783,656342.1,806
2025-07-03 11:30:00,1.1784,1.1784,1.1783,1.1784,32697.2,57
2025-07-03 11:32:00,1.1783,1.1784,1.1782,1.1783,74494.1,116
2025-07-03 11:34:00,1.1783,1.1784,1.1782,1.1784,54810.9,133
2025-07-03 11:36:00,1.1784,1.1785,1.1783,1.1785,13876.4,24
2025-07-03 11:38:00,1.1785,1.1785,1.1785,1.1785,12464.0,17
2025-07-03 11:40:00,1.1785,1.1786,1.1785,1.1786,19379.0,27
2025-07-03 11:42:00,1.1785,1.1787,1.1785,1.1787,23603.2,49
2025-07-03 11:44:00,1.1785,1.1786,1.1784,1.1785,16949.7,33
2025-07-03 11:46:00,1.1785,1.1785,1.1782,1.1782,24484.3,58
2025-07-03 11:48:00,1.1782,1.1784,1.1782,1.1784,56720.4,52
2025-07-03 11:50:00,1.1784,1.1784,1.1782,1.1782,16299.1,42
2025-07-03 11:52:00,1.1782,1.1783,1.1781,1.1783,11762.9,37
2025-07-03 11:54:00,1.1782,1.1782,1.178,1.178,33792.9,93
2025-07-03 11:56:00,1.178,1.1781,1.1777,1.1777,12956.7,39
2025-07-03 11:58:00,1.1777,1.1778,1.1776,1.1777,138539.5,59
2025-07-03 12:00:00,1.1778,1.178,1.1777,1.178,36564.200000000004,60
2025-07-03 12:02:00,1.1779,1.178,1.1778,1.1778,20673.4,44
2025-07-03 12:04:00,1.1779,1.1779,1.1776,1.1776,39698.8,86
2025-07-03 12:06:00,1.1777,1.1778,1.1776,1.1778,18695.7,43
2025-07-03 12:08:00,1.1778,1.1778,1.1775,1.1775,18722.0,37
2025-07-03 12:10:00,1.1776,1.1776,1.1774,1.1776,52057.799999999996,43
2025-07-03 12:12:00,1.1776,1.1777,1.1775,1.1776,21632.5,47
2025-07-03 12:14:00,1.1776,1.1777,1.1775,1.1776,18705.9,28
2025-07-03 12:16:00,1.1775,1.1778,1.1775,1.1778,11841.4,34
2025-07-03 12:18:00,1.1777,1.178,1.1777,1.1779,29179.1,42
2025-07-03 12:20:00,1.1779,1.178,1.1778,1.1778,42229.5,65
2025-07-03 12:22:00,1.1778,1.1779,1.1778,1.1779,11661.4,27
2025-07-03 12:24:00,1.1778,1.1781,1.1778,1.178,23676.8,49
2025-07-03 12:26:00,1.178,1.1781,1.1779,1.178,74353.4,145
2025-07-03 12:28:00,1.178,1.1781,1.1779,1.1779,88131.0,84
2025-07-03 12:30:00,1.178,1.178,1.1721,1.1726,1701757.3,1584
2025-07-03 12:32:00,1.1725,1.1728,1.1714,1.1724,1002327.5,1344
2025-07-03 12:34:00,1.1723,1.173,1.1716,1.1729,373229.8,365
2025-07-03 12:36:00,1.1729,1.1737,1.1729,1.1733,231550.0,295
2025-07-03 12:38:00,1.1733,1.1738,1.1727,1.1736,341426.3,326
2025-07-03 12:40:00,1.1737,1.1745,1.1737,1.1739,141249.9,193
2025-07-03 12:42:00,1.1738,1.1738,1.1726,1.1729,120545.8,123
2025-07-03 12:44:00,1.1729,1.1731,1.1722,1.1724,190714.1,146
2025-07-03 12:46:00,1.1724,1.1729,1.1723,1.1726,256520.8,228
2025-07-03 12:48:00,1.1727,1.1727,1.172,1.1721,73966.0,105
2025-07-03 12:50:00,1.172,1.1724,1.1716,1.1724,174541.8,190
2025-07-03 12:52:00,1.1724,1.1728,1.1724,1.1724,70916.1,72
2025-07-03 12:54:00,1.1724,1.1726,1.1717,1.1726,203130.2,243
2025-07-03 12:56:00,1.1725,1.1732,1.1724,1.1732,87313.40000000001,83
2025-07-03 12:58:00,1.1732,1.1735,1.1731,1.1733,28626.8,57
2025-07-03 13:00:00,1.1733,1.1735,1.1729,1.1733,226864.9,539
2025-07-03 13:02:00,1.1734,1.1743,1.1734,1.1741,90394.7,148
2025-07-03 13:04:00,1.1741,1.1742,1.1735,1.1736,80992.1,130
2025-07-03 13:06:00,1.1736,1.1739,1.1734,1.1739,30129.0,93
2025-07-03 13:08:00,1.1738,1.1741,1.1737,1.1737,41837.6,68
2025-07-03 13:10:00,1.1738,1.1742,1.1738,1.1741,16015.1,41
2025-07-03 13:12:00,1.1741,1.1742,1.1737,1.1742,71737.3,111
2025-07-03 13:14:00,1.1742,1.1748,1.1742,1.1748,57552.0,77
2025-07-03 13:16:00,1.1748,1.1752,1.1748,1.1751,103228.0,503
2025-07-03 13:18:00,1.1751,1.1755,1.1747,1.1747,128114.8,395
2025-07-03 13:20:00,1.1748,1.1749,1.1744,1.1744,92614.7,158
2025-07-03 13:22:00,1.1744,1.1752,1.1744,1.175,47931.3,87
2025-07-03 13:24:00,1.1749,1.1756,1.1749,1.1754,27854.6,76
2025-07-03 13:26:00,1.1753,1.1753,1.175,1.1751,72732.8,91
2025-07-03 13:28:00,1.175,1.1755,1.1749,1.1754,24834.9,64
2025-07-03 13:30:00,1.1756,1.1759,1.1756,1.1756,37183.5,77
2025-07-03 13:32:00,1.1756,1.1758,1.1756,1.1757,39011.0,76
2025-07-03 13:34:00,1.1756,1.1756,1.1752,1.1752,36808.4,60
2025-07-03 13:36:00,1.1753,1.1756,1.175,1.1756,75335.8,198
2025-07-03 13:38:00,1.1756,1.1759,1.1755,1.1759,159623.3,163
2025-07-03 13:40:00,1.1758,1.1764,1.1758,1.1761,138550.4,203
2025-07-03 13:42:00,1.1761,1.1765,1.1761,1.1763,46565.5,53
2025-07-03 13:44:00,1.1763,1.1766,1.1763,1.1764,64111.5,52
2025-07-03 13:46:00,1.1763,1.1763,1.176,1.1761,89860.2,104
2025-07-03 13:48:00,1.1761,1.1765,1.1761,1.1762,124214.2,113
2025-07-03 13:50:00,1.1762,1.1765,1.1761,1.1764,276567.7,228
2025-07-03 13:52:00,1.1765,1.1767,1.1763,1.1766,324056.5,180
2025-07-03 13:54:00,1.1766,1.1771,1.1765,1.177,134757.6,120
2025-07-03 13:56:00,1.1769,1.1771,1.1769,1.1769,68181.2,85
2025-07-03 13:58:00,1.1769,1.1769,1.1766,1.1766,85023.5,107
2025-07-03 14:00:00,1.1767,1.1778,1.1766,1.1774,204336.4,364
2025-07-03 14:02:00,1.1773,1.1775,1.1764,1.1764,120778.2,191
2025-07-03 14:04:00,1.1764,1.1766,1.1761,1.1763,191077.69999999998,157
2025-07-03 14:06:00,1.1763,1.1767,1.1763,1.1764,122652.3,121
2025-07-03 14:08:00,1.1765,1.1767,1.1762,1.1762,86435.9,132
2025-07-03 14:10:00,1.1763,1.1763,1.1759,1.1762,112255.59999999999,135
2025-07-03 14:12:00,1.1762,1.1763,1.1754,1.1754,55060.3,114
2025-07-03 14:14:00,1.1755,1.1757,1.1753,1.1754,79872.5,83
2025-07-03 14:16:00,1.1753,1.1753,1.175,1.1751,56343.200000000004,147
2025-07-03 14:18:00,1.1751,1.1751,1.1748,1.1749,64612.8,158
2025-07-03 14:20:00,1.175,1.175,1.1747,1.1748,65759.5,73
2025-07-03 14:22:00,1.1748,1.1749,1.1746,1.1747,89669.7,221
2025-07-03 14:24:00,1.1748,1.1749,1.1745,1.1748,62702.6,62
2025-07-03 14:26:00,1.1748,1.1753,1.1748,1.1753,89145.0,102
2025-07-03 14:28:00,1.1753,1.1756,1.175,1.1751,85812.8,101
2025-07-03 14:30:00,1.1752,1.1752,1.1748,1.1749,119253.7,190
2025-07-03 14:32:00,1.1749,1.175,1.1745,1.1747,80486.1,106
2025-07-03 14:34:00,1.1746,1.1752,1.1746,1.1751,51369.8,79
2025-07-03 14:36:00,1.1752,1.1752,1.1748,1.1752,52594.2,69
2025-07-03 14:38:00,1.1751,1.1757,1.1751,1.1753,48572.3,111
2025-07-03 14:40:00,1.1753,1.1753,1.1745,1.1745,64243.3,162
2025-07-03 14:42:00,1.1746,1.1748,1.1746,1.1747,62155.1,85
2025-07-03 14:44:00,1.1747,1.1749,1.1745,1.1749,65702.6,45
2025-07-03 14:46:00,1.1748,1.1749,1.1744,1.1748,59838.0,101
2025-07-03 14:48:00,1.1747,1.1748,1.1746,1.1747,33296.3,83
2025-07-03 14:50:00,1.1748,1.1748,1.1746,1.1747,23935.899999999998,50
2025-07-03 14:52:00,1.1747,1.1748,1.1743,1.1745,72896.2,118
2025-07-03 14:54:00,1.1745,1.1748,1.1744,1.1747,83249.9,118
2025-07-03 14:56:00,1.1748,1.1748,1.1742,1.1742,34620.0,72
2025-07-03 14:58:00,1.1743,1.1745,1.1742,1.1743,18512.3,36
2025-07-03 15:00:00,1.1744,1.1744,1.1741,1.1743,44838.1,135
2025-07-03 15:02:00,1.1742,1.1742,1.1739,1.1741,27997.0,52
2025-07-03 15:04:00,1.174,1.1743,1.174,1.1741,36246.700000000004,73
2025-07-03 15:06:00,1.1742,1.1745,1.174,1.1744,84077.5,139
2025-07-03 15:08:00,1.1744,1.1745,1.1741,1.1742,89045.4,110
2025-07-03 15:10:00,1.1742,1.1746,1.1742,1.1745,22690.3,73
2025-07-03 15:12:00,1.1745,1.175,1.1745,1.175,15990.9,41
2025-07-03 15:14:00,1.1749,1.175,1.1749,1.1749,22258.5,62
2025-07-03 15:16:00,1.1749,1.175,1.1746,1.1747,42125.9,77
2025-07-03 15:18:00,1.1747,1.1748,1.1746,1.1748,66239.40000000001,87
2025-07-03 15:20:00,1.1748,1.1751,1.1747,1.1751,34906.6,88
2025-07-03 15:22:00,1.175,1.1754,1.175,1.1752,21111.7,85
2025-07-03 15:24:00,1.1752,1.1753,1.1751,1.1752,22934.0,49
2025-07-03 15:26:00,1.1753,1.1754,1.1752,1.1753,13110.7,39
2025-07-03 15:28:00,1.1754,1.1755,1.1753,1.1754,37708.7,36
2025-07-03 15:30:00,1.1754,1.1756,1.1754,1.1756,50702.9,126
2025-07-03 15:32:00,1.1756,1.1756,1.1753,1.1753,112184.6,135
2025-07-03 15:34:00,1.1753,1.1755,1.1752,1.1752,161815.2,263
2025-07-03 15:36:00,1.1752,1.1756,1.1752,1.1755,29119.1,86
2025-07-03 15:38:00,1.1756,1.1756,1.1752,1.1752,38718.5,62
2025-07-03 15:40:00,1.1753,1.1755,1.1751,1.1752,56658.7,60
2025-07-03 15:42:00,1.1752,1.1754,1.1751,1.1751,32198.6,69
2025-07-03 15:44:00,1.1752,1.1754,1.1751,1.1752,35856.6,44
2025-07-03 15:46:00,1.1753,1.1756,1.1751,1.1755,26088.899999999998,58
2025-07-03 15:48:00,1.1756,1.1756,1.1754,1.1755,29641.399999999998,42
2025-07-03 15:50:00,1.1754,1.1754,1.175,1.1751,15482.6,47
2025-07-03 15:52:00,1.1751,1.1752,1.175,1.175,7370.7,40
2025-07-03 15:54:00,1.175,1.1751,1.1749,1.1749,30543.2,57
2025-07-03 15:56:00,1.1749,1.1751,1.1749,1.175,16975.2,33
2025-07-03 15:58:00,1.175,1.1751,1.1748,1.1749,60557.2,71
2025-07-03 16:00:00,1.1749,1.1751,1.1748,1.1749,40983.3,75
2025-07-03 16:02:00,1.1748,1.175,1.1746,1.1747,59753.6,60
2025-07-03 16:04:00,1.1746,1.1747,1.1744,1.1744,18729.600000000002,39
2025-07-03 16:06:00,1.1745,1.1748,1.1745,1.1748,23228.1,68
2025-07-03 16:08:00,1.1748,1.1749,1.1747,1.1748,22645.9,44
2025-07-03 16:10:00,1.1747,1.1747,1.1744,1.1746,82836.1,69
2025-07-03 16:12:00,1.1746,1.1748,1.1746,1.1748,18518.4,55
2025-07-03 16:14:00,1.1748,1.1749,1.1746,1.1746,21100.4,41
2025-07-03 16:16:00,1.1747,1.1747,1.1744,1.1746,19724.1,43
2025-07-03 16:18:00,1.1746,1.1746,1.1743,1.1744,46809.1,44
2025-07-03 16:20:00,1.1743,1.1744,1.1739,1.1739,92004.6,161
2025-07-03 16:22:00,1.174,1.174,1.1739,1.1739,19864.399999999998,79
2025-07-03 16:24:00,1.1739,1.174,1.1738,1.1738,20563.4,106
2025-07-03 16:26:00,1.1739,1.1739,1.1736,1.1737,53148.7,88
2025-07-03 16:28:00,1.1737,1.1738,1.1734,1.1736,194611.5,60
2025-07-03 16:30:00,1.1736,1.1737,1.1734,1.1736,28579.9,50
2025-07-03 16:32:00,1.1736,1.1737,1.1735,1.1736,76801.2,64
2025-07-03 16:34:00,1.1736,1.1738,1.1736,1.1737,9500.199999999999,27
2025-07-03 16:36:00,1.1737,1.1738,1.1736,1.1736,229745.7,135
2025-07-03 16:38:00,1.1735,1.1736,1.1735,1.1736,48060.9,50
2025-07-03 16:40:00,1.1736,1.1736,1.1733,1.1734,206644.7,131
2025-07-03 16:42:00,1.1734,1.1736,1.1733,1.1735,58809.6,90
2025-07-03 16:44:00,1.1734,1.1735,1.1733,1.1733,29018.2,89
2025-07-03 16:46:00,1.1734,1.1734,1.1733,1.1733,118550.4,159
2025-07-03 16:48:00,1.1733,1.1734,1.1732,1.1733,31921.899999999998,60
2025-07-03 16:50:00,1.1733,1.1733,1.1731,1.1732,96710.90000000001,151
2025-07-03 16:52:00,1.1732,1.1736,1.1732,1.1736,66309.2,107
2025-07-03 16:54:00,1.1736,1.1739,1.1736,1.1739,61742.7,49
2025-07-03 16:56:00,1.1739,1.1742,1.1739,1.1742,71195.6,69
2025-07-03 16:58:00,1.1742,1.1743,1.174,1.1742,49345.4,51
2025-07-03 17:00:00,1.1743,1.1744,1.174,1.1741,122903.9,127
2025-07-03 17:02:00,1.1742,1.1745,1.174,1.1744,131214.69999999998,73
2025-07-03 17:04:00,1.1744,1.1745,1.1744,1.1744,10580.3,40
2025-07-03 17:06:00,1.1745,1.1747,1.1744,1.1746,34339.7,36
2025-07-03 17:08:00,1.1746,1.1746,1.1745,1.1746,17937.899999999998,36
2025-07-03 17:10:00,1.1745,1.1747,1.1745,1.1746,14042.800000000001,27
2025-07-03 17:12:00,1.1746,1.1747,1.1745,1.1745,14509.5,43
2025-07-03 17:14:00,1.1746,1.1746,1.1744,1.1745,17253.4,36
2025-07-03 17:16:00,1.1745,1.1747,1.1745,1.1746,34160.5,45
2025-07-03 17:18:00,1.1747,1.1748,1.1746,1.1748,29737.6,42
2025-07-03 17:20:00,1.1748,1.1748,1.1747,1.1747,7798.7,25
2025-07-03 17:22:00,1.1747,1.1748,1.1747,1.1747,9599.9,27
2025-07-03 17:24:00,1.1747,1.1748,1.1747,1.1748,5148.5,31
2025-07-03 17:26:00,1.1748,1.1748,1.1746,1.1746,6027.0,30
2025-07-03 17:28:00,1.1747,1.1748,1.1746,1.1748,49959.9,36
2025-07-03 17:30:00,1.1747,1.1749,1.1747,1.1747,11111.1,37
2025-07-03 17:32:00,1.1748,1.1748,1.1746,1.1746,10093.0,31
2025-07-03 17:34:00,1.1747,1.1747,1.1744,1.1747,34026.0,31
2025-07-03 17:36:00,1.1746,1.1747,1.1744,1.1745,10386.2,34
2025-07-03 17:38:00,1.1745,1.1746,1.1744,1.1746,18591.7,41
2025-07-03 17:40:00,1.1746,1.1746,1.1744,1.1745,19078.3,94
2025-07-03 17:42:00,1.1744,1.1746,1.1744,1.1746,12118.9,29
2025-07-03 17:44:00,1.1745,1.1746,1.1745,1.1746,4943.3,26
2025-07-03 17:46:00,1.1746,1.1746,1.1745,1.1745,5428.0,33
2025-07-03 17:48:00,1.1744,1.1746,1.1744,1.1745,26068.300000000003,48
2025-07-03 17:50:00,1.1745,1.1746,1.1744,1.1745,36518.3,53
2025-07-03 17:52:00,1.1744,1.1745,1.1744,1.1745,6984.3,48
2025-07-03 17:54:00,1.1745,1.1745,1.1743,1.1744,10016.4,36
2025-07-03 17:56:00,1.1743,1.1744,1.1743,1.1743,6102.9,32
2025-07-03 17:58:00,1.1743,1.1745,1.1743,1.1744,19821.4,44
2025-07-03 18:00:00,1.1744,1.1746,1.1743,1.1746,32068.0,42
2025-07-03 18:02:00,1.1746,1.1746,1.1743,1.1744,34774.7,59
2025-07-03 18:04:00,1.1744,1.1744,1.1743,1.1744,3991.2,28
2025-07-03 18:06:00,1.1743,1.1746,1.1743,1.1745,44849.2,38
2025-07-03 18:08:00,1.1745,1.1747,1.1745,1.1747,8380.9,34
2025-07-03 18:10:00,1.1747,1.1747,1.1746,1.1746,9790.7,28
2025-07-03 18:12:00,1.1747,1.1747,1.1746,1.1747,20567.5,59
2025-07-03 18:14:00,1.1746,1.1748,1.1746,1.1747,36212.6,69
2025-07-03 18:16:00,1.1748,1.1748,1.1746,1.1746,39670.7,39
2025-07-03 18:18:00,1.1746,1.1747,1.1745,1.1745,30474.0,32
2025-07-03 18:20:00,1.1746,1.1746,1.1744,1.1744,9792.400000000001,32
2025-07-03 18:22:00,1.1745,1.1745,1.1743,1.1743,13713.099999999999,27
2025-07-03 18:24:00,1.1743,1.1744,1.1742,1.1742,9778.0,27
2025-07-03 18:26:00,1.1743,1.1744,1.1743,1.1743,65964.1,32
2025-07-03 18:28:00,1.1744,1.1744,1.1743,1.1744,21288.6,33
2025-07-03 18:30:00,1.1744,1.1745,1.1743,1.1744,12458.2,47
2025-07-03 18:32:00,1.1744,1.1745,1.1742,1.1743,90177.1,68
2025-07-03 18:34:00,1.1742,1.1745,1.1742,1.1744,10208.1,39
2025-07-03 18:36:00,1.1745,1.1746,1.1744,1.1746,17844.7,38
2025-07-03 18:38:00,1.1745,1.1746,1.1743,1.1743,61045.8,63
2025-07-03 18:40:00,1.1744,1.1744,1.1743,1.1743,12292.4,27
2025-07-03 18:42:00,1.1743,1.1744,1.1742,1.1743,11390.4,39
2025-07-03 18:44:00,1.1742,1.1743,1.1741,1.1743,6577.3,29
2025-07-03 18:46:00,1.1743,1.1743,1.1742,1.1743,5097.0,25
2025-07-03 18:48:00,1.1743,1.1743,1.1741,1.1742,9898.6,31
2025-07-03 18:50:00,1.1742,1.1743,1.1741,1.1742,13165.699999999999,28
2025-07-03 18:52:00,1.1742,1.1744,1.1742,1.1744,17368.3,39
2025-07-03 18:54:00,1.1744,1.1744,1.1743,1.1743,13717.300000000001,27
2025-07-03 18:56:00,1.1742,1.1743,1.1742,1.1742,13919.6,40
2025-07-03 18:58:00,1.1741,1.1742,1.174,1.174,30107.0,57
2025-07-03 19:00:00,1.174,1.174,1.1738,1.1738,41241.6,60
2025-07-03 19:02:00,1.1738,1.1738,1.1737,1.1738,22836.1,49
2025-07-03 19:04:00,1.1737,1.1738,1.1737,1.1738,16206.9,36
2025-07-03 19:06:00,1.1738,1.1739,1.1737,1.1738,40444.0,41
2025-07-03 19:08:00,1.1738,1.1739,1.1738,1.1739,35718.5,50
2025-07-03 19:10:00,1.1739,1.1739,1.1738,1.1738,14121.0,53
2025-07-03 19:12:00,1.1739,1.1739,1.1738,1.1738,11509.8,30
2025-07-03 19:14:00,1.1739,1.1741,1.1738,1.1741,14151.8,52
2025-07-03 19:16:00,1.1741,1.1741,1.174,1.174,4088.1,24
2025-07-03 19:18:00,1.1741,1.1741,1.174,1.174,27132.5,43
2025-07-03 19:20:00,1.1741,1.1742,1.1741,1.1742,14769.2,59
2025-07-03 19:22:00,1.1741,1.1742,1.1741,1.1742,18578.4,37
2025-07-03 19:24:00,1.1742,1.1743,1.1741,1.1743,47613.8,39
2025-07-03 19:26:00,1.1743,1.1743,1.1742,1.1742,26958.4,38
2025-07-03 19:28:00,1.1742,1.1743,1.1742,1.1742,5065.0,31
2025-07-03 19:30:00,1.1743,1.1743,1.1742,1.1742,7895.6,44
2025-07-03 19:32:00,1.1742,1.1743,1.1741,1.1741,35741.1,46
2025-07-03 19:34:00,1.1742,1.1742,1.1741,1.1741,8299.3,27
2025-07-03 19:36:00,1.1741,1.1742,1.1741,1.1742,19537.8,29
2025-07-03 19:38:00,1.1742,1.1742,1.174,1.174,20907.8,36
2025-07-03 19:40:00,1.1741,1.1742,1.174,1.1742,28132.5,44
2025-07-03 19:42:00,1.1742,1.1742,1.1741,1.1742,11268.0,38
2025-07-03 19:44:00,1.1741,1.1742,1.1741,1.1742,8312.8,35
2025-07-03 19:46:00,1.1742,1.1742,1.1741,1.1742,22447.7,47
2025-07-03 19:48:00,1.1742,1.1743,1.1741,1.1743,14290.300000000001,31
2025-07-03 19:50:00,1.1743,1.1743,1.1742,1.1743,40469.0,46
2025-07-03 19:52:00,1.1743,1.1744,1.1742,1.1743,16677.5,37
2025-07-03 19:54:00,1.1743,1.1744,1.1743,1.1744,13424.8,34
2025-07-03 19:56:00,1.1743,1.1744,1.1741,1.1742,49747.1,78
2025-07-03 19:58:00,1.1742,1.1742,1.1741,1.1741,27099.5,45
2025-07-03 20:00:00,1.1741,1.1742,1.1739,1.1742,33201.1,57
2025-07-03 20:02:00,1.1743,1.1743,1.1742,1.1743,19170.8,39
2025-07-03 20:04:00,1.1742,1.1744,1.1742,1.1744,8960.9,40
2025-07-03 20:06:00,1.1743,1.1745,1.1743,1.1745,5092.3,29
2025-07-03 20:08:00,1.1745,1.1745,1.1742,1.1743,87305.4,51
2025-07-03 20:10:00,1.1742,1.1742,1.174,1.1741,21995.8,44
2025-07-03 20:12:00,1.1741,1.1741,1.174,1.174,10173.0,34
2025-07-03 20:14:00,1.174,1.1742,1.174,1.1742,45027.1,22
2025-07-03 20:16:00,1.1742,1.1743,1.1741,1.1743,25111.2,28
2025-07-03 20:18:00,1.1743,1.1744,1.1742,1.1744,9955.8,28
2025-07-03 20:20:00,1.1744,1.1746,1.1743,1.1745,18993.4,37
2025-07-03 20:22:00,1.1746,1.1746,1.1744,1.1744,97030.8,37
2025-07-03 20:24:00,1.1745,1.1745,1.1744,1.1745,26076.6,18
2025-07-03 20:26:00,1.1746,1.1746,1.1745,1.1745,11625.5,26
2025-07-03 20:28:00,1.1745,1.1746,1.1745,1.1746,11560.3,41
2025-07-03 20:30:00,1.1745,1.1747,1.1745,1.1746,64259.6,61
2025-07-03 20:32:00,1.1747,1.1747,1.1746,1.1747,13282.7,39
2025-07-03 20:34:00,1.1747,1.1747,1.1746,1.1746,3232.3,21
2025-07-03 20:36:00,1.1747,1.1747,1.1746,1.1746,5854.3,34
2025-07-03 20:38:00,1.1747,1.175,1.1747,1.175,18117.7,51
2025-07-03 20:40:00,1.1749,1.1752,1.1749,1.1752,12229.6,36
2025-07-03 20:42:00,1.1752,1.1752,1.1751,1.1752,8866.699999999999,15
2025-07-03 20:44:00,1.1752,1.1752,1.1748,1.175,107070.6,62
2025-07-03 20:46:00,1.175,1.175,1.1749,1.175,27795.399999999998,64
2025-07-03 20:48:00,1.175,1.175,1.1749,1.175,45055.4,39
2025-07-03 20:50:00,1.175,1.1751,1.175,1.1751,33164.6,36
2025-07-03 20:52:00,1.175,1.1751,1.1749,1.1749,71505.2,69
2025-07-03 20:54:00,1.175,1.1751,1.175,1.1751,45354.700000000004,42
2025-07-03 20:56:00,1.175,1.1751,1.175,1.175,10315.5,29
2025-07-03 20:58:00,1.175,1.1751,1.175,1.1751,2890.2999999999997,23
2025-07-03 21:00:00,1.175,1.1752,1.175,1.1752,30310.3,33
2025-07-03 21:02:00,1.1752,1.1752,1.1751,1.1751,36091.6,76
2025-07-03 21:04:00,1.1751,1.1753,1.175,1.1753,86028.6,57
2025-07-03 21:06:00,1.1753,1.1753,1.1752,1.1752,85142.0,56
2025-07-03 21:08:00,1.1752,1.1753,1.1752,1.1752,99339.8,161
2025-07-03 21:10:00,1.1753,1.1753,1.1751,1.1752,226658.2,141
2025-07-03 21:12:00,1.1752,1.1753,1.175,1.175,89924.40000000001,49
2025-07-03 21:14:00,1.1751,1.1751,1.1749,1.175,6540.3,28
2025-07-03 21:16:00,1.1749,1.175,1.1749,1.1749,3471.0,31
2025-07-03 21:18:00,1.175,1.175,1.1749,1.175,7158.6,33
2025-07-03 21:20:00,1.175,1.175,1.1749,1.175,5148.2,23
2025-07-03 21:22:00,1.175,1.175,1.1749,1.1749,10593.3,34
2025-07-03 21:24:00,1.1749,1.175,1.1749,1.175,8673.0,32
2025-07-03 21:26:00,1.1749,1.175,1.1749,1.1749,10638.0,32
2025-07-03 21:28:00,1.175,1.175,1.1748,1.1748,43271.2,28
2025-07-03 21:30:00,1.1749,1.1749,1.1748,1.1749,20795.2,39
2025-07-03 21:32:00,1.1749,1.175,1.1749,1.175,55542.0,31
2025-07-03 21:34:00,1.175,1.175,1.1749,1.1749,11755.2,28
2025-07-03 21:36:00,1.1749,1.1751,1.1749,1.175,81284.6,40
2025-07-03 21:38:00,1.175,1.1752,1.175,1.1752,66246.7,41
2025-07-03 21:40:00,1.1751,1.1752,1.1751,1.1752,9828.7,40
2025-07-03 21:42:00,1.1752,1.1753,1.1751,1.1751,48510.700000000004,57
2025-07-03 21:44:00,1.1751,1.1753,1.1751,1.1751,7562.2,32
2025-07-03 21:46:00,1.1751,1.1753,1.1751,1.1753,3375.4,24
2025-07-03 21:48:00,1.1753,1.1753,1.1751,1.1751,5608.5,32
2025-07-03 21:50:00,1.1753,1.1753,1.1751,1.1753,5188.0,29
2025-07-03 21:52:00,1.1751,1.1753,1.1751,1.1753,14158.4,46
2025-07-03 21:54:00,1.1752,1.1753,1.1751,1.1751,4029.3,16
2025-07-03 21:56:00,1.1751,1.1753,1.1751,1.1753,3610.9,27
2025-07-03 21:58:00,1.1751,1.1752,1.1751,1.1752,3286.7,18
2025-07-03 22:00:00,1.1751,1.1752,1.1751,1.1752,4973.1,21
2025-07-03 22:02:00,1.1751,1.1751,1.1749,1.175,68212.5,97
2025-07-03 22:04:00,1.175,1.1751,1.1749,1.1751,52257.9,71
2025-07-03 22:06:00,1.1752,1.1752,1.1751,1.1752,22665.100000000002,42
2025-07-03 22:08:00,1.1752,1.1753,1.175,1.1751,39778.2,43
2025-07-03 22:10:00,1.1751,1.1751,1.1748,1.1749,67881.2,58
2025-07-03 22:12:00,1.1748,1.1749,1.1748,1.1748,6498.0,24
2025-07-03 22:14:00,1.1749,1.175,1.1748,1.1749,35266.2,35
2025-07-03 22:16:00,1.1749,1.175,1.1749,1.175,19807.7,57
2025-07-03 22:18:00,1.1749,1.1751,1.1749,1.175,21728.4,75
2025-07-03 22:20:00,1.175,1.1751,1.175,1.175,9846.2,61
2025-07-03 22:22:00,1.1751,1.1751,1.1749,1.1749,14387.2,66
2025-07-03 22:24:00,1.175,1.1751,1.1749,1.1751,27096.3,36
2025-07-03 22:26:00,1.175,1.1751,1.175,1.1751,4693.5,23
2025-07-03 22:28:00,1.175,1.1751,1.1749,1.1749,21721.100000000002,35
2025-07-03 22:30:00,1.175,1.175,1.1748,1.1748,12408.0,26
2025-07-03 22:32:00,1.1748,1.175,1.1748,1.175,5913.4,23
2025-07-03 22:34:00,1.1749,1.175,1.1749,1.1749,4915.5,23
2025-07-03 22:36:00,1.1749,1.175,1.1749,1.175,3454.2,31
2025-07-03 22:38:00,1.175,1.175,1.1749,1.1749,6086.400000000001,34
2025-07-03 22:40:00,1.1749,1.175,1.1749,1.1749,8072.799999999999,26
2025-07-03 22:42:00,1.1749,1.1751,1.1749,1.175,32462.399999999998,28
2025-07-03 22:44:00,1.175,1.175,1.1749,1.1749,2862.5,12
2025-07-03 22:46:00,1.1749,1.175,1.1749,1.1749,8169.5,24
2025-07-03 22:48:00,1.1749,1.175,1.1749,1.1749,6696.2,25
2025-07-03 22:50:00,1.1751,1.1751,1.175,1.1751,3669.3,60
2025-07-03 22:52:00,1.1751,1.1751,1.175,1.1751,4624.0,42
2025-07-03 22:54:00,1.1751,1.1751,1.175,1.175,1278.7,16
2025-07-03 22:56:00,1.1751,1.1752,1.1751,1.1752,10417.4,33
2025-07-03 22:58:00,1.1752,1.1752,1.1751,1.1751,7795.2,19
2025-07-03 23:00:00,1.1751,1.1753,1.1751,1.1753,5841.299999999999,23
2025-07-03 23:02:00,1.1752,1.1753,1.1751,1.1751,24971.7,35
2025-07-03 23:04:00,1.1751,1.1751,1.1749,1.175,5489.6,20
2025-07-03 23:06:00,1.175,1.1751,1.1749,1.175,2980.8,18
2025-07-03 23:08:00,1.175,1.1752,1.175,1.1752,4953.5,13
2025-07-03 23:10:00,1.1751,1.1752,1.1751,1.1751,6918.6,21
2025-07-03 23:12:00,1.1752,1.1753,1.1751,1.1753,32071.1,59
2025-07-03 23:14:00,1.1752,1.1753,1.1752,1.1752,2808.2,19
2025-07-03 23:16:00,1.1752,1.1753,1.1752,1.1753,3618.4,22
2025-07-03 23:18:00,1.1752,1.1753,1.1752,1.1752,3709.3,19
2025-07-03 23:20:00,1.1752,1.1753,1.1752,1.1752,3394.6000000000004,8
2025-07-03 23:22:00,1.1752,1.1752,1.1751,1.1752,2109.8,18
2025-07-03 23:24:00,1.1751,1.1752,1.1751,1.1752,4206.5,11
2025-07-03 23:26:00,1.1752,1.1753,1.1752,1.1753,2067.3,20
2025-07-03 23:28:00,1.1753,1.1754,1.1752,1.1754,58334.299999999996,32
2025-07-03 23:30:00,1.1754,1.1759,1.1753,1.1759,11762.3,34
2025-07-03 23:32:00,1.1759,1.176,1.1758,1.1759,26452.100000000002,26
2025-07-03 23:34:00,1.1759,1.176,1.1759,1.1759,5522.9,16
2025-07-03 23:36:00,1.1759,1.1759,1.1758,1.1759,3922.4,14
2025-07-03 23:38:00,1.1759,1.176,1.1759,1.176,3796.4,11
2025-07-03 23:40:00,1.176,1.1764,1.176,1.1764,62252.1,35
2025-07-03 23:42:00,1.1763,1.1764,1.1763,1.1764,7656.5,14
2025-07-03 23:44:00,1.1765,1.1765,1.1764,1.1764,5674.0,14
2025-07-03 23:46:00,1.1764,1.1764,1.1763,1.1763,5597.0,10
2025-07-03 23:48:00,1.1763,1.1763,1.1762,1.1763,1628.0,11
2025-07-03 23:50:00,1.1763,1.1763,1.1762,1.1763,1364.8,11
2025-07-03 23:52:00,1.1763,1.1763,1.1761,1.1761,3316.1,11
2025-07-03 23:54:00,1.1762,1.1762,1.1761,1.1762,1643.9,9
2025-07-03 23:56:00,1.1762,1.1764,1.1762,1.1763,11199.1,33
2025-07-03 23:58:00,1.1764,1.1765,1.1763,1.1764,29332.5,24
2025-07-04 00:00:00,1.1763,1.1763,1.1762,1.1763,19867.5,18
2025-07-04 00:02:00,1.1764,1.1764,1.1762,1.1762,1871.8,18
2025-07-04 00:04:00,1.1763,1.1764,1.1763,1.1763,1934.2,12
2025-07-04 00:06:00,1.1763,1.1763,1.1761,1.1762,7707.7,25
2025-07-04 00:08:00,1.1761,1.1763,1.1761,1.1763,1367.1000000000001,10
2025-07-04 00:10:00,1.1762,1.1763,1.1761,1.1762,3597.2000000000003,16
2025-07-04 00:12:00,1.1761,1.1762,1.1761,1.1761,1789.9,17
2025-07-04 00:14:00,1.1762,1.1764,1.1761,1.1763,5444.400000000001,22
2025-07-04 00:16:00,1.1763,1.1764,1.1762,1.1763,9239.1,27
2025-07-04 00:18:00,1.1762,1.1764,1.1762,1.1763,1561.7,14
2025-07-04 00:20:00,1.1763,1.1764,1.1763,1.1763,5477.5,18
2025-07-04 00:22:00,1.1763,1.1764,1.1762,1.1763,14042.3,42
2025-07-04 00:24:00,1.1762,1.1763,1.1761,1.1761,2954.4,17
2025-07-04 00:26:00,1.1761,1.1761,1.176,1.176,27769.8,19
2025-07-04 00:28:00,1.1761,1.1762,1.176,1.1761,16483.2,11
2025-07-04 00:30:00,1.1761,1.1764,1.1761,1.1764,18288.5,125
2025-07-04 00:32:00,1.1764,1.1764,1.1762,1.1762,12908.6,37
2025-07-04 00:34:00,1.1763,1.1763,1.1761,1.1761,20684.199999999997,21
2025-07-04 00:36:00,1.1762,1.1762,1.176,1.1761,21716.899999999998,27
2025-07-04 00:38:00,1.1762,1.1762,1.1761,1.1762,773.3,11
2025-07-04 00:40:00,1.1762,1.1762,1.1759,1.176,16575.9,23
2025-07-04 00:42:00,1.176,1.176,1.1759,1.176,4567.3,18
2025-07-04 00:44:00,1.1759,1.176,1.1759,1.1759,6574.5,28
2025-07-04 00:46:00,1.176,1.1761,1.1759,1.176,23218.8,22
2025-07-04 00:48:00,1.1761,1.1761,1.1759,1.176,4930.2,24
2025-07-04 00:50:00,1.176,1.1761,1.176,1.1761,6861.8,14
2025-07-04 00:52:00,1.1761,1.1761,1.176,1.1761,19497.3,20
2025-07-04 00:54:00,1.1761,1.1761,1.1759,1.1759,37772.200000000004,24
2025-07-04 00:56:00,1.176,1.1761,1.1759,1.1761,7025.2,15
2025-07-04 00:58:00,1.1761,1.1761,1.176,1.176,1984.8,8
2025-07-04 01:00:00,1.1761,1.1762,1.1761,1.1761,23953.4,75
2025-07-04 01:02:00,1.1761,1.1762,1.176,1.1761,15374.900000000001,11
2025-07-04 01:04:00,1.1761,1.1762,1.176,1.1762,4628.1,19
2025-07-04 01:06:00,1.1762,1.1763,1.1762,1.1763,49994.9,62
2025-07-04 01:08:00,1.1763,1.1763,1.1761,1.1761,11678.0,31
2025-07-04 01:10:00,1.1762,1.1762,1.176,1.176,4064.4,17
2025-07-04 01:12:00,1.1761,1.1761,1.1759,1.1759,18298.2,14
2025-07-04 01:14:00,1.176,1.1762,1.1759,1.1761,22650.1,20
2025-07-04 01:16:00,1.1761,1.1763,1.1761,1.1762,12499.9,20
2025-07-04 01:18:00,1.1763,1.1764,1.1762,1.1764,3073.8,27
2025-07-04 01:20:00,1.1764,1.1764,1.1761,1.1761,4246.599999999999,7
2025-07-04 01:22:00,1.1761,1.1762,1.176,1.176,14770.9,10
2025-07-04 01:24:00,1.1761,1.1761,1.176,1.1761,12058.6,21
2025-07-04 01:26:00,1.176,1.1761,1.1759,1.1759,2688.2,13
2025-07-04 01:28:00,1.1759,1.176,1.1759,1.1759,5695.1,15
2025-07-04 01:30:00,1.1759,1.1759,1.1758,1.1759,5107.4,11
2025-07-04 01:32:00,1.1759,1.176,1.1758,1.1759,25671.9,30
2025-07-04 01:34:00,1.1758,1.1759,1.1757,1.1757,10381.7,9
2025-07-04 01:36:00,1.1757,1.1758,1.1757,1.1758,2030.2,13
2025-07-04 01:38:00,1.1757,1.1758,1.1756,1.1756,2971.0,18
2025-07-04 01:40:00,1.1756,1.1756,1.1754,1.1754,2938.0,13
2025-07-04 01:42:00,1.1754,1.1755,1.1754,1.1754,2921.5,20
2025-07-04 01:44:00,1.1754,1.1755,1.1754,1.1754,4019.6,10
2025-07-04 01:46:00,1.1754,1.1755,1.1754,1.1755,452.6,9
2025-07-04 01:48:00,1.1754,1.1754,1.1752,1.1753,35541.2,22
2025-07-04 01:50:00,1.1754,1.1755,1.1753,1.1755,17429.3,13
2025-07-04 01:52:00,1.1755,1.1757,1.1755,1.1756,23610.5,16
2025-07-04 01:54:00,1.1756,1.1757,1.1755,1.1755,39903.6,12
2025-07-04 01:56:00,1.1754,1.1754,1.1752,1.1752,37554.3,74
2025-07-04 01:58:00,1.1753,1.1753,1.1752,1.1753,19895.2,23
2025-07-04 02:00:00,1.1754,1.1756,1.1754,1.1756,75323.7,70
2025-07-04 02:02:00,1.1755,1.1756,1.1755,1.1756,1284.0,9
2025-07-04 02:04:00,1.1755,1.1756,1.1755,1.1756,1037.2,7
2025-07-04 02:06:00,1.1756,1.1756,1.1755,1.1756,15395.1,8
2025-07-04 02:08:00,1.1756,1.1757,1.1755,1.1757,9144.8,12
2025-07-04 02:10:00,1.1757,1.1757,1.1756,1.1757,6661.5,10
2025-07-04 02:12:00,1.1757,1.1758,1.1756,1.1758,26452.9,27
2025-07-04 02:14:00,1.1757,1.1759,1.1757,1.1758,44060.8,36
2025-07-04 02:16:00,1.1758,1.1758,1.1757,1.1758,4860.7,6
2025-07-04 02:18:00,1.1757,1.1759,1.1756,1.1759,52178.4,58
2025-07-04 02:20:00,1.1758,1.1759,1.1758,1.1758,2907.6000000000004,10
2025-07-04 02:22:00,1.1758,1.176,1.1758,1.176,104152.2,33
2025-07-04 02:24:00,1.176,1.176,1.1759,1.1759,1690.9,7
2025-07-04 02:26:00,1.176,1.1761,1.1759,1.1761,19454.3,18
2025-07-04 02:28:00,1.1761,1.1762,1.176,1.1761,2966.6,15
2025-07-04 02:30:00,1.1761,1.1764,1.1761,1.1764,41545.4,123
2025-07-04 02:32:00,1.1764,1.1764,1.1762,1.1763,148095.7,73
2025-07-04 02:34:00,1.1762,1.1763,1.1762,1.1763,2088.6,8
2025-07-04 02:36:00,1.1762,1.1762,1.1761,1.1761,20798.0,19
2025-07-04 02:38:00,1.1761,1.1761,1.176,1.1761,36576.200000000004,18
2025-07-04 02:40:00,1.1762,1.1762,1.1761,1.1762,3463.1,10
2025-07-04 02:42:00,1.1761,1.1762,1.1761,1.1762,1447.0,7
2025-07-04 02:44:00,1.1761,1.1762,1.1761,1.1762,2780.1,26
2025-07-04 02:46:00,1.1762,1.1762,1.1761,1.1761,2147.7,11
2025-07-04 02:48:00,1.1761,1.1762,1.1761,1.1761,5910.900000000001,10
2025-07-04 02:50:00,1.1761,1.1762,1.176,1.176,12205.0,18
2025-07-04 02:52:00,1.1759,1.1761,1.1759,1.1759,51242.8,18
2025-07-04 02:54:00,1.1759,1.1761,1.1759,1.1761,38226.6,17
2025-07-04 02:56:00,1.1761,1.1761,1.176,1.1761,23782.4,34
2025-07-04 02:58:00,1.176,1.1761,1.1759,1.176,33331.7,19
2025-07-04 03:00:00,1.176,1.176,1.1759,1.1759,19692.1,31
2025-07-04 03:02:00,1.1758,1.176,1.1758,1.176,26534.7,29
2025-07-04 03:04:00,1.176,1.176,1.1759,1.1759,30425.5,24
2025-07-04 03:06:00,1.1758,1.1759,1.1758,1.1759,16275.0,14
2025-07-04 03:08:00,1.176,1.176,1.1759,1.176,6835.4,10
2025-07-04 03:10:00,1.1759,1.176,1.1759,1.1759,1552.4,10
2025-07-04 03:12:00,1.1759,1.176,1.1759,1.1759,342.6,8
2025-07-04 03:14:00,1.1759,1.176,1.1759,1.176,1334.2,8
2025-07-04 03:16:00,1.1761,1.1762,1.1761,1.1762,13753.2,11
2025-07-04 03:18:00,1.1762,1.1764,1.1762,1.1763,62816.0,42
2025-07-04 03:20:00,1.1764,1.1764,1.1762,1.1762,46222.7,24
2025-07-04 03:22:00,1.1762,1.1763,1.1762,1.1763,515.6,3
2025-07-04 03:24:00,1.1762,1.1763,1.1762,1.1763,268.0,9
2025-07-04 03:26:00,1.1762,1.1763,1.1762,1.1762,381.8,6
2025-07-04 03:28:00,1.1762,1.1762,1.1761,1.1762,37065.9,14
2025-07-04 03:30:00,1.1762,1.1765,1.1762,1.1765,52172.6,26
2025-07-04 03:32:00,1.1764,1.1765,1.1763,1.1763,37317.6,24
2025-07-04 03:34:00,1.1763,1.1765,1.1763,1.1764,62122.4,42
2025-07-04 03:36:00,1.1764,1.1764,1.1763,1.1764,283.7,7
2025-07-04 03:38:00,1.1764,1.1765,1.1763,1.1764,41782.1,29
2025-07-04 03:40:00,1.1764,1.1765,1.1764,1.1764,39187.1,38
2025-07-04 03:42:00,1.1765,1.1765,1.1763,1.1763,33.2,5
2025-07-04 03:44:00,1.1764,1.1764,1.1763,1.1763,367.9,9
2025-07-04 03:46:00,1.1763,1.1765,1.1763,1.1764,19453.6,13
2025-07-04 03:48:00,1.1764,1.1765,1.1764,1.1765,5843.5,25
2025-07-04 03:50:00,1.1765,1.1765,1.1764,1.1764,1970.0,7
2025-07-04 03:52:00,1.1764,1.1765,1.1764,1.1764,5781.7,7
2025-07-04 03:54:00,1.1764,1.1765,1.1764,1.1765,2146.0,12
2025-07-04 03:56:00,1.1764,1.1765,1.1764,1.1764,400.2,8
2025-07-04 03:58:00,1.1765,1.1765,1.1763,1.1764,34170.7,16
2025-07-04 04:00:00,1.1764,1.1764,1.1762,1.1763,17035.4,10
2025-07-04 04:02:00,1.1763,1.1764,1.1762,1.1764,6021.1,16
2025-07-04 04:04:00,1.1764,1.1766,1.1764,1.1766,101852.8,26
2025-07-04 04:06:00,1.1766,1.1767,1.1765,1.1766,3857.1,12
2025-07-04 04:08:00,1.1766,1.1768,1.1766,1.1766,54039.700000000004,22
2025-07-04 04:10:00,1.1766,1.1767,1.1766,1.1766,1066.2,12
2025-07-04 04:12:00,1.1766,1.1766,1.1765,1.1765,36533.6,44
2025-07-04 04:14:00,1.1765,1.1766,1.1765,1.1766,1537.9,8
2025-07-04 04:16:00,1.1765,1.1767,1.1765,1.1767,10179.4,16
2025-07-04 04:18:00,1.1766,1.1767,1.1766,1.1767,1217.6,10
2025-07-04 04:20:00,1.1767,1.1768,1.1766,1.1768,17762.4,12
2025-07-04 04:22:00,1.1768,1.177,1.1768,1.177,891.0999999999999,10
2025-07-04 04:24:00,1.1769,1.177,1.1769,1.177,170.39999999999998,5
2025-07-04 04:26:00,1.177,1.177,1.1767,1.1768,60688.3,19
2025-07-04 04:28:00,1.1768,1.1768,1.1767,1.1767,35151.9,12
2025-07-04 04:30:00,1.1766,1.1767,1.1766,1.1767,3146.7,15
2025-07-04 04:32:00,1.1766,1.1768,1.1766,1.1768,29762.399999999998,20
2025-07-04 04:34:00,1.1768,1.1769,1.1767,1.1769,24157.1,18
2025-07-04 04:36:00,1.1768,1.1768,1.1767,1.1768,10115.1,16
2025-07-04 04:38:00,1.1768,1.1769,1.1768,1.1769,49833.1,19
2025-07-04 04:40:00,1.177,1.1771,1.1769,1.1771,15177.1,19
2025-07-04 04:42:00,1.177,1.1771,1.177,1.1771,4031.4,13
2025-07-04 04:44:00,1.177,1.1771,1.177,1.1771,3032.2,15
2025-07-04 04:46:00,1.177,1.177,1.1769,1.1769,39957.2,23
2025-07-04 04:48:00,1.1769,1.1769,1.1768,1.1768,45293.0,25
2025-07-04 04:50:00,1.1768,1.1769,1.1768,1.1768,3052.9,13
2025-07-04 04:52:00,1.1768,1.1769,1.1768,1.1769,4879.3,14
2025-07-04 04:54:00,1.1769,1.177,1.1769,1.1769,39112.9,35
2025-07-04 04:56:00,1.1769,1.177,1.1769,1.177,4742.3,12
2025-07-04 04:58:00,1.1769,1.1771,1.1769,1.177,40505.4,31
2025-07-04 05:00:00,1.1771,1.1772,1.1771,1.1772,94719.7,61
2025-07-04 05:02:00,1.1772,1.1772,1.1771,1.1772,20574.8,28
2025-07-04 05:04:00,1.1772,1.1772,1.1771,1.1771,20158.4,14
2025-07-04 05:06:00,1.1771,1.1773,1.1771,1.1773,3933.7,12
2025-07-04 05:08:00,1.1774,1.1774,1.1772,1.1773,56021.5,37
2025-07-04 05:10:00,1.1773,1.1776,1.1773,1.1776,15735.8,32
2025-07-04 05:12:00,1.1776,1.1776,1.1775,1.1776,13337.800000000001,28
2025-07-04 05:14:00,1.1776,1.1776,1.1774,1.1774,48637.1,41
2025-07-04 05:16:00,1.1774,1.1776,1.1774,1.1776,7128.2,22
2025-07-04 05:18:00,1.1775,1.1776,1.1775,1.1776,3484.2000000000003,13
2025-07-04 05:20:00,1.1775,1.1776,1.1775,1.1776,35534.9,95
2025-07-04 05:22:00,1.1775,1.1776,1.1775,1.1775,747.7,9
2025-07-04 05:24:00,1.1775,1.1776,1.1775,1.1775,2533.7,10
2025-07-04 05:26:00,1.1776,1.1776,1.1775,1.1775,2173.2,16
2025-07-04 05:28:00,1.1776,1.1776,1.1775,1.1776,8874.6,19
2025-07-04 05:30:00,1.1776,1.1776,1.1775,1.1776,7169.6,15
2025-07-04 05:32:00,1.1775,1.1776,1.1773,1.1774,58531.8,24
2025-07-04 05:34:00,1.1774,1.1774,1.1773,1.1773,143925.7,45
2025-07-04 05:36:00,1.1773,1.1774,1.1773,1.1773,4761.6,20
2025-07-04 05:38:00,1.1774,1.1777,1.1773,1.1777,65394.9,47
2025-07-04 05:40:00,1.1776,1.1776,1.1775,1.1776,45848.299999999996,24
2025-07-04 05:42:00,1.1775,1.1776,1.1775,1.1775,1527.3,15
2025-07-04 05:44:00,1.1775,1.1776,1.1775,1.1775,23248.600000000002,16
2025-07-04 05:46:00,1.1775,1.1775,1.1774,1.1775,3264.3,13
2025-07-04 05:48:00,1.1775,1.1776,1.1775,1.1775,15321.7,13
2025-07-04 05:50:00,1.1775,1.1775,1.1774,1.1774,4276.7,21
2025-07-04 05:52:00,1.1774,1.1775,1.1774,1.1775,3620.8,21
2025-07-04 05:54:00,1.1774,1.1775,1.1774,1.1775,10809.6,29
2025-07-04 05:56:00,1.1774,1.1776,1.1774,1.1775,63188.2,48
2025-07-04 05:58:00,1.1775,1.1776,1.1774,1.1775,57500.9,36
2025-07-04 06:00:00,1.1775,1.1775,1.1771,1.1772,35636.4,45
2025-07-04 06:02:00,1.1772,1.1772,1.1769,1.177,68191.2,67
2025-07-04 06:04:00,1.1769,1.1769,1.1768,1.1769,37891.1,38
2025-07-04 06:06:00,1.1769,1.177,1.1768,1.177,80414.09999999999,26
2025-07-04 06:08:00,1.177,1.177,1.1769,1.1769,41482.4,25
2025-07-04 06:10:00,1.1769,1.1771,1.1767,1.1771,204519.3,81
2025-07-04 06:12:00,1.1771,1.1772,1.177,1.1772,219819.6,162
2025-07-04 06:14:00,1.1771,1.1774,1.1771,1.1773,55127.3,69
2025-07-04 06:16:00,1.1773,1.1775,1.1773,1.1773,113669.6,50
2025-07-04 06:18:00,1.1773,1.1775,1.1773,1.1775,168374.8,113
2025-07-04 06:20:00,1.1774,1.1776,1.1774,1.1775,38644.1,31
2025-07-04 06:22:00,1.1775,1.1775,1.1774,1.1775,24757.0,23
2025-07-04 06:24:00,1.1775,1.1777,1.1775,1.1776,104919.2,66
2025-07-04 06:26:00,1.1776,1.1776,1.1772,1.1772,88720.0,38
2025-07-04 06:28:00,1.1773,1.1773,1.1771,1.1772,32161.5,74
2025-07-04 06:30:00,1.1772,1.1772,1.177,1.1771,37482.7,78
2025-07-04 06:32:00,1.177,1.177,1.1768,1.1768,8865.7,29
2025-07-04 06:34:00,1.1769,1.1769,1.1768,1.1768,28355.2,66
2025-07-04 06:36:00,1.1768,1.177,1.1768,1.177,70387.09999999999,56
2025-07-04 06:38:00,1.1769,1.177,1.1768,1.1769,11506.1,33
2025-07-04 06:40:00,1.1768,1.1771,1.1768,1.177,43355.6,41
2025-07-04 06:42:00,1.177,1.1772,1.177,1.1772,39793.7,42
2025-07-04 06:44:00,1.1772,1.1775,1.1772,1.1774,66716.0,63
2025-07-04 06:46:00,1.1774,1.1775,1.1772,1.1773,35010.7,58
2025-07-04 06:48:00,1.1773,1.1774,1.1772,1.1773,13082.4,23
2025-07-04 06:50:00,1.1773,1.1774,1.1771,1.1772,111286.7,70
2025-07-04 06:52:00,1.1772,1.1772,1.177,1.1771,4556.9,16
2025-07-04 06:54:00,1.1771,1.1773,1.177,1.1772,47507.7,37
2025-07-04 06:56:00,1.1772,1.1774,1.1772,1.1773,98250.8,42
2025-07-04 06:58:00,1.1772,1.1775,1.1772,1.1775,66221.9,59
2025-07-04 07:00:00,1.1775,1.1775,1.1773,1.1774,14687.3,54
2025-07-04 07:02:00,1.1774,1.1776,1.1774,1.1775,37096.8,66
2025-07-04 07:04:00,1.1775,1.1776,1.1772,1.1772,59436.6,49
2025-07-04 07:06:00,1.1772,1.1773,1.1771,1.1773,32445.5,31
2025-07-04 07:08:00,1.1773,1.1773,1.1772,1.1772,21116.3,46
2025-07-04 07:10:00,1.1772,1.1773,1.1771,1.1773,17408.0,45
2025-07-04 07:12:00,1.1772,1.1772,1.177,1.1771,55628.4,72
2025-07-04 07:14:00,1.1772,1.1772,1.177,1.1771,54025.1,64
2025-07-04 07:16:00,1.1772,1.1773,1.1771,1.1772,47503.299999999996,48
2025-07-04 07:18:00,1.1772,1.1773,1.1771,1.1771,110586.90000000001,68
2025-07-04 07:20:00,1.1771,1.1771,1.1768,1.1768,30183.2,52
2025-07-04 07:22:00,1.1769,1.1773,1.1768,1.1772,31659.2,43
2025-07-04 07:24:00,1.1772,1.1772,1.177,1.177,48217.799999999996,22
2025-07-04 07:26:00,1.1769,1.1771,1.1769,1.1771,15024.4,38
2025-07-04 07:28:00,1.177,1.1771,1.1769,1.177,11151.300000000001,25
2025-07-04 07:30:00,1.177,1.177,1.1766,1.1767,65340.2,117
2025-07-04 07:32:00,1.1767,1.1767,1.1765,1.1765,33397.1,42
2025-07-04 07:34:00,1.1765,1.1767,1.1764,1.1766,57005.8,38
2025-07-04 07:36:00,1.1767,1.1767,1.1764,1.1765,10978.2,18
2025-07-04 07:38:00,1.1765,1.1766,1.1764,1.1766,6702.7,27
2025-07-04 07:40:00,1.1766,1.1766,1.1765,1.1765,5603.1,13
2025-07-04 07:42:00,1.1765,1.1767,1.1765,1.1765,25736.100000000002,24
2025-07-04 07:44:00,1.1766,1.1769,1.1765,1.1769,108349.5,64
2025-07-04 07:46:00,1.177,1.1771,1.1769,1.1771,30341.399999999998,36
2025-07-04 07:48:00,1.177,1.1772,1.177,1.1771,34496.9,55
2025-07-04 07:50:00,1.1772,1.1772,1.1769,1.177,49618.6,74
2025-07-04 07:52:00,1.1769,1.1771,1.1769,1.1769,22860.899999999998,56
2025-07-04 07:54:00,1.1769,1.177,1.1768,1.1768,37251.3,43
2025-07-04 07:56:00,1.1768,1.177,1.1767,1.1767,22659.9,31
2025-07-04 07:58:00,1.1767,1.1767,1.1765,1.1765,7020.8,27
2025-07-04 08:00:00,1.1765,1.1767,1.1765,1.1766,53791.3,57
2025-07-04 08:02:00,1.1767,1.177,1.1766,1.177,41147.3,61
2025-07-04 08:04:00,1.1769,1.1772,1.1768,1.1769,86209.1,110
2025-07-04 08:06:00,1.1768,1.177,1.1768,1.1769,25422.600000000002,47
2025-07-04 08:08:00,1.1769,1.1771,1.1769,1.1771,31387.7,46
2025-07-04 08:10:00,1.1771,1.1771,1.177,1.1771,27360.5,61
2025-07-04 08:12:00,1.1771,1.1771,1.177,1.1771,20288.3,46
2025-07-04 08:14:00,1.177,1.1771,1.1769,1.177,51453.799999999996,50
2025-07-04 08:16:00,1.177,1.177,1.1768,1.1769,55227.2,50
2025-07-04 08:18:00,1.1769,1.177,1.1768,1.177,42480.1,48
2025-07-04 08:20:00,1.1769,1.177,1.1765,1.1765,32994.1,47
2025-07-04 08:22:00,1.1766,1.1766,1.1764,1.1764,18447.6,30
2025-07-04 08:24:00,1.1764,1.1766,1.1763,1.1765,65043.6,100
2025-07-04 08:26:00,1.1765,1.1765,1.1763,1.1763,22487.7,35
2025-07-04 08:28:00,1.1763,1.1764,1.1763,1.1764,11690.7,31
2025-07-04 08:30:00,1.1763,1.1765,1.1763,1.1764,34085.0,128
2025-07-04 08:32:00,1.1764,1.1766,1.1764,1.1765,21451.7,46
2025-07-04 08:34:00,1.1766,1.1767,1.1765,1.1766,14112.3,38
2025-07-04 08:36:00,1.1767,1.1768,1.1766,1.1767,18248.6,43
2025-07-04 08:38:00,1.1768,1.1768,1.1767,1.1767,31755.4,31
2025-07-04 08:40:00,1.1767,1.1768,1.1766,1.1767,9720.0,32
2025-07-04 08:42:00,1.1767,1.1768,1.1766,1.1767,55115.200000000004,69
2025-07-04 08:44:00,1.1768,1.177,1.1767,1.1769,88106.3,73
2025-07-04 08:46:00,1.1769,1.177,1.1766,1.1766,28211.3,47
2025-07-04 08:48:00,1.1767,1.1767,1.1766,1.1767,28008.8,31
2025-07-04 08:50:00,1.1766,1.1768,1.1766,1.1767,25599.4,38
2025-07-04 08:52:00,1.1766,1.1768,1.1766,1.1767,10536.0,35
2025-07-04 08:54:00,1.1767,1.1768,1.1767,1.1768,10527.1,26
2025-07-04 08:56:00,1.1767,1.1768,1.1766,1.1766,34895.1,53
2025-07-04 08:58:00,1.1767,1.1767,1.1765,1.1765,116214.5,88
2025-07-04 09:00:00,1.1764,1.1766,1.1764,1.1766,32466.9,38
2025-07-04 09:02:00,1.1765,1.1766,1.1764,1.1765,33402.2,41
2025-07-04 09:04:00,1.1764,1.1766,1.1764,1.1766,15239.9,38
2025-07-04 09:06:00,1.1766,1.1766,1.1763,1.1764,71771.2,44
2025-07-04 09:08:00,1.1764,1.1766,1.1763,1.1766,60748.1,52
2025-07-04 09:10:00,1.1765,1.1766,1.1764,1.1765,9318.5,31
2025-07-04 09:12:00,1.1765,1.1765,1.1763,1.1764,42699.0,43
2025-07-04 09:14:00,1.1764,1.1765,1.1763,1.1765,69175.5,159
2025-07-04 09:16:00,1.1764,1.1767,1.1764,1.1766,16820.2,41
2025-07-04 09:18:00,1.1766,1.1768,1.1766,1.1767,55459.9,34
2025-07-04 09:20:00,1.1767,1.1768,1.1767,1.1767,5080.0,27
2025-07-04 09:22:00,1.1767,1.1768,1.1767,1.1767,71723.1,50
2025-07-04 09:24:00,1.1767,1.1768,1.1767,1.1767,17987.0,29
2025-07-04 09:26:00,1.1767,1.1768,1.1767,1.1767,7099.9,25
2025-07-04 09:28:00,1.1768,1.1769,1.1767,1.1768,66042.2,53
2025-07-04 09:30:00,1.1768,1.177,1.1768,1.1768,42589.1,44
2025-07-04 09:32:00,1.1768,1.1769,1.1767,1.1767,145455.6,104
2025-07-04 09:34:00,1.1767,1.1768,1.1767,1.1768,65009.8,27
2025-07-04 09:36:00,1.1768,1.177,1.1768,1.1769,67670.1,50
2025-07-04 09:38:00,1.177,1.177,1.1769,1.1769,9984.7,21
2025-07-04 09:40:00,1.1769,1.1772,1.1769,1.1772,32602.4,55
2025-07-04 09:42:00,1.1771,1.1772,1.1771,1.1772,18057.3,42
2025-07-04 09:44:00,1.1771,1.1773,1.1771,1.1772,61913.3,36
2025-07-04 09:46:00,1.1771,1.1773,1.1771,1.1772,94878.4,32
2025-07-04 09:48:00,1.1773,1.1773,1.177,1.177,43511.9,32
2025-07-04 09:50:00,1.1771,1.1771,1.1769,1.1771,30443.6,41
2025-07-04 09:52:00,1.177,1.1772,1.177,1.1771,24435.5,26
2025-07-04 09:54:00,1.1772,1.1772,1.1771,1.1771,10354.2,37
2025-07-04 09:56:00,1.1772,1.1773,1.1771,1.1772,46285.6,57
2025-07-04 09:58:00,1.1772,1.1772,1.177,1.177,18379.8,33
2025-07-04 10:00:00,1.1771,1.1771,1.177,1.177,19466.6,34
2025-07-04 10:02:00,1.1771,1.1772,1.177,1.1772,114679.9,49
2025-07-04 10:04:00,1.1772,1.1773,1.1771,1.1772,82124.4,39
2025-07-04 10:06:00,1.1772,1.1772,1.1771,1.1771,49356.0,41
2025-07-04 10:08:00,1.1771,1.1772,1.1771,1.1771,14694.4,32
2025-07-04 10:10:00,1.1772,1.1772,1.177,1.1771,63671.2,80
2025-07-04 10:12:00,1.177,1.1771,1.177,1.177,18799.2,39
2025-07-04 10:14:00,1.177,1.1772,1.177,1.1771,25459.4,41
2025-07-04 10:16:00,1.1771,1.1773,1.1771,1.1772,28566.0,35
2025-07-04 10:18:00,1.1772,1.1773,1.1772,1.1773,12500.2,31
2025-07-04 10:20:00,1.1772,1.1774,1.1772,1.1772,69683.90000000001,39
2025-07-04 10:22:00,1.1772,1.1773,1.1771,1.1772,69680.2,36
2025-07-04 10:24:00,1.1773,1.1773,1.1772,1.1772,12173.3,33
2025-07-04 10:26:00,1.1772,1.1774,1.1772,1.1774,47855.6,46
2025-07-04 10:28:00,1.1774,1.1774,1.1773,1.1773,17437.6,40
2025-07-04 10:30:00,1.1773,1.1774,1.1772,1.1772,41851.2,49
2025-07-04 10:32:00,1.1773,1.1773,1.1772,1.1773,8284.8,34
2025-07-04 10:34:00,1.1773,1.1773,1.1771,1.1772,57400.1,36
2025-07-04 10:36:00,1.1772,1.1773,1.1772,1.1772,11915.8,35
2025-07-04 10:38:00,1.1772,1.1772,1.177,1.1771,54570.700000000004,29
2025-07-04 10:40:00,1.177,1.1771,1.177,1.177,25434.8,53
2025-07-04 10:42:00,1.1771,1.1771,1.177,1.177,7414.8,26
2025-07-04 10:44:00,1.177,1.1771,1.177,1.1771,44788.700000000004,40
2025-07-04 10:46:00,1.177,1.1772,1.177,1.1771,124618.59999999999,68
2025-07-04 10:48:00,1.1771,1.1772,1.1771,1.1772,36316.5,44
2025-07-04 10:50:00,1.1771,1.1772,1.177,1.1771,35029.6,59
2025-07-04 10:52:00,1.1771,1.1771,1.177,1.177,9446.0,31
2025-07-04 10:54:00,1.177,1.1771,1.1769,1.177,82679.0,48
2025-07-04 10:56:00,1.1769,1.177,1.1769,1.1769,8079.5,27
2025-07-04 10:58:00,1.1769,1.1772,1.1769,1.177,103343.9,66
2025-07-04 11:00:00,1.177,1.1773,1.177,1.1773,67797.8,35
2025-07-04 11:02:00,1.1773,1.1774,1.1772,1.1773,50457.9,37
2025-07-04 11:04:00,1.1773,1.1773,1.1772,1.1772,16168.5,35
2025-07-04 11:06:00,1.1773,1.1773,1.1772,1.1772,8986.2,23
2025-07-04 11:08:00,1.1773,1.1773,1.1772,1.1773,10518.5,29
2025-07-04 11:10:00,1.1772,1.1773,1.1771,1.1772,23942.7,36
2025-07-04 11:12:00,1.1772,1.1773,1.1771,1.1771,19237.8,38
2025-07-04 11:14:00,1.1771,1.1772,1.177,1.1772,90865.7,43
2025-07-04 11:16:00,1.1772,1.1773,1.1771,1.1772,14166.1,35
2025-07-04 11:18:00,1.1772,1.1775,1.1772,1.1775,54249.7,35
2025-07-04 11:20:00,1.1775,1.1775,1.1773,1.1773,61858.5,37
2025-07-04 11:22:00,1.1773,1.1774,1.1773,1.1774,12542.4,28
2025-07-04 11:24:00,1.1774,1.1774,1.1772,1.1772,61598.4,36
2025-07-04 11:26:00,1.1773,1.1773,1.1772,1.1772,8196.1,21
2025-07-04 11:28:00,1.1772,1.1773,1.1771,1.1772,6981.6,28
2025-07-04 11:30:00,1.1771,1.1772,1.1771,1.1771,13480.3,39
2025-07-04 11:32:00,1.1771,1.1772,1.177,1.177,44241.5,34
2025-07-04 11:34:00,1.1771,1.1771,1.1769,1.177,14856.1,34
2025-07-04 11:36:00,1.1769,1.177,1.1769,1.177,6009.3,38
2025-07-04 11:38:00,1.177,1.1771,1.1769,1.177,51544.7,42
2025-07-04 11:40:00,1.1771,1.1771,1.177,1.177,157206.0,74
2025-07-04 11:42:00,1.1771,1.1771,1.1768,1.1769,15206.5,57
2025-07-04 11:44:00,1.1768,1.1769,1.1768,1.1769,2333.9,28
2025-07-04 11:46:00,1.1769,1.1769,1.1768,1.1769,72184.5,40
2025-07-04 11:48:00,1.1769,1.177,1.1767,1.1768,72607.4,69
2025-07-04 11:50:00,1.1768,1.1768,1.1766,1.1767,55360.1,42
2025-07-04 11:52:00,1.1767,1.1768,1.1766,1.1766,21582.7,46
2025-07-04 11:54:00,1.1766,1.1767,1.1765,1.1765,11865.4,30
2025-07-04 11:56:00,1.1765,1.1766,1.1763,1.1764,142579.1,109
2025-07-04 11:58:00,1.1764,1.1764,1.1763,1.1764,27647.9,32
2025-07-04 12:00:00,1.1763,1.1765,1.1763,1.1765,108725.3,50
2025-07-04 12:02:00,1.1765,1.1766,1.1764,1.1765,42924.9,36
2025-07-04 12:04:00,1.1765,1.1766,1.1764,1.1764,13479.9,34
2025-07-04 12:06:00,1.1765,1.1765,1.1762,1.1762,27272.100000000002,42
2025-07-04 12:08:00,1.1763,1.1764,1.1761,1.1762,65912.7,26
2025-07-04 12:10:00,1.1762,1.1762,1.176,1.1761,36008.1,36
2025-07-04 12:12:00,1.1761,1.1761,1.176,1.1761,15694.099999999999,26
2025-07-04 12:14:00,1.176,1.1761,1.1759,1.1759,10964.9,42
2025-07-04 12:16:00,1.176,1.1761,1.1759,1.1761,45810.9,39
2025-07-04 12:18:00,1.1761,1.1762,1.176,1.1761,12193.7,39
2025-07-04 12:20:00,1.1762,1.1762,1.176,1.176,11592.4,34
2025-07-04 12:22:00,1.176,1.1761,1.1759,1.176,23031.5,35
2025-07-04 12:24:00,1.1759,1.176,1.1759,1.1759,27465.4,50
2025-07-04 12:26:00,1.1759,1.176,1.1758,1.1759,50904.799999999996,36
2025-07-04 12:28:00,1.1759,1.1761,1.1759,1.1761,52268.9,31
2025-07-04 12:30:00,1.1761,1.1762,1.176,1.1762,241325.3,52
2025-07-04 12:32:00,1.1761,1.1762,1.1761,1.1762,13411.1,36
2025-07-04 12:34:00,1.1761,1.1762,1.1761,1.1761,6857.3,19
2025-07-04 12:36:00,1.1762,1.1763,1.1761,1.1761,15690.3,41
2025-07-04 12:38:00,1.1761,1.1762,1.1761,1.1761,5666.8,28
2025-07-04 12:40:00,1.1761,1.1763,1.1761,1.1762,25953.5,32
2025-07-04 12:42:00,1.1763,1.1763,1.1761,1.1761,84658.2,50
2025-07-04 12:44:00,1.1762,1.1762,1.176,1.1761,33759.9,39
2025-07-04 12:46:00,1.1761,1.1761,1.1759,1.176,25963.7,31
2025-07-04 12:48:00,1.1759,1.1761,1.1759,1.1761,20169.8,23
2025-07-04 12:50:00,1.176,1.1761,1.176,1.1761,19884.8,44
2025-07-04 12:52:00,1.176,1.1761,1.176,1.176,13834.300000000001,33
2025-07-04 12:54:00,1.176,1.1761,1.176,1.1761,19740.2,41
2025-07-04 12:56:00,1.176,1.1761,1.1759,1.176,69508.5,80
2025-07-04 12:58:00,1.1759,1.1761,1.1759,1.1761,66164.09999999999,65
2025-07-04 13:00:00,1.1761,1.1762,1.176,1.1761,54708.2,43
2025-07-04 13:02:00,1.1762,1.1762,1.1761,1.1762,19655.8,38
2025-07-04 13:04:00,1.1761,1.1762,1.1761,1.1761,18286.9,27
2025-07-04 13:06:00,1.1761,1.1763,1.1761,1.1763,122447.5,63
2025-07-04 13:08:00,1.1762,1.1766,1.1762,1.1765,25528.0,35
2025-07-04 13:10:00,1.1766,1.1766,1.1763,1.1763,106334.3,65
2025-07-04 13:12:00,1.1764,1.1764,1.1762,1.1763,68618.7,34
2025-07-04 13:14:00,1.1762,1.1763,1.1762,1.1762,18542.1,47
2025-07-04 13:16:00,1.1763,1.1765,1.1762,1.1764,135687.1,114
2025-07-04 13:18:00,1.1765,1.1765,1.1764,1.1764,16607.1,32
2025-07-04 13:20:00,1.1764,1.1765,1.1763,1.1764,23430.9,40
2025-07-04 13:22:00,1.1763,1.1765,1.1763,1.1764,59094.7,56
2025-07-04 13:24:00,1.1764,1.1765,1.1763,1.1764,100158.0,64
2025-07-04 13:26:00,1.1764,1.1766,1.1764,1.1764,42417.4,48
2025-07-04 13:28:00,1.1765,1.1765,1.1763,1.1763,10769.5,31
2025-07-04 13:30:00,1.1764,1.1764,1.1763,1.1764,44220.8,50
2025-07-04 13:32:00,1.1762,1.1763,1.1761,1.1763,136399.8,85
2025-07-04 13:34:00,1.1762,1.1762,1.1761,1.1762,55641.2,58
2025-07-04 13:36:00,1.1762,1.1764,1.1761,1.1764,83557.3,52
2025-07-04 13:38:00,1.1763,1.1765,1.1763,1.1765,19270.0,50
2025-07-04 13:40:00,1.1764,1.1765,1.1763,1.1764,68596.0,52
2025-07-04 13:42:00,1.1763,1.1767,1.1763,1.1766,19847.8,74
2025-07-04 13:44:00,1.1767,1.1767,1.1766,1.1766,28684.5,37
2025-07-04 13:46:00,1.1767,1.1767,1.1764,1.1765,116301.0,65
2025-07-04 13:48:00,1.1765,1.1767,1.1764,1.1766,69450.9,88
2025-07-04 13:50:00,1.1767,1.1767,1.1765,1.1766,54928.4,74
2025-07-04 13:52:00,1.1766,1.1769,1.1765,1.1769,205902.6,121
2025-07-04 13:54:00,1.1768,1.177,1.1768,1.1769,43529.0,62
2025-07-04 13:56:00,1.1769,1.1771,1.1768,1.1771,80584.3,63
2025-07-04 13:58:00,1.177,1.1771,1.177,1.1771,19570.1,43
2025-07-04 14:00:00,1.177,1.1773,1.1769,1.1772,158400.30000000002,146
2025-07-04 14:02:00,1.1773,1.1774,1.1772,1.1773,133307.5,74
2025-07-04 14:04:00,1.1773,1.1776,1.1773,1.1775,133066.6,163
2025-07-04 14:06:00,1.1775,1.1778,1.1775,1.1776,176785.1,128
2025-07-04 14:08:00,1.1776,1.1777,1.1775,1.1776,51178.6,79
2025-07-04 14:10:00,1.1776,1.1776,1.1774,1.1775,51744.0,74
2025-07-04 14:12:00,1.1775,1.1777,1.1774,1.1776,129500.4,92
2025-07-04 14:14:00,1.1777,1.1777,1.1775,1.1775,50810.2,43
2025-07-04 14:16:00,1.1775,1.1777,1.1775,1.1776,71594.5,58
2025-07-04 14:18:00,1.1777,1.1777,1.1773,1.1773,67556.2,56
2025-07-04 14:20:00,1.1774,1.1774,1.1772,1.1774,187683.6,196
2025-07-04 14:22:00,1.1774,1.1775,1.1773,1.1775,68856.2,64
2025-07-04 14:24:00,1.1774,1.1777,1.1774,1.1776,101720.6,64
2025-07-04 14:26:00,1.1777,1.1778,1.1777,1.1778,52256.799999999996,60
2025-07-04 14:28:00,1.1778,1.1778,1.1776,1.1776,33317.5,21
2025-07-04 14:30:00,1.1776,1.1776,1.1774,1.1774,63720.299999999996,54
2025-07-04 14:32:00,1.1774,1.1775,1.1772,1.1773,85551.2,59
2025-07-04 14:34:00,1.1772,1.1773,1.1772,1.1772,32173.0,43
2025-07-04 14:36:00,1.1772,1.1773,1.1772,1.1772,28727.600000000002,52
2025-07-04 14:38:00,1.1772,1.1772,1.1769,1.1769,243930.0,69
2025-07-04 14:40:00,1.1769,1.177,1.1769,1.1769,44683.4,54
2025-07-04 14:42:00,1.177,1.177,1.1768,1.1768,38819.4,39
2025-07-04 14:44:00,1.1768,1.1769,1.1767,1.1767,29982.3,45
2025-07-04 14:46:00,1.1767,1.177,1.1767,1.1768,236031.2,129
2025-07-04 14:48:00,1.1768,1.1769,1.1768,1.1768,79740.7,65
2025-07-04 14:50:00,1.1768,1.177,1.1768,1.1769,79383.2,83
2025-07-04 14:52:00,1.1768,1.1768,1.1767,1.1768,32697.8,42
2025-07-04 14:54:00,1.1767,1.1772,1.1767,1.177,227036.90000000002,84
2025-07-04 14:56:00,1.177,1.177,1.1767,1.1767,153710.4,132
2025-07-04 14:58:00,1.1766,1.1769,1.1766,1.1768,84282.9,69
2025-07-04 15:00:00,1.1769,1.1769,1.1768,1.1768,20933.3,36
2025-07-04 15:02:00,1.1768,1.1769,1.1768,1.1769,18475.3,37
2025-07-04 15:04:00,1.1768,1.1769,1.1767,1.1768,10723.2,68
2025-07-04 15:06:00,1.1767,1.1769,1.1767,1.1769,54367.9,60
2025-07-04 15:08:00,1.1769,1.177,1.1768,1.1769,48053.6,67
2025-07-04 15:10:00,1.177,1.1771,1.1769,1.177,60768.5,49
2025-07-04 15:12:00,1.1771,1.1771,1.1768,1.1769,39571.2,55
2025-07-04 15:14:00,1.1769,1.1769,1.1767,1.1767,21691.7,51
2025-07-04 15:16:00,1.1767,1.1768,1.1766,1.1767,48533.6,41
2025-07-04 15:18:00,1.1767,1.177,1.1767,1.1769,22698.3,44
2025-07-04 15:20:00,1.177,1.177,1.1768,1.1768,27271.6,62
2025-07-04 15:22:00,1.1768,1.177,1.1768,1.177,26135.8,55
2025-07-04 15:24:00,1.1769,1.177,1.1768,1.1769,36805.4,65
2025-07-04 15:26:00,1.1768,1.1769,1.1768,1.1768,15305.5,82
2025-07-04 15:28:00,1.1769,1.177,1.1768,1.1769,90283.7,130
2025-07-04 15:30:00,1.177,1.1771,1.177,1.1771,25027.5,53
2025-07-04 15:32:00,1.177,1.1772,1.177,1.177,39002.4,96
2025-07-04 15:34:00,1.1771,1.1771,1.177,1.1771,44718.4,95
2025-07-04 15:36:00,1.1771,1.1772,1.1771,1.1771,47647.5,59
2025-07-04 15:38:00,1.1771,1.1772,1.1771,1.1772,44412.0,49
2025-07-04 15:40:00,1.1772,1.1773,1.1771,1.1771,39127.5,46
2025-07-04 15:42:00,1.1772,1.1772,1.1771,1.1772,12584.0,31
2025-07-04 15:44:00,1.1771,1.1774,1.1771,1.1774,157148.80000000002,93
2025-07-04 15:46:00,1.1774,1.1775,1.1774,1.1775,24351.5,41
2025-07-04 15:48:00,1.1774,1.1775,1.1772,1.1773,49502.6,50
2025-07-04 15:50:00,1.1772,1.1775,1.1772,1.1775,143472.5,67
2025-07-04 15:52:00,1.1775,1.1775,1.1773,1.1774,31500.9,54
2025-07-04 15:54:00,1.1774,1.1774,1.1773,1.1774,11072.5,29
2025-07-04 15:56:00,1.1774,1.1774,1.1772,1.1773,12273.3,43
2025-07-04 15:58:00,1.1772,1.1773,1.177,1.1771,55107.2,85
2025-07-04 16:00:00,1.177,1.177,1.1768,1.1769,126233.9,69
2025-07-04 16:02:00,1.1769,1.177,1.1769,1.177,127390.5,105
2025-07-04 16:04:00,1.177,1.1771,1.1769,1.177,61092.700000000004,42
2025-07-04 16:06:00,1.177,1.1771,1.177,1.1771,37855.2,116
2025-07-04 16:08:00,1.177,1.1772,1.177,1.1771,145924.7,67
2025-07-04 16:10:00,1.1771,1.1772,1.177,1.1772,46699.9,64
2025-07-04 16:12:00,1.1772,1.1772,1.1771,1.1771,23859.7,33
2025-07-04 16:14:00,1.1771,1.1772,1.1771,1.1771,31977.4,50
2025-07-04 16:16:00,1.1771,1.1771,1.1769,1.1769,175067.8,366
2025-07-04 16:18:00,1.177,1.177,1.1769,1.1769,38372.9,73
2025-07-04 16:20:00,1.1769,1.177,1.1769,1.1769,57242.6,103
2025-07-04 16:22:00,1.1769,1.177,1.1769,1.1769,16337.1,38
2025-07-04 16:24:00,1.1769,1.177,1.1769,1.177,52011.8,59
2025-07-04 16:26:00,1.1769,1.177,1.1769,1.177,25673.8,51
2025-07-04 16:28:00,1.1769,1.1771,1.1769,1.177,77393.5,145
2025-07-04 16:30:00,1.1771,1.1771,1.177,1.177,17825.3,50
2025-07-04 16:32:00,1.177,1.1771,1.177,1.177,14056.6,38
2025-07-04 16:34:00,1.1771,1.1771,1.1769,1.1769,21456.6,43
2025-07-04 16:36:00,1.1769,1.177,1.1769,1.1769,16330.0,54
2025-07-04 16:38:00,1.1769,1.177,1.1769,1.1769,18784.2,41
2025-07-04 16:40:00,1.177,1.177,1.1769,1.177,7144.1,29
2025-07-04 16:42:00,1.1769,1.177,1.1768,1.1769,22820.3,51
2025-07-04 16:44:00,1.1769,1.1769,1.1768,1.1768,64255.2,55
2025-07-04 16:46:00,1.1769,1.1769,1.1768,1.1769,60892.9,83
2025-07-04 16:48:00,1.1769,1.1769,1.1768,1.1769,103077.2,125
2025-07-04 16:50:00,1.1768,1.1769,1.1767,1.1767,140547.1,57
2025-07-04 16:52:00,1.1768,1.1769,1.1767,1.1768,78715.4,41
2025-07-04 16:54:00,1.1769,1.1769,1.1768,1.1768,9216.1,42
2025-07-04 16:56:00,1.1768,1.1769,1.1768,1.1769,5373.9,30
2025-07-04 16:58:00,1.1769,1.1769,1.1768,1.1769,6912.2,35
2025-07-04 17:00:00,1.1768,1.1768,1.1767,1.1768,66581.0,47
2025-07-04 17:02:00,1.1767,1.1768,1.1767,1.1767,8755.5,35
2025-07-04 17:04:00,1.1767,1.177,1.1767,1.1769,118762.8,70
2025-07-04 17:06:00,1.177,1.177,1.1769,1.177,32349.2,70
2025-07-04 17:08:00,1.1769,1.1769,1.1768,1.1768,30786.7,60
2025-07-04 17:10:00,1.1768,1.1769,1.1768,1.1768,28334.399999999998,57
2025-07-04 17:12:00,1.1769,1.1769,1.1768,1.1768,20719.100000000002,42
2025-07-04 17:14:00,1.1768,1.1769,1.1767,1.1767,20593.8,58
2025-07-04 17:16:00,1.1767,1.1768,1.1767,1.1767,21614.399999999998,53
2025-07-04 17:18:00,1.1767,1.1768,1.1767,1.1767,10166.4,35
2025-07-04 17:20:00,1.1768,1.1768,1.1766,1.1767,156864.69999999998,102
2025-07-04 17:22:00,1.1768,1.1768,1.1767,1.1767,16626.8,38
2025-07-04 17:24:00,1.1768,1.1768,1.1767,1.1768,11902.9,36
2025-07-04 17:26:00,1.1768,1.1769,1.1767,1.1768,14286.9,42
2025-07-04 17:28:00,1.1769,1.1769,1.1768,1.1768,18046.2,32
2025-07-04 17:30:00,1.1768,1.1769,1.1768,1.1769,14453.699999999999,44
2025-07-04 17:32:00,1.1769,1.1769,1.1768,1.1769,19488.4,43
2025-07-04 17:34:00,1.1769,1.1769,1.1768,1.1768,21571.3,55
2025-07-04 17:36:00,1.1768,1.1769,1.1767,1.1767,39659.1,42
2025-07-04 17:38:00,1.1767,1.1769,1.1767,1.1768,59087.4,56
2025-07-04 17:40:00,1.1768,1.1769,1.1767,1.1767,72902.59999999999,46
2025-07-04 17:42:00,1.1767,1.1768,1.1767,1.1767,7976.5,29
2025-07-04 17:44:00,1.1767,1.1767,1.1767,1.1767,11967.6,27
2025-07-04 17:46:00,1.1767,1.1768,1.1767,1.1767,19335.6,41
2025-07-04 17:48:00,1.1767,1.1768,1.1767,1.1768,12425.0,37
2025-07-04 17:50:00,1.1767,1.1768,1.1767,1.1767,23527.1,42
2025-07-04 17:52:00,1.1767,1.1768,1.1767,1.1767,10757.6,37
2025-07-04 17:54:00,1.1767,1.1768,1.1767,1.1768,16473.1,42
2025-07-04 17:56:00,1.1767,1.1768,1.1766,1.1767,22082.6,39
2025-07-04 17:58:00,1.1767,1.1768,1.1767,1.1767,17620.8,28
2025-07-04 18:00:00,1.1768,1.1768,1.1767,1.1767,23825.0,78
2025-07-04 18:02:00,1.1768,1.1768,1.1767,1.1768,8734.1,26
2025-07-04 18:04:00,1.1768,1.1768,1.1767,1.1767,10055.699999999999,27
2025-07-04 18:06:00,1.1768,1.1768,1.1767,1.1767,7137.7,32
2025-07-04 18:08:00,1.1768,1.1768,1.1767,1.1768,12481.4,32
2025-07-04 18:10:00,1.1767,1.1768,1.1766,1.1766,9332.6,39
2025-07-04 18:12:00,1.1766,1.1767,1.1766,1.1766,4829.7,21
2025-07-04 18:14:00,1.1766,1.1767,1.1766,1.1766,11141.0,38
2025-07-04 18:16:00,1.1767,1.1767,1.1766,1.1767,33549.0,45
2025-07-04 18:18:00,1.1766,1.1767,1.1766,1.1766,2320.6,18
2025-07-04 18:20:00,1.1767,1.1767,1.1765,1.1765,7661.7,30
2025-07-04 18:22:00,1.1766,1.1766,1.1765,1.1766,6643.900000000001,21
2025-07-04 18:24:00,1.1765,1.1766,1.1765,1.1766,11563.0,36
2025-07-04 18:26:00,1.1766,1.1767,1.1766,1.1766,83247.9,58
2025-07-04 18:28:00,1.1766,1.1767,1.1766,1.1767,6914.7,39
2025-07-04 18:30:00,1.1766,1.1767,1.1766,1.1766,10227.7,31
2025-07-04 18:32:00,1.1766,1.1767,1.1766,1.1766,9139.8,25
2025-07-04 18:34:00,1.1766,1.1767,1.1766,1.1766,8849.5,27
2025-07-04 18:36:00,1.1766,1.1767,1.1766,1.1766,3470.5,20
2025-07-04 18:38:00,1.1766,1.1767,1.1766,1.1767,10573.7,31
2025-07-04 18:40:00,1.1766,1.1767,1.1766,1.1767,17269.7,66
2025-07-04 18:42:00,1.1766,1.1767,1.1766,1.1766,9605.3,29
2025-07-04 18:44:00,1.1766,1.1767,1.1766,1.1767,13028.1,36
2025-07-04 18:46:00,1.1766,1.1768,1.1766,1.1768,75898.2,91
2025-07-04 18:48:00,1.1769,1.1769,1.1768,1.1768,21459.1,83
2025-07-04 18:50:00,1.1769,1.1769,1.1768,1.1769,13039.6,32
2025-07-04 18:52:00,1.1768,1.1769,1.1768,1.1768,13189.4,29
2025-07-04 18:54:00,1.1768,1.1769,1.1768,1.1769,6979.599999999999,30
2025-07-04 18:56:00,1.1768,1.177,1.1768,1.177,56966.6,72
2025-07-04 18:58:00,1.1769,1.177,1.1769,1.177,6079.6,26
2025-07-04 19:00:00,1.1769,1.177,1.1769,1.177,62686.4,77
2025-07-04 19:02:00,1.177,1.177,1.1769,1.177,10953.2,27
2025-07-04 19:04:00,1.1769,1.1771,1.1769,1.177,26995.5,46
2025-07-04 19:06:00,1.177,1.1771,1.177,1.177,5890.3,23
2025-07-04 19:08:00,1.177,1.177,1.1769,1.1769,25560.0,25
2025-07-04 19:10:00,1.1769,1.177,1.1769,1.1769,13658.5,17
2025-07-04 19:12:00,1.1769,1.177,1.1768,1.1769,84605.6,73
2025-07-04 19:14:00,1.1769,1.177,1.1769,1.1769,8662.4,19
2025-07-04 19:16:00,1.1769,1.177,1.1769,1.1769,17562.9,44
2025-07-04 19:18:00,1.1769,1.177,1.1769,1.1769,9473.6,29
2025-07-04 19:20:00,1.177,1.177,1.1768,1.1769,12446.8,36
2025-07-04 19:22:00,1.1768,1.1769,1.1768,1.1768,12264.9,26
2025-07-04 19:24:00,1.1769,1.1769,1.1767,1.1767,40818.8,51
2025-07-04 19:26:00,1.1767,1.1768,1.1767,1.1767,5841.4,19
2025-07-04 19:28:00,1.1768,1.1768,1.1767,1.1767,6125.2,40
2025-07-04 19:30:00,1.1768,1.1768,1.1767,1.1767,6148.7,21
2025-07-04 19:32:00,1.1767,1.1768,1.1767,1.1767,7631.6,27
2025-07-04 19:34:00,1.1768,1.1768,1.1767,1.1767,4738.8,30
2025-07-04 19:36:00,1.1767,1.1768,1.1767,1.1768,22549.9,27
2025-07-04 19:38:00,1.1767,1.1768,1.1767,1.1767,20604.6,30
2025-07-04 19:40:00,1.1767,1.1768,1.1767,1.1767,29031.9,39
2025-07-04 19:42:00,1.1767,1.1767,1.1766,1.1767,46558.7,34
2025-07-04 19:44:00,1.1766,1.1767,1.1766,1.1766,29726.9,43
2025-07-04 19:46:00,1.1767,1.1767,1.1766,1.1766,32819.8,30
2025-07-04 19:48:00,1.1766,1.1767,1.1766,1.1767,3154.0,19
2025-07-04 19:50:00,1.1766,1.1767,1.1766,1.1767,17251.0,34
2025-07-04 19:52:00,1.1766,1.1767,1.1766,1.1767,11137.5,26
2025-07-04 19:54:00,1.1766,1.1767,1.1766,1.1767,4886.7,22
2025-07-04 19:56:00,1.1766,1.1767,1.1766,1.1766,14010.699999999999,26
2025-07-04 19:58:00,1.1766,1.1767,1.1766,1.1767,4889.7,22
2025-07-04 20:00:00,1.1766,1.1767,1.1766,1.1766,15184.6,28
2025-07-04 20:02:00,1.1767,1.1767,1.1766,1.1767,10471.3,33
2025-07-04 20:04:00,1.1766,1.1767,1.1766,1.1766,4032.4,29
2025-07-04 20:06:00,1.1766,1.1769,1.1766,1.1769,186497.0,83
2025-07-04 20:08:00,1.1769,1.1772,1.1768,1.1771,63357.4,48
2025-07-04 20:10:00,1.1771,1.1774,1.1771,1.1774,57263.0,67
2025-07-04 20:12:00,1.1774,1.1775,1.1772,1.1772,116519.1,47
2025-07-04 20:14:00,1.1773,1.1773,1.1771,1.1772,62880.6,38
2025-07-04 20:16:00,1.1772,1.1772,1.177,1.177,46466.1,21
2025-07-04 20:18:00,1.177,1.1771,1.177,1.177,11388.9,19
2025-07-04 20:20:00,1.177,1.1771,1.177,1.177,5544.0,26
2025-07-04 20:22:00,1.177,1.1771,1.177,1.1771,10991.9,31
2025-07-04 20:24:00,1.1771,1.1771,1.177,1.177,6560.5,26
2025-07-04 20:26:00,1.177,1.1772,1.177,1.177,151463.0,48
2025-07-04 20:28:00,1.177,1.177,1.1769,1.177,5407.5,15
2025-07-04 20:30:00,1.177,1.177,1.1769,1.177,129388.20000000001,49
2025-07-04 20:32:00,1.177,1.177,1.1769,1.177,12194.6,21
2025-07-04 20:34:00,1.177,1.1772,1.1769,1.1771,167949.2,106
2025-07-04 20:36:00,1.1772,1.1772,1.1771,1.1771,16187.1,41
2025-07-04 20:38:00,1.1771,1.1772,1.1771,1.1772,6837.5,28
2025-07-04 20:40:00,1.1772,1.1772,1.1771,1.1771,4798.5,31
2025-07-04 20:42:00,1.1772,1.1772,1.1771,1.1772,13782.4,19
2025-07-04 20:44:00,1.1772,1.1772,1.1771,1.1772,13368.9,26
2025-07-04 20:46:00,1.1772,1.1772,1.1771,1.1771,28412.6,40
2025-07-04 20:48:00,1.1772,1.1772,1.1771,1.1772,13830.1,29
2025-07-04 20:50:00,1.1771,1.1771,1.1769,1.1769,60248.4,38
2025-07-04 20:52:00,1.1769,1.177,1.1767,1.1767,118062.6,42
2025-07-04 20:54:00,1.1767,1.1768,1.1766,1.1767,38078.9,35
2025-07-04 20:56:00,1.1767,1.1768,1.1766,1.1768,392166.3,131
2025-07-04 20:58:00,1.1768,1.1768,1.1767,1.1767,43781.0,50
2025-07-04 21:00:00,1.1766,1.1767,1.1766,1.1767,10679.5,25
2025-07-04 21:02:00,1.1767,1.1767,1.1766,1.1766,12180.7,36
2025-07-04 21:04:00,1.1766,1.1767,1.1766,1.1766,7361.900000000001,38
2025-07-04 21:06:00,1.1767,1.1767,1.1766,1.1767,10037.8,23
2025-07-04 21:08:00,1.1767,1.1767,1.1766,1.1767,15693.4,33
2025-07-04 21:10:00,1.1767,1.1767,1.1766,1.1767,14019.999999999998,21
2025-07-04 21:12:00,1.1767,1.1767,1.1766,1.1767,4551.2,17
2025-07-04 21:14:00,1.1767,1.1768,1.1766,1.1768,56723.3,57
2025-07-04 21:16:00,1.1768,1.1768,1.1767,1.1767,34224.0,21
2025-07-04 21:18:00,1.1768,1.1768,1.1767,1.1767,1085.1,12
2025-07-04 21:20:00,1.1768,1.1768,1.1767,1.1767,9483.2,19
2025-07-04 21:22:00,1.1767,1.1768,1.1767,1.1767,9771.9,29
2025-07-04 21:24:00,1.1768,1.1768,1.1767,1.1767,5114.2,23
2025-07-04 21:26:00,1.1767,1.1768,1.1767,1.1767,5889.5,24
2025-07-04 21:28:00,1.1768,1.1768,1.1767,1.1768,13081.5,25
2025-07-04 21:30:00,1.1767,1.1768,1.1767,1.1768,9557.1,31
2025-07-04 21:32:00,1.1767,1.1768,1.1766,1.1768,8787.1,50
2025-07-04 21:34:00,1.1767,1.1768,1.1767,1.1767,8509.5,45
2025-07-04 21:36:00,1.1768,1.1768,1.1767,1.1768,7219.8,35
2025-07-04 21:38:00,1.1768,1.1768,1.1767,1.1767,7112.1,25
2025-07-04 21:40:00,1.1767,1.1768,1.1767,1.1767,16752.8,27
2025-07-04 21:42:00,1.1768,1.1768,1.1767,1.1768,16600.4,22
2025-07-04 21:44:00,1.1766,1.1767,1.1766,1.1767,5733.9,24
2025-07-04 21:46:00,1.1767,1.1768,1.1766,1.1766,20428.100000000002,45
2025-07-04 21:48:00,1.1766,1.1767,1.1765,1.1766,6342.5,32
2025-07-04 21:50:00,1.1765,1.1767,1.1765,1.1765,10922.3,73
2025-07-04 21:52:00,1.1765,1.1766,1.1764,1.1765,7840.4,33
2025-07-04 21:54:00,1.1766,1.1766,1.1764,1.1765,16171.3,31
2025-07-04 21:56:00,1.1765,1.1766,1.1765,1.1765,8384.7,27
2025-07-04 21:58:00,1.1765,1.1766,1.1764,1.1764,17688.1,39
2025-07-04 22:00:00,1.1764,1.1765,1.1764,1.1764,4195.2,34
2025-07-04 22:02:00,1.1765,1.1765,1.1764,1.1764,9972.300000000001,33
2025-07-04 22:04:00,1.1765,1.1766,1.1764,1.1766,14912.199999999999,56
2025-07-04 22:06:00,1.1766,1.1766,1.1765,1.1766,9625.800000000001,30
2025-07-04 22:08:00,1.1766,1.1767,1.1765,1.1767,13671.7,68
2025-07-04 22:10:00,1.1766,1.1767,1.1766,1.1766,23472.3,56
2025-07-04 22:12:00,1.1766,1.1767,1.1765,1.1766,11796.6,29
2025-07-04 22:14:00,1.1765,1.1766,1.1765,1.1765,7289.5,28
2025-07-04 22:16:00,1.1765,1.1766,1.1765,1.1765,2376.6,22
2025-07-04 22:18:00,1.1766,1.1766,1.1765,1.1765,4237.8,92
2025-07-04 22:20:00,1.1766,1.1766,1.1764,1.1764,77039.5,149
2025-07-04 22:22:00,1.1765,1.1765,1.1764,1.1764,32784.4,100
2025-07-04 22:24:00,1.1765,1.1765,1.1764,1.1764,3106.3,19
2025-07-04 22:26:00,1.1765,1.1765,1.1764,1.1764,8157.400000000001,23
2025-07-04 22:28:00,1.1764,1.1765,1.1764,1.1764,14382.099999999999,22
2025-07-04 22:30:00,1.1764,1.1765,1.1764,1.1764,3917.7,22
2025-07-04 22:32:00,1.1764,1.1765,1.1764,1.1764,8059.8,17
2025-07-04 22:34:00,1.1764,1.1765,1.1764,1.1764,4503.6,18
2025-07-04 22:36:00,1.1764,1.1765,1.1764,1.1764,6681.8,19
2025-07-04 22:38:00,1.1764,1.1765,1.1764,1.1764,7017.0,20
2025-07-04 22:40:00,1.1764,1.1765,1.1764,1.1764,8878.0,51
2025-07-04 22:42:00,1.1764,1.1765,1.1763,1.1764,38140.4,62
2025-07-04 22:44:00,1.1763,1.1764,1.1763,1.1763,8304.8,26
2025-07-04 22:46:00,1.1764,1.1764,1.1763,1.1764,3399.4,21
2025-07-04 22:48:00,1.1763,1.1764,1.1763,1.1764,12302.2,31
2025-07-04 22:50:00,1.1763,1.1764,1.1763,1.1764,4604.2,22
2025-07-04 22:52:00,1.1763,1.1765,1.1763,1.1764,28171.0,43
2025-07-04 22:54:00,1.1764,1.1765,1.1764,1.1765,4868.9,20
2025-07-04 22:56:00,1.1764,1.1765,1.1763,1.1763,26402.0,56
2025-07-04 22:58:00,1.1763,1.1764,1.1763,1.1763,2299.5,15
2025-07-04 23:00:00,1.1763,1.1764,1.1763,1.1763,26071.1,74
2025-07-04 23:02:00,1.1763,1.1764,1.1763,1.1764,9374.0,33
2025-07-04 23:04:00,1.1763,1.1764,1.1763,1.1764,7703.0,27
2025-07-04 23:06:00,1.1764,1.1764,1.1763,1.1764,4481.4,26
2025-07-04 23:08:00,1.1764,1.1764,1.1763,1.1764,5251.4,11
2025-07-04 23:10:00,1.1763,1.1764,1.1763,1.1764,4304.0,20
2025-07-04 23:12:00,1.1763,1.1764,1.1763,1.1763,6802.099999999999,27
2025-07-04 23:14:00,1.1763,1.1764,1.1763,1.1764,7045.1,23
2025-07-04 23:16:00,1.1763,1.1764,1.1763,1.1763,4310.6,33
2025-07-04 23:18:00,1.1763,1.1764,1.1763,1.1763,5656.5,18
2025-07-04 23:20:00,1.1764,1.1764,1.1762,1.1762,33628.1,48
2025-07-04 23:22:00,1.1763,1.1763,1.1762,1.1763,3444.9,17
2025-07-04 23:24:00,1.1763,1.1763,1.1762,1.1763,5832.6,27
2025-07-04 23:26:00,1.1764,1.1764,1.1763,1.1763,2827.4,17
2025-07-04 23:28:00,1.1763,1.1764,1.1763,1.1764,1589.5,16
2025-07-04 23:30:00,1.1763,1.1764,1.1763,1.1764,7829.6,35
2025-07-04 23:32:00,1.1764,1.1764,1.1763,1.1764,4099.2,22
2025-07-04 23:34:00,1.1764,1.1764,1.1763,1.1764,4411.2,21
2025-07-04 23:36:00,1.1763,1.1764,1.1763,1.1763,3256.6,14
2025-07-04 23:38:00,1.1763,1.1764,1.1763,1.1763,5423.3,21
2025-07-04 23:40:00,1.1764,1.1764,1.1762,1.1762,18108.5,35
2025-07-04 23:42:00,1.1763,1.1763,1.1762,1.1762,781.9,14
2025-07-04 23:44:00,1.1762,1.1763,1.1762,1.1762,6377.200000000001,14
2025-07-04 23:46:00,1.1762,1.1763,1.1762,1.1762,545.0,13
2025-07-04 23:48:00,1.1762,1.1763,1.1762,1.1763,1262.1,20
2025-07-04 23:50:00,1.1763,1.1763,1.1762,1.1763,3678.7,21
2025-07-04 23:52:00,1.1763,1.1763,1.1762,1.1763,5396.8,16
2025-07-04 23:54:00,1.1763,1.1763,1.1762,1.1763,9814.5,22
2025-07-04 23:56:00,1.1763,1.1763,1.1762,1.1763,4209.5,14
2025-07-04 23:58:00,1.1762,1.1763,1.1762,1.1763,1471.8,14
2025-07-05 00:00:00,1.1763,1.1763,1.1762,1.1763,2517.8,10
2025-07-05 00:02:00,1.1763,1.1763,1.1762,1.1763,5136.5,26
2025-07-05 00:04:00,1.1763,1.1763,1.1762,1.1763,2227.6,25
2025-07-05 00:06:00,1.1762,1.1763,1.1762,1.1763,1624.1,17
2025-07-05 00:08:00,1.1763,1.1763,1.1762,1.1762,2228.7,13
2025-07-05 00:10:00,1.1763,1.1763,1.1762,1.1762,8744.5,27
2025-07-05 00:12:00,1.1762,1.1763,1.1762,1.1763,7323.5,28
2025-07-05 00:14:00,1.1763,1.1763,1.1762,1.1763,13960.5,27
2025-07-05 00:16:00,1.1763,1.1763,1.1762,1.1763,6453.3,17
2025-07-05 00:18:00,1.1763,1.1763,1.1762,1.1763,4967.7,19
2025-07-05 00:20:00,1.1763,1.1764,1.1763,1.1763,16982.4,25
2025-07-05 00:22:00,1.1763,1.1764,1.1763,1.1763,4401.2,21
2025-07-05 00:24:00,1.1763,1.1764,1.1763,1.1763,6821.6,13
2025-07-05 00:26:00,1.1763,1.1764,1.1763,1.1764,13123.1,22
2025-07-05 00:28:00,1.1763,1.1764,1.1763,1.1764,2849.5,15
2025-07-05 00:30:00,1.1764,1.1764,1.1762,1.1763,15218.1,113
2025-07-05 00:32:00,1.1763,1.1763,1.1762,1.1763,4062.5,18
2025-07-05 00:34:00,1.1763,1.1763,1.1762,1.1763,4103.7,13
2025-07-05 00:36:00,1.1763,1.1764,1.1763,1.1764,6897.3,20
2025-07-05 00:38:00,1.1763,1.1764,1.1763,1.1763,1257.0,11
2025-07-05 00:40:00,1.1763,1.1764,1.1763,1.1763,1931.3,18
2025-07-05 00:42:00,1.1764,1.1764,1.1763,1.1764,3581.8,20
2025-07-05 00:44:00,1.1763,1.1764,1.1763,1.1763,1916.6000000000001,10
2025-07-05 00:46:00,1.1763,1.1764,1.1763,1.1763,4506.7,10
2025-07-05 00:48:00,1.1764,1.1764,1.1763,1.1763,6827.7,24
2025-07-05 00:50:00,1.1764,1.1765,1.1764,1.1764,8971.0,36
2025-07-05 00:52:00,1.1764,1.1765,1.1764,1.1765,5764.3,20
2025-07-05 00:54:00,1.1764,1.1765,1.1764,1.1765,6360.9,14
2025-07-05 00:56:00,1.1765,1.1765,1.1764,1.1765,633.2,8
2025-07-05 00:58:00,1.1765,1.1765,1.1764,1.1764,144.9,5
2025-07-05 01:00:00,1.1764,1.1765,1.1764,1.1765,17723.1,71
2025-07-05 01:02:00,1.1764,1.1765,1.1764,1.1765,6153.1,24
2025-07-05 01:04:00,1.1765,1.1765,1.1764,1.1764,1702.7,14
2025-07-05 01:06:00,1.1765,1.1765,1.1764,1.1765,5453.4,17
2025-07-05 01:08:00,1.1765,1.1765,1.1764,1.1764,864.6,14
2025-07-05 01:10:00,1.1764,1.1765,1.1764,1.1765,4926.8,15
2025-07-05 01:12:00,1.1764,1.1765,1.1764,1.1764,8067.1,20
2025-07-05 01:14:00,1.1764,1.1765,1.1764,1.1764,2603.0,10
2025-07-05 01:16:00,1.1764,1.1765,1.1764,1.1764,6906.1,11
2025-07-05 01:18:00,1.1764,1.1765,1.1764,1.1764,5119.400000000001,12
2025-07-05 01:20:00,1.1764,1.1765,1.1764,1.1765,292.6,6
2025-07-05 01:22:00,1.1764,1.1764,1.1764,1.1764,1315.4,8
2025-07-05 01:24:00,1.1765,1.1765,1.1764,1.1764,1075.8,6
2025-07-05 01:26:00,1.1764,1.1765,1.1764,1.1765,2142.7,8
2025-07-05 01:28:00,1.1764,1.1765,1.1764,1.1764,408.8,5
2025-07-05 01:30:00,1.1765,1.1765,1.1764,1.1764,6096.2,12
2025-07-05 01:32:00,1.1764,1.1765,1.1764,1.1764,5660.6,21
2025-07-05 01:34:00,1.1764,1.1765,1.1764,1.1764,1501.5,12
2025-07-05 01:36:00,1.1764,1.1765,1.1764,1.1764,1003.1,18
2025-07-05 01:38:00,1.1765,1.1766,1.1764,1.1766,6260.8,21
2025-07-05 01:40:00,1.1765,1.1765,1.1765,1.1765,1452.4,9
2025-07-05 01:42:00,1.1765,1.1766,1.1765,1.1765,19054.0,40
2025-07-05 01:44:00,1.1765,1.1765,1.1764,1.1764,3725.0,10
2025-07-05 01:46:00,1.1764,1.1765,1.1764,1.1764,4072.1,46
2025-07-05 01:48:00,1.1764,1.1765,1.1764,1.1764,8383.2,21
2025-07-05 01:50:00,1.1764,1.1764,1.1764,1.1764,3834.9,6
2025-07-05 01:52:00,1.1764,1.1764,1.1763,1.1764,4245.3,19
2025-07-05 01:54:00,1.1764,1.1764,1.1763,1.1764,3970.4,15
2025-07-05 01:56:00,1.1764,1.1764,1.1763,1.1763,837.2,12
2025-07-05 01:58:00,1.1763,1.1764,1.1763,1.1763,541.4,4
2025-07-05 02:00:00,1.1764,1.1764,1.1763,1.1764,4165.2,54
2025-07-05 02:02:00,1.1764,1.1764,1.1763,1.1763,2107.9,23
2025-07-05 02:04:00,1.1763,1.1764,1.1763,1.1763,1529.0,25
2025-07-05 02:06:00,1.1763,1.1764,1.1763,1.1764,4655.0,29
2025-07-05 02:08:00,1.1764,1.1764,1.1763,1.1763,3261.9,39
2025-07-05 02:10:00,1.1763,1.1764,1.1763,1.1763,5394.5,39
2025-07-05 02:12:00,1.1763,1.1765,1.1763,1.1765,5132.4,36
2025-07-05 02:14:00,1.1765,1.1765,1.1764,1.1765,2994.6,28
2025-07-05 02:16:00,1.1764,1.1765,1.1764,1.1764,3258.5,26
2025-07-05 02:18:00,1.1764,1.1765,1.1764,1.1765,3834.3,26
2025-07-05 02:20:00,1.1764,1.1765,1.1764,1.1764,1746.1,27
2025-07-05 02:22:00,1.1765,1.1765,1.1764,1.1764,2467.7,29
2025-07-05 02:24:00,1.1765,1.1765,1.1764,1.1764,9704.4,47
2025-07-05 02:26:00,1.1764,1.1765,1.1764,1.1765,1783.3,29
2025-07-05 02:28:00,1.1764,1.1765,1.1764,1.1765,2887.0,38
2025-07-05 02:30:00,1.1764,1.1765,1.1764,1.1765,28535.1,169
2025-07-05 02:32:00,1.1764,1.1765,1.1763,1.1763,8699.4,49
2025-07-05 02:34:00,1.1764,1.1764,1.1763,1.1763,1715.9,22
2025-07-05 02:36:00,1.1764,1.1764,1.1763,1.1764,5803.2,29
2025-07-05 02:38:00,1.1763,1.1764,1.1763,1.1764,9288.199999999999,25
2025-07-05 02:40:00,1.1763,1.1764,1.1763,1.1763,1806.6,27
2025-07-05 02:42:00,1.1764,1.1765,1.1763,1.1765,6213.5,30
2025-07-05 02:44:00,1.1764,1.1765,1.1764,1.1765,2896.7,18
2025-07-05 02:46:00,1.1765,1.1766,1.1765,1.1765,11040.9,28
2025-07-05 02:48:00,1.1765,1.1766,1.1765,1.1765,5554.3,33
2025-07-05 02:50:00,1.1765,1.1766,1.1765,1.1765,1349.3,23
2025-07-05 02:52:00,1.1765,1.1766,1.1765,1.1765,1608.7,25
2025-07-05 02:54:00,1.1766,1.1766,1.1765,1.1766,1890.3999999999999,17
2025-07-05 02:56:00,1.1765,1.1766,1.1765,1.1765,4243.6,20
2025-07-05 02:58:00,1.1765,1.1766,1.1765,1.1765,1797.6,26
2025-07-05 03:00:00,1.1765,1.1766,1.1765,1.1766,1741.7,27
2025-07-05 03:02:00,1.1766,1.1766,1.1765,1.1765,7960.2,26
2025-07-05 03:04:00,1.1764,1.1766,1.1764,1.1766,34444.5,34
2025-07-05 03:06:00,1.1765,1.1765,1.1763,1.1765,68022.4,34
2025-07-05 03:08:00,1.1764,1.1765,1.1764,1.1764,8279.5,26
2025-07-05 03:10:00,1.1764,1.1765,1.1764,1.1764,3490.7,27
2025-07-05 03:12:00,1.1764,1.1765,1.1764,1.1765,3159.2,20
2025-07-05 03:14:00,1.1765,1.1765,1.1764,1.1764,7104.1,16
2025-07-05 03:16:00,1.1765,1.1765,1.1764,1.1765,1096.0,8
2025-07-05 03:18:00,1.1765,1.1766,1.1765,1.1765,62718.6,113
2025-07-05 03:20:00,1.1766,1.1766,1.1765,1.1766,4273.1,14
2025-07-05 03:22:00,1.1766,1.1766,1.1765,1.1766,5817.3,14
2025-07-05 03:24:00,1.1766,1.1766,1.1765,1.1766,3957.3,20
2025-07-05 03:26:00,1.1765,1.1766,1.1765,1.1765,6729.6,15
2025-07-05 03:28:00,1.1766,1.1766,1.1765,1.1766,1849.0,14
2025-07-05 03:30:00,1.1766,1.1766,1.1765,1.1766,2342.3,13
2025-07-05 03:32:00,1.1766,1.1766,1.1765,1.1766,3099.1,21
2025-07-05 03:34:00,1.1766,1.1766,1.1765,1.1766,5241.5,19
2025-07-05 03:36:00,1.1766,1.1766,1.1765,1.1766,2094.1,15
2025-07-05 03:38:00,1.1765,1.1765,1.1764,1.1765,7834.1,26
2025-07-05 03:40:00,1.1765,1.1765,1.1764,1.1764,2292.9,16
2025-07-05 03:42:00,1.1764,1.1765,1.1764,1.1764,6982.1,26
2025-07-05 03:44:00,1.1765,1.1765,1.1764,1.1764,1296.1,18
2025-07-05 03:46:00,1.1764,1.1765,1.1764,1.1765,7000.5,29
2025-07-05 03:48:00,1.1764,1.1765,1.1764,1.1765,1506.1,22
2025-07-05 03:50:00,1.1764,1.1765,1.1764,1.1765,1609.4,29
2025-07-05 03:52:00,1.1765,1.1765,1.1764,1.1764,1857.1000000000001,23
2025-07-05 03:54:00,1.1764,1.1765,1.1764,1.1765,4517.5,27
2025-07-05 03:56:00,1.1764,1.1765,1.1764,1.1765,2253.5,15
2025-07-05 03:58:00,1.1765,1.1765,1.1765,1.1765,752.8,7
2025-07-05 04:00:00,1.1765,1.1765,1.1764,1.1765,1907.3999999999999,16
2025-07-05 04:02:00,1.1765,1.1766,1.1764,1.1765,17002.4,55
2025-07-05 04:04:00,1.1765,1.1766,1.1765,1.1765,6048.3,33
2025-07-05 04:06:00,1.1766,1.1766,1.1765,1.1765,2318.2,20
2025-07-05 04:08:00,1.1766,1.1766,1.1765,1.1766,2295.2000000000003,14
2025-07-05 04:10:00,1.1766,1.1766,1.1765,1.1765,2632.0,31
2025-07-05 04:12:00,1.1765,1.1766,1.1765,1.1766,1767.4,29
2025-07-05 04:14:00,1.1766,1.1766,1.1765,1.1765,899.8,16
2025-07-05 04:16:00,1.1766,1.1766,1.1765,1.1766,1559.2,28
2025-07-05 04:18:00,1.1765,1.1766,1.1765,1.1765,1230.1,26
2025-07-05 04:20:00,1.1766,1.1766,1.1765,1.1765,1316.2,19
2025-07-05 04:22:00,1.1766,1.1766,1.1765,1.1766,901.6,19
2025-07-05 04:24:00,1.1765,1.1766,1.1765,1.1766,1663.0,24
2025-07-05 04:26:00,1.1766,1.1766,1.1765,1.1766,1518.6,22
2025-07-05 04:28:00,1.1766,1.1767,1.1765,1.1766,30673.3,62
2025-07-05 04:30:00,1.1766,1.1766,1.1765,1.1766,10443.6,26
2025-07-05 04:32:00,1.1765,1.1766,1.1765,1.1765,2411.5,22
2025-07-05 04:34:00,1.1765,1.1766,1.1765,1.1765,4014.8,25
2025-07-05 04:36:00,1.1766,1.1766,1.1765,1.1765,4458.6,31
2025-07-05 04:38:00,1.1765,1.1766,1.1765,1.1766,2204.4,28
2025-07-05 04:40:00,1.1765,1.1766,1.1765,1.1766,6118.6,20
2025-07-05 04:42:00,1.1765,1.1766,1.1765,1.1765,1769.1,20
2025-07-05 04:44:00,1.1766,1.1766,1.1765,1.1765,1608.4,19
2025-07-05 04:46:00,1.1766,1.1766,1.1765,1.1765,1922.0,16
2025-07-05 04:48:00,1.1766,1.1766,1.1765,1.1765,4374.7,19
2025-07-05 04:50:00,1.1766,1.1766,1.1765,1.1765,6413.9,31
2025-07-05 04:52:00,1.1766,1.1766,1.1765,1.1765,3205.9,30
2025-07-05 04:54:00,1.1765,1.1766,1.1765,1.1765,2579.0,24
2025-07-05 04:56:00,1.1765,1.1765,1.1765,1.1765,4933.9,25
2025-07-05 04:58:00,1.1766,1.1766,1.1765,1.1765,40279.9,49
2025-07-05 05:00:00,1.1765,1.1765,1.1765,1.1765,6892.9,24
2025-07-05 05:02:00,1.1765,1.1765,1.1764,1.1764,7030.700000000001,34
2025-07-05 05:04:00,1.1764,1.1764,1.1764,1.1764,2610.3,19
2025-07-05 05:06:00,1.1764,1.1764,1.1764,1.1764,3349.1,17
2025-07-05 05:08:00,1.1764,1.1765,1.1764,1.1764,2890.9,17
2025-07-05 05:10:00,1.1764,1.1765,1.1764,1.1764,1972.6,18
2025-07-05 05:12:00,1.1764,1.1765,1.1764,1.1764,3788.9,25
2025-07-05 05:14:00,1.1764,1.1765,1.1764,1.1765,2915.9,30
2025-07-05 05:16:00,1.1764,1.1765,1.1764,1.1764,4559.400000000001,28
2025-07-05 05:18:00,1.1765,1.1765,1.1764,1.1765,5377.5,20
2025-07-05 05:20:00,1.1765,1.1765,1.1764,1.1764,4260.9,18
2025-07-05 05:22:00,1.1765,1.1765,1.1764,1.1765,2722.8,28
2025-07-05 05:24:00,1.1764,1.1765,1.1764,1.1764,1397.1,17
2025-07-05 05:26:00,1.1765,1.1765,1.1764,1.1764,6888.2,37
2025-07-05 05:28:00,1.1764,1.1765,1.1764,1.1765,10522.1,51
2025-07-05 05:30:00,1.1764,1.1765,1.1764,1.1765,6280.6,25
2025-07-05 05:32:00,1.1765,1.1765,1.1764,1.1765,5813.9,19
2025-07-05 05:34:00,1.1764,1.1765,1.1764,1.1765,1356.3,8
2025-07-05 05:36:00,1.1764,1.1765,1.1764,1.1765,3131.6000000000004,14
2025-07-05 05:38:00,1.1764,1.1765,1.1764,1.1765,1595.6,17
2025-07-05 05:40:00,1.1765,1.1765,1.1764,1.1765,2857.1000000000004,14
2025-07-05 05:42:00,1.1764,1.1765,1.1764,1.1765,1803.8,22
2025-07-05 05:44:00,1.1764,1.1765,1.1764,1.1764,1455.0,7
2025-07-05 05:46:00,1.1764,1.1765,1.1764,1.1765,6252.9,22
2025-07-05 05:48:00,1.1764,1.1765,1.1764,1.1764,1433.8,28
2025-07-05 05:50:00,1.1765,1.1765,1.1764,1.1765,5691.2,28
2025-07-05 05:52:00,1.1765,1.1766,1.1765,1.1765,10574.2,22
2025-07-05 05:54:00,1.1765,1.1766,1.1765,1.1765,11236.4,12
2025-07-05 05:56:00,1.1765,1.1766,1.1765,1.1765,3171.1,17
2025-07-05 05:58:00,1.1766,1.1766,1.1765,1.1766,8463.6,30
2025-07-05 06:00:00,1.1766,1.1766,1.1764,1.1765,6827.3,22
2025-07-05 06:02:00,1.1765,1.1765,1.1764,1.1765,1181.7,16
2025-07-05 06:04:00,1.1765,1.1765,1.1764,1.1764,543.9,13
2025-07-05 06:06:00,1.1764,1.1765,1.1764,1.1765,1941.8,16
2025-07-05 06:08:00,1.1764,1.1765,1.1764,1.1765,2665.9,11
2025-07-05 06:10:00,1.1764,1.1765,1.1764,1.1764,1361.3,19
2025-07-05 06:12:00,1.1765,1.1765,1.1764,1.1764,483.2,11
2025-07-05 06:14:00,1.1765,1.1765,1.1764,1.1765,7806.599999999999,18
2025-07-05 06:16:00,1.1765,1.1765,1.1764,1.1765,962.0,15
2025-07-05 06:18:00,1.1764,1.1765,1.1764,1.1765,2748.2,19
2025-07-05 06:20:00,1.1764,1.1765,1.1764,1.1765,1436.5,23
2025-07-05 06:22:00,1.1764,1.1765,1.1764,1.1764,4518.9,33
2025-07-05 06:24:00,1.1765,1.1765,1.1764,1.1765,1187.3,22
2025-07-05 06:26:00,1.1765,1.1765,1.1764,1.1765,30618.2,61
2025-07-05 06:28:00,1.1765,1.1765,1.1764,1.1765,9574.8,37
2025-07-05 06:30:00,1.1765,1.1765,1.1764,1.1765,1018.0999999999999,12
2025-07-05 06:32:00,1.1765,1.1766,1.1764,1.1766,11720.5,25
2025-07-05 06:34:00,1.1765,1.1766,1.1765,1.1766,11994.1,32
2025-07-05 06:36:00,1.1766,1.1766,1.1765,1.1765,8604.2,24
2025-07-05 06:38:00,1.1766,1.1766,1.1765,1.1765,3125.4,20
2025-07-05 06:40:00,1.1765,1.1766,1.1765,1.1765,14845.7,28
2025-07-05 06:42:00,1.1765,1.1766,1.1765,1.1765,6968.7,17
2025-07-05 06:44:00,1.1765,1.1766,1.1765,1.1765,10587.4,22
2025-07-05 06:46:00,1.1765,1.1766,1.1765,1.1765,5474.4,23
2025-07-05 06:48:00,1.1766,1.1766,1.1765,1.1766,11857.8,27
2025-07-05 06:50:00,1.1766,1.1766,1.1765,1.1766,3026.2000000000003,25
2025-07-05 06:52:00,1.1765,1.1766,1.1765,1.1766,11372.7,33
2025-07-05 06:54:00,1.1766,1.1766,1.1765,1.1766,5773.7,24
2025-07-05 06:56:00,1.1766,1.1766,1.1765,1.1765,2721.2000000000003,24
2025-07-05 06:58:00,1.1766,1.1766,1.1765,1.1765,1538.3,16
2025-07-05 07:00:00,1.1765,1.1766,1.1764,1.1764,11947.6,25
2025-07-05 07:02:00,1.1765,1.1766,1.1765,1.1765,1197.0,21
2025-07-05 07:04:00,1.1765,1.1766,1.1765,1.1765,1779.9,20
2025-07-05 07:06:00,1.1765,1.1766,1.1764,1.1764,26481.9,36
2025-07-05 07:08:00,1.1764,1.1765,1.1764,1.1764,11265.3,36
2025-07-05 07:10:00,1.1764,1.1764,1.1763,1.1764,7995.8,29
2025-07-05 07:12:00,1.1763,1.1764,1.1763,1.1764,4198.4,27
2025-07-05 07:14:00,1.1764,1.1764,1.1763,1.1764,1344.3,14
2025-07-05 07:16:00,1.1763,1.1764,1.1763,1.1764,4760.1,18
2025-07-05 07:18:00,1.1764,1.1764,1.1763,1.1764,2447.4,12
2025-07-05 07:20:00,1.1764,1.1764,1.1763,1.1764,1909.7,11
2025-07-05 07:22:00,1.1764,1.1764,1.1763,1.1764,4532.6,38
2025-07-05 07:24:00,1.1764,1.1764,1.1763,1.1763,3517.7,14
2025-07-05 07:26:00,1.1763,1.1764,1.1763,1.1763,5580.8,26
2025-07-05 07:28:00,1.1764,1.1764,1.1763,1.1764,3168.8,18
2025-07-05 07:30:00,1.1764,1.1764,1.1763,1.1764,2430.1,28
2025-07-05 07:32:00,1.1764,1.1764,1.1763,1.1764,3878.1,21
2025-07-05 07:34:00,1.1764,1.1765,1.1763,1.1765,16670.2,49
2025-07-05 07:36:00,1.1765,1.1765,1.1764,1.1765,4801.7,27
2025-07-05 07:38:00,1.1765,1.1765,1.1764,1.1765,3572.3999999999996,18
2025-07-05 07:40:00,1.1764,1.1765,1.1764,1.1765,10528.5,35
2025-07-05 07:42:00,1.1765,1.1765,1.1764,1.1764,2402.0,27
2025-07-05 07:44:00,1.1764,1.1765,1.1764,1.1764,9454.9,25
2025-07-05 07:46:00,1.1764,1.1765,1.1764,1.1765,8064.2,23
2025-07-05 07:48:00,1.1764,1.1765,1.1763,1.1765,8238.6,28
2025-07-05 07:50:00,1.1765,1.1766,1.1764,1.1766,5078.3,30
2025-07-05 07:52:00,1.1765,1.1766,1.1765,1.1766,12254.4,50
2025-07-05 07:54:00,1.1766,1.1766,1.1765,1.1765,4429.0,25
2025-07-05 07:56:00,1.1766,1.1766,1.1764,1.1765,8196.7,32
2025-07-05 07:58:00,1.1765,1.1765,1.1764,1.1764,3322.0,25
2025-07-05 08:00:00,1.1765,1.1765,1.1764,1.1765,627.6,12
2025-07-05 08:02:00,1.1764,1.1765,1.1764,1.1764,2480.7,19
2025-07-05 08:04:00,1.1765,1.1765,1.1764,1.1764,5596.5,27
2025-07-05 08:06:00,1.1764,1.1765,1.1764,1.1765,3717.0,21
2025-07-05 08:08:00,1.1765,1.1766,1.1764,1.1765,24417.9,50
2025-07-05 08:10:00,1.1766,1.1767,1.1765,1.1767,23356.899999999998,42
2025-07-05 08:12:00,1.1767,1.1767,1.1766,1.1766,7703.2,23
2025-07-05 08:14:00,1.1766,1.1767,1.1766,1.1766,6506.2,30
2025-07-05 08:16:00,1.1767,1.1767,1.1765,1.1766,19103.899999999998,42
2025-07-05 08:18:00,1.1765,1.1766,1.1765,1.1765,8317.4,36
2025-07-05 08:20:00,1.1766,1.1766,1.1765,1.1765,3793.2,29
2025-07-05 08:22:00,1.1765,1.1766,1.1765,1.1766,1109.5,14
2025-07-05 08:24:00,1.1766,1.1766,1.1765,1.1766,3644.2,29
2025-07-05 08:26:00,1.1766,1.1766,1.1765,1.1766,4006.7,19
2025-07-05 08:28:00,1.1766,1.1766,1.1765,1.1765,5315.400000000001,25
2025-07-05 08:30:00,1.1765,1.1767,1.1765,1.1766,19664.3,80
2025-07-05 08:32:00,1.1765,1.1765,1.1764,1.1765,24755.600000000002,49
2025-07-05 08:34:00,1.1764,1.1765,1.1764,1.1765,3842.7,20
2025-07-05 08:36:00,1.1765,1.1765,1.1764,1.1764,3790.7,26
2025-07-05 08:38:00,1.1765,1.1765,1.1764,1.1765,3416.2000000000003,17
2025-07-05 08:40:00,1.1764,1.1765,1.1764,1.1765,5403.900000000001,26
2025-07-05 08:42:00,1.1765,1.1765,1.1764,1.1764,9874.1,42
2025-07-05 08:44:00,1.1765,1.1765,1.1764,1.1764,2509.7,23
2025-07-05 08:46:00,1.1764,1.1765,1.1764,1.1765,1712.9,17
2025-07-05 08:48:00,1.1764,1.1765,1.1764,1.1765,10748.9,36
2025-07-05 08:50:00,1.1765,1.1765,1.1764,1.1764,6510.6,48
2025-07-05 08:52:00,1.1765,1.1765,1.1764,1.1765,13052.8,25
2025-07-05 08:54:00,1.1765,1.1765,1.1763,1.1764,4765.3,29
2025-07-05 08:56:00,1.1763,1.1764,1.1763,1.1764,7652.7,30
2025-07-05 08:58:00,1.1764,1.1764,1.1763,1.1764,6144.7,36
2025-07-05 09:00:00,1.1764,1.1764,1.1763,1.1764,5091.1,29
2025-07-05 09:02:00,1.1764,1.1764,1.1764,1.1764,3533.7,20
2025-07-05 09:04:00,1.1764,1.1765,1.1764,1.1765,19861.9,57
2025-07-05 09:06:00,1.1765,1.1766,1.1764,1.1764,9089.7,24
2025-07-05 09:08:00,1.1765,1.1765,1.1764,1.1764,7262.4,32
2025-07-05 09:10:00,1.1765,1.1765,1.1764,1.1765,9600.5,39
2025-07-05 09:12:00,1.1765,1.1765,1.1763,1.1763,16511.7,47
2025-07-05 09:14:00,1.1764,1.1764,1.1763,1.1764,9312.5,34
2025-07-05 09:16:00,1.1763,1.1764,1.1763,1.1763,4869.0,38
2025-07-05 09:18:00,1.1763,1.1764,1.1763,1.1763,2828.4,19
2025-07-05 09:20:00,1.1764,1.1764,1.1763,1.1764,4874.1,37
2025-07-05 09:22:00,1.1763,1.1764,1.1762,1.1763,17520.1,63
2025-07-05 09:24:00,1.1764,1.1764,1.1763,1.1763,5228.1,32
2025-07-05 09:26:00,1.1764,1.1764,1.1763,1.1764,6785.0,17
2025-07-05 09:28:00,1.1763,1.1764,1.1763,1.1764,4695.6,20
2025-07-05 09:30:00,1.1763,1.1764,1.1763,1.1763,4820.6,32
2025-07-05 09:32:00,1.1764,1.1765,1.1763,1.1765,13268.5,42
2025-07-05 09:34:00,1.1765,1.1765,1.1764,1.1764,3876.7,21
2025-07-05 09:36:00,1.1764,1.1765,1.1764,1.1764,3524.2,34
2025-07-05 09:38:00,1.1764,1.1765,1.1764,1.1765,8865.5,33
2025-07-05 09:40:00,1.1765,1.1766,1.1764,1.1765,5928.900000000001,36
2025-07-05 09:42:00,1.1766,1.1766,1.1765,1.1765,1996.0,13
2025-07-05 09:44:00,1.1765,1.1766,1.1765,1.1766,2533.7,21
2025-07-05 09:46:00,1.1765,1.1766,1.1765,1.1766,3196.3,28
2025-07-05 09:48:00,1.1765,1.1766,1.1765,1.1766,14403.199999999999,40
2025-07-05 09:50:00,1.1766,1.1766,1.1765,1.1765,5406.0,30
2025-07-05 09:52:00,1.1765,1.1766,1.1765,1.1766,5482.1,31
2025-07-05 09:54:00,1.1765,1.1766,1.1765,1.1765,16087.300000000001,47
2025-07-05 09:56:00,1.1765,1.1766,1.1765,1.1766,20828.8,39
2025-07-05 09:58:00,1.1766,1.1766,1.1765,1.1766,5908.3,25
2025-07-05 10:00:00,1.1765,1.1766,1.1765,1.1765,6125.3,40
2025-07-05 10:02:00,1.1765,1.1766,1.1765,1.1765,5179.2,30
2025-07-05 10:04:00,1.1765,1.1766,1.1765,1.1765,4006.9,22
2025-07-05 10:06:00,1.1765,1.1766,1.1765,1.1765,5248.2,21
2025-07-05 10:08:00,1.1765,1.1766,1.1765,1.1765,2202.4,16
2025-07-05 10:10:00,1.1765,1.1766,1.1765,1.1765,5728.0,20
2025-07-05 10:12:00,1.1765,1.1766,1.1765,1.1765,41734.9,121
2025-07-05 10:14:00,1.1766,1.1766,1.1764,1.1765,5311.1,41
2025-07-05 10:16:00,1.1765,1.1765,1.1764,1.1764,3300.0,18
2025-07-05 10:18:00,1.1764,1.1765,1.1764,1.1764,5846.1,34
2025-07-05 10:20:00,1.1765,1.1765,1.1763,1.1764,29900.5,42
2025-07-05 10:22:00,1.1765,1.1765,1.1764,1.1764,4784.1,28
2025-07-05 10:24:00,1.1765,1.1765,1.1764,1.1765,9068.2,16
2025-07-05 10:26:00,1.1765,1.1765,1.1764,1.1765,15997.7,32
2025-07-05 10:28:00,1.1765,1.1766,1.1764,1.1765,20763.2,32
2025-07-05 10:30:00,1.1766,1.1766,1.1765,1.1765,6216.2,29
2025-07-05 10:32:00,1.1766,1.1766,1.1765,1.1765,19314.0,40
2025-07-05 10:34:00,1.1765,1.1766,1.1765,1.1766,2486.9,29
2025-07-05 10:36:00,1.1765,1.1766,1.1765,1.1765,5577.0,26
2025-07-05 10:38:00,1.1765,1.1766,1.1765,1.1765,3381.6,21
2025-07-05 10:40:00,1.1765,1.1767,1.1765,1.1766,5378.0,41
2025-07-05 10:42:00,1.1766,1.1767,1.1766,1.1766,6174.4,28
2025-07-05 10:44:00,1.1767,1.1767,1.1766,1.1766,4581.599999999999,27
2025-07-05 10:46:00,1.1767,1.1767,1.1766,1.1766,10938.3,46
2025-07-05 10:48:00,1.1766,1.1767,1.1765,1.1765,4507.6,23
2025-07-05 10:50:00,1.1765,1.1766,1.1765,1.1765,1606.5,21
2025-07-05 10:52:00,1.1765,1.1766,1.1765,1.1766,6160.5,19
2025-07-05 10:54:00,1.1765,1.1766,1.1765,1.1766,4697.0,20
2025-07-05 10:56:00,1.1766,1.1766,1.1765,1.1766,4583.5,23
2025-07-05 10:58:00,1.1766,1.1766,1.1765,1.1765,8483.0,39
2025-07-05 11:00:00,1.1765,1.1766,1.1765,1.1765,9234.1,26
2025-07-05 11:02:00,1.1766,1.1767,1.1764,1.1766,17391.0,72
2025-07-05 11:04:00,1.1766,1.1767,1.1766,1.1766,6265.3,37
2025-07-05 11:06:00,1.1766,1.1767,1.1766,1.1767,9494.4,36
2025-07-05 11:08:00,1.1767,1.1767,1.1765,1.1765,3028.5,25
2025-07-05 11:10:00,1.1766,1.1766,1.1765,1.1766,2792.7,33
2025-07-05 11:12:00,1.1765,1.1766,1.1765,1.1765,8572.0,45
2025-07-05 11:14:00,1.1765,1.1766,1.1765,1.1765,4350.3,24
2025-07-05 11:16:00,1.1766,1.1766,1.1764,1.1766,16286.099999999999,22
2025-07-05 11:18:00,1.1765,1.1766,1.1765,1.1765,4878.3,34
2025-07-05 11:20:00,1.1766,1.1766,1.1765,1.1765,2981.1,24
2025-07-05 11:22:00,1.1766,1.1766,1.1765,1.1765,4295.1,39
2025-07-05 11:24:00,1.1765,1.1766,1.1765,1.1766,6102.0,30
2025-07-05 11:26:00,1.1766,1.1767,1.1765,1.1767,9414.3,43
2025-07-05 11:28:00,1.1766,1.1767,1.1766,1.1766,6458.2,33
2025-07-05 11:30:00,1.1767,1.1767,1.1766,1.1767,11052.0,35
2025-07-05 11:32:00,1.1767,1.1767,1.1765,1.1765,4722.3,41
2025-07-05 11:34:00,1.1766,1.1766,1.1765,1.1766,3102.2,24
2025-07-05 11:36:00,1.1765,1.1766,1.1764,1.1765,10310.0,36
2025-07-05 11:38:00,1.1765,1.1765,1.1764,1.1764,15681.2,45
2025-07-05 11:40:00,1.1765,1.1766,1.1764,1.1766,18134.7,64
2025-07-05 11:42:00,1.1765,1.1766,1.1765,1.1766,2587.8,31
2025-07-05 11:44:00,1.1765,1.1766,1.1765,1.1766,5271.7,28
2025-07-05 11:46:00,1.1766,1.1766,1.1765,1.1765,4464.1,22
2025-07-05 11:48:00,1.1766,1.1766,1.1765,1.1765,7761.3,32
2025-07-05 11:50:00,1.1765,1.1766,1.1765,1.1765,5350.8,32
2025-07-05 11:52:00,1.1765,1.1766,1.1765,1.1766,8123.0,25
2025-07-05 11:54:00,1.1765,1.1766,1.1764,1.1766,53879.5,41
2025-07-05 11:56:00,1.1765,1.1767,1.1765,1.1765,27325.0,22
2025-07-05 11:58:00,1.1765,1.1767,1.1764,1.1764,21624.1,48
2025-07-05 12:00:00,1.1765,1.1765,1.1764,1.1764,17011.600000000002,37
2025-07-05 12:02:00,1.1764,1.1765,1.1763,1.1764,52733.8,81
2025-07-05 12:04:00,1.1765,1.1765,1.1764,1.1764,8203.4,17
2025-07-05 12:06:00,1.1764,1.1766,1.1764,1.1766,13018.0,28
2025-07-05 12:08:00,1.1765,1.1766,1.1765,1.1766,9233.800000000001,21
2025-07-05 12:10:00,1.1765,1.1766,1.1765,1.1766,1281.7,13
2025-07-05 12:12:00,1.1765,1.1766,1.1764,1.1765,17225.100000000002,46
2025-07-05 12:14:00,1.1764,1.1765,1.1764,1.1765,6627.4,32
2025-07-05 12:16:00,1.1764,1.1765,1.1764,1.1764,3940.6,24
2025-07-05 12:18:00,1.1765,1.1765,1.1764,1.1765,3327.0,20
2025-07-05 12:20:00,1.1765,1.1765,1.1764,1.1765,8229.8,26
2025-07-05 12:22:00,1.1764,1.1765,1.1764,1.1764,2276.4,18
2025-07-05 12:24:00,1.1764,1.1766,1.1764,1.1766,15305.8,49
2025-07-05 12:26:00,1.1765,1.1766,1.1765,1.1766,4027.0,22
2025-07-05 12:28:00,1.1765,1.1766,1.1765,1.1765,3409.3,19
2025-07-05 12:30:00,1.1765,1.1766,1.1765,1.1765,5719.4,25
2025-07-05 12:32:00,1.1765,1.1766,1.1765,1.1766,1611.4,17
2025-07-05 12:34:00,1.1766,1.1766,1.1765,1.1766,5400.3,14
2025-07-05 12:36:00,1.1765,1.1765,1.1763,1.1764,20463.6,53
2025-07-05 12:38:00,1.1764,1.1764,1.1763,1.1764,16870.5,30
2025-07-05 12:40:00,1.1764,1.1764,1.1763,1.1764,34327.4,58
2025-07-05 12:42:00,1.1764,1.1764,1.1763,1.1763,11307.3,38
2025-07-05 12:44:00,1.1764,1.1764,1.1763,1.1763,3212.7,22
2025-07-05 12:46:00,1.1764,1.1764,1.1763,1.1764,9931.7,25
2025-07-05 12:48:00,1.1764,1.1764,1.1763,1.1764,1679.1,18
2025-07-05 12:50:00,1.1763,1.1764,1.1763,1.1763,2663.9,23
2025-07-05 12:52:00,1.1763,1.1764,1.1763,1.1764,8747.3,21
2025-07-05 12:54:00,1.1764,1.1764,1.1763,1.1764,5155.6,21
2025-07-05 12:56:00,1.1763,1.1764,1.1763,1.1764,9676.5,32
2025-07-05 12:58:00,1.1764,1.1764,1.1762,1.1763,12519.2,51
2025-07-05 13:00:00,1.1763,1.1764,1.1762,1.1763,11855.6,44
2025-07-05 13:02:00,1.1764,1.1764,1.1763,1.1763,6015.0,32
2025-07-05 13:04:00,1.1764,1.1764,1.1763,1.1763,4350.400000000001,30
2025-07-05 13:06:00,1.1764,1.1764,1.1763,1.1763,13056.400000000001,36
2025-07-05 13:08:00,1.1763,1.1765,1.1763,1.1765,14941.6,43
2025-07-05 13:10:00,1.1764,1.1765,1.1764,1.1764,3785.1,29
2025-07-05 13:12:00,1.1764,1.1765,1.1764,1.1764,7340.2,23
2025-07-05 13:14:00,1.1765,1.1765,1.1764,1.1765,1380.5,14
2025-07-05 13:16:00,1.1765,1.1765,1.1764,1.1765,3191.8,35
2025-07-05 13:18:00,1.1765,1.1765,1.1764,1.1765,4289.0,31
2025-07-05 13:20:00,1.1765,1.1765,1.1764,1.1765,5729.7,32
2025-07-05 13:22:00,1.1764,1.1765,1.1764,1.1764,4499.6,30
2025-07-05 13:24:00,1.1765,1.1765,1.1764,1.1764,2066.5,19
2025-07-05 13:26:00,1.1765,1.1765,1.1764,1.1765,4053.7999999999997,26
2025-07-05 13:28:00,1.1764,1.1765,1.1763,1.1764,4963.8,36
2025-07-05 13:30:00,1.1763,1.1764,1.1763,1.1764,2026.2,25
2025-07-05 13:32:00,1.1764,1.1764,1.1763,1.1764,4806.4,32
2025-07-05 13:34:00,1.1763,1.1764,1.1763,1.1763,5114.7,28
2025-07-05 13:36:00,1.1764,1.1764,1.1763,1.1764,11083.1,30
2025-07-05 13:38:00,1.1764,1.1764,1.1763,1.1763,8875.9,38
2025-07-05 13:40:00,1.1763,1.1764,1.1763,1.1764,14782.7,29
2025-07-05 13:42:00,1.1764,1.1765,1.1763,1.1763,17008.4,38
2025-07-05 13:44:00,1.1763,1.1764,1.1763,1.1764,4303.8,32
2025-07-05 13:46:00,1.1764,1.1764,1.1763,1.1764,6371.9,26
2025-07-05 13:48:00,1.1764,1.1764,1.1762,1.1764,24381.8,55
2025-07-05 13:50:00,1.1764,1.1764,1.1763,1.1763,5309.5,31
2025-07-05 13:52:00,1.1764,1.1764,1.1763,1.1763,1909.4,18
2025-07-05 13:54:00,1.1763,1.1764,1.1763,1.1764,1986.0,16
2025-07-05 13:56:00,1.1763,1.1764,1.1763,1.1763,2666.8,16
2025-07-05 13:58:00,1.1764,1.1764,1.1763,1.1763,6035.4,26
2025-07-05 14:00:00,1.1764,1.1764,1.1762,1.1762,27640.399999999998,47
2025-07-05 14:02:00,1.1762,1.1763,1.1762,1.1762,3134.1,17
2025-07-05 14:04:00,1.1763,1.1764,1.1762,1.1763,14626.6,31
2025-07-05 14:06:00,1.1763,1.1764,1.1763,1.1763,10292.8,25
2025-07-05 14:08:00,1.1763,1.1764,1.1762,1.1762,6812.2,45
2025-07-05 14:10:00,1.1763,1.1763,1.1762,1.1762,10870.4,43
2025-07-05 14:12:00,1.1763,1.1764,1.1762,1.1763,25367.3,28
2025-07-05 14:14:00,1.1762,1.1764,1.1762,1.1764,6126.5,23
2025-07-05 14:16:00,1.1762,1.1764,1.1762,1.1763,12594.0,32
2025-07-05 14:18:00,1.1763,1.1763,1.1762,1.1763,6486.8,28
2025-07-05 14:20:00,1.1763,1.1763,1.1762,1.1763,2462.2,24
2025-07-05 14:22:00,1.1762,1.1763,1.1761,1.1762,8440.800000000001,31
2025-07-05 14:24:00,1.1761,1.1762,1.1761,1.1761,1526.7,17
2025-07-05 14:26:00,1.1761,1.1762,1.1761,1.1761,3901.3,23
2025-07-05 14:28:00,1.1761,1.1762,1.1761,1.1762,4107.0,23
2025-07-05 14:30:00,1.1761,1.1762,1.1761,1.1761,6143.900000000001,19
2025-07-05 14:32:00,1.1762,1.1762,1.1761,1.1762,3824.2,33
2025-07-05 14:34:00,1.1761,1.1763,1.1761,1.1762,20058.3,46
2025-07-05 14:36:00,1.1762,1.1763,1.1762,1.1763,13049.9,25
2025-07-05 14:38:00,1.1762,1.1764,1.1762,1.1763,28472.5,78
2025-07-05 14:40:00,1.1762,1.1763,1.1762,1.1762,7522.7,30
2025-07-05 14:42:00,1.1763,1.1763,1.1762,1.1762,8625.7,33
2025-07-05 14:44:00,1.1763,1.1763,1.1762,1.1762,3252.1,27
2025-07-05 14:46:00,1.1763,1.1763,1.1762,1.1763,2147.1,24
2025-07-05 14:48:00,1.1763,1.1763,1.1762,1.1762,1544.5,24
2025-07-05 14:50:00,1.1763,1.1763,1.1762,1.1762,2629.4,24
2025-07-05 14:52:00,1.1763,1.1763,1.1762,1.1762,1818.6,16
2025-07-05 14:54:00,1.1762,1.1763,1.1762,1.1762,4936.2,22
2025-07-05 14:56:00,1.1763,1.1763,1.1762,1.1762,5165.1,33
2025-07-05 14:58:00,1.1763,1.1763,1.1762,1.1762,4189.0,21
2025-07-05 15:00:00,1.1762,1.1763,1.1762,1.1762,7270.7,25
2025-07-05 15:02:00,1.1763,1.1764,1.1762,1.1763,15773.4,42
2025-07-05 15:04:00,1.1763,1.1764,1.1763,1.1763,5692.2,41
2025-07-05 15:06:00,1.1763,1.1764,1.1763,1.1763,5236.2,30
2025-07-05 15:08:00,1.1763,1.1764,1.1762,1.1762,14854.1,38
2025-07-05 15:10:00,1.1762,1.1763,1.1762,1.1763,6574.4,22
2025-07-05 15:12:00,1.1763,1.1763,1.1762,1.1763,3143.9,22
2025-07-05 15:14:00,1.1762,1.1764,1.1762,1.1763,17270.8,51
2025-07-05 15:16:00,1.1764,1.1764,1.1763,1.1764,3078.6,23
2025-07-05 15:18:00,1.1764,1.1764,1.1763,1.1764,2898.5,17
2025-07-05 15:20:00,1.1763,1.1764,1.1762,1.1762,7485.099999999999,29
2025-07-05 15:22:00,1.1762,1.1764,1.1762,1.1762,6453.3,30
2025-07-05 15:24:00,1.1762,1.1764,1.1762,1.1764,11692.3,37
2025-07-05 15:26:00,1.1764,1.1764,1.1762,1.1763,6904.0,34
2025-07-05 15:28:00,1.1763,1.1763,1.1762,1.1762,5182.4,27
2025-07-05 15:30:00,1.1763,1.1763,1.1762,1.1762,4630.4,28
2025-07-05 15:32:00,1.1763,1.1764,1.1761,1.1764,14009.9,31
2025-07-05 15:34:00,1.1763,1.1764,1.1763,1.1764,6730.3,26
2025-07-05 15:36:00,1.1763,1.1764,1.1763,1.1763,3918.5,21
2025-07-05 15:38:00,1.1764,1.1764,1.1763,1.1764,2813.9,25
2025-07-05 15:40:00,1.1764,1.1764,1.1762,1.1762,26827.2,62
2025-07-05 15:42:00,1.1763,1.1763,1.1762,1.1763,6397.599999999999,30
2025-07-05 15:44:00,1.1763,1.1763,1.1762,1.1763,9258.8,25
2025-07-05 15:46:00,1.1763,1.1763,1.1762,1.1762,12582.4,46
2025-07-05 15:48:00,1.1763,1.1763,1.1762,1.1763,1155.6,12
2025-07-05 15:50:00,1.1763,1.1763,1.1762,1.1763,3800.5,18
2025-07-05 15:52:00,1.1763,1.1763,1.1762,1.1763,2755.7,27
2025-07-05 15:54:00,1.1763,1.1763,1.1762,1.1763,1999.1,26
2025-07-05 15:56:00,1.1763,1.1763,1.1762,1.1763,15944.0,53
2025-07-05 15:58:00,1.1763,1.1763,1.1762,1.1763,9501.199999999999,37
2025-07-05 16:00:00,1.1763,1.1763,1.1762,1.1763,7741.5,35
2025-07-05 16:02:00,1.1763,1.1763,1.1762,1.1762,2688.9,22
2025-07-05 16:04:00,1.1763,1.1764,1.1762,1.1763,9768.3,32
2025-07-05 16:06:00,1.1764,1.1764,1.1763,1.1764,1661.1,20
2025-07-05 16:08:00,1.1763,1.1764,1.1763,1.1763,11650.0,25
2025-07-05 16:10:00,1.1764,1.1764,1.1763,1.1763,3238.4,23
2025-07-05 16:12:00,1.1763,1.1764,1.1763,1.1763,11353.300000000001,36
2025-07-05 16:14:00,1.1763,1.1764,1.1763,1.1764,2718.2000000000003,19
2025-07-05 16:16:00,1.1763,1.1764,1.1762,1.1763,9540.1,25
2025-07-05 16:18:00,1.1763,1.1764,1.1762,1.1763,19613.6,51
2025-07-05 16:20:00,1.1763,1.1764,1.1763,1.1763,4543.1,28
2025-07-05 16:22:00,1.1763,1.1764,1.1763,1.1763,4656.9,28
2025-07-05 16:24:00,1.1763,1.1764,1.1763,1.1764,14348.999999999998,19
2025-07-05 16:26:00,1.1764,1.1764,1.1763,1.1764,3084.4,36
2025-07-05 16:28:00,1.1763,1.1764,1.1763,1.1763,10155.4,27
2025-07-05 16:30:00,1.1762,1.1763,1.1762,1.1762,10763.7,27
2025-07-05 16:32:00,1.1763,1.1763,1.1762,1.1762,60477.100000000006,53
2025-07-05 16:34:00,1.1763,1.1764,1.1763,1.1764,3137.7999999999997,16
2025-07-05 16:36:00,1.1764,1.1765,1.1762,1.1764,84568.3,131
2025-07-05 16:38:00,1.1763,1.1764,1.1763,1.1764,5244.5,27
2025-07-05 16:40:00,1.1764,1.1765,1.1763,1.1764,20064.7,45
2025-07-05 16:42:00,1.1763,1.1764,1.1763,1.1763,1289.3000000000002,12
2025-07-05 16:44:00,1.1763,1.1764,1.1763,1.1763,3399.0,20
2025-07-05 16:46:00,1.1763,1.1764,1.1763,1.1763,4809.7,26
2025-07-05 16:48:00,1.1764,1.1764,1.1763,1.1763,5925.1,18
2025-07-05 16:50:00,1.1763,1.1764,1.1763,1.1763,4110.9,20
2025-07-05 16:52:00,1.1763,1.1763,1.1762,1.1762,2851.1,16
2025-07-05 16:54:00,1.1763,1.1763,1.1762,1.1763,11705.0,31
2025-07-05 16:56:00,1.1762,1.1763,1.1762,1.1763,14493.3,40
2025-07-05 16:58:00,1.1762,1.1763,1.1762,1.1762,5803.9,41
2025-07-05 17:00:00,1.1763,1.1763,1.1761,1.1762,24084.600000000002,69
2025-07-05 17:02:00,1.1762,1.1763,1.1762,1.1762,7270.6,11
2025-07-05 17:04:00,1.1762,1.1763,1.1762,1.1762,2853.1,22
2025-07-05 17:06:00,1.1762,1.1763,1.1762,1.1763,1673.8,10
2025-07-05 17:08:00,1.1762,1.1763,1.1762,1.1762,7399.4,27
2025-07-05 17:10:00,1.1763,1.1763,1.1761,1.1762,5665.9,25
2025-07-05 17:12:00,1.1763,1.1763,1.1762,1.1762,2923.9,19
2025-07-05 17:14:00,1.1762,1.1763,1.1762,1.1763,5926.3,31
2025-07-05 17:16:00,1.1762,1.1763,1.1762,1.1762,8352.9,31
2025-07-05 17:18:00,1.1762,1.1763,1.176,1.1762,118920.59999999999,285
2025-07-05 17:20:00,1.1761,1.1762,1.1761,1.1761,7189.0,29
2025-07-05 17:22:00,1.1761,1.1762,1.1761,1.1761,2304.7999999999997,16
2025-07-05 17:24:00,1.1761,1.1762,1.1761,1.1761,4027.3,19
2025-07-05 17:26:00,1.1761,1.1762,1.1761,1.1761,840.0,15
2025-07-05 17:28:00,1.1761,1.1762,1.1761,1.1762,1828.9,14
2025-07-05 17:30:00,1.1761,1.1762,1.1761,1.1761,1654.9,15
2025-07-05 17:32:00,1.1761,1.1762,1.1761,1.1762,8605.2,32
2025-07-05 17:34:00,1.1761,1.1762,1.1761,1.1761,5071.6,25
2025-07-05 17:36:00,1.1761,1.1762,1.1761,1.1762,2129.1,11
2025-07-05 17:38:00,1.1762,1.1762,1.1761,1.1761,1016.5,13
2025-07-05 17:40:00,1.1762,1.1762,1.1761,1.1761,7459.6,23
2025-07-05 17:42:00,1.1762,1.1762,1.1761,1.1762,11600.9,35
2025-07-05 17:44:00,1.1761,1.1762,1.1761,1.1761,3149.5,28
2025-07-05 17:46:00,1.1762,1.1762,1.1761,1.1762,4717.400000000001,25
2025-07-05 17:48:00,1.1762,1.1762,1.1761,1.1761,7773.7,25
2025-07-05 17:50:00,1.1762,1.1762,1.1761,1.1761,7689.3,23
2025-07-05 17:52:00,1.1761,1.1762,1.1761,1.1762,3739.7,30
2025-07-05 17:54:00,1.1762,1.1762,1.1761,1.1762,4341.0,30
2025-07-05 17:56:00,1.1762,1.1762,1.1761,1.1761,2612.2,21
2025-07-05 17:58:00,1.1761,1.1762,1.1761,1.1762,7634.8,22
2025-07-05 18:00:00,1.1762,1.1762,1.1761,1.1762,4619.0,21
2025-07-05 18:02:00,1.1762,1.1762,1.1761,1.1761,7888.1,29
2025-07-05 18:04:00,1.1762,1.1762,1.1761,1.1761,4449.5,25
2025-07-05 18:06:00,1.1762,1.1763,1.1762,1.1762,14581.6,41
2025-07-05 18:08:00,1.1762,1.1763,1.1762,1.1762,3237.7999999999997,26
2025-07-05 18:10:00,1.1763,1.1763,1.1762,1.1763,6461.6,19
2025-07-05 18:12:00,1.1763,1.1763,1.1762,1.1763,5872.1,20
2025-07-05 18:14:00,1.1763,1.1763,1.1762,1.1763,1625.6,20
2025-07-05 18:16:00,1.1762,1.1763,1.1762,1.1762,2865.8,21
2025-07-05 18:18:00,1.1763,1.1763,1.1762,1.1762,6601.6,31
2025-07-05 18:20:00,1.1763,1.1763,1.1762,1.1763,9053.3,41
2025-07-05 18:22:00,1.1763,1.1763,1.1761,1.1761,10673.6,36
2025-07-05 18:24:00,1.1761,1.1762,1.1761,1.1761,2176.9,25
2025-07-05 18:26:00,1.1761,1.1762,1.176,1.1761,14491.8,40
2025-07-05 18:28:00,1.176,1.1761,1.176,1.176,2490.5,15
2025-07-05 18:30:00,1.176,1.1761,1.176,1.176,17286.6,54
2025-07-05 18:32:00,1.176,1.1761,1.176,1.1761,3610.1,32
2025-07-05 18:34:00,1.176,1.1761,1.176,1.1761,6561.2,51
2025-07-05 18:36:00,1.1761,1.1761,1.176,1.176,12730.3,33
2025-07-05 18:38:00,1.176,1.1762,1.176,1.1761,16045.4,60
2025-07-05 18:40:00,1.1761,1.1762,1.1761,1.1762,4891.8,26
2025-07-05 18:42:00,1.1762,1.1762,1.1761,1.1762,11189.5,16
2025-07-05 18:44:00,1.1762,1.1762,1.1761,1.1762,3179.7,16
2025-07-05 18:46:00,1.1762,1.1762,1.1761,1.1762,1216.3,15
2025-07-05 18:48:00,1.1762,1.1763,1.1761,1.1762,21667.8,25
2025-07-05 18:50:00,1.1761,1.1762,1.1761,1.1762,14221.0,36
2025-07-05 18:52:00,1.1761,1.1762,1.176,1.1761,10370.199999999999,33
2025-07-05 18:54:00,1.1762,1.1762,1.1761,1.1761,5397.9,25
2025-07-05 18:56:00,1.1761,1.1762,1.1761,1.1762,5921.3,26
2025-07-05 18:58:00,1.1762,1.1763,1.1761,1.1763,13027.7,36
2025-07-05 19:00:00,1.1763,1.1763,1.1762,1.1762,14012.3,44
2025-07-05 19:02:00,1.1762,1.1763,1.1762,1.1762,8459.3,33
2025-07-05 19:04:00,1.1762,1.1762,1.1761,1.1761,16965.7,68
2025-07-05 19:06:00,1.1762,1.1762,1.1761,1.1761,9169.3,26
2025-07-05 19:08:00,1.1762,1.1762,1.1761,1.1762,3894.7,22
2025-07-05 19:10:00,1.1761,1.1762,1.176,1.1762,11698.1,34
2025-07-05 19:12:00,1.1761,1.1762,1.1761,1.1761,9315.1,27
2025-07-05 19:14:00,1.1762,1.1762,1.1761,1.1762,9961.1,22
2025-07-05 19:16:00,1.1762,1.1762,1.1761,1.1761,2191.8,16
2025-07-05 19:18:00,1.1761,1.1762,1.1761,1.1762,13366.199999999999,21
2025-07-05 19:20:00,1.1761,1.1762,1.1761,1.1762,7721.1,26
2025-07-05 19:22:00,1.1761,1.1762,1.176,1.1762,6041.599999999999,28
2025-07-05 19:24:00,1.1761,1.1762,1.176,1.1762,5988.5,24
2025-07-05 19:26:00,1.176,1.1762,1.176,1.176,5941.6,17
2025-07-05 19:28:00,1.176,1.1761,1.176,1.176,8689.6,29
2025-07-05 19:30:00,1.176,1.1761,1.176,1.1761,7664.2,28
2025-07-05 19:32:00,1.1761,1.1761,1.176,1.1761,8932.3,24
2025-07-05 19:34:00,1.176,1.1761,1.176,1.1761,2841.9,19
2025-07-05 19:36:00,1.176,1.1762,1.176,1.176,6841.7,27
2025-07-05 19:38:00,1.1762,1.1762,1.176,1.1762,2889.7000000000003,24
2025-07-05 19:40:00,1.176,1.1762,1.176,1.1762,7259.700000000001,19
2025-07-05 19:42:00,1.1762,1.1762,1.176,1.1761,2101.2,20
2025-07-05 19:44:00,1.1762,1.1762,1.1761,1.1761,8467.3,14
2025-07-05 19:46:00,1.1762,1.1762,1.1761,1.1761,7221.7,26
2025-07-05 19:48:00,1.1762,1.1762,1.176,1.1762,7864.0,24
2025-07-05 19:50:00,1.1761,1.1762,1.1761,1.1761,7343.6,25
2025-07-05 19:52:00,1.1762,1.1762,1.1761,1.1762,1138.5,15
2025-07-05 19:54:00,1.1761,1.1763,1.176,1.176,7781.5,31
2025-07-05 19:56:00,1.1761,1.1761,1.176,1.1761,2916.4,17
2025-07-05 19:58:00,1.176,1.1761,1.176,1.176,2039.1,15
2025-07-05 20:00:00,1.1761,1.1761,1.176,1.176,5358.7,32
2025-07-05 20:02:00,1.176,1.1762,1.176,1.1761,12442.1,45
2025-07-05 20:04:00,1.1762,1.1762,1.1761,1.1762,8304.9,28
2025-07-05 20:06:00,1.1762,1.1762,1.1761,1.1761,8789.9,15
2025-07-05 20:08:00,1.1762,1.1762,1.1761,1.1761,3809.2,20
2025-07-05 20:10:00,1.1762,1.1762,1.1761,1.1762,4186.3,21
2025-07-05 20:12:00,1.1761,1.1762,1.1761,1.1761,2410.4,16
2025-07-05 20:14:00,1.1761,1.1763,1.176,1.1761,7885.8,33
2025-07-05 20:16:00,1.1761,1.1761,1.176,1.1761,3851.1,18
2025-07-05 20:18:00,1.176,1.1761,1.176,1.176,1996.3000000000002,11
2025-07-05 20:20:00,1.176,1.1761,1.176,1.1761,2099.3,8
2025-07-05 20:22:00,1.1761,1.1761,1.176,1.176,4776.9,17
2025-07-05 20:24:00,1.1761,1.1761,1.176,1.176,15234.9,43
2025-07-05 20:26:00,1.1761,1.1761,1.176,1.1761,7285.1,20
2025-07-05 20:28:00,1.176,1.1761,1.176,1.1761,1619.3,17
2025-07-05 20:30:00,1.1761,1.1761,1.176,1.1761,1775.7,21
2025-07-05 20:32:00,1.176,1.1761,1.176,1.1761,5069.2,23
2025-07-05 20:34:00,1.1761,1.1761,1.176,1.1761,3562.5,29
2025-07-05 20:36:00,1.1761,1.1761,1.176,1.1761,2834.3,19
2025-07-05 20:38:00,1.1761,1.1761,1.176,1.1761,3558.6,14
2025-07-05 20:40:00,1.176,1.1761,1.176,1.176,1024.4,22
2025-07-05 20:42:00,1.1761,1.1761,1.176,1.1761,907.2,16
2025-07-05 20:44:00,1.1761,1.1761,1.176,1.176,1778.7,24
2025-07-05 20:46:00,1.1761,1.1761,1.176,1.176,2753.0,19
2025-07-05 20:48:00,1.1761,1.1761,1.176,1.1761,13709.699999999999,20
2025-07-05 20:50:00,1.1761,1.1761,1.176,1.1761,6052.7,20
2025-07-05 20:52:00,1.176,1.1761,1.176,1.1761,3654.9,22
2025-07-05 20:54:00,1.1761,1.1761,1.176,1.1761,2620.1,13
2025-07-05 20:56:00,1.176,1.1761,1.176,1.1761,3058.6,25
2025-07-05 20:58:00,1.1761,1.1761,1.176,1.176,4722.2,25
2025-07-05 21:00:00,1.176,1.1762,1.176,1.1761,17388.5,33
2025-07-05 21:02:00,1.1761,1.1762,1.1761,1.1761,2269.4,18
2025-07-05 21:04:00,1.1762,1.1762,1.1761,1.1761,4737.7,18
2025-07-05 21:06:00,1.1761,1.1762,1.1761,1.1762,8154.299999999999,30
2025-07-05 21:08:00,1.1762,1.1762,1.1761,1.1762,2385.2,18
2025-07-05 21:10:00,1.1762,1.1762,1.1761,1.1761,2510.4,23
2025-07-05 21:12:00,1.1762,1.1762,1.1761,1.1761,3914.4,13
2025-07-05 21:14:00,1.1761,1.1762,1.1761,1.1762,1184.8,15
2025-07-05 21:16:00,1.1762,1.1762,1.1761,1.1762,8544.5,47
2025-07-05 21:18:00,1.1761,1.1762,1.1761,1.1761,1608.6,11
2025-07-05 21:20:00,1.1761,1.1762,1.1761,1.1762,5386.0,18
2025-07-05 21:22:00,1.1762,1.1762,1.1761,1.1762,2177.9,16
2025-07-05 21:24:00,1.1761,1.1762,1.1761,1.1762,6522.099999999999,32
2025-07-05 21:26:00,1.1762,1.1762,1.1761,1.1762,5653.3,31
2025-07-05 21:28:00,1.1761,1.1762,1.1761,1.1762,5237.1,25
2025-07-05 21:30:00,1.1762,1.1762,1.1761,1.1762,10390.5,21
2025-07-05 21:32:00,1.1762,1.1763,1.1761,1.1762,2699.5,17
2025-07-05 21:34:00,1.1763,1.1763,1.1762,1.1762,5786.0,20
2025-07-05 21:36:00,1.1762,1.1763,1.1762,1.1762,1679.3,20
2025-07-05 21:38:00,1.1762,1.1763,1.1762,1.1762,6133.6,22
2025-07-05 21:40:00,1.1762,1.1763,1.1762,1.1763,1099.1,10
2025-07-05 21:42:00,1.1762,1.1763,1.1761,1.1763,19034.6,49
2025-07-05 21:44:00,1.1762,1.1764,1.1761,1.1762,2171.9,20
2025-07-05 21:46:00,1.1764,1.1764,1.1762,1.1764,1603.3999999999999,20
2025-07-05 21:48:00,1.1762,1.1764,1.1761,1.1762,10754.5,64
2025-07-05 21:50:00,1.1761,1.1763,1.1761,1.1761,8212.1,81
2025-07-05 21:52:00,1.1761,1.1763,1.176,1.1763,9885.199999999999,63
2025-07-05 21:54:00,1.1763,1.1764,1.1761,1.1761,4722.6,22
2025-07-05 21:56:00,1.1761,1.1763,1.1761,1.1763,4638.8,18
2025-07-05 21:58:00,1.1762,1.1763,1.1762,1.1762,1135.3,13
2025-07-05 22:00:00,1.1762,1.1763,1.1762,1.1762,13482.2,27
2025-07-05 22:02:00,1.1763,1.1763,1.1762,1.1763,3368.0,21
2025-07-05 22:04:00,1.1762,1.1763,1.1762,1.1762,1144.1,25
2025-07-05 22:06:00,1.1762,1.1763,1.1762,1.1762,6013.8,23
2025-07-05 22:08:00,1.1762,1.1763,1.1762,1.1762,17767.7,31
2025-07-05 22:10:00,1.1763,1.1763,1.1762,1.1762,1967.8,21
2025-07-05 22:12:00,1.1762,1.1763,1.1762,1.1762,5476.1,22
2025-07-05 22:14:00,1.1763,1.1764,1.1762,1.1763,5849.7,20
2025-07-05 22:16:00,1.1763,1.1764,1.1763,1.1763,2983.2,14
2025-07-05 22:18:00,1.1763,1.1764,1.1763,1.1763,5014.1,19
2025-07-05 22:20:00,1.1764,1.1764,1.1763,1.1763,7853.6,23
2025-07-05 22:22:00,1.1764,1.1764,1.1763,1.1763,10624.9,17
2025-07-05 22:24:00,1.1764,1.1764,1.1763,1.1763,2230.5,19
2025-07-05 22:26:00,1.1763,1.1764,1.1762,1.1763,4446.4,19
2025-07-05 22:28:00,1.1762,1.1763,1.1762,1.1763,1740.0,11
2025-07-05 22:30:00,1.1762,1.1763,1.1762,1.1763,2165.2,22
2025-07-05 22:32:00,1.1763,1.1763,1.1762,1.1763,4827.1,15
2025-07-05 22:34:00,1.1763,1.1763,1.1762,1.1762,3673.6,23
2025-07-05 22:36:00,1.1763,1.1763,1.1762,1.1762,2490.5,21
2025-07-05 22:38:00,1.1762,1.1763,1.1762,1.1762,5102.6,24
2025-07-05 22:40:00,1.1763,1.1763,1.1762,1.1762,4553.1,22
2025-07-05 22:42:00,1.1763,1.1764,1.1763,1.1763,14820.2,47
2025-07-05 22:44:00,1.1763,1.1764,1.1763,1.1763,5369.7,28
2025-07-05 22:46:00,1.1764,1.1765,1.1763,1.1765,7152.2,40
2025-07-05 22:48:00,1.1765,1.1765,1.1764,1.1764,2413.4,19
2025-07-05 22:50:00,1.1765,1.1765,1.1764,1.1765,2720.1,25
2025-07-05 22:52:00,1.1765,1.1765,1.1764,1.1764,2356.4,21
2025-07-05 22:54:00,1.1764,1.1765,1.1763,1.1764,21347.1,56
2025-07-05 22:56:00,1.1763,1.1764,1.1763,1.1764,1825.0,16
2025-07-05 22:58:00,1.1763,1.1764,1.1763,1.1764,2518.0,25
2025-07-05 23:00:00,1.1764,1.1764,1.1763,1.1764,1107.5,16
2025-07-05 23:02:00,1.1763,1.1764,1.1763,1.1764,535.8,10
2025-07-05 23:04:00,1.1764,1.1764,1.1763,1.1764,5495.6,26
2025-07-05 23:06:00,1.1764,1.1764,1.1763,1.1764,998.0,7
2025-07-05 23:08:00,1.1763,1.1764,1.1763,1.1763,1993.0,10
2025-07-05 23:10:00,1.1763,1.1764,1.1763,1.1764,828.5999999999999,10
2025-07-05 23:12:00,1.1764,1.1764,1.1763,1.1764,5962.1,23
2025-07-05 23:14:00,1.1764,1.1765,1.1764,1.1765,21380.9,51
2025-07-05 23:16:00,1.1765,1.1765,1.1764,1.1764,1933.3999999999999,14
2025-07-05 23:18:00,1.1765,1.1765,1.1764,1.1765,2316.9,8
2025-07-05 23:20:00,1.1765,1.1765,1.1764,1.1765,2914.2,15
2025-07-05 23:22:00,1.1765,1.1765,1.1764,1.1764,561.5,11
2025-07-05 23:24:00,1.1765,1.1765,1.1764,1.1764,3498.2999999999997,12
2025-07-05 23:26:00,1.1764,1.1765,1.1764,1.1764,5764.9,16
2025-07-05 23:28:00,1.1765,1.1765,1.1764,1.1765,7454.8,17
2025-07-05 23:30:00,1.1765,1.1765,1.1764,1.1764,4696.6,19
2025-07-05 23:32:00,1.1763,1.1764,1.1763,1.1763,976.2,12
2025-07-05 23:34:00,1.1764,1.1764,1.1763,1.1763,2259.0,14
2025-07-05 23:36:00,1.1763,1.1764,1.1763,1.1763,378.1,10
2025-07-05 23:38:00,1.1763,1.1764,1.1763,1.1764,1092.4,9
2025-07-05 23:40:00,1.1763,1.1763,1.1763,1.1763,2258.2,11
2025-07-05 23:42:00,1.1764,1.1764,1.1763,1.1763,29137.3,60
2025-07-05 23:44:00,1.1764,1.1765,1.1764,1.1765,22479.4,67
2025-07-05 23:46:00,1.1765,1.1765,1.1764,1.1764,1702.8,13
2025-07-05 23:48:00,1.1765,1.1765,1.1764,1.1764,208.3,11
2025-07-05 23:50:00,1.1764,1.1765,1.1764,1.1765,762.4,13
2025-07-05 23:52:00,1.1765,1.1765,1.1763,1.1764,22789.1,32
2025-07-05 23:54:00,1.1764,1.1764,1.1763,1.1764,1719.6,11
2025-07-05 23:56:00,1.1763,1.1764,1.1763,1.1764,1480.4,12
2025-07-05 23:58:00,1.1763,1.1764,1.1763,1.1764,866.4,11
2025-07-06 00:00:00,1.1764,1.1764,1.1763,1.1764,335.2,9
2025-07-06 00:02:00,1.1763,1.1764,1.1763,1.1763,12838.2,28
2025-07-06 00:04:00,1.1764,1.1764,1.1763,1.1763,1312.0,19
2025-07-06 00:06:00,1.1763,1.1764,1.1763,1.1764,2840.7,14
2025-07-06 00:08:00,1.1764,1.1764,1.1763,1.1764,1300.2,17
2025-07-06 00:10:00,1.1764,1.1764,1.1763,1.1763,1125.7,10
2025-07-06 00:12:00,1.1764,1.1764,1.1763,1.1763,886.5,13
2025-07-06 00:14:00,1.1764,1.1764,1.1763,1.1763,4042.9,14
2025-07-06 00:16:00,1.1763,1.1764,1.1763,1.1764,380.5,10
2025-07-06 00:18:00,1.1764,1.1764,1.1763,1.1764,1623.3,12
2025-07-06 00:20:00,1.1763,1.1764,1.1763,1.1764,1452.4,16
2025-07-06 00:22:00,1.1764,1.1764,1.1763,1.1764,1538.3,12
2025-07-06 00:24:00,1.1763,1.1764,1.1763,1.1764,6511.099999999999,24
2025-07-06 00:26:00,1.1763,1.1764,1.1763,1.1764,979.6,22
2025-07-06 00:28:00,1.1764,1.1764,1.1763,1.1763,1805.7,4
2025-07-06 00:30:00,1.1764,1.1764,1.1763,1.1763,5471.3,93
2025-07-06 00:32:00,1.1764,1.1764,1.1763,1.1764,1449.8,14
2025-07-06 00:34:00,1.1764,1.1764,1.1763,1.1764,1593.3,18
2025-07-06 00:36:00,1.1764,1.1764,1.1763,1.1764,480.3,9
2025-07-06 00:38:00,1.1764,1.1764,1.1763,1.1764,7034.5,12
2025-07-06 00:40:00,1.1764,1.1765,1.1763,1.1765,9972.8,19
2025-07-06 00:42:00,1.1765,1.1765,1.1764,1.1765,4388.5,7
2025-07-06 00:44:00,1.1765,1.1765,1.1764,1.1765,3571.3,10
2025-07-06 00:46:00,1.1765,1.1765,1.1764,1.1765,497.6,10
2025-07-06 00:48:00,1.1765,1.1765,1.1765,1.1765,588.4,8
2025-07-06 00:50:00,1.1765,1.1765,1.1764,1.1765,8623.8,15
2025-07-06 00:52:00,1.1765,1.1765,1.1764,1.1765,975.4,8
2025-07-06 00:54:00,1.1765,1.1765,1.1764,1.1765,308.7,5
2025-07-06 00:56:00,1.1765,1.1765,1.1764,1.1765,281.0,7
2025-07-06 00:58:00,1.1765,1.1766,1.1765,1.1766,5054.7,18
2025-07-06 01:00:00,1.1766,1.1766,1.1766,1.1766,4104.0,42
2025-07-06 01:02:00,1.1766,1.1766,1.1765,1.1766,1184.9,10
2025-07-06 01:04:00,1.1766,1.1766,1.1765,1.1766,1803.6000000000001,8
2025-07-06 01:06:00,1.1765,1.1766,1.1765,1.1766,582.7,11
2025-07-06 01:08:00,1.1766,1.1766,1.1765,1.1766,356.5,7
2025-07-06 01:10:00,1.1766,1.1766,1.1765,1.1765,903.5,4
2025-07-06 01:12:00,1.1766,1.1766,1.1765,1.1766,10960.5,23
2025-07-06 01:14:00,1.1766,1.1766,1.1766,1.1766,330.8,3
2025-07-06 01:16:00,1.1766,1.1766,1.1765,1.1766,2732.4,9
2025-07-06 01:18:00,1.1766,1.1766,1.1765,1.1765,877.1,12
2025-07-06 01:20:00,1.1766,1.1766,1.1765,1.1766,309.4,6
2025-07-06 01:22:00,1.1765,1.1766,1.1765,1.1766,2286.8,23
2025-07-06 01:24:00,1.1765,1.1766,1.1765,1.1765,3198.2000000000003,8
2025-07-06 01:26:00,1.1765,1.1766,1.1765,1.1766,1052.1000000000001,5
2025-07-06 01:28:00,1.1765,1.1766,1.1765,1.1765,712.7,5
2025-07-06 01:30:00,1.1765,1.1766,1.1765,1.1765,1061.3,9
2025-07-06 01:32:00,1.1765,1.1765,1.1765,1.1765,41.5,3
2025-07-06 01:34:00,1.1765,1.1766,1.1765,1.1766,2725.9,7
2025-07-06 01:36:00,1.1765,1.1765,1.1765,1.1765,533.9,10
2025-07-06 01:38:00,1.1765,1.1766,1.1765,1.1765,1044.3,14
2025-07-06 01:40:00,1.1766,1.1766,1.1765,1.1765,3476.6,11
2025-07-06 01:42:00,1.1766,1.1766,1.1765,1.1766,1565.8,11
2025-07-06 01:44:00,1.1766,1.1766,1.1765,1.1766,1306.1,11
2025-07-06 01:46:00,1.1765,1.1766,1.1765,1.1766,2802.6,8
2025-07-06 01:48:00,1.1765,1.1766,1.1765,1.1766,441.8,7
2025-07-06 01:50:00,1.1765,1.1766,1.1765,1.1766,896.4,5
2025-07-06 01:52:00,1.1765,1.1766,1.1765,1.1766,1723.5,6
2025-07-06 01:54:00,1.1765,1.1766,1.1765,1.1765,892.4,11
2025-07-06 01:56:00,1.1765,1.1765,1.1765,1.1765,520.4000000000001,4
2025-07-06 01:58:00,1.1765,1.1766,1.1765,1.1766,936.2,7
2025-07-06 02:00:00,1.1766,1.1766,1.1765,1.1765,1981.4,34
2025-07-06 02:02:00,1.1765,1.1765,1.1765,1.1765,228.6,7
2025-07-06 02:04:00,1.1765,1.1766,1.1764,1.1764,4523.2,14
2025-07-06 02:06:00,1.1765,1.1765,1.1764,1.1764,1268.2,3
2025-07-06 02:08:00,1.1765,1.1765,1.1764,1.1765,591.1,7
2025-07-06 02:10:00,1.1765,1.1765,1.1765,1.1765,3503.1,5
2025-07-06 02:12:00,1.1764,1.1765,1.1764,1.1765,4664.299999999999,7
2025-07-06 02:14:00,1.1765,1.1766,1.1764,1.1765,2880.9,13
2025-07-06 02:16:00,1.1765,1.1766,1.1765,1.1766,17836.8,33
2025-07-06 02:18:00,1.1766,1.1766,1.1765,1.1766,27754.8,30
2025-07-06 02:20:00,1.1765,1.1765,1.1765,1.1765,543.7,3
2025-07-06 02:22:00,1.1766,1.1766,1.1765,1.1765,156.5,4
2025-07-06 02:24:00,1.1765,1.1767,1.1765,1.1767,21716.9,49
2025-07-06 02:26:00,1.1767,1.1769,1.1767,1.1768,128631.7,259
2025-07-06 02:28:00,1.1768,1.1768,1.1767,1.1768,1277.9,10
2025-07-06 02:30:00,1.1767,1.1769,1.1767,1.1768,46307.700000000004,155
2025-07-06 02:32:00,1.1768,1.1768,1.1767,1.1767,1333.1999999999998,7
2025-07-06 02:34:00,1.1767,1.1767,1.1767,1.1767,232.1,3
2025-07-06 02:36:00,1.1767,1.1767,1.1767,1.1767,1621.1,11
2025-07-06 02:38:00,1.1768,1.1768,1.1767,1.1767,371.5,8
2025-07-06 02:40:00,1.1768,1.1768,1.1767,1.1767,1668.9,5
2025-07-06 02:42:00,1.1767,1.1768,1.1767,1.1767,1244.3999999999999,4
2025-07-06 02:44:00,1.1767,1.1768,1.1767,1.1768,84.4,3
2025-07-06 02:46:00,1.1767,1.1767,1.1767,1.1767,3619.8,3
2025-07-06 02:48:00,1.1768,1.1768,1.1767,1.1768,588.5,8
2025-07-06 02:50:00,1.1768,1.1768,1.1767,1.1768,22206.2,14
2025-07-06 02:52:00,1.1768,1.1768,1.1767,1.1767,2626.4,5
2025-07-06 02:54:00,1.1767,1.1768,1.1767,1.1768,2052.9,4
2025-07-06 02:56:00,1.1768,1.1768,1.1767,1.1767,144.0,3
2025-07-06 02:58:00,1.1767,1.1768,1.1767,1.1767,9753.8,19
2025-07-06 03:00:00,1.1768,1.1768,1.1767,1.1767,385.5,6
2025-07-06 03:02:00,1.1768,1.1768,1.1767,1.1768,140.6,6
2025-07-06 03:04:00,1.1768,1.1768,1.1767,1.1767,2703.5,14
2025-07-06 03:06:00,1.1767,1.1768,1.1767,1.1767,218.2,5
2025-07-06 03:08:00,1.1767,1.1768,1.1767,1.1767,5885.3,8
2025-07-06 03:10:00,1.1767,1.1767,1.1767,1.1767,12736.2,41
2025-07-06 03:12:00,1.1766,1.1767,1.1766,1.1767,762.4000000000001,4
2025-07-06 03:14:00,1.1766,1.1767,1.1766,1.1766,1739.6,5
2025-07-06 03:18:00,1.1766,1.1766,1.1766,1.1766,1083.0,3
2025-07-06 03:20:00,1.1766,1.1766,1.1766,1.1766,35.9,2
2025-07-06 03:22:00,1.1767,1.1767,1.1766,1.1767,416.90000000000003,6
2025-07-06 03:24:00,1.1766,1.1767,1.1766,1.1766,2006.5,10
2025-07-06 03:26:00,1.1766,1.1767,1.1766,1.1767,1295.0,6
2025-07-06 03:28:00,1.1766,1.1766,1.1766,1.1766,135.0,3
2025-07-06 03:30:00,1.1766,1.1767,1.1766,1.1767,12623.800000000001,19
2025-07-06 03:32:00,1.1767,1.1767,1.1766,1.1766,2900.7000000000003,19
2025-07-06 03:34:00,1.1766,1.1767,1.1766,1.1767,64.7,2
2025-07-06 03:36:00,1.1767,1.1767,1.1766,1.1767,451.1,8
2025-07-06 03:38:00,1.1766,1.1767,1.1766,1.1767,1159.7,8
2025-07-06 03:40:00,1.1767,1.1767,1.1766,1.1767,411.6,9
2025-07-06 03:42:00,1.1767,1.1767,1.1766,1.1767,1751.3999999999999,13
2025-07-06 03:44:00,1.1767,1.1767,1.1766,1.1766,1020.6,11
2025-07-06 03:46:00,1.1767,1.1767,1.1766,1.1767,1274.3,17
2025-07-06 03:48:00,1.1767,1.1767,1.1766,1.1766,895.2,10
2025-07-06 03:50:00,1.1766,1.1766,1.1766,1.1766,2544.3,4
2025-07-06 03:52:00,1.1766,1.1766,1.1766,1.1766,165.0,2
2025-07-06 03:54:00,1.1766,1.1768,1.1766,1.1766,29188.4,12
2025-07-06 03:56:00,1.1767,1.1767,1.1766,1.1767,218.3,4
2025-07-06 03:58:00,1.1766,1.1766,1.1766,1.1766,631.6,4
2025-07-06 04:00:00,1.1766,1.1767,1.1766,1.1766,504.4,8
2025-07-06 04:02:00,1.1766,1.1767,1.1766,1.1766,931.1,8
2025-07-06 04:04:00,1.1766,1.1767,1.1766,1.1766,889.3,8
2025-07-06 04:06:00,1.1766,1.1767,1.1766,1.1766,2962.6,11
2025-07-06 04:08:00,1.1766,1.1766,1.1766,1.1766,2796.8,12
2025-07-06 04:10:00,1.1766,1.1767,1.1766,1.1766,508.0,11
2025-07-06 04:12:00,1.1766,1.1766,1.1766,1.1766,542.1,9
2025-07-06 04:14:00,1.1766,1.1766,1.1766,1.1766,499.9,8
2025-07-06 04:16:00,1.1766,1.1767,1.1766,1.1766,834.9,8
2025-07-06 04:18:00,1.1767,1.1767,1.1766,1.1766,902.7,16
2025-07-06 04:20:00,1.1766,1.1767,1.1766,1.1767,1779.4,8
2025-07-06 04:22:00,1.1766,1.1766,1.1766,1.1766,815.6999999999999,5
2025-07-06 04:24:00,1.1766,1.1766,1.1766,1.1766,846.8,8
2025-07-06 04:26:00,1.1766,1.1766,1.1765,1.1765,28266.8,42
2025-07-06 04:28:00,1.1765,1.1765,1.1765,1.1765,653.1,8
2025-07-06 04:30:00,1.1765,1.1765,1.1765,1.1765,1965.4,12
2025-07-06 04:32:00,1.1765,1.1765,1.1765,1.1765,1424.4,10
2025-07-06 04:34:00,1.1765,1.1766,1.1765,1.1765,1144.9,10
2025-07-06 04:36:00,1.1765,1.1766,1.1765,1.1765,4566.5,15
2025-07-06 04:38:00,1.1766,1.1766,1.1765,1.1765,4221.2,17
2025-07-06 04:40:00,1.1766,1.1766,1.1765,1.1766,876.8,10
2025-07-06 04:42:00,1.1766,1.1766,1.1765,1.1766,887.3000000000001,13
2025-07-06 04:44:00,1.1765,1.1766,1.1765,1.1766,735.2,14
2025-07-06 04:46:00,1.1766,1.1766,1.1765,1.1766,975.7,14
2025-07-06 04:48:00,1.1766,1.1766,1.1765,1.1766,3399.5,12
2025-07-06 04:50:00,1.1766,1.1766,1.1765,1.1766,579.2,9
2025-07-06 04:52:00,1.1765,1.1766,1.1765,1.1766,871.8,6
2025-07-06 04:54:00,1.1765,1.1765,1.1765,1.1765,3414.5,5
2025-07-06 04:56:00,1.1766,1.1766,1.1765,1.1766,1116.8,8
2025-07-06 04:58:00,1.1765,1.1767,1.1764,1.1766,10536.9,28
2025-07-06 05:00:00,1.1766,1.1766,1.1765,1.1765,18473.3,42
2025-07-06 05:02:00,1.1765,1.1766,1.1765,1.1766,2789.0,8
2025-07-06 05:04:00,1.1765,1.1765,1.1765,1.1765,5184.6,11
2025-07-06 05:06:00,1.1765,1.1766,1.1765,1.1766,1052.0,5
2025-07-06 05:08:00,1.1765,1.1766,1.1765,1.1765,268.1,11
2025-07-06 05:10:00,1.1765,1.1766,1.1765,1.1766,543.6,7
2025-07-06 05:12:00,1.1765,1.1766,1.1765,1.1766,428.9,3
2025-07-06 05:14:00,1.1765,1.1766,1.1765,1.1766,6674.6,18
2025-07-06 05:16:00,1.1765,1.1766,1.1765,1.1765,1414.6,7
2025-07-06 05:18:00,1.1765,1.1766,1.1765,1.1766,55.6,6
2025-07-06 05:20:00,1.1765,1.1765,1.1765,1.1765,336.7,7
2025-07-06 05:22:00,1.1765,1.1765,1.1764,1.1764,2741.0,11
2025-07-06 05:24:00,1.1764,1.1765,1.1764,1.1764,802.9000000000001,9
2025-07-06 05:26:00,1.1764,1.1765,1.1764,1.1764,1496.8,8
2025-07-06 05:28:00,1.1764,1.1764,1.1764,1.1764,187.1,8
2025-07-06 05:30:00,1.1765,1.1765,1.1764,1.1765,2541.1,9
2025-07-06 05:32:00,1.1765,1.1765,1.1764,1.1764,102.6,3
2025-07-06 05:34:00,1.1764,1.1765,1.1764,1.1764,834.0,9
2025-07-06 05:36:00,1.1764,1.1765,1.1764,1.1765,1086.4,8
2025-07-06 05:38:00,1.1765,1.1765,1.1764,1.1764,170.5,5
2025-07-06 05:40:00,1.1765,1.1765,1.1764,1.1765,877.1999999999999,7
2025-07-06 05:42:00,1.1764,1.1766,1.1764,1.1765,17010.3,74
2025-07-06 05:44:00,1.1766,1.1766,1.1765,1.1766,1198.7,10
2025-07-06 05:46:00,1.1766,1.1766,1.1765,1.1766,607.7,11
2025-07-06 05:48:00,1.1766,1.1766,1.1765,1.1766,642.9,19
2025-07-06 05:50:00,1.1766,1.1766,1.1765,1.1766,464.6,15
2025-07-06 05:52:00,1.1766,1.1766,1.1765,1.1766,597.0,15
2025-07-06 05:54:00,1.1766,1.1766,1.1765,1.1766,709.1,11
2025-07-06 05:56:00,1.1765,1.1766,1.1765,1.1765,306.1,5
2025-07-06 05:58:00,1.1765,1.1765,1.1765,1.1765,391.4,5
2025-07-06 06:00:00,1.1765,1.1766,1.1765,1.1766,21021.3,29
2025-07-06 06:02:00,1.1765,1.1766,1.1765,1.1766,2787.1,17
2025-07-06 06:04:00,1.1765,1.1766,1.1765,1.1766,8150.5,25
2025-07-06 06:06:00,1.1766,1.1768,1.1765,1.1767,48612.1,23
2025-07-06 06:08:00,1.1767,1.1767,1.1766,1.1766,3667.1000000000004,24
2025-07-06 06:10:00,1.1766,1.1766,1.1766,1.1766,13929.9,33
2025-07-06 06:12:00,1.1767,1.1767,1.1766,1.1767,4778.900000000001,7
2025-07-06 06:14:00,1.1767,1.1767,1.1766,1.1766,5044.8,11
2025-07-06 06:16:00,1.1766,1.1767,1.1765,1.1765,13904.6,25
2025-07-06 06:18:00,1.1766,1.1766,1.1765,1.1765,1424.1,6
2025-07-06 06:20:00,1.1766,1.1766,1.1764,1.1765,2540.1,10
2025-07-06 06:22:00,1.1764,1.1764,1.1764,1.1764,1466.7,6
2025-07-06 06:24:00,1.1765,1.1765,1.1764,1.1764,1770.9,14
2025-07-06 06:26:00,1.1764,1.1765,1.1764,1.1764,981.8,8
2025-07-06 06:28:00,1.1765,1.1765,1.1764,1.1764,1924.5,11
2025-07-06 06:30:00,1.1764,1.1765,1.1764,1.1764,4325.0,12
2025-07-06 06:32:00,1.1764,1.1765,1.1764,1.1764,7252.0,14
2025-07-06 06:34:00,1.1764,1.1765,1.1764,1.1764,3247.6,15
2025-07-06 06:36:00,1.1765,1.1765,1.1764,1.1764,1214.8000000000002,7
2025-07-06 06:38:00,1.1764,1.1765,1.1764,1.1765,617.0,9
2025-07-06 06:40:00,1.1765,1.1765,1.1764,1.1765,1586.7,9
2025-07-06 06:42:00,1.1765,1.1765,1.1764,1.1764,2504.0,13
2025-07-06 06:44:00,1.1765,1.1765,1.1764,1.1764,2463.0,15
2025-07-06 06:46:00,1.1764,1.1765,1.1764,1.1764,1404.1,8
2025-07-06 06:48:00,1.1765,1.1765,1.1764,1.1764,3426.6,9
2025-07-06 06:50:00,1.1764,1.1764,1.1763,1.1764,1755.1,11
2025-07-06 06:52:00,1.1764,1.1764,1.1763,1.1764,13545.199999999999,14
2025-07-06 06:54:00,1.1764,1.1764,1.1763,1.1764,13264.2,16
2025-07-06 06:56:00,1.1764,1.1764,1.1763,1.1763,2284.3,23
2025-07-06 06:58:00,1.1763,1.1764,1.1763,1.1763,5018.0,36
2025-07-06 07:00:00,1.1763,1.1765,1.1762,1.1765,22436.8,51
2025-07-06 07:02:00,1.1765,1.1765,1.1764,1.1764,4488.7,20
2025-07-06 07:04:00,1.1764,1.1766,1.1764,1.1766,12578.0,31
2025-07-06 07:06:00,1.1766,1.1766,1.1765,1.1765,716.2,14
2025-07-06 07:08:00,1.1766,1.1766,1.1765,1.1765,3301.5,12
2025-07-06 07:10:00,1.1765,1.1766,1.1765,1.1766,6121.4,12
2025-07-06 07:12:00,1.1765,1.1766,1.1765,1.1765,2286.5,16
2025-07-06 07:14:00,1.1766,1.1766,1.1765,1.1765,6365.9,14
2025-07-06 07:16:00,1.1766,1.1766,1.1765,1.1766,3061.1,12
2025-07-06 07:18:00,1.1766,1.1766,1.1765,1.1766,1393.2,10
2025-07-06 07:20:00,1.1766,1.1766,1.1765,1.1766,7850.8,17
2025-07-06 07:22:00,1.1766,1.1766,1.1765,1.1765,6546.400000000001,6
2025-07-06 07:24:00,1.1765,1.1766,1.1765,1.1765,5225.5,19
2025-07-06 07:26:00,1.1765,1.1766,1.1765,1.1765,3489.2,24
2025-07-06 07:28:00,1.1766,1.1766,1.1765,1.1766,1933.0,11
2025-07-06 07:30:00,1.1766,1.1766,1.1765,1.1766,467.2,7
2025-07-06 07:32:00,1.1766,1.1766,1.1765,1.1766,1443.5,13
2025-07-06 07:34:00,1.1766,1.1766,1.1765,1.1765,3473.1,21
2025-07-06 07:36:00,1.1765,1.1766,1.1765,1.1765,3658.2,16
2025-07-06 07:38:00,1.1766,1.1766,1.1765,1.1766,3869.3,13
2025-07-06 07:40:00,1.1766,1.1766,1.1765,1.1766,3295.2,18
2025-07-06 07:42:00,1.1766,1.1766,1.1765,1.1766,3467.2,18
2025-07-06 07:44:00,1.1766,1.1766,1.1765,1.1766,4085.5,17
2025-07-06 07:46:00,1.1765,1.1766,1.1765,1.1766,1866.7,16
2025-07-06 07:48:00,1.1766,1.1766,1.1765,1.1766,1292.3,17
2025-07-06 07:50:00,1.1766,1.1766,1.1765,1.1766,456.9,9
2025-07-06 07:52:00,1.1765,1.1766,1.1764,1.1765,9124.4,26
2025-07-06 07:54:00,1.1764,1.1765,1.1764,1.1765,1776.9,23
2025-07-06 07:56:00,1.1764,1.1765,1.1764,1.1765,4195.4,20
2025-07-06 07:58:00,1.1765,1.1765,1.1765,1.1765,2784.2999999999997,17
2025-07-06 08:00:00,1.1765,1.1765,1.1764,1.1765,4426.2,14
2025-07-06 08:02:00,1.1765,1.1766,1.1765,1.1765,19812.600000000002,45
2025-07-06 08:04:00,1.1765,1.1766,1.1765,1.1766,9544.0,21
2025-07-06 08:06:00,1.1766,1.1766,1.1765,1.1765,6629.599999999999,26
2025-07-06 08:08:00,1.1766,1.1766,1.1765,1.1766,6364.3,19
2025-07-06 08:10:00,1.1766,1.1766,1.1765,1.1766,8753.2,18
2025-07-06 08:12:00,1.1766,1.1766,1.1765,1.1766,2568.9,12
2025-07-06 08:14:00,1.1765,1.1767,1.1765,1.1766,3797.7,27
2025-07-06 08:16:00,1.1766,1.1767,1.1766,1.1766,9680.5,44
2025-07-06 08:18:00,1.1766,1.1767,1.1766,1.1766,11514.6,27
2025-07-06 08:20:00,1.1766,1.1767,1.1765,1.1765,14418.6,33
2025-07-06 08:22:00,1.1765,1.1766,1.1764,1.1766,4333.1,22
2025-07-06 08:24:00,1.1766,1.1766,1.1765,1.1766,4604.3,18
2025-07-06 08:26:00,1.1766,1.1766,1.1765,1.1766,9774.099999999999,17
2025-07-06 08:28:00,1.1766,1.1766,1.1765,1.1766,4443.599999999999,9
2025-07-06 08:30:00,1.1766,1.1766,1.1766,1.1766,3447.5,37
2025-07-06 08:32:00,1.1765,1.1766,1.1764,1.1766,12712.0,22
2025-07-06 08:34:00,1.1766,1.1766,1.1765,1.1765,6457.5,30
2025-07-06 08:36:00,1.1765,1.1766,1.1765,1.1765,2298.4,18
2025-07-06 08:38:00,1.1765,1.1766,1.1765,1.1765,5416.0,17
2025-07-06 08:40:00,1.1765,1.1766,1.1765,1.1765,2289.5,12
2025-07-06 08:42:00,1.1765,1.1766,1.1765,1.1765,1711.3,13
2025-07-06 08:44:00,1.1765,1.1766,1.1765,1.1765,1337.0,15
2025-07-06 08:46:00,1.1765,1.1766,1.1764,1.1765,12213.199999999999,50
2025-07-06 08:48:00,1.1765,1.1766,1.1765,1.1765,4562.3,34
2025-07-06 08:50:00,1.1766,1.1766,1.1765,1.1765,1215.4,21
2025-07-06 08:52:00,1.1765,1.1766,1.1765,1.1765,3551.1,28
2025-07-06 08:54:00,1.1765,1.1766,1.1765,1.1766,2738.4,16
2025-07-06 08:56:00,1.1765,1.1766,1.1765,1.1765,3534.1,18
2025-07-06 08:58:00,1.1765,1.1766,1.1765,1.1765,3318.2999999999997,19
2025-07-06 09:00:00,1.1766,1.1766,1.1765,1.1765,1550.8,14
2025-07-06 09:02:00,1.1766,1.1766,1.1765,1.1766,2758.2,15
2025-07-06 09:04:00,1.1765,1.1766,1.1765,1.1766,5711.4,34
2025-07-06 09:06:00,1.1766,1.1766,1.1764,1.1766,6042.5,25
2025-07-06 09:08:00,1.1766,1.1766,1.1765,1.1765,2642.3,24
2025-07-06 09:10:00,1.1765,1.1766,1.1765,1.1765,1965.1999999999998,23
2025-07-06 09:12:00,1.1765,1.1766,1.1765,1.1765,2422.6,35
2025-07-06 09:14:00,1.1766,1.1766,1.1765,1.1765,11212.0,22
2025-07-06 09:16:00,1.1765,1.1766,1.1765,1.1765,2379.9,12
2025-07-06 09:18:00,1.1765,1.1766,1.1765,1.1765,1262.4,18
2025-07-06 09:20:00,1.1765,1.1766,1.1765,1.1765,3305.8,7
2025-07-06 09:22:00,1.1765,1.1766,1.1765,1.1765,11660.3,15
2025-07-06 09:24:00,1.1766,1.1766,1.1765,1.1765,1798.2,8
2025-07-06 09:26:00,1.1765,1.1766,1.1765,1.1765,1659.7,18
2025-07-06 09:28:00,1.1766,1.1766,1.1765,1.1766,6364.8,28
2025-07-06 09:30:00,1.1765,1.1767,1.1765,1.1767,11703.6,37
2025-07-06 09:32:00,1.1766,1.1767,1.1766,1.1767,2771.6,19
2025-07-06 09:34:00,1.1767,1.1767,1.1766,1.1767,1382.4,13
2025-07-06 09:36:00,1.1766,1.1767,1.1766,1.1766,6733.0,28
2025-07-06 09:38:00,1.1766,1.1767,1.1766,1.1767,3748.4,23
2025-07-06 09:40:00,1.1766,1.1767,1.1766,1.1766,2772.7,13
2025-07-06 09:42:00,1.1766,1.1767,1.1766,1.1767,1874.9,25
2025-07-06 09:44:00,1.1766,1.1767,1.1766,1.1766,3072.6,24
2025-07-06 09:46:00,1.1767,1.1767,1.1764,1.1766,53896.5,80
2025-07-06 09:48:00,1.1766,1.1766,1.1765,1.1765,26768.0,42
2025-07-06 09:50:00,1.1765,1.1766,1.1764,1.1766,9181.2,28
2025-07-06 09:52:00,1.1766,1.1766,1.1765,1.1765,5187.3,20
2025-07-06 09:54:00,1.1765,1.1767,1.1765,1.1766,11613.6,22
2025-07-06 09:56:00,1.1766,1.1767,1.1766,1.1767,5063.2,17
2025-07-06 09:58:00,1.1766,1.1767,1.1766,1.1767,45963.3,79
2025-07-06 10:00:00,1.1767,1.1767,1.1765,1.1765,4613.1,21
2025-07-06 10:02:00,1.1765,1.1766,1.1765,1.1766,7205.9,30
2025-07-06 10:04:00,1.1765,1.1766,1.1765,1.1765,2337.0,11
2025-07-06 10:06:00,1.1765,1.1766,1.1765,1.1766,3940.2,22
2025-07-06 10:08:00,1.1766,1.1766,1.1765,1.1766,4815.0,20
2025-07-06 10:10:00,1.1766,1.1766,1.1765,1.1766,4968.8,18
2025-07-06 10:12:00,1.1766,1.1766,1.1765,1.1766,4960.4,16
2025-07-06 10:14:00,1.1765,1.1766,1.1765,1.1765,4778.8,22
2025-07-06 10:16:00,1.1765,1.1766,1.1765,1.1765,6060.299999999999,30
2025-07-06 10:18:00,1.1765,1.1766,1.1765,1.1765,3518.7000000000003,14
2025-07-06 10:20:00,1.1765,1.1765,1.1765,1.1765,2928.1,16
2025-07-06 10:22:00,1.1765,1.1765,1.1765,1.1765,2174.6,15
2025-07-06 10:24:00,1.1765,1.1766,1.1765,1.1766,7755.9,26
2025-07-06 10:26:00,1.1766,1.1766,1.1765,1.1765,10210.1,28
2025-07-06 10:28:00,1.1766,1.1766,1.1765,1.1766,6536.8,28
2025-07-06 10:30:00,1.1766,1.1766,1.1765,1.1766,13483.6,27
2025-07-06 10:32:00,1.1766,1.1767,1.1765,1.1766,28091.399999999998,33
2025-07-06 10:34:00,1.1766,1.1766,1.1765,1.1766,1659.2,15
2025-07-06 10:36:00,1.1766,1.1766,1.1765,1.1766,5881.8,28
2025-07-06 10:38:00,1.1766,1.1766,1.1766,1.1766,5639.099999999999,19
2025-07-06 10:40:00,1.1766,1.1766,1.1764,1.1766,73883.09999999999,246
2025-07-06 10:42:00,1.1766,1.1767,1.1766,1.1767,20721.6,37
2025-07-06 10:44:00,1.1767,1.1767,1.1766,1.1767,7344.9,20
2025-07-06 10:46:00,1.1767,1.1768,1.1767,1.1767,18484.0,50
2025-07-06 10:48:00,1.1768,1.1768,1.1767,1.1768,9267.2,42
2025-07-06 10:50:00,1.1768,1.1768,1.1767,1.1767,3979.8,31
2025-07-06 10:52:00,1.1767,1.1768,1.1767,1.1767,5566.9,32
2025-07-06 10:54:00,1.1767,1.1768,1.1767,1.1767,30721.9,42
2025-07-06 10:56:00,1.1768,1.1768,1.1767,1.1767,13680.0,37
2025-07-06 10:58:00,1.1767,1.1768,1.1767,1.1767,5717.4,25
2025-07-06 11:00:00,1.1768,1.1768,1.1767,1.1767,12141.5,30
2025-07-06 11:02:00,1.1767,1.1768,1.1767,1.1767,12074.9,54
2025-07-06 11:04:00,1.1768,1.1769,1.1767,1.1769,40456.0,65
2025-07-06 11:06:00,1.1768,1.1769,1.1768,1.1768,13445.5,29
2025-07-06 11:08:00,1.1769,1.1769,1.1768,1.1769,4375.0,36
2025-07-06 11:10:00,1.1768,1.1769,1.1768,1.1768,6378.2,35
2025-07-06 11:12:00,1.1768,1.1769,1.1767,1.1767,19566.1,36
2025-07-06 11:14:00,1.1767,1.1768,1.1767,1.1767,4834.0,28
2025-07-06 11:16:00,1.1767,1.1768,1.1767,1.1767,9899.0,35
2025-07-06 11:18:00,1.1768,1.1768,1.1767,1.1767,1920.3000000000002,21
2025-07-06 11:20:00,1.1768,1.1768,1.1767,1.1767,3910.0,13
2025-07-06 11:22:00,1.1767,1.1768,1.1767,1.1767,2710.4,10
2025-07-06 11:24:00,1.1768,1.1769,1.1768,1.1768,9542.7,22
2025-07-06 11:26:00,1.1768,1.1769,1.1768,1.1769,8948.5,21
2025-07-06 11:28:00,1.1769,1.1769,1.1768,1.1768,7533.2,32
2025-07-06 11:30:00,1.1769,1.1769,1.1768,1.1768,3622.0,25
2025-07-06 11:32:00,1.1768,1.1769,1.1768,1.1768,6285.599999999999,27
2025-07-06 11:34:00,1.1768,1.177,1.1768,1.1769,25767.6,136
2025-07-06 11:36:00,1.1768,1.1769,1.1768,1.1768,3102.7,20
2025-07-06 11:38:00,1.1768,1.1769,1.1768,1.1769,491.2,14
2025-07-06 11:40:00,1.1768,1.1769,1.1768,1.1768,1963.6,7
2025-07-06 11:42:00,1.1768,1.1769,1.1768,1.1769,2731.6,17
2025-07-06 11:44:00,1.1768,1.1769,1.1768,1.1768,2270.8,9
2025-07-06 11:46:00,1.1768,1.1769,1.1768,1.1769,5417.3,21
2025-07-06 11:48:00,1.1769,1.1769,1.1768,1.1768,3280.8,16
2025-07-06 11:50:00,1.1768,1.1769,1.1768,1.1768,5868.9,16
2025-07-06 11:52:00,1.1768,1.1769,1.1768,1.1769,2032.8,8
2025-07-06 11:54:00,1.1768,1.1769,1.1768,1.1768,2794.0,20
2025-07-06 11:56:00,1.1768,1.1769,1.1766,1.1767,14184.8,25
2025-07-06 11:58:00,1.1767,1.1768,1.1767,1.1768,4777.7,10
2025-07-06 12:00:00,1.1768,1.1768,1.1767,1.1768,1247.7,17
2025-07-06 12:02:00,1.1768,1.1768,1.1767,1.1767,1763.5,25
2025-07-06 12:04:00,1.1767,1.1768,1.1767,1.1767,3805.2,18
2025-07-06 12:06:00,1.1767,1.1768,1.1767,1.1767,5075.4,21
2025-07-06 12:08:00,1.1768,1.1768,1.1767,1.1768,4049.5,12
2025-07-06 12:10:00,1.1767,1.1768,1.1767,1.1768,3289.5,14
2025-07-06 12:12:00,1.1767,1.1768,1.1767,1.1768,3667.1,24
2025-07-06 12:14:00,1.1767,1.1768,1.1767,1.1768,2446.4,13
2025-07-06 12:16:00,1.1768,1.1769,1.1767,1.1768,8282.5,20
2025-07-06 12:18:00,1.1768,1.1768,1.1767,1.1767,9345.1,27
2025-07-06 12:20:00,1.1768,1.1768,1.1764,1.1764,41798.4,51
2025-07-06 12:22:00,1.1765,1.1765,1.1764,1.1764,98270.5,125
2025-07-06 12:24:00,1.1765,1.1765,1.1764,1.1764,751.0,11
2025-07-06 12:26:00,1.1764,1.1765,1.1764,1.1765,15118.8,16
2025-07-06 12:28:00,1.1764,1.1765,1.1764,1.1764,2708.8,19
2025-07-06 12:30:00,1.1765,1.1765,1.1764,1.1764,3557.9,24
2025-07-06 12:32:00,1.1764,1.1765,1.1764,1.1765,8774.8,30
2025-07-06 12:34:00,1.1765,1.1765,1.1764,1.1764,6310.1,25
2025-07-06 12:36:00,1.1764,1.1765,1.1764,1.1765,7765.599999999999,34
2025-07-06 12:38:00,1.1764,1.1765,1.1764,1.1765,7935.5,34
2025-07-06 12:40:00,1.1765,1.1766,1.1764,1.1766,6247.7,23
2025-07-06 12:42:00,1.1766,1.1766,1.1765,1.1765,4560.0,12
2025-07-06 12:44:00,1.1766,1.1766,1.1765,1.1766,3100.0,24
2025-07-06 12:46:00,1.1765,1.1766,1.1765,1.1766,5987.2,23
2025-07-06 12:48:00,1.1766,1.1766,1.1765,1.1765,10135.800000000001,25
2025-07-06 12:50:00,1.1766,1.1766,1.1765,1.1765,4934.0,24
2025-07-06 12:52:00,1.1765,1.1766,1.1765,1.1766,4481.6,25
2025-07-06 12:54:00,1.1765,1.1766,1.1765,1.1765,2828.2,21
2025-07-06 12:56:00,1.1765,1.1766,1.1764,1.1764,15738.7,37
2025-07-06 12:58:00,1.1765,1.1765,1.1764,1.1765,7358.9,33
2025-07-06 13:00:00,1.1765,1.1765,1.1764,1.1764,4277.7,28
2025-07-06 13:02:00,1.1765,1.1765,1.1764,1.1765,3266.7000000000003,14
2025-07-06 13:04:00,1.1765,1.1765,1.1764,1.1765,5042.9,19
2025-07-06 13:06:00,1.1764,1.1765,1.1764,1.1764,2029.8,15
2025-07-06 13:08:00,1.1764,1.1765,1.1764,1.1765,3649.1,20
2025-07-06 13:10:00,1.1764,1.1766,1.1764,1.1766,18287.4,17
2025-07-06 13:12:00,1.1765,1.1766,1.1765,1.1766,11640.3,18
2025-07-06 13:14:00,1.1765,1.1766,1.1765,1.1766,918.6,16
2025-07-06 13:16:00,1.1766,1.1767,1.1765,1.1766,14695.0,30
2025-07-06 13:18:00,1.1766,1.1767,1.1766,1.1767,5344.4,29
2025-07-06 13:20:00,1.1767,1.1767,1.1766,1.1767,2522.2000000000003,20
2025-07-06 13:22:00,1.1766,1.1767,1.1765,1.1767,66735.5,99
2025-07-06 13:24:00,1.1766,1.1767,1.1766,1.1767,7427.4,13
2025-07-06 13:26:00,1.1766,1.1767,1.1766,1.1766,24736.7,45
2025-07-06 13:28:00,1.1767,1.1767,1.1766,1.1766,10201.9,42
2025-07-06 13:30:00,1.1767,1.1768,1.1766,1.1767,24024.6,50
2025-07-06 13:32:00,1.1767,1.1768,1.1767,1.1768,13042.0,37
2025-07-06 13:34:00,1.1768,1.1769,1.1767,1.1768,31347.3,71
2025-07-06 13:36:00,1.1768,1.1769,1.1767,1.1767,70516.5,81
2025-07-06 13:38:00,1.1768,1.1768,1.1767,1.1767,2546.0,27
2025-07-06 13:40:00,1.1767,1.1768,1.1766,1.1767,13811.1,42
2025-07-06 13:42:00,1.1767,1.1767,1.1766,1.1766,13187.0,41
2025-07-06 13:44:00,1.1767,1.1767,1.1766,1.1766,13568.6,65
2025-07-06 13:46:00,1.1767,1.1767,1.1766,1.1766,30801.7,52
2025-07-06 13:48:00,1.1767,1.1767,1.1766,1.1766,3911.4,34
2025-07-06 13:50:00,1.1766,1.1768,1.1766,1.1768,59771.1,207
2025-07-06 13:52:00,1.1767,1.1769,1.1767,1.1768,52268.2,142
2025-07-06 13:54:00,1.1768,1.1769,1.1767,1.1768,60641.2,111
2025-07-06 13:56:00,1.1768,1.1769,1.1768,1.1769,10701.2,51
2025-07-06 13:58:00,1.1768,1.1769,1.1767,1.1768,28316.8,63
2025-07-06 14:00:00,1.1768,1.1768,1.1766,1.1767,19427.3,36
2025-07-06 14:02:00,1.1767,1.1767,1.1766,1.1766,15441.3,53
2025-07-06 14:04:00,1.1766,1.1767,1.1766,1.1767,15256.8,68
2025-07-06 14:06:00,1.1766,1.1767,1.1766,1.1767,12918.2,30
2025-07-06 14:08:00,1.1766,1.1767,1.1766,1.1766,7504.900000000001,35
2025-07-06 14:10:00,1.1767,1.1767,1.1766,1.1766,38359.6,100
2025-07-06 14:12:00,1.1766,1.1767,1.1766,1.1766,18073.600000000002,42
2025-07-06 14:14:00,1.1767,1.1767,1.1766,1.1766,12502.8,44
2025-07-06 14:16:00,1.1767,1.1768,1.1766,1.1767,19562.7,59
2025-07-06 14:18:00,1.1767,1.1768,1.1767,1.1767,6708.6,32
2025-07-06 14:20:00,1.1767,1.1768,1.1767,1.1767,18674.399999999998,62
2025-07-06 14:22:00,1.1768,1.1768,1.1767,1.1767,17784.2,35
2025-07-06 14:24:00,1.1767,1.1768,1.1767,1.1768,15028.2,34
2025-07-06 14:26:00,1.1767,1.1768,1.1767,1.1767,5940.9,21
2025-07-06 14:28:00,1.1767,1.1768,1.1767,1.1767,16234.5,21
2025-07-06 14:30:00,1.1768,1.1768,1.1766,1.1768,9114.3,38
2025-07-06 14:32:00,1.1768,1.1768,1.1767,1.1767,6343.9,43
2025-07-06 14:34:00,1.1767,1.1768,1.1767,1.1767,15448.0,40
2025-07-06 14:36:00,1.1767,1.1769,1.1767,1.1768,16780.6,51
2025-07-06 14:38:00,1.1769,1.1769,1.1768,1.1768,13055.5,58
2025-07-06 14:40:00,1.1768,1.1769,1.1768,1.1769,16268.7,58
2025-07-06 14:42:00,1.1768,1.1769,1.1768,1.1769,54988.1,107
2025-07-06 14:44:00,1.1768,1.1769,1.1767,1.1767,43382.1,70
2025-07-06 14:46:00,1.1767,1.1768,1.1767,1.1768,7544.8,30
2025-07-06 14:48:00,1.1767,1.1768,1.1767,1.1768,4912.5,30
2025-07-06 14:50:00,1.1768,1.1768,1.1767,1.1767,6528.4,32
2025-07-06 14:52:00,1.1768,1.1768,1.1767,1.1767,3076.1,27
2025-07-06 14:54:00,1.1767,1.1768,1.1767,1.1767,24429.5,36
2025-07-06 14:56:00,1.1767,1.1768,1.1767,1.1767,6732.1,25
2025-07-06 14:58:00,1.1768,1.1769,1.1767,1.1769,4090.4,15
2025-07-06 15:00:00,1.1768,1.1768,1.1767,1.1768,23958.2,36
2025-07-06 15:02:00,1.1768,1.1768,1.1767,1.1767,19492.0,50
2025-07-06 15:04:00,1.1768,1.1768,1.1767,1.1768,6474.1,30
2025-07-06 15:06:00,1.1768,1.177,1.1767,1.1767,32251.2,61
2025-07-06 15:08:00,1.1767,1.1768,1.1767,1.1768,2057.4,20
2025-07-06 15:10:00,1.1768,1.1768,1.1767,1.1768,22451.8,46
2025-07-06 15:12:00,1.1767,1.1767,1.1766,1.1767,10045.7,24
2025-07-06 15:14:00,1.1767,1.1768,1.1766,1.1767,26896.2,48
2025-07-06 15:16:00,1.1768,1.1768,1.1767,1.1767,15008.3,36
2025-07-06 15:18:00,1.1768,1.1769,1.1767,1.1769,30190.5,43
2025-07-06 15:20:00,1.1769,1.1769,1.1768,1.1768,12655.5,41
2025-07-06 15:22:00,1.1769,1.1769,1.1768,1.1769,8274.3,17
2025-07-06 15:24:00,1.1768,1.1769,1.1768,1.1768,7353.9,20
2025-07-06 15:26:00,1.1769,1.177,1.1768,1.1769,7584.2,26
2025-07-06 15:28:00,1.1768,1.1769,1.1767,1.1768,13449.3,36
2025-07-06 15:30:00,1.1768,1.1769,1.1768,1.1769,18133.6,36
2025-07-06 15:32:00,1.1769,1.1769,1.1768,1.1769,11852.9,23
2025-07-06 15:34:00,1.1768,1.1769,1.1768,1.1768,11004.4,35
2025-07-06 15:36:00,1.1768,1.1769,1.1768,1.1769,16416.1,34
2025-07-06 15:38:00,1.1769,1.177,1.1767,1.1768,28265.9,72
2025-07-06 15:40:00,1.1769,1.1769,1.1768,1.1769,18754.3,34
2025-07-06 15:42:00,1.1768,1.1769,1.1768,1.1769,7535.5,35
2025-07-06 15:44:00,1.1768,1.1769,1.1768,1.1768,5893.400000000001,25
2025-07-06 15:46:00,1.1768,1.177,1.1767,1.1768,49736.899999999994,54
2025-07-06 15:48:00,1.1768,1.1768,1.1767,1.1767,10630.9,32
2025-07-06 15:50:00,1.1768,1.1768,1.1767,1.1767,3766.2,31
2025-07-06 15:52:00,1.1767,1.1768,1.1767,1.1768,4907.6,22
2025-07-06 15:54:00,1.1768,1.1768,1.1767,1.1768,6161.7,36
2025-07-06 15:56:00,1.1767,1.1768,1.1767,1.1768,7636.400000000001,26
2025-07-06 15:58:00,1.1767,1.1768,1.1767,1.1768,3488.6,25
2025-07-06 16:00:00,1.1768,1.1768,1.1766,1.1768,21418.3,57
2025-07-06 16:02:00,1.1768,1.1769,1.1767,1.1768,4851.1,30
2025-07-06 16:04:00,1.1769,1.1769,1.1768,1.1769,7352.0,22
2025-07-06 16:06:00,1.1768,1.177,1.1768,1.177,30657.4,73
2025-07-06 16:08:00,1.177,1.177,1.1769,1.1769,4151.2,33
2025-07-06 16:10:00,1.1769,1.177,1.1769,1.177,14232.7,32
2025-07-06 16:12:00,1.1769,1.177,1.1769,1.177,7625.6,29
2025-07-06 16:14:00,1.177,1.177,1.1769,1.1769,5616.5,25
2025-07-06 16:16:00,1.1769,1.177,1.1769,1.1769,7845.4,15
2025-07-06 16:18:00,1.177,1.177,1.1769,1.1769,10183.3,25
2025-07-06 16:20:00,1.1769,1.177,1.1769,1.177,3764.0,26
2025-07-06 16:22:00,1.1769,1.177,1.1768,1.1768,15694.3,45
2025-07-06 16:24:00,1.1769,1.1769,1.1768,1.1768,2078.8,21
2025-07-06 16:26:00,1.1768,1.1769,1.1768,1.1768,9235.6,40
2025-07-06 16:28:00,1.1769,1.1769,1.1768,1.1768,11834.800000000001,39
2025-07-06 16:30:00,1.1769,1.1769,1.1768,1.1769,8537.2,27
2025-07-06 16:32:00,1.1769,1.1769,1.1768,1.1769,6975.3,23
2025-07-06 16:34:00,1.1769,1.1769,1.1768,1.1768,7069.4,30
2025-07-06 16:36:00,1.1768,1.1769,1.1768,1.1769,7570.5,23
2025-07-06 16:38:00,1.1769,1.1769,1.1768,1.1768,10105.5,33
2025-07-06 16:40:00,1.1768,1.1769,1.1768,1.1768,4722.1,24
2025-07-06 16:42:00,1.1769,1.1769,1.1768,1.1769,11935.9,36
2025-07-06 16:44:00,1.1769,1.1769,1.1768,1.1768,3307.3,18
2025-07-06 16:46:00,1.1769,1.1769,1.1768,1.1768,11471.6,19
2025-07-06 16:48:00,1.1769,1.177,1.1767,1.177,23621.8,45
2025-07-06 16:50:00,1.177,1.177,1.1769,1.1769,7612.0,39
2025-07-06 16:52:00,1.1769,1.177,1.1769,1.1769,7524.7,34
2025-07-06 16:54:00,1.1769,1.177,1.1768,1.177,8719.199999999999,22
2025-07-06 16:56:00,1.177,1.177,1.1769,1.1769,17233.0,34
2025-07-06 16:58:00,1.177,1.177,1.1769,1.1769,4103.2,30
2025-07-06 17:00:00,1.177,1.177,1.1769,1.1769,3808.5,38
2025-07-06 17:02:00,1.1769,1.177,1.1768,1.1769,8465.5,27
2025-07-06 17:04:00,1.177,1.177,1.1768,1.1768,48093.1,76
2025-07-06 17:06:00,1.1769,1.1769,1.1768,1.1769,4658.2,26
2025-07-06 17:08:00,1.1768,1.1769,1.1768,1.1768,6648.0,29
2025-07-06 17:10:00,1.1768,1.1769,1.1768,1.1768,4707.3,21
2025-07-06 17:12:00,1.1769,1.1769,1.1768,1.1769,10997.5,27
2025-07-06 17:14:00,1.1769,1.1769,1.1768,1.1769,5331.4,37
2025-07-06 17:16:00,1.1769,1.1769,1.1768,1.1768,35985.6,95
2025-07-06 17:18:00,1.1768,1.1769,1.1768,1.1768,11940.1,35
2025-07-06 17:20:00,1.1768,1.1769,1.1768,1.1769,2667.3,16
2025-07-06 17:22:00,1.1769,1.1769,1.1768,1.1768,5933.8,28
2025-07-06 17:24:00,1.1768,1.1769,1.1768,1.1768,18838.0,30
2025-07-06 17:26:00,1.1768,1.1769,1.1768,1.1768,7778.3,30
2025-07-06 17:28:00,1.1768,1.1769,1.1768,1.1769,7527.0,51
2025-07-06 17:30:00,1.1768,1.1769,1.1768,1.1768,3257.4,28
2025-07-06 17:32:00,1.1769,1.1769,1.1768,1.1769,2028.0,10
2025-07-06 17:34:00,1.1769,1.1769,1.1768,1.1769,9111.0,26
2025-07-06 17:36:00,1.1768,1.177,1.1768,1.1769,6633.4,18
2025-07-06 17:38:00,1.177,1.177,1.1769,1.1769,14992.4,46
2025-07-06 17:40:00,1.1769,1.177,1.1769,1.1769,1522.3,10
2025-07-06 17:42:00,1.1769,1.177,1.1769,1.1769,9967.6,39
2025-07-06 17:44:00,1.1769,1.177,1.1769,1.1769,6576.1,28
2025-07-06 17:46:00,1.1769,1.177,1.1768,1.1769,3939.2,32
2025-07-06 17:48:00,1.177,1.177,1.1769,1.177,4693.7,17
2025-07-06 17:50:00,1.1769,1.177,1.1769,1.177,5306.8,29
2025-07-06 17:52:00,1.177,1.177,1.1769,1.1769,4105.8,23
2025-07-06 17:54:00,1.177,1.177,1.1769,1.177,5591.1,22
2025-07-06 17:56:00,1.1769,1.177,1.1769,1.1769,7077.6,27
2025-07-06 17:58:00,1.177,1.1771,1.1769,1.177,5316.5,15
2025-07-06 18:00:00,1.177,1.177,1.1769,1.1769,4596.9,13
2025-07-06 18:02:00,1.177,1.177,1.1768,1.1769,16806.7,45
2025-07-06 18:04:00,1.1768,1.1769,1.1768,1.1768,4012.2,25
2025-07-06 18:06:00,1.1768,1.1769,1.1768,1.1769,10928.9,21
2025-07-06 18:08:00,1.1768,1.1769,1.1768,1.1769,7512.9,30
2025-07-06 18:10:00,1.1768,1.1769,1.1768,1.1768,14095.300000000001,33
2025-07-06 18:12:00,1.1768,1.1769,1.1768,1.1769,4631.6,29
2025-07-06 18:14:00,1.1768,1.1769,1.1768,1.1768,5341.7,25
2025-07-06 18:16:00,1.1769,1.1769,1.1768,1.1768,3851.2,30
2025-07-06 18:18:00,1.1769,1.1769,1.1767,1.1768,8430.2,20
2025-07-06 18:20:00,1.1768,1.1769,1.1768,1.1768,4981.400000000001,9
2025-07-06 18:22:00,1.1768,1.1769,1.1768,1.1768,11910.6,22
2025-07-06 18:24:00,1.1769,1.1769,1.1768,1.1768,10178.9,24
2025-07-06 18:26:00,1.1769,1.177,1.1768,1.1768,18984.3,38
2025-07-06 18:28:00,1.1768,1.1769,1.1767,1.1769,14756.6,33
2025-07-06 18:30:00,1.1769,1.1769,1.1768,1.1769,6875.0,22
2025-07-06 18:32:00,1.1769,1.1769,1.1768,1.1769,2803.6,18
2025-07-06 18:34:00,1.1769,1.1769,1.1768,1.1769,6072.4,41
2025-07-06 18:36:00,1.1769,1.1769,1.1768,1.1768,12297.9,50
2025-07-06 18:38:00,1.1769,1.1769,1.1768,1.1769,6495.0,37
2025-07-06 18:40:00,1.1769,1.1769,1.1768,1.1768,10637.9,31
2025-07-06 18:42:00,1.1768,1.1769,1.1768,1.1769,18226.3,41
2025-07-06 18:44:00,1.1769,1.1769,1.1768,1.1769,8448.2,48
2025-07-06 18:46:00,1.1769,1.1769,1.1768,1.1768,9447.6,22
2025-07-06 18:48:00,1.1769,1.1769,1.1768,1.1768,12059.7,33
2025-07-06 18:50:00,1.1769,1.1769,1.1769,1.1769,2990.9,19
2025-07-06 18:52:00,1.1769,1.177,1.1768,1.1769,2497.4,11
2025-07-06 18:54:00,1.1769,1.1769,1.1769,1.1769,11597.599999999999,12
2025-07-06 18:56:00,1.1769,1.1769,1.1768,1.1768,276.1,5
2025-07-06 18:58:00,1.1769,1.1769,1.1768,1.1769,5104.799999999999,14
2025-07-06 19:00:00,1.1769,1.1769,1.1768,1.1769,2404.2,11
2025-07-06 19:02:00,1.1769,1.177,1.1769,1.177,6019.4,19
2025-07-06 19:04:00,1.177,1.177,1.1769,1.177,7187.6,24
2025-07-06 19:06:00,1.177,1.177,1.1769,1.177,3245.0,18
2025-07-06 19:08:00,1.177,1.177,1.1769,1.177,3464.6,20
2025-07-06 19:10:00,1.177,1.177,1.1769,1.1769,3904.0,35
2025-07-06 19:12:00,1.1769,1.177,1.1769,1.1769,2630.3,24
2025-07-06 19:14:00,1.1769,1.177,1.1769,1.1769,4316.2,29
2025-07-06 19:16:00,1.1769,1.177,1.1769,1.177,3617.1,29
2025-07-06 19:18:00,1.1769,1.177,1.1769,1.177,4478.9,35
2025-07-06 19:20:00,1.177,1.177,1.1768,1.1768,14025.0,38
2025-07-06 19:22:00,1.1768,1.1769,1.1768,1.1769,2080.1,20
2025-07-06 19:24:00,1.1768,1.1769,1.1768,1.1769,4725.9,22
2025-07-06 19:26:00,1.1769,1.1769,1.1768,1.1769,5530.6,27
2025-07-06 19:28:00,1.1768,1.1769,1.1767,1.1769,7872.7,38
2025-07-06 19:30:00,1.1768,1.1769,1.1768,1.1768,8089.400000000001,33
2025-07-06 19:32:00,1.1769,1.177,1.1768,1.177,12804.7,49
2025-07-06 19:34:00,1.1769,1.177,1.1769,1.1769,9455.1,37
2025-07-06 19:36:00,1.177,1.1771,1.1769,1.1771,19193.3,67
2025-07-06 19:38:00,1.1771,1.1771,1.177,1.1771,4403.9,11
2025-07-06 19:40:00,1.1771,1.1771,1.177,1.1771,5728.9,11
2025-07-06 19:42:00,1.1771,1.1771,1.177,1.1771,3368.0,8
2025-07-06 19:44:00,1.1771,1.1771,1.177,1.1771,1361.6000000000001,9
2025-07-06 19:46:00,1.177,1.1771,1.177,1.1771,3121.0,19
2025-07-06 19:48:00,1.177,1.1771,1.1769,1.177,10582.4,27
2025-07-06 19:50:00,1.177,1.177,1.1769,1.177,2133.2,11
2025-07-06 19:52:00,1.1769,1.177,1.1769,1.177,2345.4,19
2025-07-06 19:54:00,1.177,1.177,1.1768,1.1768,24903.4,26
2025-07-06 19:56:00,1.1768,1.1769,1.1767,1.1769,72216.5,183
2025-07-06 19:58:00,1.1769,1.1769,1.1768,1.1769,7430.2,29
2025-07-06 20:00:00,1.1769,1.177,1.1768,1.177,16136.6,33
2025-07-06 20:02:00,1.177,1.177,1.1769,1.177,12768.7,38
2025-07-06 20:04:00,1.177,1.177,1.1769,1.177,11438.5,32
2025-07-06 20:06:00,1.1771,1.1771,1.177,1.1771,10131.6,31
2025-07-06 20:08:00,1.177,1.1771,1.1769,1.1771,48052.7,70
2025-07-06 20:10:00,1.177,1.1771,1.177,1.1771,4692.8,13
2025-07-06 20:12:00,1.177,1.1771,1.177,1.1771,5145.7,25
2025-07-06 20:14:00,1.177,1.1771,1.177,1.177,3686.0,16
2025-07-06 20:16:00,1.177,1.1771,1.177,1.1771,4599.6,16
2025-07-06 20:18:00,1.177,1.1771,1.1769,1.177,46624.3,59
2025-07-06 20:20:00,1.1771,1.1771,1.177,1.1771,7899.5,22
2025-07-06 20:22:00,1.177,1.1772,1.177,1.1771,31366.1,46
2025-07-06 20:24:00,1.177,1.1771,1.177,1.1771,5522.7,24
2025-07-06 20:26:00,1.177,1.1771,1.177,1.177,15675.0,20
2025-07-06 20:28:00,1.1771,1.1771,1.177,1.1771,18038.2,29
2025-07-06 20:30:00,1.177,1.1771,1.177,1.1771,2775.3,21
2025-07-06 20:32:00,1.177,1.1771,1.1769,1.1769,13388.9,24
2025-07-06 20:34:00,1.1769,1.177,1.1769,1.1769,3484.0,16
2025-07-06 20:36:00,1.1769,1.177,1.1769,1.1769,4360.0,14
2025-07-06 20:38:00,1.177,1.177,1.1769,1.1769,8562.9,17
2025-07-06 20:40:00,1.1769,1.177,1.1769,1.177,11746.4,23
2025-07-06 20:42:00,1.177,1.1771,1.1768,1.177,15312.9,39
2025-07-06 20:44:00,1.177,1.1771,1.177,1.177,13886.2,26
2025-07-06 20:46:00,1.1771,1.1771,1.177,1.1771,6047.799999999999,22
2025-07-06 20:48:00,1.1771,1.1771,1.177,1.1771,5221.7,25
2025-07-06 20:50:00,1.1771,1.1771,1.177,1.177,3277.1,20
2025-07-06 20:52:00,1.177,1.1771,1.177,1.177,4250.0,22
2025-07-06 20:54:00,1.1771,1.1772,1.177,1.177,11239.3,32
2025-07-06 20:56:00,1.177,1.1771,1.177,1.177,7171.9,24
2025-07-06 20:58:00,1.177,1.1771,1.177,1.177,19292.3,42
2025-07-06 21:00:00,1.177,1.1772,1.1769,1.1772,62139.5,189
2025-07-06 21:02:00,1.1771,1.1772,1.1771,1.1771,32429.7,143
2025-07-06 21:04:00,1.1772,1.1778,1.1771,1.1777,74434.7,156
2025-07-06 21:06:00,1.1777,1.1778,1.1776,1.1776,50343.5,46
2025-07-06 21:08:00,1.1776,1.1777,1.1776,1.1777,4826.5,22
2025-07-06 21:10:00,1.1776,1.1777,1.1776,1.1776,4772.3,25
2025-07-06 21:12:00,1.1776,1.1777,1.1776,1.1776,22567.7,25
2025-07-06 21:14:00,1.1777,1.1777,1.1776,1.1776,21839.0,34
2025-07-06 21:16:00,1.1776,1.1777,1.1776,1.1776,7317.1,20
2025-07-06 21:18:00,1.1776,1.1777,1.1776,1.1777,4529.400000000001,22
2025-07-06 21:20:00,1.1776,1.1777,1.1776,1.1776,4797.6,16
2025-07-06 21:22:00,1.1777,1.1777,1.1775,1.1775,31364.4,47
2025-07-06 21:24:00,1.1775,1.1776,1.1775,1.1775,13047.3,38
2025-07-06 21:26:00,1.1775,1.1777,1.1775,1.1776,86380.3,137
2025-07-06 21:28:00,1.1776,1.1778,1.1775,1.1776,75857.3,42
2025-07-06 21:30:00,1.1776,1.1778,1.1776,1.1777,113556.9,185
2025-07-06 21:32:00,1.1778,1.1778,1.1777,1.1777,45596.2,70
2025-07-06 21:34:00,1.1778,1.1778,1.1777,1.1777,50273.0,50
2025-07-06 21:36:00,1.1778,1.1778,1.1777,1.1778,9191.6,32
2025-07-06 21:38:00,1.1777,1.1778,1.1777,1.1777,28203.600000000002,51
2025-07-06 21:40:00,1.1778,1.1778,1.1777,1.1777,18627.9,47
2025-07-06 21:42:00,1.1777,1.1778,1.1777,1.1777,45533.0,29
2025-07-06 21:44:00,1.1777,1.1778,1.1776,1.1777,10862.1,29
2025-07-06 21:46:00,1.1777,1.1778,1.1776,1.1777,48429.7,110
2025-07-06 21:48:00,1.1777,1.1778,1.1776,1.1778,40135.9,53
2025-07-06 21:50:00,1.1777,1.1778,1.1775,1.1775,14061.0,34
2025-07-06 21:52:00,1.1777,1.1778,1.1774,1.1778,7078.3,33
2025-07-06 21:54:00,1.1776,1.1778,1.1774,1.1777,4513.5,27
2025-07-06 21:56:00,1.1776,1.1777,1.1776,1.1776,7022.7,26
2025-07-06 21:58:00,1.1776,1.1777,1.1776,1.1777,10865.8,19
2025-07-06 22:00:00,1.1777,1.1777,1.1773,1.1775,43773.2,86
2025-07-06 22:02:00,1.1775,1.1776,1.1775,1.1776,14308.699999999999,33
2025-07-06 22:04:00,1.1776,1.1776,1.1774,1.1775,38049.9,44
2025-07-06 22:06:00,1.1775,1.1775,1.1771,1.1772,23922.7,52
2025-07-06 22:08:00,1.1772,1.1772,1.1771,1.1772,11496.3,32
2025-07-06 22:10:00,1.1772,1.1773,1.1771,1.1773,11891.2,33
2025-07-06 22:12:00,1.1773,1.1774,1.1773,1.1774,41189.6,60
2025-07-06 22:14:00,1.1773,1.1774,1.1773,1.1774,11360.4,30
2025-07-06 22:16:00,1.1775,1.1775,1.1774,1.1775,8971.6,22
2025-07-06 22:18:00,1.1775,1.1776,1.1775,1.1776,12296.3,25
2025-07-06 22:20:00,1.1776,1.1776,1.1775,1.1776,11186.3,24
2025-07-06 22:22:00,1.1776,1.1776,1.1775,1.1776,8076.7,12
2025-07-06 22:24:00,1.1776,1.1776,1.1775,1.1776,4837.4,20
2025-07-06 22:26:00,1.1775,1.1776,1.1775,1.1776,4780.3,15
2025-07-06 22:28:00,1.1776,1.1777,1.1775,1.1777,4943.4,18
2025-07-06 22:30:00,1.1777,1.1778,1.1777,1.1778,26945.3,48
2025-07-06 22:32:00,1.1777,1.1778,1.1777,1.1777,17420.1,50
2025-07-06 22:34:00,1.1778,1.1778,1.1777,1.1778,2214.0,16
2025-07-06 22:36:00,1.1777,1.1777,1.1776,1.1776,78720.2,21
2025-07-06 22:38:00,1.1776,1.1777,1.1776,1.1776,7452.7,31
2025-07-06 22:40:00,1.1776,1.1777,1.1776,1.1776,4620.0,28
2025-07-06 22:42:00,1.1777,1.1777,1.1776,1.1777,6206.900000000001,11
2025-07-06 22:44:00,1.1777,1.1777,1.1775,1.1775,5762.0,20
2025-07-06 22:46:00,1.1776,1.1777,1.1775,1.1776,4362.7,27
2025-07-06 22:48:00,1.1776,1.1777,1.1776,1.1776,15902.1,38
2025-07-06 22:50:00,1.1776,1.1777,1.1776,1.1776,12513.4,24
2025-07-06 22:52:00,1.1776,1.1776,1.1774,1.1775,7589.8,25
2025-07-06 22:54:00,1.1775,1.1775,1.1774,1.1775,11510.6,23
2025-07-06 22:56:00,1.1775,1.1775,1.1774,1.1774,6610.8,24
2025-07-06 22:58:00,1.1774,1.1775,1.1774,1.1775,11988.3,25
2025-07-06 23:00:00,1.1775,1.1778,1.1775,1.1777,102990.5,102
2025-07-06 23:02:00,1.1776,1.1777,1.1776,1.1776,15421.6,62
2025-07-06 23:04:00,1.1777,1.1777,1.1776,1.1777,4118.2,32
2025-07-06 23:06:00,1.1777,1.1777,1.1776,1.1776,3604.7000000000003,22
2025-07-06 23:08:00,1.1776,1.1777,1.1775,1.1775,5145.4,22
2025-07-06 23:10:00,1.1776,1.1776,1.1775,1.1775,4097.1,22
2025-07-06 23:12:00,1.1776,1.1776,1.1775,1.1776,9650.199999999999,18
2025-07-06 23:14:00,1.1775,1.1776,1.1775,1.1775,8861.8,16
2025-07-06 23:16:00,1.1776,1.1776,1.1775,1.1775,2249.0,18
2025-07-06 23:18:00,1.1777,1.1778,1.1776,1.1778,2233.6,15
2025-07-06 23:20:00,1.1778,1.1778,1.1777,1.1778,8565.7,31
2025-07-06 23:22:00,1.1777,1.1778,1.1777,1.1778,1475.5,13
2025-07-06 23:24:00,1.1778,1.1778,1.1776,1.1777,5925.1,25
2025-07-06 23:26:00,1.1777,1.1777,1.1776,1.1777,4522.7,11
2025-07-06 23:28:00,1.1777,1.1777,1.1777,1.1777,3483.9,13
2025-07-06 23:30:00,1.1777,1.1777,1.1776,1.1776,2615.3,11
2025-07-06 23:32:00,1.1777,1.1777,1.1776,1.1777,2008.6000000000001,17
2025-07-06 23:34:00,1.1777,1.1778,1.1776,1.1778,7203.6,22
2025-07-06 23:36:00,1.1778,1.1778,1.1777,1.1777,8146.9,19
2025-07-06 23:38:00,1.1777,1.1778,1.1777,1.1778,4997.0,16
2025-07-06 23:40:00,1.1778,1.1779,1.1777,1.1777,14643.0,37
2025-07-06 23:42:00,1.1778,1.1778,1.1776,1.1776,3662.3,22
2025-07-06 23:44:00,1.1776,1.1777,1.1776,1.1776,2434.2,20
2025-07-06 23:46:00,1.1776,1.1777,1.1776,1.1776,2726.3,20
2025-07-06 23:48:00,1.1776,1.1777,1.1774,1.1774,22165.600000000002,22
2025-07-06 23:50:00,1.1774,1.1775,1.1774,1.1775,1412.2,12
2025-07-06 23:52:00,1.1774,1.1775,1.1774,1.1774,710.0,7
2025-07-06 23:54:00,1.1775,1.1775,1.1774,1.1774,1783.3,16
2025-07-06 23:56:00,1.1774,1.1777,1.1774,1.1777,11324.300000000001,22
2025-07-06 23:58:00,1.1777,1.1778,1.1776,1.1776,12068.0,32
2025-07-07 00:00:00,1.1776,1.1777,1.1776,1.1777,28437.0,41
2025-07-07 00:02:00,1.1776,1.178,1.1776,1.178,16174.800000000001,38
2025-07-07 00:04:00,1.178,1.1782,1.178,1.1782,7739.1,21
2025-07-07 00:06:00,1.1781,1.1784,1.1781,1.1784,31051.1,43
2025-07-07 00:08:00,1.1784,1.1784,1.1781,1.1782,16955.0,29
2025-07-07 00:10:00,1.1782,1.1782,1.1781,1.1781,13535.3,19
2025-07-07 00:12:00,1.1782,1.1782,1.178,1.1781,7932.200000000001,26
2025-07-07 00:14:00,1.1781,1.1783,1.1781,1.1782,904.6,8
2025-07-07 00:16:00,1.1782,1.1784,1.1782,1.1784,2952.1,7
2025-07-07 00:18:00,1.1783,1.1783,1.178,1.1781,13929.800000000001,27
2025-07-07 00:20:00,1.1782,1.1782,1.1781,1.1782,6633.4,11
2025-07-07 00:22:00,1.1782,1.1782,1.178,1.178,9259.2,17
2025-07-07 00:24:00,1.1779,1.178,1.1778,1.1778,2557.1,17
2025-07-07 00:26:00,1.1777,1.1778,1.1777,1.1777,3917.2999999999997,11
2025-07-07 00:28:00,1.1776,1.1778,1.1776,1.1778,762.3,8
2025-07-07 00:30:00,1.1778,1.1779,1.1777,1.1779,6841.0,82
2025-07-07 00:32:00,1.1779,1.178,1.1777,1.1777,8724.1,27
2025-07-07 00:34:00,1.1777,1.1777,1.1776,1.1777,10594.7,7
2025-07-07 00:36:00,1.1777,1.1777,1.1776,1.1776,18219.7,22
2025-07-07 00:38:00,1.1777,1.1777,1.1775,1.1776,6088.2,13
2025-07-07 00:40:00,1.1776,1.1776,1.1776,1.1776,1039.5,14
2025-07-07 00:42:00,1.1776,1.1777,1.1775,1.1775,1776.7,21
2025-07-07 00:44:00,1.1776,1.1776,1.1775,1.1776,6875.8,35
2025-07-07 00:46:00,1.1776,1.1778,1.1776,1.1777,2851.0,13
2025-07-07 00:48:00,1.1776,1.1777,1.1776,1.1776,6053.9,18
2025-07-07 00:50:00,1.1777,1.1778,1.1776,1.1778,1152.8999999999999,15
2025-07-07 00:52:00,1.1777,1.1777,1.1775,1.1775,1373.1,14
2025-07-07 00:54:00,1.1775,1.1777,1.1775,1.1777,1856.0000000000002,12
2025-07-07 00:56:00,1.1777,1.1777,1.1776,1.1776,2888.1,17
2025-07-07 00:58:00,1.1775,1.1777,1.1775,1.1776,3014.1,10
2025-07-07 01:00:00,1.1776,1.1776,1.1773,1.1774,6114.9,42
2025-07-07 01:02:00,1.1773,1.1774,1.1773,1.1773,1518.6,6
2025-07-07 01:04:00,1.1773,1.1774,1.1773,1.1774,1632.6,8
2025-07-07 01:06:00,1.1774,1.1774,1.1773,1.1773,2655.2,15
2025-07-07 01:08:00,1.1773,1.1773,1.1769,1.1769,28788.899999999998,48
2025-07-07 01:10:00,1.1769,1.177,1.1769,1.177,3239.1,5
2025-07-07 01:12:00,1.177,1.1771,1.177,1.1771,7892.9,69
2025-07-07 01:14:00,1.1771,1.1773,1.177,1.1773,8304.5,24
2025-07-07 01:16:00,1.1773,1.1775,1.1773,1.1775,26271.8,54
2025-07-07 01:18:00,1.1776,1.1776,1.1775,1.1776,6036.8,22
2025-07-07 01:20:00,1.1774,1.1775,1.1773,1.1773,5922.2,19
2025-07-07 01:22:00,1.1774,1.1774,1.1772,1.1773,16961.6,15
2025-07-07 01:24:00,1.1772,1.1773,1.1772,1.1773,1848.7,15
2025-07-07 01:26:00,1.1774,1.1774,1.1773,1.1773,4702.2,15
2025-07-07 01:28:00,1.1772,1.1773,1.1771,1.1773,2441.1,10
2025-07-07 01:30:00,1.1772,1.1774,1.1772,1.1774,6242.8,24
2025-07-07 01:32:00,1.1774,1.1774,1.1773,1.1773,226.9,5
2025-07-07 01:34:00,1.1773,1.1775,1.1773,1.1774,5999.9,19
2025-07-07 01:36:00,1.1774,1.1775,1.1772,1.1772,3917.4,16
2025-07-07 01:38:00,1.1773,1.1774,1.1772,1.1772,6654.2,4
2025-07-07 01:40:00,1.1773,1.1773,1.1771,1.1771,8575.800000000001,11
2025-07-07 01:42:00,1.177,1.177,1.1768,1.1768,7835.500000000001,11
2025-07-07 01:44:00,1.1768,1.1768,1.1767,1.1767,10788.6,19
2025-07-07 01:46:00,1.1768,1.1769,1.1767,1.1768,3744.3,17
2025-07-07 01:48:00,1.1769,1.1769,1.1767,1.1767,850.7,10
2025-07-07 01:50:00,1.1767,1.1767,1.1767,1.1767,998.4000000000001,9
2025-07-07 01:52:00,1.1767,1.1769,1.1767,1.1769,815.1,7
2025-07-07 01:54:00,1.1768,1.1769,1.1768,1.1769,897.9,8
2025-07-07 01:56:00,1.1769,1.1769,1.1767,1.1769,3316.4,24
2025-07-07 01:58:00,1.1769,1.1769,1.1767,1.1767,5616.3,18
2025-07-07 02:00:00,1.1768,1.177,1.1768,1.1768,11491.4,63
2025-07-07 02:02:00,1.1769,1.1769,1.1768,1.1769,1760.3,15
2025-07-07 02:04:00,1.1769,1.1769,1.1768,1.1769,895.1,12
2025-07-07 02:06:00,1.1768,1.177,1.1768,1.1769,2249.1,22
2025-07-07 02:08:00,1.1769,1.177,1.1769,1.177,10915.4,14
2025-07-07 02:10:00,1.177,1.1771,1.1769,1.1769,9510.9,24
2025-07-07 02:12:00,1.1769,1.1771,1.1769,1.1771,2792.7,8
2025-07-07 02:14:00,1.177,1.177,1.1769,1.177,1022.0,8
2025-07-07 02:16:00,1.177,1.1771,1.177,1.1771,6321.1,14
2025-07-07 02:18:00,1.1772,1.1772,1.1771,1.1771,1697.0,10
2025-07-07 02:20:00,1.1771,1.1772,1.177,1.177,6291.900000000001,34
2025-07-07 02:22:00,1.177,1.177,1.177,1.177,1320.5,6
2025-07-07 02:24:00,1.1769,1.177,1.1769,1.177,5105.7,22
2025-07-07 02:26:00,1.1769,1.177,1.1769,1.177,2233.2,14
2025-07-07 02:28:00,1.177,1.177,1.1768,1.1769,16730.4,29
2025-07-07 02:30:00,1.1769,1.1769,1.1764,1.1764,34579.3,136
2025-07-07 02:32:00,1.1764,1.1764,1.1763,1.1764,32068.5,45
2025-07-07 02:34:00,1.1764,1.1764,1.1763,1.1764,604.5,14
2025-07-07 02:36:00,1.1763,1.1765,1.1763,1.1765,20196.7,20
2025-07-07 02:38:00,1.1766,1.1767,1.1765,1.1767,9612.5,25
2025-07-07 02:40:00,1.1768,1.1768,1.1766,1.1767,7968.2,29
2025-07-07 02:42:00,1.1767,1.1768,1.1766,1.1767,18604.4,29
2025-07-07 02:44:00,1.1767,1.1767,1.1766,1.1766,2375.3,8
2025-07-07 02:46:00,1.1767,1.1768,1.1767,1.1768,3827.2,9
2025-07-07 02:48:00,1.1768,1.1768,1.1767,1.1767,3393.9,17
2025-07-07 02:50:00,1.1767,1.1767,1.1765,1.1765,8033.9,13
2025-07-07 02:52:00,1.1764,1.1765,1.1764,1.1764,6534.9,13
2025-07-07 02:54:00,1.1764,1.1765,1.1764,1.1765,348.4,5
2025-07-07 02:56:00,1.1764,1.1765,1.1763,1.1763,7137.2,26
2025-07-07 02:58:00,1.1763,1.1764,1.1763,1.1764,1697.0,12
2025-07-07 03:00:00,1.1763,1.1764,1.1763,1.1764,4806.1,18
2025-07-07 03:02:00,1.1764,1.1765,1.1763,1.1763,9799.1,29
2025-07-07 03:04:00,1.1763,1.1764,1.1762,1.1763,3063.5,15
2025-07-07 03:06:00,1.1763,1.1763,1.1763,1.1763,38.2,3
2025-07-07 03:08:00,1.1765,1.1765,1.1764,1.1765,9024.3,11
2025-07-07 03:10:00,1.1766,1.1767,1.1766,1.1767,2488.1,14
2025-07-07 03:12:00,1.1767,1.1769,1.1767,1.1768,9521.4,17
2025-07-07 03:14:00,1.1768,1.1769,1.1768,1.1769,1506.0,9
2025-07-07 03:16:00,1.1769,1.1769,1.1768,1.1769,693.1,11
2025-07-07 03:18:00,1.1768,1.1769,1.1767,1.1768,6494.900000000001,18
2025-07-07 03:20:00,1.1767,1.177,1.1767,1.177,8170.1,20
2025-07-07 03:22:00,1.177,1.177,1.1769,1.1769,1031.1,13
2025-07-07 03:24:00,1.1769,1.1769,1.1768,1.1769,1571.4,19
2025-07-07 03:26:00,1.1768,1.177,1.1768,1.1769,27498.0,82
2025-07-07 03:28:00,1.177,1.177,1.1769,1.1769,13277.5,65
2025-07-07 03:30:00,1.1769,1.1769,1.1767,1.1768,10720.6,33
2025-07-07 03:32:00,1.1768,1.1768,1.1767,1.1767,1893.3,15
2025-07-07 03:34:00,1.1768,1.1769,1.1767,1.1767,9663.7,24
2025-07-07 03:36:00,1.1768,1.1768,1.1765,1.1766,7781.9,35
2025-07-07 03:38:00,1.1765,1.1766,1.1765,1.1765,19552.8,27
2025-07-07 03:40:00,1.1766,1.1769,1.1766,1.1768,31145.5,50
2025-07-07 03:42:00,1.1768,1.1768,1.1766,1.1766,17617.5,26
2025-07-07 03:44:00,1.1766,1.1766,1.1765,1.1765,1256.3,6
2025-07-07 03:46:00,1.1766,1.1766,1.1765,1.1766,5199.799999999999,10
2025-07-07 03:48:00,1.1765,1.1767,1.1765,1.1767,3501.1,6
2025-07-07 03:50:00,1.1767,1.1767,1.1766,1.1767,703.5,6
2025-07-07 03:52:00,1.1766,1.1767,1.1766,1.1766,578.6,6
2025-07-07 03:54:00,1.1767,1.1767,1.1766,1.1767,2903.3,16
2025-07-07 03:56:00,1.1766,1.1767,1.1766,1.1766,6291.0,24
2025-07-07 03:58:00,1.1766,1.1766,1.1765,1.1765,4765.9,15
2025-07-07 04:00:00,1.1765,1.1766,1.1765,1.1766,778.7,8
2025-07-07 04:02:00,1.1765,1.1767,1.1765,1.1766,1651.2,11
2025-07-07 04:04:00,1.1767,1.1768,1.1766,1.1767,3793.7999999999997,15
2025-07-07 04:06:00,1.1767,1.1767,1.1765,1.1766,3491.5,20
2025-07-07 04:08:00,1.1765,1.1766,1.1763,1.1764,1897.4,18
2025-07-07 04:10:00,1.1763,1.1764,1.1763,1.1763,50426.9,116
2025-07-07 04:12:00,1.1764,1.1764,1.1763,1.1764,3651.8,16
2025-07-07 04:14:00,1.1763,1.1764,1.1763,1.1764,5425.9,15
2025-07-07 04:16:00,1.1764,1.1765,1.1764,1.1764,799.6,12
2025-07-07 04:18:00,1.1764,1.1764,1.1763,1.1764,6774.3,23
2025-07-07 04:20:00,1.1764,1.1765,1.1763,1.1764,28136.9,32
2025-07-07 04:22:00,1.1764,1.1764,1.1763,1.1763,15219.800000000001,12
2025-07-07 04:24:00,1.1763,1.1763,1.1763,1.1763,375.3,3
2025-07-07 04:26:00,1.1763,1.1767,1.1763,1.1766,27788.7,45
2025-07-07 04:28:00,1.1766,1.1766,1.1765,1.1766,11805.0,29
2025-07-07 04:30:00,1.1766,1.1767,1.1766,1.1766,1325.2,14
2025-07-07 04:32:00,1.1766,1.1766,1.1765,1.1765,15588.0,24
2025-07-07 04:34:00,1.1765,1.1766,1.1765,1.1766,1361.6,11
2025-07-07 04:36:00,1.1765,1.1766,1.1765,1.1765,9552.699999999999,22
2025-07-07 04:38:00,1.1765,1.1766,1.1765,1.1766,5447.1,11
2025-07-07 04:40:00,1.1765,1.1765,1.1762,1.1763,35533.9,98
2025-07-07 04:42:00,1.1763,1.1764,1.1763,1.1763,1703.7,12
2025-07-07 04:44:00,1.1764,1.1764,1.1763,1.1763,1366.4,10
2025-07-07 04:46:00,1.1763,1.1764,1.1762,1.1762,2029.5,13
2025-07-07 04:48:00,1.1763,1.1763,1.1762,1.1763,12579.1,18
2025-07-07 04:50:00,1.1763,1.1763,1.1763,1.1763,969.6,7
2025-07-07 04:52:00,1.1762,1.1765,1.1762,1.1765,4286.8,21
2025-07-07 04:54:00,1.1765,1.1765,1.1764,1.1765,3847.4,15
2025-07-07 04:56:00,1.1765,1.1765,1.1764,1.1764,3035.5,22
2025-07-07 04:58:00,1.1765,1.1765,1.1763,1.1764,7947.400000000001,15
2025-07-07 05:00:00,1.1763,1.1764,1.1762,1.1764,1516.3,8
2025-07-07 05:02:00,1.1764,1.1764,1.1762,1.1762,2614.2,20
2025-07-07 05:04:00,1.1763,1.1764,1.1762,1.1763,4202.9,26
2025-07-07 05:06:00,1.1764,1.1764,1.1763,1.1764,7343.5,17
2025-07-07 05:08:00,1.1763,1.1765,1.1763,1.1765,6950.499999999999,12
2025-07-07 05:10:00,1.1765,1.1766,1.1764,1.1765,32031.5,21
2025-07-07 05:12:00,1.1765,1.1765,1.1764,1.1764,7302.299999999999,21
2025-07-07 05:14:00,1.1764,1.1765,1.1764,1.1765,6051.2,6
2025-07-07 05:16:00,1.1764,1.1764,1.1762,1.1762,3220.7,17
2025-07-07 05:18:00,1.1764,1.1764,1.1762,1.1763,4859.2,16
2025-07-07 05:20:00,1.1763,1.1766,1.1763,1.1766,5934.599999999999,25
2025-07-07 05:22:00,1.1766,1.1766,1.1765,1.1766,7135.0,33
2025-07-07 05:24:00,1.1766,1.1766,1.1764,1.1765,2167.6,12
2025-07-07 05:26:00,1.1765,1.1765,1.1763,1.1764,3189.8,16
2025-07-07 05:28:00,1.1763,1.1764,1.1763,1.1764,4324.400000000001,14
2025-07-07 05:30:00,1.1764,1.1764,1.1763,1.1764,1614.2,14
2025-07-07 05:32:00,1.1763,1.1765,1.1763,1.1764,4813.7,24
2025-07-07 05:34:00,1.1764,1.1765,1.1764,1.1764,6081.8,28
2025-07-07 05:36:00,1.1764,1.1765,1.1764,1.1765,5342.1,9
2025-07-07 05:38:00,1.1765,1.1765,1.1764,1.1764,3342.2,18
2025-07-07 05:40:00,1.1764,1.1768,1.1764,1.1766,46773.399999999994,25
2025-07-07 05:42:00,1.1766,1.1767,1.1766,1.1767,3762.1,23
2025-07-07 05:44:00,1.1767,1.1767,1.1766,1.1767,1416.7,16
2025-07-07 05:46:00,1.1767,1.1768,1.1767,1.1768,7292.0,19
2025-07-07 05:48:00,1.1768,1.1769,1.1768,1.1769,23015.2,21
2025-07-07 05:50:00,1.1768,1.177,1.1768,1.1768,3712.1,17
2025-07-07 05:52:00,1.1768,1.1769,1.1768,1.1769,2462.6,32
2025-07-07 05:54:00,1.1769,1.1769,1.1768,1.1769,11929.0,35
2025-07-07 05:56:00,1.1768,1.177,1.1768,1.177,5381.2,17
2025-07-07 05:58:00,1.177,1.1771,1.1768,1.1769,36591.7,48
2025-07-07 06:00:00,1.1768,1.1768,1.1766,1.1767,9117.8,19
2025-07-07 06:02:00,1.1768,1.1771,1.1768,1.177,42952.2,57
2025-07-07 06:04:00,1.177,1.1771,1.1768,1.1768,20169.3,49
2025-07-07 06:06:00,1.1768,1.1769,1.1764,1.1764,15930.4,38
2025-07-07 06:08:00,1.1764,1.1765,1.1764,1.1764,3348.1,15
2025-07-07 06:10:00,1.1764,1.1766,1.1764,1.1765,36782.1,63
2025-07-07 06:12:00,1.1765,1.1766,1.1765,1.1766,22433.5,24
2025-07-07 06:14:00,1.1766,1.1766,1.1764,1.1765,24999.8,20
2025-07-07 06:16:00,1.1764,1.1765,1.1763,1.1764,1712.8,14
2025-07-07 06:18:00,1.1764,1.1764,1.1762,1.1763,1174.7,11
2025-07-07 06:20:00,1.1764,1.1766,1.1763,1.1766,7503.6,29
2025-07-07 06:22:00,1.1766,1.1766,1.1764,1.1764,6086.5,12
2025-07-07 06:24:00,1.1764,1.1764,1.1763,1.1763,7312.8,30
2025-07-07 06:26:00,1.1763,1.1763,1.176,1.176,99619.7,102
2025-07-07 06:28:00,1.1761,1.1761,1.176,1.1761,7592.9,18
2025-07-07 06:30:00,1.176,1.176,1.1758,1.1758,5769.3,32
2025-07-07 06:32:00,1.1758,1.1758,1.175,1.175,56805.2,51
2025-07-07 06:34:00,1.175,1.1751,1.1748,1.175,21916.7,30
2025-07-07 06:36:00,1.175,1.1752,1.175,1.175,18226.7,23
2025-07-07 06:38:00,1.1749,1.1751,1.1749,1.1751,5033.5,19
2025-07-07 06:40:00,1.175,1.1751,1.1749,1.1751,8710.0,23
2025-07-07 06:42:00,1.175,1.1752,1.175,1.175,14283.8,29
2025-07-07 06:44:00,1.1749,1.1751,1.1749,1.1751,19177.2,30
2025-07-07 06:46:00,1.1752,1.1754,1.1751,1.1753,30470.600000000002,39
2025-07-07 06:48:00,1.1753,1.1753,1.1751,1.1752,10330.3,15
2025-07-07 06:50:00,1.1751,1.1751,1.1749,1.175,43845.9,41
2025-07-07 06:52:00,1.1751,1.1752,1.175,1.1752,8649.2,29
2025-07-07 06:54:00,1.1752,1.1753,1.175,1.1751,12281.3,36
2025-07-07 06:56:00,1.1751,1.1753,1.1751,1.1753,7206.4,18
2025-07-07 06:58:00,1.1752,1.1753,1.1752,1.1753,10375.5,25
2025-07-07 07:00:00,1.1753,1.1755,1.1752,1.1754,15346.6,52
2025-07-07 07:02:00,1.1754,1.1755,1.1752,1.1754,55055.1,53
2025-07-07 07:04:00,1.1753,1.1753,1.175,1.1751,17902.7,60
2025-07-07 07:06:00,1.1751,1.1752,1.1748,1.175,39292.5,42
2025-07-07 07:08:00,1.175,1.175,1.1745,1.1745,92505.7,71
2025-07-07 07:10:00,1.1746,1.1751,1.1746,1.175,40859.8,30
2025-07-07 07:12:00,1.1752,1.1754,1.1752,1.1753,6756.8,23
2025-07-07 07:14:00,1.1753,1.1754,1.1751,1.1752,49821.3,58
2025-07-07 07:16:00,1.1751,1.1752,1.175,1.1752,33094.1,45
2025-07-07 07:18:00,1.1751,1.1753,1.175,1.1752,98254.5,83
2025-07-07 07:20:00,1.1753,1.1754,1.1752,1.1754,36273.0,34
2025-07-07 07:22:00,1.1755,1.1755,1.1751,1.1754,107335.8,102
2025-07-07 07:24:00,1.1753,1.1754,1.1752,1.1752,10906.6,23
2025-07-07 07:26:00,1.1752,1.1753,1.1752,1.1752,16796.5,27
2025-07-07 07:28:00,1.1752,1.1753,1.1747,1.1747,43135.3,35
2025-07-07 07:30:00,1.1747,1.1747,1.1745,1.1747,16238.4,42
2025-07-07 07:32:00,1.1746,1.1746,1.1744,1.1745,36528.7,29
2025-07-07 07:34:00,1.1744,1.1746,1.1744,1.1746,11735.3,30
2025-07-07 07:36:00,1.1746,1.1747,1.1744,1.1747,29622.1,29
2025-07-07 07:38:00,1.1746,1.1749,1.1746,1.1748,82493.8,62
2025-07-07 07:40:00,1.1748,1.175,1.1748,1.175,140192.4,132
2025-07-07 07:42:00,1.1748,1.1749,1.1745,1.1746,40705.3,43
2025-07-07 07:44:00,1.1747,1.1747,1.1746,1.1746,10845.0,21
2025-07-07 07:46:00,1.1746,1.1747,1.1746,1.1747,6258.7,21
2025-07-07 07:48:00,1.1747,1.1749,1.1747,1.1749,8628.6,30
2025-07-07 07:50:00,1.1749,1.175,1.1748,1.1749,3929.3,19
2025-07-07 07:52:00,1.1749,1.1751,1.1748,1.1748,15954.8,43
2025-07-07 07:54:00,1.1747,1.1748,1.1746,1.1748,34370.2,62
2025-07-07 07:56:00,1.1749,1.1749,1.1746,1.1747,14927.5,35
2025-07-07 07:58:00,1.1747,1.1747,1.1744,1.1744,18570.8,27
2025-07-07 08:00:00,1.1743,1.1744,1.1742,1.1743,47622.700000000004,51
2025-07-07 08:02:00,1.1743,1.1744,1.1743,1.1744,26404.2,45
2025-07-07 08:04:00,1.1743,1.1744,1.1742,1.1743,6438.9,25
2025-07-07 08:06:00,1.1742,1.1742,1.1739,1.174,33376.0,42
2025-07-07 08:08:00,1.1739,1.174,1.1733,1.1734,12817.4,55
2025-07-07 08:10:00,1.1735,1.1737,1.1735,1.1736,22324.4,23
2025-07-07 08:12:00,1.1736,1.1736,1.1734,1.1736,11638.8,34
2025-07-07 08:14:00,1.1736,1.1737,1.1735,1.1737,22700.9,50
2025-07-07 08:16:00,1.1737,1.1737,1.1734,1.1734,23954.2,26
2025-07-07 08:18:00,1.1734,1.1735,1.1733,1.1734,26055.699999999997,40
2025-07-07 08:20:00,1.1734,1.1735,1.1733,1.1734,18012.7,25
2025-07-07 08:22:00,1.1734,1.1736,1.1733,1.1736,22778.5,18
2025-07-07 08:24:00,1.1736,1.1736,1.1732,1.1732,93456.6,74
2025-07-07 08:26:00,1.1731,1.1736,1.1731,1.1735,55954.0,49
2025-07-07 08:28:00,1.1735,1.1736,1.1734,1.1736,11166.3,30
2025-07-07 08:30:00,1.1735,1.1738,1.1735,1.1737,39823.9,121
2025-07-07 08:32:00,1.1736,1.1738,1.1735,1.1735,21999.8,44
2025-07-07 08:34:00,1.1736,1.1738,1.1735,1.1737,20527.9,37
2025-07-07 08:36:00,1.1736,1.1737,1.1735,1.1736,25875.2,31
2025-07-07 08:38:00,1.1735,1.1736,1.1734,1.1734,52167.7,75
2025-07-07 08:40:00,1.1734,1.1735,1.1734,1.1735,34529.2,46
2025-07-07 08:42:00,1.1735,1.1736,1.1732,1.1732,122280.90000000001,103
2025-07-07 08:44:00,1.1731,1.1734,1.173,1.1733,190331.4,175
2025-07-07 08:46:00,1.1733,1.1734,1.1733,1.1733,19656.3,26
2025-07-07 08:48:00,1.1733,1.1733,1.1731,1.1731,5366.099999999999,18
2025-07-07 08:50:00,1.1732,1.1732,1.173,1.1731,8795.699999999999,25
2025-07-07 08:52:00,1.1731,1.1731,1.1728,1.1729,263871.7,184
2025-07-07 08:54:00,1.1728,1.173,1.1728,1.1729,27806.4,56
2025-07-07 08:56:00,1.1728,1.1729,1.1726,1.1727,18413.6,27
2025-07-07 08:58:00,1.1727,1.1728,1.1725,1.1726,13072.2,39
2025-07-07 09:00:00,1.1726,1.1727,1.1726,1.1727,13528.8,33
2025-07-07 09:02:00,1.1726,1.1728,1.1726,1.1728,32779.0,55
2025-07-07 09:04:00,1.1727,1.1729,1.1727,1.1727,36152.9,62
2025-07-07 09:06:00,1.1727,1.1728,1.1726,1.1726,6206.0,17
2025-07-07 09:08:00,1.1727,1.1727,1.1724,1.1725,18432.8,45
2025-07-07 09:10:00,1.1725,1.1727,1.1724,1.1724,45937.8,66
2025-07-07 09:12:00,1.1724,1.1726,1.1724,1.1725,16146.7,24
2025-07-07 09:14:00,1.1725,1.1728,1.1725,1.1727,41487.4,56
2025-07-07 09:16:00,1.1727,1.1728,1.1726,1.1727,41239.0,57
2025-07-07 09:18:00,1.1727,1.173,1.1727,1.1728,26888.9,32
2025-07-07 09:20:00,1.1729,1.1729,1.1727,1.1728,10997.4,28
2025-07-07 09:22:00,1.1727,1.1729,1.1727,1.1728,50748.0,79
2025-07-07 09:24:00,1.1728,1.1729,1.1727,1.1729,124086.7,134
2025-07-07 09:26:00,1.1729,1.1732,1.1728,1.173,155064.9,147
2025-07-07 09:28:00,1.173,1.1731,1.173,1.173,8695.1,28
2025-07-07 09:30:00,1.173,1.1731,1.1729,1.1729,86308.9,102
2025-07-07 09:32:00,1.1729,1.1733,1.1729,1.1733,73901.4,158
2025-07-07 09:34:00,1.1733,1.1734,1.1732,1.1732,116564.3,155
2025-07-07 09:36:00,1.1731,1.1733,1.1731,1.1732,60267.8,51
2025-07-07 09:38:00,1.1732,1.1734,1.1731,1.1733,87389.5,97
2025-07-07 09:40:00,1.1732,1.1735,1.1732,1.1734,100890.1,86
2025-07-07 09:42:00,1.1734,1.1734,1.1732,1.1733,25774.4,32
2025-07-07 09:44:00,1.1733,1.1734,1.1732,1.1733,7320.7,23
2025-07-07 09:46:00,1.1732,1.1733,1.1732,1.1733,10994.1,28
2025-07-07 09:48:00,1.1732,1.1733,1.1731,1.1733,63934.0,62
2025-07-07 09:50:00,1.1733,1.1733,1.173,1.1731,66920.7,59
2025-07-07 09:52:00,1.173,1.1732,1.173,1.1731,85098.0,60
2025-07-07 09:54:00,1.1732,1.1735,1.1731,1.1735,73102.5,56
2025-07-07 09:56:00,1.1735,1.1736,1.1734,1.1736,94884.4,57
2025-07-07 09:58:00,1.1735,1.1736,1.1735,1.1736,6867.0,30
2025-07-07 10:00:00,1.1735,1.1736,1.1734,1.1734,39112.2,53
2025-07-07 10:02:00,1.1735,1.1735,1.1733,1.1733,67149.1,85
2025-07-07 10:04:00,1.1733,1.1734,1.1732,1.1732,31405.2,37
2025-07-07 10:06:00,1.1732,1.1735,1.1732,1.1734,114384.2,69
2025-07-07 10:08:00,1.1734,1.1735,1.1733,1.1734,24411.2,34
2025-07-07 10:10:00,1.1733,1.1734,1.1732,1.1733,61352.7,71
2025-07-07 10:12:00,1.1732,1.1733,1.1732,1.1733,53202.5,44
2025-07-07 10:14:00,1.1734,1.1734,1.1732,1.1734,94743.4,83
2025-07-07 10:16:00,1.1734,1.1737,1.1733,1.1733,144905.5,109
2025-07-07 10:18:00,1.1734,1.1735,1.1733,1.1733,37682.0,81
2025-07-07 10:20:00,1.1733,1.1734,1.1732,1.1732,13585.4,32
2025-07-07 10:22:00,1.1733,1.1734,1.1731,1.1731,63828.4,54
2025-07-07 10:24:00,1.1732,1.1732,1.173,1.1731,31951.6,33
2025-07-07 10:26:00,1.1731,1.1732,1.173,1.173,56697.8,28
2025-07-07 10:28:00,1.1729,1.173,1.1729,1.1729,15357.7,32
2025-07-07 10:30:00,1.1729,1.1731,1.1726,1.1726,38427.2,40
2025-07-07 10:32:00,1.1727,1.1728,1.1725,1.1728,92432.1,85
2025-07-07 10:34:00,1.1727,1.173,1.1727,1.173,39166.6,24
2025-07-07 10:36:00,1.173,1.173,1.1729,1.1729,22785.4,46
2025-07-07 10:38:00,1.1729,1.1729,1.1728,1.1728,13403.1,32
2025-07-07 10:40:00,1.1729,1.1729,1.1727,1.1728,18412.8,28
2025-07-07 10:42:00,1.1728,1.1729,1.1727,1.1728,46580.9,65
2025-07-07 10:44:00,1.1727,1.1728,1.1726,1.1727,26685.8,52
2025-07-07 10:46:00,1.1728,1.1729,1.1727,1.1729,56005.7,52
2025-07-07 10:48:00,1.1728,1.1728,1.1727,1.1727,8119.8,24
2025-07-07 10:50:00,1.1728,1.1728,1.1726,1.1726,40092.3,33
2025-07-07 10:52:00,1.1726,1.1727,1.1726,1.1726,17880.2,31
2025-07-07 10:54:00,1.1727,1.1728,1.1726,1.1728,29847.2,36
2025-07-07 10:56:00,1.1727,1.1727,1.1726,1.1726,19386.1,33
2025-07-07 10:58:00,1.1726,1.1728,1.1726,1.1727,52307.1,28
2025-07-07 11:00:00,1.1727,1.1728,1.1727,1.1728,11334.4,35
2025-07-07 11:02:00,1.1727,1.1728,1.1727,1.1728,6402.4,32
2025-07-07 11:04:00,1.1727,1.173,1.1727,1.1729,22297.4,25
2025-07-07 11:06:00,1.1728,1.1729,1.1727,1.1727,29933.1,25
2025-07-07 11:08:00,1.1728,1.1728,1.1727,1.1727,20132.6,45
2025-07-07 11:10:00,1.1727,1.1728,1.1726,1.1726,33263.6,62
2025-07-07 11:12:00,1.1727,1.1728,1.1726,1.1726,9186.800000000001,25
2025-07-07 11:14:00,1.1726,1.1727,1.1724,1.1725,85329.5,46
2025-07-07 11:16:00,1.1724,1.1725,1.1721,1.1722,132750.7,87
2025-07-07 11:18:00,1.1723,1.1723,1.1721,1.1722,35288.3,36
2025-07-07 11:20:00,1.1723,1.1723,1.1722,1.1723,79636.1,63
2025-07-07 11:22:00,1.1723,1.1723,1.1722,1.1722,22589.2,75
2025-07-07 11:24:00,1.1723,1.1724,1.1721,1.1721,75879.8,86
2025-07-07 11:26:00,1.1722,1.1722,1.1721,1.1722,33782.5,52
2025-07-07 11:28:00,1.1721,1.1722,1.172,1.172,57221.1,64
2025-07-07 11:30:00,1.1721,1.1722,1.1719,1.172,269292.4,153
2025-07-07 11:32:00,1.172,1.1721,1.1719,1.1719,27884.9,29
2025-07-07 11:34:00,1.172,1.1721,1.1719,1.172,96115.4,94
2025-07-07 11:36:00,1.1721,1.1722,1.172,1.1722,28884.7,29
2025-07-07 11:38:00,1.1722,1.1722,1.172,1.1721,28250.3,33
2025-07-07 11:40:00,1.172,1.1722,1.172,1.1721,58551.5,49
2025-07-07 11:42:00,1.1721,1.1722,1.1721,1.1721,9659.9,21
2025-07-07 11:44:00,1.1721,1.1725,1.1721,1.1725,111831.9,65
2025-07-07 11:46:00,1.1724,1.1727,1.1724,1.1726,14249.6,32
2025-07-07 11:48:00,1.1726,1.1728,1.1726,1.1727,35854.4,41
2025-07-07 11:50:00,1.1727,1.1729,1.1727,1.1728,77291.1,50
2025-07-07 11:52:00,1.1728,1.1729,1.1726,1.1727,61794.299999999996,46
2025-07-07 11:54:00,1.1727,1.1727,1.1725,1.1726,70370.6,56
2025-07-07 11:56:00,1.1726,1.1727,1.1723,1.1723,73985.9,62
2025-07-07 11:58:00,1.1724,1.1724,1.1722,1.1724,9639.199999999999,27
2025-07-07 12:00:00,1.1723,1.1725,1.1721,1.1722,85276.4,89
2025-07-07 12:02:00,1.1721,1.1722,1.172,1.172,3058.2,38
2025-07-07 12:04:00,1.1721,1.1722,1.172,1.1721,61567.1,55
2025-07-07 12:06:00,1.172,1.1721,1.1719,1.1719,25892.0,22
2025-07-07 12:08:00,1.172,1.172,1.1719,1.172,16522.5,23
2025-07-07 12:10:00,1.172,1.1721,1.1719,1.172,263849.7,127
2025-07-07 12:12:00,1.172,1.172,1.1717,1.1718,32266.7,55
2025-07-07 12:14:00,1.1719,1.1719,1.1718,1.1718,11056.4,28
2025-07-07 12:16:00,1.1719,1.172,1.1718,1.172,18456.1,42
2025-07-07 12:18:00,1.172,1.1721,1.1719,1.172,33138.0,25
2025-07-07 12:20:00,1.172,1.1721,1.172,1.172,18955.0,40
2025-07-07 12:22:00,1.172,1.172,1.1718,1.1718,27993.0,44
2025-07-07 12:24:00,1.1719,1.1719,1.1717,1.1718,45151.2,46
2025-07-07 12:26:00,1.1718,1.1719,1.1715,1.1716,30478.899999999998,59
2025-07-07 12:28:00,1.1716,1.1717,1.1715,1.1717,31432.6,39
2025-07-07 12:30:00,1.1716,1.1718,1.1716,1.1717,20572.8,43
2025-07-07 12:32:00,1.1718,1.1718,1.1715,1.1715,47199.6,43
2025-07-07 12:34:00,1.1715,1.1717,1.1715,1.1715,134502.1,130
2025-07-07 12:36:00,1.1715,1.1717,1.1713,1.1716,87878.6,82
2025-07-07 12:38:00,1.1716,1.1718,1.1716,1.1716,6799.3,31
2025-07-07 12:40:00,1.1717,1.1719,1.1717,1.1718,19031.5,36
2025-07-07 12:42:00,1.1718,1.172,1.1718,1.1718,37198.9,67
2025-07-07 12:44:00,1.1718,1.1718,1.1715,1.1715,66135.4,115
2025-07-07 12:46:00,1.1715,1.1716,1.1714,1.1714,54476.9,139
2025-07-07 12:48:00,1.1714,1.1716,1.1714,1.1715,18451.2,41
2025-07-07 12:50:00,1.1715,1.1717,1.1715,1.1717,31122.4,46
2025-07-07 12:52:00,1.1716,1.1717,1.1716,1.1717,17457.7,19
2025-07-07 12:54:00,1.1716,1.1717,1.1715,1.1716,14587.5,56
2025-07-07 12:56:00,1.1716,1.1717,1.1715,1.1716,37862.9,46
2025-07-07 12:58:00,1.1716,1.1717,1.1715,1.1716,36468.0,46
2025-07-07 13:00:00,1.1715,1.1717,1.1715,1.1716,26943.4,53
2025-07-07 13:02:00,1.1717,1.1718,1.1716,1.1717,11423.9,38
2025-07-07 13:04:00,1.1718,1.172,1.1717,1.172,9995.7,31
2025-07-07 13:06:00,1.1721,1.1723,1.1721,1.1722,62474.1,55
2025-07-07 13:08:00,1.1723,1.1723,1.1722,1.1723,7321.0,37
2025-07-07 13:10:00,1.1722,1.1723,1.1719,1.172,73798.7,51
2025-07-07 13:12:00,1.172,1.1722,1.1719,1.1722,67172.2,36
2025-07-07 13:14:00,1.1721,1.1723,1.1721,1.1722,43347.2,51
2025-07-07 13:16:00,1.1723,1.1726,1.1723,1.1725,49738.5,118
2025-07-07 13:18:00,1.1726,1.1726,1.1722,1.1723,110633.9,141
2025-07-07 13:20:00,1.1724,1.1725,1.1723,1.1724,51059.4,80
2025-07-07 13:22:00,1.1725,1.1728,1.1725,1.1726,127788.09999999999,118
2025-07-07 13:24:00,1.1726,1.1728,1.1725,1.1727,51464.9,70
2025-07-07 13:26:00,1.1727,1.1732,1.1726,1.1732,63324.9,120
2025-07-07 13:28:00,1.1732,1.1734,1.1731,1.1732,26041.1,71
2025-07-07 13:30:00,1.1731,1.1732,1.173,1.1731,34361.0,30
2025-07-07 13:32:00,1.1731,1.1734,1.1731,1.1733,13082.7,32
2025-07-07 13:34:00,1.1733,1.1733,1.1731,1.1733,26460.2,35
2025-07-07 13:36:00,1.1733,1.1733,1.1732,1.1733,11309.4,45
2025-07-07 13:38:00,1.1732,1.1733,1.1731,1.1732,20804.0,51
2025-07-07 13:40:00,1.1733,1.1733,1.1731,1.1733,20290.4,41
2025-07-07 13:42:00,1.1733,1.1733,1.1731,1.1732,25018.3,74
2025-07-07 13:44:00,1.1732,1.1734,1.1731,1.1731,31361.1,64
2025-07-07 13:46:00,1.1731,1.1732,1.1731,1.1732,17986.8,42
2025-07-07 13:48:00,1.1731,1.1735,1.1731,1.1733,40896.200000000004,77
2025-07-07 13:50:00,1.1733,1.1734,1.1731,1.1732,91261.4,119
2025-07-07 13:52:00,1.1732,1.1732,1.1729,1.1729,28610.4,55
2025-07-07 13:54:00,1.1729,1.173,1.1727,1.1727,93198.6,103
2025-07-07 13:56:00,1.1728,1.173,1.1727,1.173,64920.4,145
2025-07-07 13:58:00,1.173,1.1732,1.1728,1.173,242394.5,311
2025-07-07 14:00:00,1.173,1.1732,1.1729,1.1731,134617.4,163
2025-07-07 14:02:00,1.1731,1.1732,1.173,1.173,48107.0,66
2025-07-07 14:04:00,1.173,1.1733,1.173,1.1731,57105.2,68
2025-07-07 14:06:00,1.173,1.1732,1.173,1.173,27018.1,56
2025-07-07 14:08:00,1.173,1.1732,1.173,1.1731,39336.6,46
2025-07-07 14:10:00,1.1731,1.1734,1.1731,1.1732,40227.4,63
2025-07-07 14:12:00,1.1732,1.1734,1.1732,1.1732,50615.8,79
2025-07-07 14:14:00,1.1731,1.1732,1.1729,1.1732,60052.3,102
2025-07-07 14:16:00,1.1732,1.1733,1.173,1.1731,176852.19999999998,158
2025-07-07 14:18:00,1.173,1.1731,1.173,1.1731,30090.8,79
2025-07-07 14:20:00,1.173,1.1731,1.1728,1.1729,82130.5,78
2025-07-07 14:22:00,1.1729,1.1731,1.1729,1.173,45194.3,54
2025-07-07 14:24:00,1.1731,1.1731,1.1728,1.1728,31686.1,43
2025-07-07 14:26:00,1.1728,1.1729,1.1728,1.1728,22676.0,45
2025-07-07 14:28:00,1.1728,1.1729,1.1728,1.1729,22775.9,48
2025-07-07 14:30:00,1.1728,1.1733,1.1728,1.1733,50456.4,93
2025-07-07 14:32:00,1.1733,1.1733,1.1731,1.1732,54688.3,70
2025-07-07 14:34:00,1.1732,1.1733,1.1731,1.1732,31525.2,72
2025-07-07 14:36:00,1.1733,1.1734,1.1731,1.1732,132020.7,166
2025-07-07 14:38:00,1.1732,1.1735,1.1731,1.1734,44989.2,75
2025-07-07 14:40:00,1.1735,1.1737,1.1734,1.1735,53394.1,90
2025-07-07 14:42:00,1.1736,1.1737,1.1735,1.1737,42425.2,67
2025-07-07 14:44:00,1.1737,1.1739,1.1736,1.1739,44007.5,65
2025-07-07 14:46:00,1.1739,1.1739,1.1737,1.1739,96576.3,147
2025-07-07 14:48:00,1.1738,1.1739,1.1738,1.1738,17053.2,37
2025-07-07 14:50:00,1.1737,1.1737,1.1734,1.1736,93896.7,111
2025-07-07 14:52:00,1.1737,1.1737,1.1732,1.1733,28326.2,72
2025-07-07 14:54:00,1.1733,1.1733,1.1732,1.1733,28206.7,56
2025-07-07 14:56:00,1.1733,1.1733,1.1731,1.1731,27036.3,51
2025-07-07 14:58:00,1.1731,1.1733,1.1731,1.1732,28045.3,62
2025-07-07 15:00:00,1.1732,1.1734,1.1732,1.1732,34901.200000000004,64
2025-07-07 15:02:00,1.1732,1.1733,1.1732,1.1732,11716.0,33
2025-07-07 15:04:00,1.1731,1.1732,1.1729,1.173,28324.7,80
2025-07-07 15:06:00,1.1729,1.173,1.1727,1.1728,52340.8,70
2025-07-07 15:08:00,1.1729,1.173,1.1728,1.1729,32315.3,35
2025-07-07 15:10:00,1.1729,1.1731,1.1729,1.1729,60213.299999999996,122
2025-07-07 15:12:00,1.1729,1.1732,1.1729,1.1731,26558.7,41
2025-07-07 15:14:00,1.1731,1.1734,1.1731,1.1733,28713.2,37
2025-07-07 15:16:00,1.1734,1.1734,1.1731,1.1732,32733.100000000002,63
2025-07-07 15:18:00,1.1731,1.1732,1.1729,1.1729,20314.5,71
2025-07-07 15:20:00,1.173,1.173,1.1729,1.173,20707.3,41
2025-07-07 15:22:00,1.1729,1.173,1.1728,1.1729,29210.6,76
2025-07-07 15:24:00,1.1728,1.1729,1.1727,1.1728,26281.399999999998,95
2025-07-07 15:26:00,1.1729,1.1732,1.1728,1.1732,24568.9,67
2025-07-07 15:28:00,1.1732,1.1734,1.1732,1.1732,36170.5,66
2025-07-07 15:30:00,1.1733,1.1734,1.1731,1.1732,79752.6,99
2025-07-07 15:32:00,1.1732,1.1732,1.1731,1.1731,12469.8,58
2025-07-07 15:34:00,1.1731,1.1732,1.1729,1.1729,12082.6,45
2025-07-07 15:36:00,1.173,1.1731,1.173,1.173,10015.6,33
2025-07-07 15:38:00,1.173,1.1732,1.1729,1.1732,23186.9,40
2025-07-07 15:40:00,1.1732,1.1732,1.1728,1.1729,28068.8,68
2025-07-07 15:42:00,1.173,1.173,1.1728,1.1728,83832.8,108
2025-07-07 15:44:00,1.1728,1.1729,1.1726,1.1728,63524.700000000004,90
2025-07-07 15:46:00,1.1728,1.1728,1.1727,1.1727,24468.0,54
2025-07-07 15:48:00,1.1728,1.1728,1.1727,1.1727,13764.6,49
2025-07-07 15:50:00,1.1728,1.173,1.1727,1.1729,60338.9,75
2025-07-07 15:52:00,1.1729,1.173,1.1728,1.1729,13259.5,41
2025-07-07 15:54:00,1.1728,1.1731,1.1728,1.1729,74015.3,45
2025-07-07 15:56:00,1.1729,1.173,1.1728,1.173,23600.9,45
2025-07-07 15:58:00,1.1729,1.173,1.1729,1.1729,14950.699999999999,45
2025-07-07 16:00:00,1.173,1.173,1.1728,1.173,27807.0,49
2025-07-07 16:02:00,1.173,1.1731,1.1729,1.173,51987.1,51
2025-07-07 16:04:00,1.173,1.1732,1.173,1.1731,17183.4,49
2025-07-07 16:06:00,1.1732,1.1732,1.173,1.173,57478.9,57
2025-07-07 16:08:00,1.173,1.1732,1.173,1.1732,21698.1,65
2025-07-07 16:10:00,1.1731,1.1732,1.1731,1.1731,88999.9,86
2025-07-07 16:12:00,1.1731,1.1733,1.173,1.1733,27712.5,62
2025-07-07 16:14:00,1.1732,1.1734,1.1732,1.1732,36877.3,45
2025-07-07 16:16:00,1.1733,1.1735,1.1732,1.1734,81339.6,111
2025-07-07 16:18:00,1.1734,1.1735,1.173,1.1731,171586.3,177
2025-07-07 16:20:00,1.173,1.1733,1.172,1.1723,378454.5,441
2025-07-07 16:22:00,1.1722,1.1724,1.1708,1.1712,717601.5,689
2025-07-07 16:24:00,1.1713,1.1718,1.1712,1.1718,258178.1,160
2025-07-07 16:26:00,1.1717,1.1722,1.1717,1.1722,44488.5,77
2025-07-07 16:28:00,1.1721,1.1722,1.1721,1.1721,79346.4,71
2025-07-07 16:30:00,1.1721,1.1722,1.1716,1.1717,66515.8,62
2025-07-07 16:32:00,1.1717,1.1717,1.1709,1.171,171346.1,128
2025-07-07 16:34:00,1.171,1.171,1.1707,1.1707,63392.5,72
2025-07-07 16:36:00,1.1708,1.171,1.1707,1.1708,48109.5,61
2025-07-07 16:38:00,1.1709,1.1711,1.1708,1.171,233814.5,215
2025-07-07 16:40:00,1.171,1.1713,1.1709,1.1713,122621.8,88
2025-07-07 16:42:00,1.1713,1.1713,1.1708,1.1709,99721.9,103
2025-07-07 16:44:00,1.1708,1.171,1.1707,1.171,197411.80000000002,141
2025-07-07 16:46:00,1.1709,1.1709,1.1702,1.1703,276865.3,214
2025-07-07 16:48:00,1.1703,1.1705,1.1701,1.1704,648093.4,379
2025-07-07 16:50:00,1.1704,1.1706,1.1703,1.1703,358261.5,264
2025-07-07 16:52:00,1.1703,1.1704,1.1701,1.1701,253124.6,191
2025-07-07 16:54:00,1.1701,1.1701,1.1693,1.1693,284439.2,200
2025-07-07 16:56:00,1.1694,1.1694,1.1688,1.1689,94597.9,86
2025-07-07 16:58:00,1.1689,1.1694,1.1688,1.1693,114294.3,100
2025-07-07 17:00:00,1.1694,1.1694,1.1689,1.1692,376161.5,277
2025-07-07 17:02:00,1.1692,1.1692,1.1685,1.1688,260705.4,281
2025-07-07 17:04:00,1.1688,1.1691,1.1687,1.1691,107569.5,93
2025-07-07 17:06:00,1.1691,1.1695,1.169,1.1694,85787.4,70
2025-07-07 17:08:00,1.1693,1.1695,1.1692,1.1692,84703.0,61
2025-07-07 17:10:00,1.1693,1.1695,1.1692,1.1693,52617.5,46
2025-07-07 17:12:00,1.1694,1.1696,1.1693,1.1696,13360.4,41
2025-07-07 17:14:00,1.1696,1.1699,1.1696,1.1698,97461.8,86
2025-07-07 17:16:00,1.1698,1.1698,1.1696,1.1697,62440.1,32
2025-07-07 17:18:00,1.1698,1.1698,1.1696,1.1696,48172.200000000004,45
2025-07-07 17:20:00,1.1697,1.1698,1.1696,1.1696,70459.0,54
2025-07-07 17:22:00,1.1696,1.1696,1.1692,1.1695,176076.0,142
2025-07-07 17:24:00,1.1694,1.1695,1.1693,1.1695,17582.0,34
2025-07-07 17:26:00,1.1695,1.1695,1.1691,1.1693,93658.2,76
2025-07-07 17:28:00,1.1692,1.1692,1.169,1.1692,99244.7,72
2025-07-07 17:30:00,1.1691,1.1704,1.1691,1.1699,704129.4,586
2025-07-07 17:32:00,1.17,1.1707,1.17,1.1701,285566.6,182
2025-07-07 17:34:00,1.1702,1.1707,1.1702,1.1703,91263.5,90
2025-07-07 17:36:00,1.1702,1.1706,1.1702,1.1705,74624.8,56
2025-07-07 17:38:00,1.1705,1.1705,1.1701,1.1705,189510.9,129
2025-07-07 17:40:00,1.1705,1.171,1.1704,1.1708,51054.6,56
2025-07-07 17:42:00,1.1708,1.1709,1.1703,1.1704,151378.1,153
2025-07-07 17:44:00,1.1705,1.1706,1.1704,1.1705,36058.6,51
2025-07-07 17:46:00,1.1704,1.1704,1.1702,1.1704,40527.4,41
2025-07-07 17:48:00,1.1704,1.1705,1.1702,1.1704,41572.4,72
2025-07-07 17:50:00,1.1704,1.1704,1.1701,1.1704,47155.5,57
2025-07-07 17:52:00,1.1703,1.1704,1.1701,1.1702,13906.699999999999,38
2025-07-07 17:54:00,1.1702,1.1702,1.17,1.17,31383.6,52
2025-07-07 17:56:00,1.17,1.1702,1.17,1.1701,26003.7,36
2025-07-07 17:58:00,1.1701,1.1703,1.17,1.1703,82356.7,89
2025-07-07 18:00:00,1.1704,1.1704,1.1701,1.1703,103367.09999999999,78
2025-07-07 18:02:00,1.1703,1.1706,1.1702,1.1705,24951.8,39
2025-07-07 18:04:00,1.1705,1.1706,1.1703,1.1703,26828.5,47
2025-07-07 18:06:00,1.1702,1.1709,1.1701,1.1708,106577.1,103
2025-07-07 18:08:00,1.1708,1.1711,1.1708,1.1711,118958.8,79
2025-07-07 18:10:00,1.171,1.1711,1.1707,1.1708,62277.6,61
2025-07-07 18:12:00,1.1708,1.1708,1.1706,1.1707,8819.4,28
2025-07-07 18:14:00,1.1706,1.1706,1.1703,1.1703,97979.3,80
2025-07-07 18:16:00,1.1703,1.1703,1.1698,1.1699,291890.8,320
2025-07-07 18:18:00,1.1699,1.17,1.1698,1.1698,37782.3,73
2025-07-07 18:20:00,1.1699,1.1701,1.1698,1.1699,128831.0,93
2025-07-07 18:22:00,1.1698,1.1698,1.1696,1.1697,138830.9,60
2025-07-07 18:24:00,1.1698,1.17,1.1697,1.1699,65810.5,67
2025-07-07 18:26:00,1.1699,1.17,1.1698,1.1698,61833.7,66
2025-07-07 18:28:00,1.1698,1.1699,1.1697,1.1698,138176.7,95
2025-07-07 18:30:00,1.1698,1.1698,1.1696,1.1696,114567.5,99
2025-07-07 18:32:00,1.1697,1.1698,1.1696,1.1698,139059.6,134
2025-07-07 18:34:00,1.1697,1.1698,1.1696,1.1698,127459.8,101
2025-07-07 18:36:00,1.1697,1.1702,1.1697,1.1702,108475.1,65
2025-07-07 18:38:00,1.1702,1.1703,1.17,1.1703,191196.1,64
2025-07-07 18:40:00,1.1702,1.1705,1.1702,1.1704,53962.6,47
2025-07-07 18:42:00,1.1704,1.1708,1.1704,1.1706,262327.3,193
2025-07-07 18:44:00,1.1707,1.1708,1.1707,1.1707,2194.5,22
2025-07-07 18:46:00,1.1707,1.1709,1.1707,1.1708,114973.1,109
2025-07-07 18:48:00,1.1709,1.1711,1.1708,1.1709,12875.0,37
2025-07-07 18:50:00,1.171,1.1712,1.1709,1.1712,23524.1,29
2025-07-07 18:52:00,1.1712,1.1712,1.171,1.1711,30706.1,22
2025-07-07 18:54:00,1.1711,1.1712,1.171,1.1711,128540.3,77
2025-07-07 18:56:00,1.1712,1.1713,1.1711,1.1713,17441.899999999998,42
2025-07-07 18:58:00,1.1712,1.1714,1.1712,1.1714,48275.6,47
2025-07-07 19:00:00,1.1714,1.1715,1.1713,1.1713,42944.4,65
2025-07-07 19:02:00,1.1713,1.1714,1.1713,1.1714,6441.7,21
2025-07-07 19:04:00,1.1713,1.1713,1.1711,1.1711,21770.2,67
2025-07-07 19:06:00,1.1711,1.1713,1.1711,1.1712,11517.1,27
2025-07-07 19:08:00,1.1713,1.1714,1.1713,1.1714,23381.5,27
2025-07-07 19:10:00,1.1714,1.1717,1.1713,1.1717,78856.7,58
2025-07-07 19:12:00,1.1717,1.1717,1.1716,1.1716,11977.2,29
2025-07-07 19:14:00,1.1716,1.1717,1.1715,1.1716,27182.3,29
2025-07-07 19:16:00,1.1715,1.1716,1.1715,1.1716,6068.5,22
2025-07-07 19:18:00,1.1716,1.1717,1.1715,1.1717,28328.7,54
2025-07-07 19:20:00,1.1716,1.1717,1.1716,1.1716,12364.9,45
2025-07-07 19:22:00,1.1717,1.1717,1.1714,1.1714,81214.2,41
2025-07-07 19:24:00,1.1715,1.1715,1.1712,1.1712,20217.8,60
2025-07-07 19:26:00,1.1712,1.1714,1.1712,1.1714,12789.9,26
2025-07-07 19:28:00,1.1713,1.1714,1.1713,1.1714,8489.7,18
2025-07-07 19:30:00,1.1713,1.1714,1.1712,1.1712,26518.1,35
2025-07-07 19:32:00,1.1712,1.1714,1.1712,1.1713,48831.6,55
2025-07-07 19:34:00,1.1714,1.1715,1.1713,1.1715,94156.7,54
2025-07-07 19:36:00,1.1715,1.1717,1.1715,1.1716,6909.7,16
2025-07-07 19:38:00,1.1717,1.1717,1.1716,1.1717,13639.3,23
2025-07-07 19:40:00,1.1717,1.1717,1.1715,1.1715,43003.2,33
2025-07-07 19:42:00,1.1716,1.1716,1.1714,1.1714,24468.4,38
2025-07-07 19:44:00,1.1714,1.1715,1.1714,1.1714,11629.1,42
2025-07-07 19:46:00,1.1714,1.1715,1.1713,1.1714,28371.5,36
2025-07-07 19:48:00,1.1714,1.1715,1.1713,1.1714,13208.9,44
2025-07-07 19:50:00,1.1714,1.1715,1.1714,1.1715,20519.5,35
2025-07-07 19:52:00,1.1716,1.1716,1.1714,1.1714,34930.4,34
2025-07-07 19:54:00,1.1714,1.1715,1.1714,1.1715,20356.7,27
2025-07-07 19:56:00,1.1714,1.1715,1.1713,1.1715,96412.2,76
2025-07-07 19:58:00,1.1714,1.1716,1.1714,1.1714,51203.4,49
2025-07-07 20:00:00,1.1713,1.1715,1.1713,1.1713,38365.8,43
2025-07-07 20:02:00,1.1714,1.1715,1.1712,1.1713,102229.3,88
2025-07-07 20:04:00,1.1713,1.1713,1.1712,1.1713,23880.5,57
2025-07-07 20:06:00,1.1712,1.1713,1.1711,1.1711,37495.5,42
2025-07-07 20:08:00,1.1712,1.1712,1.171,1.1711,42243.2,42
2025-07-07 20:10:00,1.171,1.1711,1.1705,1.1706,93734.0,108
2025-07-07 20:12:00,1.1705,1.1707,1.1705,1.1706,17192.1,28
2025-07-07 20:14:00,1.1707,1.1708,1.1706,1.1707,69719.6,51
2025-07-07 20:16:00,1.1708,1.1709,1.1707,1.1707,29934.399999999998,33
2025-07-07 20:18:00,1.1706,1.1707,1.1704,1.1704,9914.8,60
2025-07-07 20:20:00,1.1704,1.1706,1.1704,1.1705,38788.4,54
2025-07-07 20:22:00,1.1705,1.1705,1.1704,1.1705,23610.8,35
2025-07-07 20:24:00,1.1705,1.1705,1.1704,1.1704,33175.0,37
2025-07-07 20:26:00,1.1705,1.1705,1.1703,1.1704,22974.7,30
2025-07-07 20:28:00,1.1704,1.1705,1.1703,1.1704,11835.7,21
2025-07-07 20:30:00,1.1704,1.1705,1.1703,1.1704,13203.8,37
2025-07-07 20:32:00,1.1704,1.1704,1.1703,1.1703,13076.8,29
2025-07-07 20:34:00,1.1704,1.1705,1.1703,1.1705,6967.0,18
2025-07-07 20:36:00,1.1705,1.1706,1.1705,1.1705,3077.3,20
2025-07-07 20:38:00,1.1705,1.1706,1.1705,1.1705,6666.7,22
2025-07-07 20:40:00,1.1706,1.1706,1.1705,1.1705,16475.8,32
2025-07-07 20:42:00,1.1706,1.1706,1.1702,1.1703,97491.8,37
2025-07-07 20:44:00,1.1703,1.1703,1.1702,1.1702,8964.3,26
2025-07-07 20:46:00,1.1702,1.1704,1.1702,1.1704,53826.7,51
2025-07-07 20:48:00,1.1704,1.1705,1.1703,1.1705,9000.2,31
2025-07-07 20:50:00,1.1705,1.1705,1.1703,1.1703,19742.9,49
2025-07-07 20:52:00,1.1704,1.1705,1.1703,1.1704,10741.8,30
2025-07-07 20:54:00,1.1704,1.1705,1.1704,1.1704,10028.1,29
2025-07-07 20:56:00,1.1704,1.1705,1.1704,1.1704,17361.8,28
2025-07-07 20:58:00,1.1705,1.1705,1.1703,1.1703,18544.2,36
2025-07-07 21:00:00,1.1704,1.1704,1.1703,1.1703,14003.6,35
2025-07-07 21:02:00,1.1704,1.1704,1.1703,1.1704,26913.2,30
2025-07-07 21:04:00,1.1704,1.1707,1.1703,1.1706,194306.0,62
2025-07-07 21:06:00,1.1707,1.1707,1.1705,1.1706,157509.2,99
2025-07-07 21:08:00,1.1705,1.1706,1.1705,1.1706,10540.2,24
2025-07-07 21:10:00,1.1705,1.1706,1.1705,1.1706,10979.4,29
2025-07-07 21:12:00,1.1706,1.1706,1.1705,1.1705,8593.6,26
2025-07-07 21:14:00,1.1705,1.1706,1.1705,1.1705,26653.4,44
2025-07-07 21:16:00,1.1705,1.1706,1.1705,1.1706,14956.900000000001,30
2025-07-07 21:18:00,1.1705,1.1706,1.1705,1.1705,8186.7,19
2025-07-07 21:20:00,1.1706,1.1706,1.1705,1.1706,5606.3,24
2025-07-07 21:22:00,1.1705,1.1706,1.1705,1.1705,13693.2,30
2025-07-07 21:24:00,1.1705,1.1706,1.1705,1.1706,13303.1,28
2025-07-07 21:26:00,1.1705,1.1706,1.1704,1.1704,22692.1,39
2025-07-07 21:28:00,1.1704,1.1705,1.1704,1.1705,15840.8,28
2025-07-07 21:30:00,1.1705,1.1705,1.1704,1.1704,6638.4,23
2025-07-07 21:32:00,1.1705,1.1705,1.1704,1.1705,3080.5,19
2025-07-07 21:34:00,1.1704,1.1705,1.1704,1.1704,14692.9,29
2025-07-07 21:36:00,1.1704,1.1706,1.1704,1.1705,48007.7,67
2025-07-07 21:38:00,1.1705,1.1706,1.1705,1.1706,8838.400000000001,22
2025-07-07 21:40:00,1.1705,1.1706,1.1705,1.1705,5502.2,13
2025-07-07 21:42:00,1.1705,1.1707,1.1704,1.1706,111713.8,71
2025-07-07 21:44:00,1.1705,1.1707,1.1705,1.1705,4223.6,16
2025-07-07 21:46:00,1.1706,1.1707,1.1705,1.1705,14386.4,27
2025-07-07 21:48:00,1.1706,1.1708,1.1705,1.1707,9506.2,19
2025-07-07 21:50:00,1.1707,1.1708,1.1706,1.1708,10542.0,22
2025-07-07 21:52:00,1.1708,1.1708,1.1707,1.1707,4692.7,19
2025-07-07 21:54:00,1.1708,1.1709,1.1707,1.1708,66553.1,96
2025-07-07 21:56:00,1.1708,1.1709,1.1708,1.1708,71484.40000000001,200
2025-07-07 21:58:00,1.1709,1.1709,1.1708,1.1708,6101.8,24
2025-07-07 22:00:00,1.1708,1.1711,1.1707,1.171,243940.0,149
2025-07-07 22:02:00,1.1711,1.1711,1.1709,1.171,64494.3,78
2025-07-07 22:04:00,1.1711,1.1712,1.171,1.1712,98879.2,57
2025-07-07 22:06:00,1.1712,1.1714,1.1712,1.1712,44006.9,68
2025-07-07 22:08:00,1.1713,1.1715,1.1712,1.1715,69021.8,74
2025-07-07 22:10:00,1.1715,1.1717,1.1714,1.1716,124116.0,94
2025-07-07 22:12:00,1.1717,1.1717,1.1716,1.1717,47856.2,65
2025-07-07 22:14:00,1.1716,1.1717,1.1716,1.1717,7684.9,18
2025-07-07 22:16:00,1.1716,1.1717,1.1716,1.1717,13267.0,26
2025-07-07 22:18:00,1.1716,1.1717,1.1716,1.1717,1167.7,13
2025-07-07 22:20:00,1.1717,1.1718,1.1717,1.1718,33880.1,48
2025-07-07 22:22:00,1.1718,1.172,1.1717,1.1719,6126.0,42
2025-07-07 22:24:00,1.1719,1.172,1.1718,1.1719,26380.5,37
2025-07-07 22:26:00,1.1718,1.1719,1.1717,1.1717,24637.2,32
2025-07-07 22:28:00,1.1717,1.1718,1.1717,1.1718,8249.0,26
2025-07-07 22:30:00,1.1717,1.1718,1.1717,1.1718,15977.8,36
2025-07-07 22:32:00,1.1718,1.1719,1.1717,1.1718,27320.7,24
2025-07-07 22:34:00,1.1718,1.1719,1.1718,1.1718,3992.2000000000003,11
2025-07-07 22:36:00,1.1719,1.1721,1.1718,1.172,45818.0,38
2025-07-07 22:38:00,1.1721,1.1725,1.172,1.1725,46016.0,55
2025-07-07 22:40:00,1.1726,1.1726,1.1723,1.1724,56211.299999999996,35
2025-07-07 22:42:00,1.1725,1.1729,1.1725,1.1727,43307.5,46
2025-07-07 22:44:00,1.1728,1.1732,1.1728,1.173,176748.2,168
2025-07-07 22:46:00,1.173,1.1731,1.1728,1.1728,61567.200000000004,73
2025-07-07 22:48:00,1.1728,1.1729,1.1727,1.1729,10328.6,15
2025-07-07 22:50:00,1.1728,1.1729,1.1728,1.1729,22424.8,34
2025-07-07 22:52:00,1.173,1.1733,1.173,1.1733,27924.5,57
2025-07-07 22:54:00,1.1734,1.1734,1.1732,1.1732,2436.9,27
2025-07-07 22:56:00,1.1732,1.1735,1.1732,1.1735,22952.6,19
2025-07-07 22:58:00,1.1734,1.1736,1.1734,1.1734,10450.6,32
2025-07-07 23:00:00,1.1734,1.1734,1.1732,1.1732,50394.1,59
2025-07-07 23:02:00,1.1733,1.1734,1.1732,1.1733,9618.6,29
2025-07-07 23:04:00,1.1733,1.1733,1.1731,1.1731,13490.8,31
2025-07-07 23:06:00,1.1731,1.1732,1.1731,1.1732,5078.2,18
2025-07-07 23:08:00,1.1733,1.1734,1.1732,1.1734,19604.7,19
2025-07-07 23:10:00,1.1733,1.1735,1.1733,1.1735,1806.6,18
2025-07-07 23:12:00,1.1734,1.1736,1.1734,1.1735,23346.4,40
2025-07-07 23:14:00,1.1734,1.1736,1.1734,1.1736,103763.2,93
2025-07-07 23:16:00,1.1736,1.1737,1.1733,1.1734,69756.6,63
2025-07-07 23:18:00,1.1733,1.1733,1.1731,1.1733,12174.7,29
2025-07-07 23:20:00,1.1732,1.1733,1.1731,1.1733,11267.3,18
2025-07-07 23:22:00,1.1734,1.1734,1.1733,1.1733,2972.7,14
2025-07-07 23:24:00,1.1732,1.1733,1.1732,1.1733,1502.7,9
2025-07-07 23:26:00,1.1732,1.1733,1.1732,1.1733,22143.5,20
2025-07-07 23:28:00,1.1733,1.1733,1.1732,1.1732,1565.7,13
2025-07-07 23:30:00,1.1733,1.1734,1.1732,1.1734,9280.9,27
2025-07-07 23:32:00,1.1734,1.1734,1.1732,1.1734,29149.0,37
2025-07-07 23:34:00,1.1734,1.1734,1.1732,1.1733,1152.4,9
2025-07-07 23:36:00,1.1732,1.1734,1.1732,1.1734,9138.1,18
2025-07-07 23:38:00,1.1733,1.1734,1.1733,1.1733,9351.8,10
2025-07-07 23:40:00,1.1733,1.1734,1.1732,1.1732,17070.8,18
2025-07-07 23:42:00,1.1733,1.1734,1.1733,1.1734,6490.0,15
2025-07-07 23:44:00,1.1733,1.1735,1.1733,1.1733,4549.7,9
2025-07-07 23:46:00,1.1733,1.1734,1.1733,1.1734,23566.9,17
2025-07-07 23:48:00,1.1734,1.1736,1.1734,1.1736,1904.7,11
2025-07-07 23:50:00,1.1736,1.1736,1.1734,1.1735,4466.3,13
2025-07-07 23:52:00,1.1735,1.1735,1.1734,1.1734,14391.2,6
2025-07-07 23:54:00,1.1734,1.1735,1.1734,1.1735,1350.6,9
2025-07-07 23:56:00,1.1734,1.1736,1.1734,1.1735,98911.6,72
2025-07-07 23:58:00,1.1735,1.1736,1.1735,1.1736,14555.6,164
2025-07-08 00:00:00,1.1736,1.1738,1.1736,1.1738,37603.7,94
2025-07-08 00:02:00,1.1738,1.174,1.1738,1.1738,47578.299999999996,61
2025-07-08 00:04:00,1.1739,1.1741,1.1738,1.1741,4930.4,29
2025-07-08 00:06:00,1.1742,1.1742,1.1741,1.1741,6585.9,13
2025-07-08 00:08:00,1.1741,1.1743,1.1741,1.1743,56225.3,17
2025-07-08 00:10:00,1.1742,1.1744,1.1742,1.1744,20016.4,22
2025-07-08 00:12:00,1.1744,1.1747,1.1744,1.1746,39272.4,378
2025-07-08 00:14:00,1.1746,1.1747,1.1746,1.1746,1787.0,15
2025-07-08 00:16:00,1.1746,1.1747,1.1744,1.1744,7693.9,20
2025-07-08 00:18:00,1.1745,1.1746,1.1744,1.1745,6511.3,14
2025-07-08 00:20:00,1.1745,1.1747,1.1744,1.1747,2944.8,12
2025-07-08 00:22:00,1.1746,1.1747,1.1746,1.1746,1375.5,7
2025-07-08 00:24:00,1.1746,1.1746,1.1743,1.1744,19024.2,40
2025-07-08 00:26:00,1.1744,1.1745,1.1741,1.1742,54686.600000000006,64
2025-07-08 00:28:00,1.1741,1.1742,1.174,1.174,29523.9,11
2025-07-08 00:30:00,1.174,1.174,1.1739,1.1739,39433.6,141
2025-07-08 00:32:00,1.174,1.174,1.1739,1.174,4244.2,15
2025-07-08 00:34:00,1.1738,1.1739,1.1738,1.1738,4462.6,17
2025-07-08 00:36:00,1.1739,1.1742,1.1739,1.1741,8620.0,36
2025-07-08 00:38:00,1.1742,1.1743,1.1741,1.1742,15274.500000000002,11
2025-07-08 00:40:00,1.1742,1.1743,1.1742,1.1743,499.5,5
2025-07-08 00:42:00,1.1743,1.1746,1.1743,1.1745,14138.199999999999,19
2025-07-08 00:44:00,1.1746,1.1747,1.1743,1.1743,28672.3,45
2025-07-08 00:46:00,1.1743,1.1745,1.1743,1.1745,7405.4,17
2025-07-08 00:48:00,1.1744,1.1744,1.1742,1.1743,77022.5,85
2025-07-08 00:50:00,1.1744,1.1744,1.1743,1.1744,2734.5,16
2025-07-08 00:52:00,1.1743,1.1746,1.1743,1.1746,44670.9,53
2025-07-08 00:54:00,1.1745,1.1745,1.1742,1.1742,55568.3,71
2025-07-08 00:56:00,1.1742,1.1742,1.1741,1.1741,2805.7,13
2025-07-08 00:58:00,1.1742,1.1743,1.1742,1.1742,128.2,6
2025-07-08 01:00:00,1.1743,1.1744,1.1742,1.1743,13807.6,89
2025-07-08 01:02:00,1.1742,1.1744,1.1742,1.1743,6730.1,22
2025-07-08 01:04:00,1.1742,1.1743,1.1741,1.1741,8308.2,21
2025-07-08 01:06:00,1.1741,1.1742,1.1741,1.1742,1311.7,9
2025-07-08 01:08:00,1.1741,1.1742,1.1738,1.1739,85958.2,90
2025-07-08 01:10:00,1.1738,1.1738,1.1735,1.1736,33198.2,54
2025-07-08 01:12:00,1.1735,1.1735,1.1733,1.1733,17244.2,26
2025-07-08 01:14:00,1.1733,1.1734,1.1733,1.1733,21736.9,17
2025-07-08 01:16:00,1.1733,1.1733,1.173,1.173,23494.5,22
2025-07-08 01:18:00,1.173,1.1732,1.173,1.1731,10222.7,19
2025-07-08 01:20:00,1.1732,1.1733,1.1731,1.1733,17298.5,14
2025-07-08 01:22:00,1.1732,1.1733,1.1731,1.1733,6264.8,11
2025-07-08 01:24:00,1.1733,1.1735,1.1733,1.1735,1360.9,9
2025-07-08 01:26:00,1.1737,1.1737,1.1736,1.1736,4445.8,14
2025-07-08 01:28:00,1.1736,1.1738,1.1735,1.1737,23238.4,18
2025-07-08 01:30:00,1.1735,1.1736,1.1733,1.1735,102177.7,30
2025-07-08 01:32:00,1.1734,1.1734,1.1732,1.1733,45408.1,26
2025-07-08 01:34:00,1.1734,1.1737,1.1733,1.1736,8973.5,10
2025-07-08 01:36:00,1.1738,1.174,1.1737,1.1739,8752.8,21
2025-07-08 01:38:00,1.1739,1.1741,1.1739,1.174,66320.0,66
2025-07-08 01:40:00,1.174,1.174,1.1739,1.174,617.0,8
2025-07-08 01:42:00,1.1739,1.174,1.1738,1.1739,25214.3,16
2025-07-08 01:44:00,1.1738,1.1738,1.1736,1.1736,8705.3,20
2025-07-08 01:46:00,1.1737,1.1738,1.1736,1.1738,41629.1,38
2025-07-08 01:48:00,1.1736,1.1737,1.1736,1.1737,21507.0,20
2025-07-08 01:50:00,1.1737,1.1737,1.1736,1.1736,68906.2,50
2025-07-08 01:52:00,1.1737,1.1737,1.1736,1.1737,778.3,11
2025-07-08 01:54:00,1.1736,1.1738,1.1736,1.1738,46875.5,37
2025-07-08 01:56:00,1.1739,1.1739,1.1737,1.1737,3951.4,23
2025-07-08 01:58:00,1.1737,1.1737,1.1736,1.1737,3062.7,20
2025-07-08 02:00:00,1.1736,1.1737,1.1736,1.1737,7501.6,55
2025-07-08 02:02:00,1.1737,1.174,1.1737,1.174,11522.699999999999,33
2025-07-08 02:04:00,1.174,1.1743,1.174,1.1743,30600.0,15
2025-07-08 02:06:00,1.1744,1.1744,1.1742,1.1742,9277.3,19
2025-07-08 02:08:00,1.1742,1.1743,1.1742,1.1742,28273.5,13
2025-07-08 02:10:00,1.1743,1.1743,1.1741,1.1741,45141.200000000004,17
2025-07-08 02:12:00,1.1742,1.1742,1.1741,1.1742,25288.8,24
2025-07-08 02:14:00,1.1742,1.1742,1.1741,1.1742,1743.7,9
2025-07-08 02:16:00,1.1741,1.1741,1.174,1.174,4095.1,6
2025-07-08 02:18:00,1.174,1.1742,1.174,1.1742,13152.4,20
2025-07-08 02:20:00,1.1742,1.1742,1.1741,1.1742,14927.2,25
2025-07-08 02:22:00,1.1742,1.1743,1.1741,1.1743,20795.3,14
2025-07-08 02:24:00,1.1744,1.1744,1.1743,1.1744,5989.3,19
2025-07-08 02:26:00,1.1743,1.1744,1.1742,1.1742,10755.8,18
2025-07-08 02:28:00,1.1743,1.1744,1.1742,1.1744,9411.4,18
2025-07-08 02:30:00,1.1746,1.1747,1.1745,1.1745,46827.9,164
2025-07-08 02:32:00,1.1744,1.1745,1.1743,1.1743,10847.6,14
2025-07-08 02:34:00,1.1742,1.1742,1.1742,1.1742,678.8,7
2025-07-08 02:36:00,1.1742,1.1744,1.1742,1.1743,9272.8,18
2025-07-08 02:38:00,1.1744,1.1744,1.1742,1.1742,11734.7,31
2025-07-08 02:40:00,1.1742,1.1743,1.1742,1.1743,3922.0,10
2025-07-08 02:42:00,1.1742,1.1742,1.1741,1.1742,2329.3,14
2025-07-08 02:44:00,1.1742,1.1742,1.174,1.174,6115.1,16
2025-07-08 02:46:00,1.174,1.1742,1.174,1.1741,2593.7,7
2025-07-08 02:48:00,1.1742,1.1742,1.1741,1.1742,1720.1,16
2025-07-08 02:50:00,1.1741,1.1742,1.1741,1.1742,6855.7,25
2025-07-08 02:52:00,1.1741,1.1742,1.1741,1.1741,3370.3,7
2025-07-08 02:54:00,1.1742,1.1742,1.174,1.174,2714.2999999999997,9
2025-07-08 02:56:00,1.1739,1.1739,1.1736,1.1737,4685.9,10
2025-07-08 02:58:00,1.1737,1.1737,1.1736,1.1737,1158.4,6
2025-07-08 03:00:00,1.1737,1.174,1.1736,1.174,11799.4,28
2025-07-08 03:02:00,1.174,1.174,1.1738,1.174,16291.7,22
2025-07-08 03:04:00,1.174,1.1741,1.174,1.174,1867.3,12
2025-07-08 03:06:00,1.174,1.174,1.1739,1.1739,2282.8,9
2025-07-08 03:08:00,1.1739,1.174,1.1739,1.1739,3860.1,9
2025-07-08 03:10:00,1.1739,1.1741,1.1739,1.174,4700.5,19
2025-07-08 03:12:00,1.174,1.174,1.1738,1.1738,20211.4,21
2025-07-08 03:14:00,1.1738,1.1738,1.1737,1.1738,248.5,5
2025-07-08 03:16:00,1.1737,1.1737,1.1736,1.1737,11723.9,16
2025-07-08 03:18:00,1.1737,1.1737,1.1736,1.1736,641.9,10
2025-07-08 03:20:00,1.1736,1.1739,1.1736,1.1738,6520.4,16
2025-07-08 03:22:00,1.1738,1.1739,1.1738,1.1739,9360.199999999999,10
2025-07-08 03:24:00,1.1741,1.1742,1.174,1.1742,5542.4,10
2025-07-08 03:26:00,1.1741,1.1743,1.1741,1.1743,2235.0,6
2025-07-08 03:28:00,1.1742,1.1743,1.1742,1.1743,1790.8999999999999,11
2025-07-08 03:30:00,1.1743,1.1745,1.1743,1.1745,507.69999999999993,11
2025-07-08 03:32:00,1.1744,1.1745,1.1743,1.1744,10085.9,20
2025-07-08 03:34:00,1.1743,1.1745,1.1743,1.1744,4591.9,11
2025-07-08 03:36:00,1.1744,1.1745,1.1744,1.1745,1035.2,9
2025-07-08 03:38:00,1.1744,1.1746,1.1744,1.1746,8691.4,17
2025-07-08 03:40:00,1.1746,1.1747,1.1745,1.1747,12067.0,34
2025-07-08 03:42:00,1.1746,1.1747,1.1746,1.1746,1409.9,10
2025-07-08 03:44:00,1.1747,1.1747,1.1744,1.1745,4423.900000000001,14
2025-07-08 03:46:00,1.1745,1.1745,1.1744,1.1745,5948.5,13
2025-07-08 03:48:00,1.1745,1.1745,1.1744,1.1745,1969.0,13
2025-07-08 03:50:00,1.1744,1.1746,1.1744,1.1745,5153.2,18
2025-07-08 03:52:00,1.1745,1.1746,1.1744,1.1744,17491.2,13
2025-07-08 03:54:00,1.1744,1.1744,1.1744,1.1744,1158.6,8
2025-07-08 03:56:00,1.1744,1.1745,1.1744,1.1744,923.9,10
2025-07-08 03:58:00,1.1744,1.1744,1.1744,1.1744,713.2,7
2025-07-08 04:00:00,1.1743,1.1744,1.1743,1.1744,3458.3,10
2025-07-08 04:02:00,1.1744,1.1745,1.1744,1.1745,786.4,11
2025-07-08 04:04:00,1.1744,1.1746,1.1744,1.1746,3233.5,26
2025-07-08 04:06:00,1.1745,1.1747,1.1745,1.1746,9766.6,15
2025-07-08 04:08:00,1.1746,1.1747,1.1746,1.1747,5672.599999999999,14
2025-07-08 04:10:00,1.1747,1.1747,1.1746,1.1746,7675.8,15
2025-07-08 04:12:00,1.1746,1.1746,1.1745,1.1745,6233.2,18
2025-07-08 04:14:00,1.1745,1.1746,1.1745,1.1745,3504.2,17
2025-07-08 04:16:00,1.1746,1.1746,1.1745,1.1746,3208.2,17
2025-07-08 04:18:00,1.1745,1.1746,1.1745,1.1745,1845.7,26
2025-07-08 04:20:00,1.1746,1.1746,1.1744,1.1744,17370.0,30
2025-07-08 04:22:00,1.1744,1.1745,1.1744,1.1744,728.6,4
2025-07-08 04:24:00,1.1744,1.1745,1.1744,1.1745,2590.1,11
2025-07-08 04:26:00,1.1744,1.1745,1.1744,1.1745,6403.2,14
2025-07-08 04:28:00,1.1745,1.1745,1.1744,1.1745,5860.2,15
2025-07-08 04:30:00,1.1745,1.1747,1.1744,1.1745,32574.199999999997,33
2025-07-08 04:32:00,1.1745,1.1746,1.1743,1.1744,4587.9,22
2025-07-08 04:34:00,1.1745,1.1745,1.1741,1.1742,8302.4,23
2025-07-08 04:36:00,1.1743,1.1744,1.1742,1.1743,5194.0,25
2025-07-08 04:38:00,1.1742,1.1742,1.1742,1.1742,10.9,1
2025-07-08 04:40:00,1.1742,1.1743,1.1741,1.1741,740.9,8
2025-07-08 04:42:00,1.1742,1.1742,1.174,1.174,1256.9,12
2025-07-08 04:44:00,1.1741,1.1741,1.174,1.1741,2049.0,14
2025-07-08 04:46:00,1.1741,1.1741,1.1739,1.1741,3392.7,15
2025-07-08 04:48:00,1.1741,1.1741,1.174,1.1741,1123.0,13
2025-07-08 04:50:00,1.1741,1.1741,1.174,1.1741,894.3,12
2025-07-08 04:52:00,1.1741,1.1741,1.1741,1.1741,1797.1,15
2025-07-08 04:54:00,1.1741,1.1742,1.174,1.1741,3366.9999999999995,12
2025-07-08 04:56:00,1.174,1.1741,1.174,1.174,1571.8,9
2025-07-08 04:58:00,1.174,1.174,1.1739,1.174,5269.8,24
2025-07-08 05:00:00,1.174,1.1742,1.1739,1.1742,1351.1,9
2025-07-08 05:02:00,1.1743,1.1743,1.1742,1.1743,375.2,4
2025-07-08 05:04:00,1.1743,1.1743,1.1741,1.1741,871.5,7
2025-07-08 05:06:00,1.1741,1.1741,1.1739,1.1739,754.1,7
2025-07-08 05:08:00,1.1739,1.174,1.1738,1.1739,3883.2999999999997,20
2025-07-08 05:10:00,1.1738,1.1738,1.1737,1.1738,7707.599999999999,33
2025-07-08 05:12:00,1.1737,1.1738,1.1737,1.1738,9240.1,39
2025-07-08 05:14:00,1.1738,1.1738,1.1737,1.1738,8302.5,22
2025-07-08 05:16:00,1.1738,1.1738,1.1736,1.1737,1541.7,19
2025-07-08 05:18:00,1.1737,1.1737,1.1736,1.1736,2028.1999999999998,25
2025-07-08 05:20:00,1.1737,1.1737,1.1736,1.1737,3128.1,21
2025-07-08 05:22:00,1.1737,1.1737,1.1735,1.1735,3793.3,35
2025-07-08 05:24:00,1.1735,1.1736,1.1735,1.1735,2936.7,27
2025-07-08 05:26:00,1.1735,1.1737,1.1735,1.1736,1116.8,21
2025-07-08 05:28:00,1.1736,1.1737,1.1735,1.1735,6348.3,32
2025-07-08 05:30:00,1.1735,1.1736,1.1735,1.1735,27496.9,65
2025-07-08 05:32:00,1.1735,1.1736,1.1735,1.1735,6743.1,11
2025-07-08 05:34:00,1.1735,1.1736,1.1734,1.1736,36574.1,21
2025-07-08 05:36:00,1.1735,1.1736,1.1734,1.1735,1458.1,13
2025-07-08 05:38:00,1.1735,1.1735,1.1734,1.1735,18163.3,39
2025-07-08 05:40:00,1.1736,1.1737,1.1735,1.1735,8658.5,26
2025-07-08 05:42:00,1.1735,1.1735,1.1734,1.1734,2227.0,17
2025-07-08 05:44:00,1.1734,1.1735,1.1734,1.1734,4933.9,19
2025-07-08 05:46:00,1.1735,1.1737,1.1734,1.1737,14412.7,37
2025-07-08 05:48:00,1.1737,1.1738,1.1736,1.1736,6178.0,25
2025-07-08 05:50:00,1.1736,1.1738,1.1736,1.1737,8303.2,28
2025-07-08 05:52:00,1.1737,1.1738,1.1736,1.1736,52368.1,60
2025-07-08 05:54:00,1.1737,1.1737,1.1734,1.1735,11445.8,27
2025-07-08 05:56:00,1.1735,1.1735,1.1732,1.1732,16421.8,37
2025-07-08 05:58:00,1.1733,1.1733,1.1732,1.1732,870.3,8
2025-07-08 06:00:00,1.1733,1.1733,1.173,1.173,29295.0,61
2025-07-08 06:02:00,1.1731,1.1734,1.173,1.1733,13527.8,24
2025-07-08 06:04:00,1.1732,1.1732,1.1728,1.1732,45474.1,77
2025-07-08 06:06:00,1.1732,1.1734,1.1732,1.1734,10031.2,24
2025-07-08 06:08:00,1.1734,1.1735,1.1733,1.1733,15302.7,53
2025-07-08 06:10:00,1.1733,1.1733,1.1732,1.1732,7087.8,26
2025-07-08 06:12:00,1.1733,1.1734,1.1733,1.1734,6628.6,29
2025-07-08 06:14:00,1.1733,1.1736,1.1733,1.1734,17157.5,44
2025-07-08 06:16:00,1.1734,1.1734,1.1733,1.1733,5153.0,18
2025-07-08 06:18:00,1.1734,1.1735,1.1733,1.1733,30960.100000000002,79
2025-07-08 06:20:00,1.1733,1.1733,1.1732,1.1733,11209.900000000001,25
2025-07-08 06:22:00,1.1733,1.1733,1.1732,1.1732,10513.4,24
2025-07-08 06:24:00,1.1732,1.1733,1.1731,1.1732,6145.9,26
2025-07-08 06:26:00,1.1731,1.1732,1.173,1.1732,29635.5,30
2025-07-08 06:28:00,1.1733,1.1735,1.1733,1.1735,4986.5,14
2025-07-08 06:30:00,1.1735,1.1735,1.1734,1.1735,7540.8,25
2025-07-08 06:32:00,1.1734,1.1737,1.1734,1.1736,24374.4,43
2025-07-08 06:34:00,1.1735,1.1736,1.1734,1.1736,15944.9,32
2025-07-08 06:36:00,1.1736,1.1736,1.1735,1.1735,8856.3,18
2025-07-08 06:38:00,1.1734,1.1735,1.1734,1.1735,3811.9,8
2025-07-08 06:40:00,1.1734,1.1735,1.1733,1.1734,44634.5,67
2025-07-08 06:42:00,1.1734,1.1734,1.1733,1.1734,6936.5,20
2025-07-08 06:44:00,1.1733,1.1734,1.1732,1.1732,6646.3,21
2025-07-08 06:46:00,1.1732,1.1733,1.1732,1.1733,2827.1,17
2025-07-08 06:48:00,1.1732,1.1733,1.1732,1.1733,4400.4,19
2025-07-08 06:50:00,1.1734,1.1736,1.1734,1.1736,5603.3,11
2025-07-08 06:52:00,1.1736,1.1737,1.1735,1.1737,5036.6,14
2025-07-08 06:54:00,1.1737,1.1739,1.1736,1.1739,13383.0,26
2025-07-08 06:56:00,1.1739,1.1739,1.1738,1.1738,45771.1,29
2025-07-08 06:58:00,1.1737,1.1739,1.1737,1.1738,22774.6,29
2025-07-08 07:00:00,1.1739,1.1743,1.1739,1.1741,30728.2,73
2025-07-08 07:02:00,1.1743,1.1746,1.1743,1.1745,54601.700000000004,49
2025-07-08 07:04:00,1.1744,1.1745,1.1742,1.1743,11486.300000000001,31
2025-07-08 07:06:00,1.1743,1.1744,1.1742,1.1743,29140.2,34
2025-07-08 07:08:00,1.1744,1.1745,1.1744,1.1745,38822.5,28
2025-07-08 07:10:00,1.1746,1.1748,1.1746,1.1747,30429.899999999998,35
2025-07-08 07:12:00,1.1748,1.175,1.1748,1.1749,38879.9,98
2025-07-08 07:14:00,1.1749,1.175,1.1748,1.1749,17795.8,41
2025-07-08 07:16:00,1.1748,1.1749,1.1747,1.1747,30474.8,27
2025-07-08 07:18:00,1.1748,1.1748,1.1746,1.1746,46304.9,48
2025-07-08 07:20:00,1.1746,1.1748,1.1746,1.1747,19885.4,38
2025-07-08 07:22:00,1.1747,1.175,1.1747,1.175,5705.6,22
2025-07-08 07:24:00,1.1749,1.1753,1.1749,1.1753,63200.3,54
2025-07-08 07:26:00,1.1752,1.1753,1.1752,1.1752,6832.1,21
2025-07-08 07:28:00,1.1752,1.1752,1.175,1.1751,27414.4,32
2025-07-08 07:30:00,1.1751,1.1751,1.1749,1.1749,18426.5,32
2025-07-08 07:32:00,1.175,1.1753,1.175,1.1752,21083.7,17
2025-07-08 07:34:00,1.1753,1.1753,1.1752,1.1753,9033.8,26
2025-07-08 07:36:00,1.1752,1.1754,1.1752,1.1753,15494.3,44
2025-07-08 07:38:00,1.1753,1.1755,1.1752,1.1752,18003.5,43
2025-07-08 07:40:00,1.1753,1.1755,1.1752,1.1755,18436.8,34
2025-07-08 07:42:00,1.1754,1.1756,1.1754,1.1754,12580.5,30
2025-07-08 07:44:00,1.1754,1.1755,1.1754,1.1754,8379.0,21
2025-07-08 07:46:00,1.1754,1.1755,1.1753,1.1754,30258.7,37
2025-07-08 07:48:00,1.1754,1.1757,1.1753,1.1755,51511.4,66
2025-07-08 07:50:00,1.1755,1.1759,1.1754,1.1758,77601.9,66
2025-07-08 07:52:00,1.1759,1.176,1.1758,1.1759,54026.4,101
2025-07-08 07:54:00,1.1758,1.1758,1.1756,1.1756,64154.3,106
2025-07-08 07:56:00,1.1756,1.1756,1.1755,1.1755,3866.2,15
2025-07-08 07:58:00,1.1755,1.1756,1.1755,1.1755,9117.3,21
2025-07-08 08:00:00,1.1756,1.1756,1.1754,1.1754,7534.3,28
2025-07-08 08:02:00,1.1755,1.1756,1.1753,1.1753,28600.2,46
2025-07-08 08:04:00,1.1753,1.1754,1.1752,1.1752,15771.4,24
2025-07-08 08:06:00,1.1752,1.1752,1.1751,1.1751,14581.4,28
2025-07-08 08:08:00,1.1751,1.1752,1.1749,1.1751,15442.3,38
2025-07-08 08:10:00,1.175,1.1752,1.175,1.1752,54534.6,53
2025-07-08 08:12:00,1.1752,1.1753,1.1751,1.1752,23071.0,38
2025-07-08 08:14:00,1.1752,1.1753,1.1751,1.1751,13733.9,23
2025-07-08 08:16:00,1.1751,1.1752,1.1751,1.1751,15428.599999999999,32
2025-07-08 08:18:00,1.1751,1.1753,1.175,1.175,19699.8,43
2025-07-08 08:20:00,1.175,1.175,1.1747,1.1747,46523.4,59
2025-07-08 08:22:00,1.1748,1.1748,1.1746,1.1748,17985.4,26
2025-07-08 08:24:00,1.1747,1.1751,1.1747,1.175,18456.8,36
2025-07-08 08:26:00,1.1751,1.1752,1.1749,1.1751,98917.7,54
2025-07-08 08:28:00,1.175,1.1752,1.1746,1.1752,244187.0,127
2025-07-08 08:30:00,1.1751,1.1752,1.1751,1.1751,34914.700000000004,97
2025-07-08 08:32:00,1.1752,1.1752,1.1749,1.1749,39627.4,55
2025-07-08 08:34:00,1.175,1.175,1.1747,1.1749,32501.7,39
2025-07-08 08:36:00,1.1749,1.175,1.1748,1.1748,27457.399999999998,28
2025-07-08 08:38:00,1.1747,1.1748,1.1745,1.1745,38364.3,41
2025-07-08 08:40:00,1.1745,1.1745,1.1744,1.1744,6335.5,24
2025-07-08 08:42:00,1.1745,1.1747,1.1744,1.1745,25643.100000000002,41
2025-07-08 08:44:00,1.1745,1.1746,1.1743,1.1743,25443.2,24
2025-07-08 08:46:00,1.1743,1.1746,1.1743,1.1746,7720.4,16
2025-07-08 08:48:00,1.1746,1.1746,1.1744,1.1745,62205.399999999994,33
2025-07-08 08:50:00,1.1746,1.1746,1.1746,1.1746,3679.6000000000004,12
2025-07-08 08:52:00,1.1746,1.1746,1.1745,1.1745,2890.7,15
2025-07-08 08:54:00,1.1745,1.1748,1.1745,1.1748,117701.5,64
2025-07-08 08:56:00,1.1747,1.1748,1.1746,1.1748,14721.6,27
2025-07-08 08:58:00,1.1747,1.1748,1.1744,1.1745,35003.4,50
2025-07-08 09:00:00,1.1745,1.1745,1.1743,1.1745,14375.4,27
2025-07-08 09:02:00,1.1745,1.1745,1.1743,1.1745,54212.2,41
2025-07-08 09:04:00,1.1745,1.1745,1.1744,1.1744,13065.599999999999,17
2025-07-08 09:06:00,1.1744,1.1745,1.1743,1.1745,41368.2,25
2025-07-08 09:08:00,1.1745,1.1745,1.1744,1.1744,2578.2,10
2025-07-08 09:10:00,1.1744,1.1745,1.1744,1.1745,21214.8,22
2025-07-08 09:12:00,1.1745,1.1745,1.1744,1.1745,33728.3,33
2025-07-08 09:14:00,1.1745,1.1745,1.1744,1.1745,8258.9,17
2025-07-08 09:16:00,1.1745,1.1745,1.1743,1.1744,11387.5,18
2025-07-08 09:18:00,1.1744,1.1745,1.1744,1.1745,11149.7,13
2025-07-08 09:20:00,1.1744,1.1745,1.1743,1.1745,274058.6,74
2025-07-08 09:22:00,1.1745,1.1745,1.1744,1.1744,10870.6,19
2025-07-08 09:24:00,1.1745,1.1746,1.1744,1.1746,6795.5,12
2025-07-08 09:26:00,1.1746,1.1746,1.1745,1.1746,8425.2,26
2025-07-08 09:28:00,1.1746,1.1746,1.1745,1.1746,7993.8,19
2025-07-08 09:30:00,1.1745,1.1745,1.1742,1.1743,38546.6,42
2025-07-08 09:32:00,1.1743,1.1744,1.1742,1.1744,12916.8,27
2025-07-08 09:34:00,1.1744,1.1744,1.1743,1.1744,5335.2,15
2025-07-08 09:36:00,1.1744,1.1744,1.174,1.1741,17544.5,70
2025-07-08 09:38:00,1.1741,1.1741,1.174,1.174,8594.0,28
2025-07-08 09:40:00,1.174,1.1742,1.174,1.174,42271.2,56
2025-07-08 09:42:00,1.174,1.1741,1.1739,1.1739,12024.2,30
2025-07-08 09:44:00,1.174,1.174,1.1736,1.1736,24201.0,71
2025-07-08 09:46:00,1.1737,1.1739,1.1737,1.1737,27032.2,44
2025-07-08 09:48:00,1.1737,1.1738,1.1737,1.1737,6842.5,18
2025-07-08 09:50:00,1.1737,1.1738,1.1737,1.1737,9138.3,24
2025-07-08 09:52:00,1.1738,1.1739,1.1737,1.1737,90366.4,70
2025-07-08 09:54:00,1.1737,1.1738,1.1736,1.1737,37695.6,58
2025-07-08 09:56:00,1.1736,1.1737,1.1734,1.1734,58680.3,27
2025-07-08 09:58:00,1.1734,1.1736,1.1734,1.1736,30285.500000000004,39
2025-07-08 10:00:00,1.1736,1.1737,1.1734,1.1734,61789.6,66
2025-07-08 10:02:00,1.1734,1.1735,1.1733,1.1735,13326.9,35
2025-07-08 10:04:00,1.1734,1.1736,1.1734,1.1734,37207.8,36
2025-07-08 10:06:00,1.1735,1.1735,1.1734,1.1735,6474.9,30
2025-07-08 10:08:00,1.1734,1.1734,1.1733,1.1733,23891.399999999998,34
2025-07-08 10:10:00,1.1733,1.1734,1.1733,1.1734,74699.9,57
2025-07-08 10:12:00,1.1734,1.1735,1.1733,1.1733,90289.3,85
2025-07-08 10:14:00,1.1733,1.1734,1.1732,1.1733,9694.2,24
2025-07-08 10:16:00,1.1732,1.1733,1.1731,1.1731,30797.8,35
2025-07-08 10:18:00,1.1732,1.1733,1.1731,1.1731,49262.5,36
2025-07-08 10:20:00,1.1731,1.1731,1.173,1.173,34174.6,48
2025-07-08 10:22:00,1.1731,1.1731,1.173,1.173,75961.0,31
2025-07-08 10:24:00,1.173,1.1731,1.173,1.1731,4076.6,17
2025-07-08 10:26:00,1.173,1.173,1.1728,1.1729,18213.3,31
2025-07-08 10:28:00,1.1728,1.1729,1.1726,1.1727,47933.299999999996,39
2025-07-08 10:30:00,1.1727,1.1727,1.1725,1.1726,114439.5,38
2025-07-08 10:32:00,1.1725,1.1727,1.1723,1.1723,78896.6,56
2025-07-08 10:34:00,1.1724,1.1724,1.1722,1.1723,30667.3,60
2025-07-08 10:36:00,1.1722,1.1724,1.1722,1.1724,95401.0,90
2025-07-08 10:38:00,1.1725,1.1726,1.1724,1.1725,25655.1,43
2025-07-08 10:40:00,1.1726,1.1726,1.1725,1.1726,6186.6,29
2025-07-08 10:42:00,1.1725,1.1726,1.1723,1.1724,100628.2,119
2025-07-08 10:44:00,1.1724,1.1725,1.1723,1.1724,18492.5,40
2025-07-08 10:46:00,1.1725,1.1725,1.1721,1.1722,95932.5,80
2025-07-08 10:48:00,1.1722,1.1723,1.1721,1.1722,48788.200000000004,41
2025-07-08 10:50:00,1.1722,1.1724,1.1722,1.1723,90670.3,50
2025-07-08 10:52:00,1.1722,1.1724,1.1721,1.1723,65324.5,39
2025-07-08 10:54:00,1.1724,1.1725,1.1722,1.1724,23100.9,45
2025-07-08 10:56:00,1.1725,1.1726,1.1724,1.1725,29894.7,41
2025-07-08 10:58:00,1.1726,1.1726,1.1725,1.1725,12244.0,19
2025-07-08 11:00:00,1.1726,1.1727,1.1726,1.1726,24811.4,59
2025-07-08 11:02:00,1.1726,1.1729,1.1726,1.1727,66043.4,83
2025-07-08 11:04:00,1.1727,1.173,1.1727,1.1729,31186.3,73
2025-07-08 11:06:00,1.173,1.1731,1.1729,1.1731,57546.1,69
2025-07-08 11:08:00,1.173,1.1731,1.173,1.1731,13708.1,34
2025-07-08 11:10:00,1.1731,1.1731,1.1729,1.1731,20588.4,36
2025-07-08 11:12:00,1.1731,1.1732,1.173,1.1731,27832.7,35
2025-07-08 11:14:00,1.1732,1.1732,1.173,1.173,50500.6,57
2025-07-08 11:16:00,1.173,1.1732,1.173,1.1732,68532.9,59
2025-07-08 11:18:00,1.1732,1.1733,1.1731,1.1732,30421.399999999998,40
2025-07-08 11:20:00,1.1732,1.1733,1.1731,1.1733,25786.2,38
2025-07-08 11:22:00,1.1732,1.1736,1.1732,1.1735,61735.9,46
2025-07-08 11:24:00,1.1735,1.1735,1.1733,1.1734,8517.7,23
2025-07-08 11:26:00,1.1733,1.1734,1.1733,1.1734,4687.5,19
2025-07-08 11:28:00,1.1734,1.1734,1.173,1.173,12121.1,31
2025-07-08 11:30:00,1.1731,1.1732,1.173,1.1732,77853.5,41
2025-07-08 11:32:00,1.1732,1.1733,1.1731,1.1731,23116.0,33
2025-07-08 11:34:00,1.1731,1.1732,1.1729,1.1729,70443.7,38
2025-07-08 11:36:00,1.1729,1.173,1.1729,1.173,9180.7,37
2025-07-08 11:38:00,1.173,1.173,1.1729,1.173,20055.1,35
2025-07-08 11:40:00,1.173,1.173,1.1727,1.1728,53515.5,52
2025-07-08 11:42:00,1.1727,1.1729,1.1727,1.1729,88367.8,86
2025-07-08 11:44:00,1.1728,1.1729,1.1727,1.1727,68540.7,68
2025-07-08 11:46:00,1.1727,1.1728,1.1725,1.1726,14134.3,39
2025-07-08 11:48:00,1.1726,1.1726,1.1724,1.1726,47482.3,39
2025-07-08 11:50:00,1.1726,1.1728,1.1725,1.1726,228611.5,87
2025-07-08 11:52:00,1.1726,1.1727,1.1724,1.1725,156262.80000000002,68
2025-07-08 11:54:00,1.1724,1.1725,1.1721,1.1721,13428.3,59
2025-07-08 11:56:00,1.1721,1.1722,1.1721,1.1721,390819.0,277
2025-07-08 11:58:00,1.1721,1.1723,1.172,1.1721,103097.3,136
2025-07-08 12:00:00,1.172,1.1721,1.1719,1.1721,27601.9,30
2025-07-08 12:02:00,1.172,1.1721,1.1714,1.1715,48812.8,59
2025-07-08 12:04:00,1.1715,1.1717,1.1715,1.1716,168743.30000000002,200
2025-07-08 12:06:00,1.1716,1.1717,1.1715,1.1717,25346.7,34
2025-07-08 12:08:00,1.1717,1.1718,1.1713,1.1714,145483.5,90
2025-07-08 12:10:00,1.1714,1.1714,1.171,1.171,131448.4,60
2025-07-08 12:12:00,1.1709,1.1713,1.1709,1.1713,21917.7,31
2025-07-08 12:14:00,1.1713,1.1713,1.1712,1.1712,45374.5,23
2025-07-08 12:16:00,1.1712,1.1712,1.1711,1.1712,17523.9,29
2025-07-08 12:18:00,1.1711,1.1713,1.1711,1.1711,33431.1,40
2025-07-08 12:20:00,1.1711,1.1712,1.1711,1.1712,29114.9,34
2025-07-08 12:22:00,1.1712,1.1714,1.171,1.1714,31359.399999999998,37
2025-07-08 12:24:00,1.1713,1.1714,1.1712,1.1713,56949.3,76
2025-07-08 12:26:00,1.1713,1.1715,1.1713,1.1714,30577.2,61
2025-07-08 12:28:00,1.1714,1.1714,1.1713,1.1714,42971.7,34
2025-07-08 12:30:00,1.1713,1.1715,1.1712,1.1712,103969.0,50
2025-07-08 12:32:00,1.1713,1.1715,1.1712,1.1714,14674.1,48
2025-07-08 12:34:00,1.1714,1.1717,1.1714,1.1717,55840.8,45
2025-07-08 12:36:00,1.1717,1.1718,1.1716,1.1717,25557.3,29
2025-07-08 12:38:00,1.1718,1.1719,1.1717,1.1718,9454.8,16
2025-07-08 12:40:00,1.1718,1.1719,1.1716,1.1716,94775.6,63
2025-07-08 12:42:00,1.1716,1.1717,1.1712,1.1713,36195.9,62
2025-07-08 12:44:00,1.1713,1.1713,1.1711,1.1712,60373.2,108
2025-07-08 12:46:00,1.1712,1.1713,1.1711,1.1712,29036.3,47
2025-07-08 12:48:00,1.1712,1.1712,1.171,1.1711,83765.6,82
2025-07-08 12:50:00,1.1711,1.1714,1.1711,1.1712,62558.799999999996,183
2025-07-08 12:52:00,1.1713,1.1715,1.1712,1.1715,72824.8,126
2025-07-08 12:54:00,1.1715,1.1715,1.1714,1.1714,13508.5,32
2025-07-08 12:56:00,1.1714,1.1716,1.1714,1.1716,28185.8,38
2025-07-08 12:58:00,1.1715,1.1717,1.1715,1.1716,50138.8,52
2025-07-08 13:00:00,1.1715,1.1716,1.1714,1.1716,36133.9,40
2025-07-08 13:02:00,1.1716,1.1716,1.1714,1.1715,30044.4,44
2025-07-08 13:04:00,1.1715,1.1715,1.1713,1.1713,26679.3,48
2025-07-08 13:06:00,1.1713,1.1713,1.1709,1.171,319442.5,234
2025-07-08 13:08:00,1.171,1.171,1.1707,1.1707,65044.5,86
2025-07-08 13:10:00,1.1708,1.171,1.1707,1.1709,101575.2,83
2025-07-08 13:12:00,1.1709,1.1711,1.1709,1.171,15448.6,34
2025-07-08 13:14:00,1.1711,1.1711,1.1708,1.1709,20632.6,34
2025-07-08 13:16:00,1.1708,1.1712,1.1708,1.1711,242779.1,310
2025-07-08 13:18:00,1.1712,1.1712,1.1711,1.1712,128183.9,78
2025-07-08 13:20:00,1.1712,1.1712,1.1709,1.1709,9392.4,23
2025-07-08 13:22:00,1.1709,1.171,1.1703,1.1703,210074.3,394
2025-07-08 13:24:00,1.1702,1.1703,1.1701,1.1701,145869.3,102
2025-07-08 13:26:00,1.17,1.1703,1.17,1.1702,168137.0,164
2025-07-08 13:28:00,1.1701,1.1702,1.1699,1.1699,34425.9,46
2025-07-08 13:30:00,1.17,1.1702,1.1696,1.1696,224881.1,202
2025-07-08 13:32:00,1.1696,1.1697,1.1695,1.1697,134897.0,107
2025-07-08 13:34:00,1.1697,1.1697,1.1693,1.1694,186286.0,112
2025-07-08 13:36:00,1.1693,1.1698,1.1693,1.1698,76878.8,46
2025-07-08 13:38:00,1.1699,1.17,1.1698,1.17,94510.09999999999,54
2025-07-08 13:40:00,1.1701,1.1701,1.1698,1.17,178196.1,75
2025-07-08 13:42:00,1.17,1.1704,1.1699,1.1703,55178.6,51
2025-07-08 13:44:00,1.1703,1.1705,1.1701,1.1704,139986.8,91
2025-07-08 13:46:00,1.1705,1.1706,1.1704,1.1705,23206.2,43
2025-07-08 13:48:00,1.1706,1.1707,1.1705,1.1706,58484.0,53
2025-07-08 13:50:00,1.1706,1.1707,1.1704,1.1706,76919.2,82
2025-07-08 13:52:00,1.1706,1.1708,1.1704,1.1707,254658.69999999998,156
2025-07-08 13:54:00,1.1707,1.1707,1.1702,1.1704,81867.3,94
2025-07-08 13:56:00,1.1704,1.1705,1.1702,1.1703,129881.3,111
2025-07-08 13:58:00,1.1702,1.1704,1.1701,1.1701,19404.5,52
2025-07-08 14:00:00,1.17,1.1702,1.1698,1.1699,87591.09999999999,105
2025-07-08 14:02:00,1.1698,1.17,1.1696,1.1698,248116.8,120
2025-07-08 14:04:00,1.1697,1.1699,1.1695,1.1695,112846.0,98
2025-07-08 14:06:00,1.1694,1.1695,1.169,1.169,253653.5,141
2025-07-08 14:08:00,1.169,1.1692,1.1689,1.1689,124076.3,91
2025-07-08 14:10:00,1.169,1.1691,1.1688,1.1689,86342.2,91
2025-07-08 14:12:00,1.169,1.1691,1.1688,1.1689,51318.4,52
2025-07-08 14:14:00,1.1687,1.1689,1.1687,1.1688,61145.3,49
2025-07-08 14:16:00,1.1688,1.1691,1.1688,1.1689,168993.3,418
2025-07-08 14:18:00,1.1689,1.1689,1.1686,1.1688,175459.2,76
2025-07-08 14:20:00,1.1688,1.1688,1.1684,1.1684,90708.2,88
2025-07-08 14:22:00,1.1684,1.1685,1.1682,1.1682,80324.0,75
2025-07-08 14:24:00,1.1682,1.1685,1.168,1.1685,196155.8,168
2025-07-08 14:26:00,1.1685,1.169,1.1685,1.1689,108334.6,525
2025-07-08 14:28:00,1.169,1.1691,1.1689,1.1691,18570.6,30
2025-07-08 14:30:00,1.169,1.1692,1.169,1.1692,145002.5,44
2025-07-08 14:32:00,1.1693,1.1693,1.1691,1.1692,28314.0,50
2025-07-08 14:34:00,1.1692,1.1693,1.1689,1.169,62535.4,52
2025-07-08 14:36:00,1.1689,1.169,1.1686,1.1687,87300.4,73
2025-07-08 14:38:00,1.1687,1.1688,1.1685,1.1686,77313.7,73
2025-07-08 14:40:00,1.1686,1.1689,1.1685,1.1687,173697.7,103
2025-07-08 14:42:00,1.1686,1.1689,1.1686,1.1689,104176.8,70
2025-07-08 14:44:00,1.1688,1.1691,1.1686,1.169,277603.2,112
2025-07-08 14:46:00,1.1691,1.1695,1.1688,1.1692,162941.3,85
2025-07-08 14:48:00,1.1692,1.1692,1.1688,1.1688,140902.9,162
2025-07-08 14:50:00,1.1688,1.169,1.1686,1.1689,268045.4,96
2025-07-08 14:52:00,1.1688,1.169,1.1685,1.1686,170802.30000000002,104
2025-07-08 14:54:00,1.1685,1.1688,1.1684,1.1687,380571.5,226
2025-07-08 14:56:00,1.1687,1.1688,1.1686,1.1687,95539.3,85
2025-07-08 14:58:00,1.1687,1.1689,1.1687,1.1687,158418.1,49
2025-07-08 15:00:00,1.1688,1.169,1.1688,1.1689,33058.4,30
2025-07-08 15:02:00,1.169,1.1691,1.1687,1.1688,137888.0,59
2025-07-08 15:04:00,1.1688,1.1689,1.1687,1.1689,18332.2,48
2025-07-08 15:06:00,1.1688,1.1691,1.1688,1.169,48758.4,32
2025-07-08 15:08:00,1.1691,1.1693,1.169,1.1691,205549.9,133
2025-07-08 15:10:00,1.1692,1.1693,1.1691,1.1692,103681.3,38
2025-07-08 15:12:00,1.1693,1.1694,1.169,1.1694,70630.0,39
2025-07-08 15:14:00,1.1694,1.1697,1.1693,1.1696,73015.3,31
2025-07-08 15:16:00,1.1697,1.1699,1.1696,1.1699,61743.4,26
2025-07-08 15:18:00,1.1699,1.1701,1.1698,1.1701,58679.9,50
2025-07-08 15:20:00,1.1702,1.1702,1.17,1.1702,36720.6,44
2025-07-08 15:22:00,1.1702,1.1704,1.1701,1.1703,20664.5,31
2025-07-08 15:24:00,1.1704,1.1704,1.1702,1.1702,140243.5,88
2025-07-08 15:26:00,1.1703,1.1703,1.17,1.1701,105992.7,121
2025-07-08 15:28:00,1.17,1.1701,1.1699,1.1699,228365.69999999998,152
2025-07-08 15:30:00,1.1699,1.1701,1.1698,1.1701,113361.3,105
2025-07-08 15:32:00,1.17,1.1703,1.1699,1.1701,77458.8,55
2025-07-08 15:34:00,1.1702,1.1703,1.1701,1.1702,63243.9,39
2025-07-08 15:36:00,1.1702,1.1703,1.1701,1.1702,113843.5,61
2025-07-08 15:38:00,1.1702,1.1703,1.1701,1.1701,15789.0,25
2025-07-08 15:40:00,1.1702,1.1704,1.1702,1.1703,78341.7,40
2025-07-08 15:42:00,1.1704,1.1705,1.1703,1.1704,66095.9,44
2025-07-08 15:44:00,1.1704,1.1705,1.1703,1.1703,122132.1,54
2025-07-08 15:46:00,1.1703,1.1707,1.1703,1.1707,31911.9,160
2025-07-08 15:48:00,1.1707,1.1707,1.1705,1.1705,128764.8,57
2025-07-08 15:50:00,1.1705,1.1706,1.1704,1.1704,92124.6,80
2025-07-08 15:52:00,1.1705,1.1705,1.1701,1.1702,9728.9,21
2025-07-08 15:54:00,1.1702,1.1704,1.1702,1.1703,84120.3,100
2025-07-08 15:56:00,1.1704,1.1704,1.1702,1.1703,37315.299999999996,19
2025-07-08 15:58:00,1.1703,1.1703,1.1701,1.1703,126886.2,85
2025-07-08 16:00:00,1.1702,1.1704,1.1701,1.1702,225051.9,224
2025-07-08 16:02:00,1.1702,1.1704,1.1702,1.1704,84996.6,74
2025-07-08 16:04:00,1.1703,1.1704,1.1702,1.1702,55488.9,40
2025-07-08 16:06:00,1.1702,1.1702,1.17,1.17,83977.0,73
2025-07-08 16:08:00,1.1701,1.1701,1.1699,1.1701,70804.9,38
2025-07-08 16:10:00,1.17,1.1704,1.17,1.1704,32212.2,148
2025-07-08 16:12:00,1.1704,1.1704,1.1702,1.1703,42832.0,36
2025-07-08 16:14:00,1.1704,1.1705,1.1703,1.1704,36465.4,125
2025-07-08 16:16:00,1.1705,1.1705,1.1703,1.1703,18744.9,33
2025-07-08 16:18:00,1.1704,1.1704,1.1703,1.1703,10205.6,35
2025-07-08 16:20:00,1.1703,1.1704,1.1702,1.1704,59821.200000000004,48
2025-07-08 16:22:00,1.1703,1.1706,1.1703,1.1705,50757.0,35
2025-07-08 16:24:00,1.1706,1.1706,1.1705,1.1705,30973.2,40
2025-07-08 16:26:00,1.1705,1.1708,1.1705,1.1707,72261.2,82
2025-07-08 16:28:00,1.1707,1.1708,1.1707,1.1707,11206.2,21
2025-07-08 16:30:00,1.1707,1.1708,1.1699,1.1701,185530.3,198
2025-07-08 16:32:00,1.1701,1.1705,1.1699,1.17,502091.3,385
2025-07-08 16:34:00,1.17,1.1701,1.1694,1.1695,126970.2,70
2025-07-08 16:36:00,1.1696,1.1697,1.1693,1.1696,192044.5,83
2025-07-08 16:38:00,1.1697,1.1699,1.1696,1.1696,134488.7,138
2025-07-08 16:40:00,1.1697,1.1697,1.1695,1.1697,97281.7,75
2025-07-08 16:42:00,1.1696,1.1699,1.1696,1.1697,132149.0,77
2025-07-08 16:44:00,1.1697,1.1699,1.1696,1.1698,84421.9,48
2025-07-08 16:46:00,1.1697,1.17,1.1697,1.17,32927.799999999996,37
2025-07-08 16:48:00,1.17,1.17,1.1697,1.1697,53714.2,34
2025-07-08 16:50:00,1.1698,1.1699,1.1696,1.1697,105683.4,46
2025-07-08 16:52:00,1.1697,1.1698,1.1695,1.1695,115848.8,59
2025-07-08 16:54:00,1.1696,1.1696,1.1692,1.1694,77877.1,88
2025-07-08 16:56:00,1.1693,1.1702,1.1692,1.1702,127511.3,127
2025-07-08 16:58:00,1.1701,1.1705,1.17,1.1703,166077.9,64
2025-07-08 17:00:00,1.1703,1.1705,1.1702,1.1703,80467.6,56
2025-07-08 17:02:00,1.1704,1.171,1.1704,1.171,112519.7,66
2025-07-08 17:04:00,1.171,1.1715,1.171,1.1713,278808.4,246
2025-07-08 17:06:00,1.1712,1.1714,1.171,1.1713,184352.30000000002,123
2025-07-08 17:08:00,1.1713,1.1714,1.1712,1.1714,319388.1,264
2025-07-08 17:10:00,1.1714,1.1714,1.1712,1.1713,283649.8,208
2025-07-08 17:12:00,1.1714,1.1715,1.1711,1.1712,434513.7,322
2025-07-08 17:14:00,1.1712,1.1715,1.1711,1.1713,166669.7,156
2025-07-08 17:16:00,1.1714,1.1715,1.1713,1.1714,30485.4,45
2025-07-08 17:18:00,1.1715,1.1715,1.1711,1.1712,54533.0,64
2025-07-08 17:20:00,1.1712,1.1714,1.1711,1.1713,194481.7,151
2025-07-08 17:22:00,1.1712,1.1713,1.1709,1.1711,240475.8,278
2025-07-08 17:24:00,1.1712,1.1713,1.1709,1.1711,247355.9,135
2025-07-08 17:26:00,1.1711,1.1715,1.1711,1.1715,157568.2,133
2025-07-08 17:28:00,1.1714,1.1715,1.1713,1.1715,47607.5,31
2025-07-08 17:30:00,1.1715,1.1716,1.1714,1.1714,154154.3,134
2025-07-08 17:32:00,1.1715,1.1715,1.1712,1.1713,98868.5,98
2025-07-08 17:34:00,1.1713,1.1715,1.1711,1.1714,162292.3,92
2025-07-08 17:36:00,1.1715,1.1715,1.1714,1.1715,11123.2,29
2025-07-08 17:38:00,1.1715,1.1716,1.1713,1.1714,113171.1,57
2025-07-08 17:40:00,1.1714,1.1715,1.1712,1.1715,155483.8,129
2025-07-08 17:42:00,1.1714,1.1719,1.1714,1.1718,192984.4,120
2025-07-08 17:44:00,1.1718,1.1719,1.1718,1.1718,34223.5,37
2025-07-08 17:46:00,1.1718,1.1718,1.1715,1.1716,72236.3,65
2025-07-08 17:48:00,1.1717,1.1717,1.1716,1.1716,20907.0,42
2025-07-08 17:50:00,1.1717,1.1717,1.1716,1.1717,14193.9,30
2025-07-08 17:52:00,1.1716,1.1721,1.1716,1.1721,122030.6,83
2025-07-08 17:54:00,1.1721,1.1724,1.172,1.1723,46344.8,57
2025-07-08 17:56:00,1.1723,1.1724,1.1722,1.1722,37220.4,75
2025-07-08 17:58:00,1.1722,1.1723,1.172,1.1721,130745.3,101
2025-07-08 18:00:00,1.1722,1.1723,1.1721,1.1723,85203.3,69
2025-07-08 18:02:00,1.1722,1.1723,1.1721,1.1722,62343.7,40
2025-07-08 18:04:00,1.1723,1.1723,1.1721,1.1722,22833.5,34
2025-07-08 18:06:00,1.1722,1.1723,1.1721,1.1723,111913.0,61
2025-07-08 18:08:00,1.1723,1.1724,1.1722,1.1724,40224.8,46
2025-07-08 18:10:00,1.1723,1.1724,1.1721,1.1723,274445.6,137
2025-07-08 18:12:00,1.1722,1.1723,1.1721,1.1722,188321.2,143
2025-07-08 18:14:00,1.1722,1.1723,1.1721,1.1721,26988.0,47
2025-07-08 18:16:00,1.172,1.1721,1.1719,1.1721,43310.9,31
2025-07-08 18:18:00,1.172,1.1721,1.1719,1.1719,15718.4,45
2025-07-08 18:20:00,1.172,1.1721,1.1718,1.1718,45839.3,52
2025-07-08 18:22:00,1.1719,1.172,1.1718,1.172,7353.5,37
2025-07-08 18:24:00,1.1719,1.172,1.1719,1.1719,10425.2,25
2025-07-08 18:26:00,1.1719,1.172,1.1717,1.1717,75535.1,27
2025-07-08 18:28:00,1.1717,1.1718,1.1716,1.1718,47535.1,37
2025-07-08 18:30:00,1.1718,1.1718,1.1715,1.1715,45821.6,47
2025-07-08 18:32:00,1.1715,1.1718,1.1715,1.1718,110500.0,56
2025-07-08 18:34:00,1.1717,1.1718,1.1717,1.1718,16411.9,38
2025-07-08 18:36:00,1.1717,1.172,1.1717,1.172,36629.2,80
2025-07-08 18:38:00,1.172,1.1722,1.1718,1.1721,50778.7,36
2025-07-08 18:40:00,1.1721,1.1721,1.1719,1.172,83808.2,45
2025-07-08 18:42:00,1.172,1.172,1.1719,1.172,14933.9,24
2025-07-08 18:44:00,1.172,1.172,1.1718,1.172,25758.5,35
2025-07-08 18:46:00,1.1719,1.1722,1.1719,1.1722,90802.5,79
2025-07-08 18:48:00,1.1722,1.1723,1.1721,1.1722,18274.2,46
2025-07-08 18:50:00,1.1722,1.1724,1.1722,1.1723,3152.9,27
2025-07-08 18:52:00,1.1723,1.1725,1.1723,1.1724,7499.0,28
2025-07-08 18:54:00,1.1724,1.1726,1.1724,1.1725,33762.3,36
2025-07-08 18:56:00,1.1725,1.1725,1.1723,1.1724,65619.9,58
2025-07-08 18:58:00,1.1724,1.1725,1.1722,1.1724,167310.7,83
2025-07-08 19:00:00,1.1724,1.1726,1.1724,1.1726,68227.6,56
2025-07-08 19:02:00,1.1726,1.1726,1.1725,1.1725,22195.8,40
2025-07-08 19:04:00,1.1726,1.1727,1.1725,1.1727,25733.8,35
2025-07-08 19:06:00,1.1726,1.1727,1.1725,1.1725,80810.8,52
2025-07-08 19:08:00,1.1726,1.1726,1.1724,1.1724,29452.7,55
2025-07-08 19:10:00,1.1724,1.1725,1.1723,1.1725,22054.2,37
2025-07-08 19:12:00,1.1725,1.1726,1.1724,1.1726,34993.2,46
2025-07-08 19:14:00,1.1725,1.1726,1.1724,1.1724,13527.6,37
2025-07-08 19:16:00,1.1724,1.1725,1.1724,1.1725,9138.2,35
2025-07-08 19:18:00,1.1724,1.1725,1.1724,1.1724,7338.6,32
2025-07-08 19:20:00,1.1725,1.1726,1.1724,1.1725,19788.3,28
2025-07-08 19:22:00,1.1725,1.1726,1.1725,1.1725,14949.0,29
2025-07-08 19:24:00,1.1725,1.1726,1.1724,1.1724,17505.3,37
2025-07-08 19:26:00,1.1724,1.1725,1.1722,1.1723,12153.400000000001,33
2025-07-08 19:28:00,1.1722,1.1724,1.1722,1.1722,12653.9,31
2025-07-08 19:30:00,1.1723,1.1723,1.1721,1.1721,21794.5,46
2025-07-08 19:32:00,1.1722,1.1722,1.172,1.1721,95221.6,49
2025-07-08 19:34:00,1.1721,1.1722,1.1719,1.1719,45570.5,60
2025-07-08 19:36:00,1.1719,1.1721,1.1718,1.172,89295.0,42
2025-07-08 19:38:00,1.172,1.172,1.1718,1.1718,8845.4,25
2025-07-08 19:40:00,1.1718,1.1719,1.1718,1.1719,8912.6,33
2025-07-08 19:42:00,1.1719,1.1719,1.1718,1.1718,12128.5,39
2025-07-08 19:44:00,1.1719,1.1719,1.1718,1.1718,8698.3,27
2025-07-08 19:46:00,1.1718,1.172,1.1718,1.1719,64654.8,51
2025-07-08 19:48:00,1.172,1.1721,1.1719,1.1721,7570.6,28
2025-07-08 19:50:00,1.172,1.1721,1.172,1.1721,19453.7,38
2025-07-08 19:52:00,1.172,1.1721,1.1719,1.172,62943.6,31
2025-07-08 19:54:00,1.172,1.1722,1.1719,1.1721,14550.9,32
2025-07-08 19:56:00,1.1721,1.1722,1.172,1.1721,9708.5,35
2025-07-08 19:58:00,1.172,1.1722,1.172,1.1721,19979.5,46
2025-07-08 20:00:00,1.1721,1.1723,1.1721,1.1723,10668.4,32
2025-07-08 20:02:00,1.1723,1.1723,1.1721,1.1721,19061.1,28
2025-07-08 20:04:00,1.1721,1.1723,1.1721,1.1722,14686.0,34
2025-07-08 20:06:00,1.1722,1.1722,1.1721,1.1722,13284.1,34
2025-07-08 20:08:00,1.1722,1.1723,1.1721,1.1723,41387.0,35
2025-07-08 20:10:00,1.1722,1.1724,1.1722,1.1724,9466.6,44
2025-07-08 20:12:00,1.1724,1.1726,1.1723,1.1725,18766.0,31
2025-07-08 20:14:00,1.1725,1.1726,1.1725,1.1725,9379.6,23
2025-07-08 20:16:00,1.1725,1.1726,1.1724,1.1724,17685.100000000002,23
2025-07-08 20:18:00,1.1722,1.1723,1.1722,1.1723,11446.5,33
2025-07-08 20:20:00,1.1723,1.1724,1.1722,1.1724,23324.1,28
2025-07-08 20:22:00,1.1724,1.1724,1.1723,1.1724,9574.4,32
2025-07-08 20:24:00,1.1724,1.1724,1.1723,1.1723,8135.3,19
2025-07-08 20:26:00,1.1724,1.1724,1.1723,1.1723,8524.1,33
2025-07-08 20:28:00,1.1723,1.1724,1.1723,1.1723,11636.8,18
2025-07-08 20:30:00,1.1724,1.1724,1.1723,1.1724,9890.5,40
2025-07-08 20:32:00,1.1723,1.1724,1.1723,1.1724,5826.6,35
2025-07-08 20:34:00,1.1723,1.1724,1.1723,1.1723,7336.3,26
2025-07-08 20:36:00,1.1723,1.1725,1.1723,1.1725,6823.1,38
2025-07-08 20:38:00,1.1724,1.1725,1.1724,1.1724,10400.1,42
2025-07-08 20:40:00,1.1725,1.1726,1.1724,1.1725,11016.5,42
2025-07-08 20:42:00,1.1725,1.1726,1.1725,1.1725,8994.800000000001,37
2025-07-08 20:44:00,1.1726,1.1726,1.1724,1.1724,21886.5,29
2025-07-08 20:46:00,1.1724,1.1725,1.1724,1.1725,13350.6,35
2025-07-08 20:48:00,1.1724,1.1725,1.1724,1.1724,5786.0,26
2025-07-08 20:50:00,1.1724,1.1726,1.1724,1.1724,6634.599999999999,25
2025-07-08 20:52:00,1.1725,1.1725,1.1723,1.1723,48663.0,72
2025-07-08 20:54:00,1.1723,1.1725,1.1723,1.1723,83242.9,66
2025-07-08 20:56:00,1.1723,1.1725,1.1723,1.1724,12502.5,31
2025-07-08 20:58:00,1.1725,1.1725,1.1723,1.1724,25936.0,57
2025-07-08 21:00:00,1.1723,1.1723,1.1722,1.1722,176266.0,279
2025-07-08 21:02:00,1.1723,1.1723,1.1722,1.1723,78783.1,138
2025-07-08 21:04:00,1.1722,1.1723,1.1722,1.1723,19295.399999999998,68
2025-07-08 21:06:00,1.1722,1.1723,1.1722,1.1723,13748.8,28
2025-07-08 21:08:00,1.1723,1.1723,1.1722,1.1722,50064.4,35
2025-07-08 21:10:00,1.1722,1.1722,1.1719,1.172,66708.0,26
2025-07-08 21:12:00,1.172,1.172,1.1719,1.172,7283.0,15
2025-07-08 21:14:00,1.172,1.172,1.1719,1.172,147941.8,74
2025-07-08 21:16:00,1.172,1.172,1.1719,1.172,20855.7,21
2025-07-08 21:18:00,1.172,1.1721,1.1719,1.1721,71025.4,42
2025-07-08 21:20:00,1.172,1.1721,1.172,1.172,21712.6,18
2025-07-08 21:22:00,1.1721,1.1722,1.1721,1.1721,33682.6,51
2025-07-08 21:24:00,1.1721,1.1722,1.1721,1.1722,7245.400000000001,14
2025-07-08 21:26:00,1.1722,1.1722,1.1721,1.1721,4922.6,21
2025-07-08 21:28:00,1.1721,1.1722,1.1721,1.1721,60697.0,58
2025-07-08 21:30:00,1.1721,1.1721,1.172,1.1721,14683.199999999999,44
2025-07-08 21:32:00,1.1721,1.1721,1.172,1.172,10295.2,31
2025-07-08 21:34:00,1.172,1.1721,1.172,1.172,7950.4,24
2025-07-08 21:36:00,1.1721,1.1721,1.172,1.172,6798.4,23
2025-07-08 21:38:00,1.1721,1.1721,1.172,1.172,6439.3,25
2025-07-08 21:40:00,1.172,1.1722,1.172,1.1722,64094.0,69
2025-07-08 21:42:00,1.1722,1.1722,1.172,1.1721,14146.9,48
2025-07-08 21:44:00,1.172,1.1723,1.1719,1.1721,7535.0,31
2025-07-08 21:46:00,1.1722,1.1722,1.1719,1.1721,10376.0,40
2025-07-08 21:48:00,1.1719,1.1722,1.1719,1.1721,6589.7,28
2025-07-08 21:50:00,1.1719,1.1722,1.1719,1.1719,14433.0,31
2025-07-08 21:52:00,1.1721,1.1721,1.1719,1.1719,3687.1,20
2025-07-08 21:54:00,1.172,1.172,1.1718,1.1719,6213.2,20
2025-07-08 21:56:00,1.1719,1.172,1.1719,1.1719,5779.8,13
2025-07-08 21:58:00,1.1719,1.172,1.1718,1.1718,20449.4,37
2025-07-08 22:00:00,1.1719,1.1722,1.1719,1.1721,66107.0,46
2025-07-08 22:02:00,1.1721,1.1722,1.1721,1.1722,9242.2,27
2025-07-08 22:04:00,1.1722,1.1722,1.172,1.1721,5334.9,29
2025-07-08 22:06:00,1.1721,1.1722,1.172,1.1721,16661.8,48
2025-07-08 22:08:00,1.1722,1.1723,1.1721,1.1722,20907.0,54
2025-07-08 22:10:00,1.1723,1.1723,1.1722,1.1722,8739.0,21
2025-07-08 22:12:00,1.1722,1.1723,1.1721,1.1721,21997.1,34
2025-07-08 22:14:00,1.1721,1.1722,1.1721,1.1722,8358.1,26
2025-07-08 22:16:00,1.1721,1.1723,1.1721,1.1723,14858.699999999999,29
2025-07-08 22:18:00,1.1722,1.1723,1.1722,1.1722,4962.3,22
2025-07-08 22:20:00,1.1722,1.1723,1.1722,1.1722,707.5,6
2025-07-08 22:22:00,1.1723,1.1723,1.1722,1.1723,8041.700000000001,11
2025-07-08 22:24:00,1.1722,1.1723,1.1722,1.1723,2832.4,19
2025-07-08 22:26:00,1.1722,1.1723,1.1722,1.1723,5631.0,22
2025-07-08 22:28:00,1.1722,1.1724,1.1722,1.1723,6151.0,39
2025-07-08 22:30:00,1.1723,1.1725,1.1723,1.1724,19941.0,26
2025-07-08 22:32:00,1.1724,1.1725,1.1724,1.1724,11432.3,26
2025-07-08 22:34:00,1.1724,1.1725,1.1724,1.1725,9197.6,18
2025-07-08 22:36:00,1.1724,1.1725,1.1724,1.1724,4778.6,25
2025-07-08 22:38:00,1.1724,1.1725,1.1724,1.1725,5881.599999999999,30
2025-07-08 22:40:00,1.1725,1.1725,1.1724,1.1725,3656.7999999999997,34
2025-07-08 22:42:00,1.1724,1.1725,1.1723,1.1724,84229.4,135
2025-07-08 22:44:00,1.1724,1.1725,1.1724,1.1725,9003.8,17
2025-07-08 22:46:00,1.1724,1.1725,1.1724,1.1724,5813.0,32
2025-07-08 22:48:00,1.1724,1.1726,1.1724,1.1726,2517.6,17
2025-07-08 22:50:00,1.1725,1.1725,1.1724,1.1725,2000.3,18
2025-07-08 22:52:00,1.1725,1.1725,1.1724,1.1725,20042.5,40
2025-07-08 22:54:00,1.1725,1.1725,1.1724,1.1724,2771.4,21
2025-07-08 22:56:00,1.1724,1.1725,1.1724,1.1725,4050.6,8
2025-07-08 22:58:00,1.1724,1.1725,1.1724,1.1724,1213.5,15
2025-07-08 23:00:00,1.1725,1.1725,1.1724,1.1725,3748.0,27
2025-07-08 23:02:00,1.1724,1.1725,1.1724,1.1724,5102.0,20
2025-07-08 23:04:00,1.1724,1.1725,1.1723,1.1723,11633.5,30
2025-07-08 23:06:00,1.1724,1.1724,1.1723,1.1723,21536.3,44
2025-07-08 23:08:00,1.1722,1.1723,1.1722,1.1722,3465.5,18
2025-07-08 23:10:00,1.1723,1.1724,1.1722,1.1723,10378.0,26
2025-07-08 23:12:00,1.1723,1.1724,1.1723,1.1723,5521.5,18
2025-07-08 23:14:00,1.1723,1.1725,1.1723,1.1725,27089.8,66
2025-07-08 23:16:00,1.1725,1.1725,1.1724,1.1725,2894.7000000000003,21
2025-07-08 23:18:00,1.1724,1.1725,1.1724,1.1725,5604.7,18
2025-07-08 23:20:00,1.1724,1.1725,1.1724,1.1724,2949.6,18
2025-07-08 23:22:00,1.1724,1.1724,1.1723,1.1723,1644.9,9
2025-07-08 23:24:00,1.1724,1.1724,1.1723,1.1724,2822.1,15
2025-07-08 23:26:00,1.1724,1.1724,1.1723,1.1724,3022.8,18
2025-07-08 23:28:00,1.1723,1.1724,1.1722,1.1722,18952.8,55
2025-07-08 23:30:00,1.1723,1.1723,1.1722,1.1723,6924.8,15
2025-07-08 23:32:00,1.1723,1.1723,1.1722,1.1722,4059.0,20
2025-07-08 23:34:00,1.1723,1.1723,1.1722,1.1723,1998.4,13
2025-07-08 23:36:00,1.1722,1.1723,1.1721,1.1721,18571.399999999998,27
2025-07-08 23:38:00,1.172,1.1721,1.172,1.1721,4042.5,21
2025-07-08 23:40:00,1.172,1.1721,1.172,1.172,1655.6,12
2025-07-08 23:42:00,1.1721,1.1721,1.172,1.1721,4847.5,16
2025-07-08 23:44:00,1.1721,1.1721,1.172,1.1721,1298.2,10
2025-07-08 23:46:00,1.1721,1.1721,1.172,1.1721,2253.7999999999997,17
2025-07-08 23:48:00,1.1721,1.1722,1.172,1.1721,2181.5,13
2025-07-08 23:50:00,1.1721,1.1722,1.1721,1.1722,883.5999999999999,11
2025-07-08 23:52:00,1.172,1.1721,1.172,1.1721,1460.0,18
2025-07-08 23:54:00,1.1721,1.1721,1.172,1.1721,3169.6,15
2025-07-08 23:56:00,1.1721,1.1721,1.172,1.1721,1758.4,21
2025-07-08 23:58:00,1.1721,1.1722,1.1721,1.1721,37040.6,54
2025-07-09 00:00:00,1.1721,1.1723,1.1721,1.1722,10309.0,17
2025-07-09 00:02:00,1.1722,1.1722,1.1721,1.1722,3132.0,20
2025-07-09 00:04:00,1.1722,1.1722,1.1721,1.1722,1814.8,10
2025-07-09 00:06:00,1.1722,1.1723,1.1719,1.1719,36849.0,55
2025-07-09 00:08:00,1.1719,1.172,1.1718,1.172,8356.2,17
2025-07-09 00:10:00,1.172,1.172,1.1718,1.1719,14459.5,22
2025-07-09 00:12:00,1.1719,1.1719,1.1718,1.1719,1200.1000000000001,10
2025-07-09 00:14:00,1.1719,1.172,1.1718,1.1718,12365.5,31
2025-07-09 00:16:00,1.1718,1.1719,1.1717,1.1717,10399.1,31
2025-07-09 00:18:00,1.1718,1.1719,1.1717,1.1718,2808.2,12
2025-07-09 00:20:00,1.1719,1.172,1.1719,1.172,358.2,6
2025-07-09 00:22:00,1.172,1.172,1.1718,1.172,12077.1,21
2025-07-09 00:24:00,1.172,1.172,1.1719,1.1719,3038.7,18
2025-07-09 00:26:00,1.172,1.172,1.1719,1.1719,11872.6,17
2025-07-09 00:28:00,1.172,1.172,1.1719,1.172,1403.2,6
2025-07-09 00:30:00,1.172,1.172,1.1718,1.1718,20931.0,134
2025-07-09 00:32:00,1.1718,1.1718,1.1716,1.1717,8735.4,27
2025-07-09 00:34:00,1.1717,1.1717,1.1716,1.1717,2452.6,13
2025-07-09 00:36:00,1.1718,1.1719,1.1717,1.1718,22009.1,33
2025-07-09 00:38:00,1.1718,1.1719,1.1718,1.1718,9574.8,18
2025-07-09 00:40:00,1.1719,1.1721,1.1718,1.172,21507.7,37
2025-07-09 00:42:00,1.172,1.1721,1.172,1.1721,2125.5,16
2025-07-09 00:44:00,1.172,1.1722,1.172,1.172,8586.4,20
2025-07-09 00:46:00,1.1722,1.1722,1.1721,1.1721,1387.2,11
2025-07-09 00:48:00,1.1721,1.1722,1.1721,1.1721,4149.8,19
2025-07-09 00:50:00,1.1722,1.1722,1.172,1.1721,31009.9,61
2025-07-09 00:52:00,1.1721,1.1721,1.172,1.172,2242.2,12
2025-07-09 00:54:00,1.172,1.1722,1.172,1.172,12153.6,17
2025-07-09 00:56:00,1.1721,1.1721,1.172,1.172,2402.4,11
2025-07-09 00:58:00,1.172,1.1722,1.172,1.1722,948.5999999999999,11
2025-07-09 01:00:00,1.1722,1.1723,1.1721,1.1723,12490.300000000001,72
2025-07-09 01:02:00,1.1723,1.1723,1.1722,1.1722,2049.5,10
2025-07-09 01:04:00,1.1722,1.1723,1.1722,1.1723,41536.200000000004,57
2025-07-09 01:06:00,1.1723,1.1723,1.1722,1.1722,40378.4,50
2025-07-09 01:08:00,1.1722,1.1722,1.1718,1.1718,13880.6,15
2025-07-09 01:10:00,1.1719,1.1719,1.1716,1.1716,8858.199999999999,17
2025-07-09 01:12:00,1.1717,1.1717,1.1716,1.1717,1304.0,7
2025-07-09 01:14:00,1.1716,1.1719,1.1716,1.1719,15153.0,47
2025-07-09 01:16:00,1.1718,1.1719,1.1718,1.1718,5867.3,18
2025-07-09 01:18:00,1.1719,1.172,1.1718,1.1719,31128.4,30
2025-07-09 01:20:00,1.172,1.1723,1.1719,1.1723,62241.5,60
2025-07-09 01:22:00,1.1722,1.1723,1.1721,1.1723,25059.4,44
2025-07-09 01:24:00,1.1723,1.1723,1.1722,1.1722,54370.0,43
2025-07-09 01:26:00,1.1722,1.1723,1.1722,1.1723,110.0,4
2025-07-09 01:28:00,1.1722,1.1722,1.1721,1.1721,10502.5,9
2025-07-09 01:30:00,1.172,1.172,1.1718,1.1719,44692.4,38
2025-07-09 01:32:00,1.1719,1.1722,1.1719,1.1722,11710.6,12
2025-07-09 01:34:00,1.1721,1.1723,1.1721,1.1723,2383.6,6
2025-07-09 01:36:00,1.1723,1.1723,1.1721,1.1722,9544.6,21
2025-07-09 01:38:00,1.1723,1.1723,1.1722,1.1723,1646.0,5
2025-07-09 01:40:00,1.1723,1.1723,1.172,1.1721,18485.4,13
2025-07-09 01:42:00,1.1721,1.1722,1.1721,1.1722,9737.699999999999,9
2025-07-09 01:44:00,1.1722,1.1722,1.1719,1.172,6447.400000000001,16
2025-07-09 01:46:00,1.172,1.172,1.1719,1.1719,3758.7,12
2025-07-09 01:48:00,1.1719,1.172,1.1719,1.1719,1768.5,9
2025-07-09 01:50:00,1.172,1.172,1.1718,1.1718,17130.8,28
2025-07-09 01:52:00,1.1718,1.1719,1.1718,1.1718,4204.9,7
2025-07-09 01:54:00,1.1718,1.1719,1.1718,1.1719,2409.6,14
2025-07-09 01:56:00,1.1719,1.1719,1.1718,1.1718,3652.3,13
2025-07-09 01:58:00,1.1718,1.1719,1.1718,1.1719,2711.2,12
2025-07-09 02:00:00,1.1719,1.1719,1.1717,1.1718,28107.7,87
2025-07-09 02:02:00,1.1717,1.1719,1.1717,1.1719,21816.8,22
2025-07-09 02:04:00,1.1719,1.1721,1.1719,1.1721,9911.2,9
2025-07-09 02:06:00,1.1722,1.1723,1.1722,1.1723,921.7,6
2025-07-09 02:08:00,1.1723,1.1723,1.1722,1.1722,935.4,3
2025-07-09 02:10:00,1.1721,1.1721,1.1721,1.1721,1184.5,6
2025-07-09 02:12:00,1.1721,1.1721,1.1721,1.1721,887.6,6
2025-07-09 02:14:00,1.172,1.1721,1.172,1.1721,2252.0,11
2025-07-09 02:16:00,1.1721,1.1721,1.172,1.172,5771.2,11
2025-07-09 02:18:00,1.172,1.172,1.1718,1.1719,22461.8,17
2025-07-09 02:20:00,1.1719,1.1719,1.1718,1.1719,3120.1000000000004,11
2025-07-09 02:22:00,1.1719,1.1719,1.1718,1.1719,4672.0,10
2025-07-09 02:24:00,1.1719,1.1719,1.1719,1.1719,689.7,6
2025-07-09 02:26:00,1.1718,1.1719,1.1718,1.1718,1233.6,11
2025-07-09 02:28:00,1.1719,1.1719,1.1718,1.1719,6766.5,26
2025-07-09 02:30:00,1.1718,1.1718,1.1717,1.1717,47840.5,159
2025-07-09 02:32:00,1.1717,1.1717,1.1716,1.1716,3488.2,18
2025-07-09 02:34:00,1.1717,1.1717,1.1716,1.1716,41415.5,16
2025-07-09 02:36:00,1.1715,1.1716,1.1713,1.1713,18252.6,21
2025-07-09 02:38:00,1.1712,1.1713,1.1711,1.1711,7364.8,46
2025-07-09 02:40:00,1.171,1.171,1.1708,1.1708,40557.7,40
2025-07-09 02:42:00,1.1707,1.1708,1.1706,1.1707,4390.6,14
2025-07-09 02:44:00,1.1707,1.1708,1.1706,1.1706,22914.3,28
2025-07-09 02:46:00,1.1706,1.1707,1.1705,1.1706,2626.5,15
2025-07-09 02:48:00,1.1706,1.1707,1.1705,1.1705,4729.599999999999,33
2025-07-09 02:50:00,1.1704,1.1705,1.1704,1.1704,1082.6,10
2025-07-09 02:52:00,1.1704,1.1706,1.1704,1.1706,1950.0,8
2025-07-09 02:54:00,1.1705,1.1707,1.1705,1.1706,992.6,9
2025-07-09 02:56:00,1.1707,1.1709,1.1707,1.1708,31736.1,62
2025-07-09 02:58:00,1.1708,1.171,1.1708,1.1709,2340.8,10
2025-07-09 03:00:00,1.1709,1.171,1.1707,1.1708,13580.0,21
2025-07-09 03:02:00,1.1708,1.1708,1.1704,1.1706,59039.9,61
2025-07-09 03:04:00,1.1705,1.1705,1.1705,1.1705,2089.7999999999997,8
2025-07-09 03:06:00,1.1705,1.1705,1.1703,1.1703,1629.3,8
2025-07-09 03:08:00,1.1703,1.1705,1.1703,1.1704,1712.2,7
2025-07-09 03:10:00,1.1704,1.1705,1.1704,1.1705,6535.9,11
2025-07-09 03:12:00,1.1705,1.1705,1.1704,1.1704,599.7,3
2025-07-09 03:14:00,1.1704,1.1705,1.1703,1.1703,5917.2,22
2025-07-09 03:16:00,1.1702,1.1703,1.1702,1.1702,2758.5,14
2025-07-09 03:18:00,1.1702,1.1703,1.1702,1.1702,647.8,8
2025-07-09 03:20:00,1.1704,1.1704,1.1703,1.1704,5869.5,11
2025-07-09 03:22:00,1.1704,1.1705,1.1703,1.1704,28763.0,77
2025-07-09 03:24:00,1.1706,1.1706,1.1705,1.1705,1838.2,11
2025-07-09 03:26:00,1.1705,1.1706,1.1705,1.1706,4757.8,11
2025-07-09 03:28:00,1.1705,1.1705,1.1704,1.1704,1717.1,6
2025-07-09 03:30:00,1.1704,1.1704,1.1704,1.1704,1822.2,6
2025-07-09 03:32:00,1.1704,1.1706,1.1704,1.1705,9149.4,10
2025-07-09 03:34:00,1.1705,1.1705,1.1704,1.1704,1433.3,7
2025-07-09 03:36:00,1.1703,1.1703,1.1702,1.1702,11727.4,14
2025-07-09 03:38:00,1.1702,1.1703,1.1702,1.1703,949.4000000000001,7
2025-07-09 03:40:00,1.1702,1.1704,1.1702,1.1704,73327.6,59
2025-07-09 03:42:00,1.1703,1.1704,1.1703,1.1704,69.1,3
2025-07-09 03:44:00,1.1703,1.1704,1.1703,1.1703,2970.3,9
2025-07-09 03:46:00,1.1704,1.1704,1.1703,1.1703,638.1999999999999,8
2025-07-09 03:48:00,1.1704,1.1704,1.1703,1.1704,2602.7,7
2025-07-09 03:50:00,1.1703,1.1704,1.1703,1.1703,527.6,4
2025-07-09 03:52:00,1.1704,1.1705,1.1704,1.1705,31654.3,32
2025-07-09 03:54:00,1.1704,1.1705,1.1703,1.1703,11158.8,8
2025-07-09 03:56:00,1.1704,1.1705,1.1703,1.1705,44016.8,20
2025-07-09 03:58:00,1.1705,1.1705,1.1704,1.1704,3319.0,7
2025-07-09 04:00:00,1.1704,1.1704,1.1703,1.1703,2367.6,9
2025-07-09 04:02:00,1.1704,1.1704,1.1701,1.1703,6078.9,13
2025-07-09 04:04:00,1.1703,1.1704,1.1703,1.1704,1651.8,6
2025-07-09 04:06:00,1.1704,1.1704,1.1703,1.1704,3229.7999999999997,6
2025-07-09 04:08:00,1.1703,1.1704,1.1703,1.1703,4580.6,9
2025-07-09 04:10:00,1.1704,1.1704,1.1703,1.1704,1107.3,11
2025-07-09 04:12:00,1.1704,1.1704,1.1703,1.1703,1282.5,12
2025-07-09 04:14:00,1.1703,1.1705,1.1703,1.1704,3661.0,18
2025-07-09 04:16:00,1.1705,1.1705,1.1704,1.1705,3857.3999999999996,11
2025-07-09 04:18:00,1.1705,1.1705,1.1704,1.1705,7968.1,18
2025-07-09 04:20:00,1.1705,1.1705,1.1704,1.1704,2431.9,16
2025-07-09 04:22:00,1.1704,1.1705,1.1703,1.1705,13696.4,49
2025-07-09 04:24:00,1.1704,1.1705,1.1704,1.1705,9656.6,37
2025-07-09 04:26:00,1.1704,1.1705,1.1703,1.1703,14971.4,24
2025-07-09 04:28:00,1.1703,1.1704,1.1703,1.1703,3294.7,11
2025-07-09 04:30:00,1.1704,1.1704,1.1703,1.1703,17659.2,25
2025-07-09 04:32:00,1.1704,1.1704,1.1702,1.1703,18608.0,39
2025-07-09 04:34:00,1.1704,1.1706,1.1703,1.1706,62751.8,88
2025-07-09 04:36:00,1.1706,1.1706,1.1705,1.1705,9082.0,18
2025-07-09 04:38:00,1.1705,1.1708,1.1705,1.1707,10476.7,29
2025-07-09 04:40:00,1.1707,1.1709,1.1707,1.1709,13802.7,36
2025-07-09 04:42:00,1.1709,1.1709,1.1708,1.1709,5611.4,21
2025-07-09 04:44:00,1.1709,1.1709,1.1708,1.1708,4278.6,20
2025-07-09 04:46:00,1.1708,1.1709,1.1708,1.1709,19790.1,45
2025-07-09 04:48:00,1.1709,1.171,1.1708,1.171,14037.4,21
2025-07-09 04:50:00,1.171,1.171,1.1709,1.1709,1663.9,9
2025-07-09 04:52:00,1.171,1.1711,1.171,1.1711,4337.0,15
2025-07-09 04:54:00,1.1711,1.1711,1.1709,1.171,13791.1,24
2025-07-09 04:56:00,1.1711,1.1711,1.171,1.1711,7568.7,25
2025-07-09 04:58:00,1.171,1.1711,1.171,1.171,10054.1,24
2025-07-09 05:00:00,1.1711,1.1711,1.171,1.171,13612.8,35
2025-07-09 05:02:00,1.1711,1.1711,1.1709,1.1709,4427.7,20
2025-07-09 05:04:00,1.171,1.171,1.1709,1.171,2863.0,14
2025-07-09 05:06:00,1.1709,1.1711,1.1709,1.171,11747.5,20
2025-07-09 05:08:00,1.171,1.1711,1.171,1.1711,3020.9,13
2025-07-09 05:10:00,1.1711,1.1713,1.1711,1.1712,11630.9,27
2025-07-09 05:12:00,1.1712,1.1712,1.1711,1.1712,3587.2,16
2025-07-09 05:14:00,1.1711,1.1712,1.171,1.1712,11864.5,60
2025-07-09 05:16:00,1.1711,1.1712,1.1711,1.1712,11315.6,18
2025-07-09 05:18:00,1.1712,1.1713,1.1712,1.1713,7874.700000000001,10
2025-07-09 05:20:00,1.1712,1.1713,1.1712,1.1713,1126.5,8
2025-07-09 05:22:00,1.1714,1.1714,1.1713,1.1713,9337.8,22
2025-07-09 05:24:00,1.1713,1.1714,1.1712,1.1713,1927.4,15
2025-07-09 05:26:00,1.1713,1.1714,1.1712,1.1712,1974.0,13
2025-07-09 05:28:00,1.1713,1.1713,1.1712,1.1713,642.0,10
2025-07-09 05:30:00,1.1713,1.1714,1.1712,1.1713,3215.8999999999996,20
2025-07-09 05:32:00,1.1714,1.1714,1.1711,1.1712,13474.300000000001,22
2025-07-09 05:34:00,1.1711,1.1714,1.1711,1.1714,62931.1,64
2025-07-09 05:36:00,1.1713,1.1714,1.1712,1.1713,9987.2,44
2025-07-09 05:38:00,1.1713,1.1715,1.1713,1.1715,34786.4,119
2025-07-09 05:40:00,1.1714,1.1716,1.1714,1.1715,22004.0,57
2025-07-09 05:42:00,1.1716,1.1719,1.1716,1.1717,37586.1,48
2025-07-09 05:44:00,1.1718,1.1718,1.1717,1.1718,4402.6,21
2025-07-09 05:46:00,1.1718,1.1718,1.1715,1.1715,71610.1,113
2025-07-09 05:48:00,1.1716,1.1716,1.1715,1.1715,7761.9,21
2025-07-09 05:50:00,1.1716,1.1717,1.1715,1.1716,18273.6,33
2025-07-09 05:52:00,1.1716,1.1717,1.1714,1.1715,16376.3,50
2025-07-09 05:54:00,1.1715,1.1715,1.1714,1.1714,4111.2,23
2025-07-09 05:56:00,1.1715,1.1715,1.1713,1.1715,15546.0,32
2025-07-09 05:58:00,1.1715,1.1715,1.1714,1.1714,7991.9,18
2025-07-09 06:00:00,1.1714,1.1715,1.1713,1.1713,51403.7,49
2025-07-09 06:02:00,1.1713,1.1714,1.1712,1.1713,6312.5,24
2025-07-09 06:04:00,1.1713,1.1716,1.1713,1.1716,27393.1,34
2025-07-09 06:06:00,1.1715,1.1716,1.1713,1.1713,18230.0,33
2025-07-09 06:08:00,1.1713,1.1713,1.1712,1.1713,5855.3,34
2025-07-09 06:10:00,1.1713,1.1713,1.1711,1.1712,27057.5,67
2025-07-09 06:12:00,1.1711,1.1713,1.1711,1.1713,15980.2,26
2025-07-09 06:14:00,1.1713,1.1715,1.1712,1.1715,43508.4,40
2025-07-09 06:16:00,1.1715,1.1715,1.1713,1.1714,19548.1,20
2025-07-09 06:18:00,1.1714,1.1715,1.1714,1.1715,3656.0,16
2025-07-09 06:20:00,1.1714,1.1715,1.1714,1.1714,6985.099999999999,35
2025-07-09 06:22:00,1.1714,1.1716,1.1714,1.1715,5643.4,23
2025-07-09 06:24:00,1.1715,1.1716,1.1714,1.1715,7022.2,18
2025-07-09 06:26:00,1.1715,1.1715,1.1713,1.1714,29297.5,86
2025-07-09 06:28:00,1.1713,1.1714,1.1712,1.1712,11298.4,32
2025-07-09 06:30:00,1.1712,1.1713,1.1711,1.1712,13390.5,33
2025-07-09 06:32:00,1.1713,1.1713,1.1711,1.1711,10122.8,22
2025-07-09 06:34:00,1.1712,1.1715,1.1712,1.1715,38483.0,76
2025-07-09 06:36:00,1.1715,1.1716,1.1714,1.1716,8258.4,27
2025-07-09 06:38:00,1.1715,1.1717,1.1715,1.1717,13711.9,31
2025-07-09 06:40:00,1.1716,1.1717,1.1715,1.1715,16225.0,30
2025-07-09 06:42:00,1.1715,1.1716,1.1714,1.1715,33453.7,47
2025-07-09 06:44:00,1.1714,1.1718,1.1714,1.1717,38641.1,90
2025-07-09 06:46:00,1.1718,1.1719,1.1717,1.1719,34308.9,51
2025-07-09 06:48:00,1.1719,1.1721,1.1719,1.172,5691.3,24
2025-07-09 06:50:00,1.172,1.1722,1.172,1.1721,39310.9,40
2025-07-09 06:52:00,1.1721,1.1723,1.1721,1.1723,9588.3,30
2025-07-09 06:54:00,1.1724,1.1724,1.1722,1.1723,1733.3,16
2025-07-09 06:56:00,1.1724,1.1725,1.1723,1.1724,23404.3,124
2025-07-09 06:58:00,1.1724,1.1725,1.1723,1.1723,23261.7,28
2025-07-09 07:00:00,1.1724,1.1725,1.1722,1.1722,57891.3,85
2025-07-09 07:02:00,1.1723,1.1725,1.1722,1.1722,27457.399999999998,43
2025-07-09 07:04:00,1.1722,1.1723,1.1721,1.1722,24235.3,41
2025-07-09 07:06:00,1.1722,1.1722,1.172,1.172,51020.700000000004,46
2025-07-09 07:08:00,1.1719,1.172,1.1717,1.1718,12268.6,30
2025-07-09 07:10:00,1.1718,1.1721,1.1718,1.1719,70559.6,130
2025-07-09 07:12:00,1.1719,1.1721,1.1719,1.1719,66218.3,33
2025-07-09 07:14:00,1.1719,1.1721,1.1719,1.1721,30224.9,31
2025-07-09 07:16:00,1.172,1.1723,1.172,1.1722,40228.4,34
2025-07-09 07:18:00,1.1723,1.1723,1.1722,1.1722,18170.6,31
2025-07-09 07:20:00,1.1723,1.1723,1.1721,1.1722,32018.6,58
2025-07-09 07:22:00,1.1722,1.1723,1.1721,1.1722,16462.6,34
2025-07-09 07:24:00,1.1722,1.1723,1.1721,1.1721,8343.6,34
2025-07-09 07:26:00,1.172,1.1722,1.172,1.1721,22426.0,39
2025-07-09 07:28:00,1.1721,1.1721,1.1719,1.172,7963.8,34
2025-07-09 07:30:00,1.172,1.1722,1.1719,1.1722,55536.5,53
2025-07-09 07:32:00,1.1722,1.1722,1.1718,1.1718,21865.100000000002,42
2025-07-09 07:34:00,1.1719,1.1719,1.1716,1.1716,26612.7,43
2025-07-09 07:36:00,1.1717,1.1717,1.1714,1.1715,17778.9,37
2025-07-09 07:38:00,1.1715,1.1715,1.1711,1.1711,16109.4,53
2025-07-09 07:40:00,1.1711,1.1711,1.171,1.171,4770.9,23
2025-07-09 07:42:00,1.171,1.1711,1.1707,1.1707,7629.599999999999,30
2025-07-09 07:44:00,1.1708,1.1711,1.1708,1.171,28291.3,50
2025-07-09 07:46:00,1.171,1.1711,1.1707,1.1707,16457.5,42
2025-07-09 07:48:00,1.1707,1.1709,1.1707,1.1707,18551.7,42
2025-07-09 07:50:00,1.1707,1.1707,1.1706,1.1706,38978.0,59
2025-07-09 07:52:00,1.1706,1.1707,1.1704,1.1705,34817.0,55
2025-07-09 07:54:00,1.1705,1.1708,1.1705,1.1707,33796.200000000004,59
2025-07-09 07:56:00,1.1707,1.171,1.1706,1.1706,136863.4,351
2025-07-09 07:58:00,1.1705,1.1708,1.1705,1.1707,59624.8,52
2025-07-09 08:00:00,1.1706,1.1707,1.1706,1.1706,6724.5,28
2025-07-09 08:02:00,1.1706,1.171,1.1706,1.171,92806.0,106
2025-07-09 08:04:00,1.1708,1.171,1.1707,1.1709,54565.2,94
2025-07-09 08:06:00,1.1709,1.171,1.1709,1.1709,15553.199999999999,40
2025-07-09 08:08:00,1.1708,1.171,1.1708,1.171,18946.8,36
2025-07-09 08:10:00,1.171,1.171,1.1708,1.171,53054.4,40
2025-07-09 08:12:00,1.171,1.1711,1.1709,1.171,9340.0,25
2025-07-09 08:14:00,1.1709,1.1709,1.1707,1.1707,45684.4,51
2025-07-09 08:16:00,1.1708,1.1709,1.1706,1.1706,80995.1,67
2025-07-09 08:18:00,1.1707,1.1707,1.1703,1.1706,35784.1,52
2025-07-09 08:20:00,1.1705,1.1707,1.1705,1.1706,44682.5,32
2025-07-09 08:22:00,1.1705,1.1708,1.1705,1.1708,27407.4,53
2025-07-09 08:24:00,1.1709,1.1709,1.1707,1.1707,39839.3,39
2025-07-09 08:26:00,1.1707,1.1709,1.1706,1.1708,20743.1,33
2025-07-09 08:28:00,1.1708,1.1711,1.1708,1.171,20511.3,42
2025-07-09 08:30:00,1.1711,1.1714,1.171,1.1714,24455.7,112
2025-07-09 08:32:00,1.1714,1.1714,1.1713,1.1714,20071.4,46
2025-07-09 08:34:00,1.1714,1.1716,1.1714,1.1716,60774.9,63
2025-07-09 08:36:00,1.1716,1.1717,1.1714,1.1715,80316.2,56
2025-07-09 08:38:00,1.1715,1.1719,1.1715,1.1718,84839.0,60
2025-07-09 08:40:00,1.1718,1.1719,1.1717,1.1719,22247.9,32
2025-07-09 08:42:00,1.1719,1.1719,1.1716,1.1716,78160.0,60
2025-07-09 08:44:00,1.1717,1.1718,1.1716,1.1718,17878.3,39
2025-07-09 08:46:00,1.1718,1.172,1.1717,1.1719,150921.0,149
2025-07-09 08:48:00,1.1718,1.1719,1.1716,1.1716,81059.3,42
2025-07-09 08:50:00,1.1717,1.1717,1.1715,1.1716,16132.7,34
2025-07-09 08:52:00,1.1716,1.1716,1.1712,1.1712,57043.9,88
2025-07-09 08:54:00,1.1712,1.1714,1.171,1.1712,361878.3,160
2025-07-09 08:56:00,1.1712,1.1714,1.1711,1.1711,173158.9,62
2025-07-09 08:58:00,1.1711,1.1711,1.1709,1.1711,126926.1,116
2025-07-09 09:00:00,1.171,1.1712,1.171,1.1712,162177.1,122
2025-07-09 09:02:00,1.1712,1.1712,1.1709,1.171,29954.1,40
2025-07-09 09:04:00,1.171,1.1714,1.171,1.1713,22011.8,40
2025-07-09 09:06:00,1.1713,1.1714,1.1712,1.1712,87540.2,44
2025-07-09 09:08:00,1.1713,1.1715,1.1712,1.1714,72920.0,72
2025-07-09 09:10:00,1.1714,1.1717,1.1714,1.1716,85085.0,45
2025-07-09 09:12:00,1.1717,1.1717,1.1714,1.1714,82847.1,79
2025-07-09 09:14:00,1.1714,1.1714,1.1711,1.1711,120588.9,37
2025-07-09 09:16:00,1.1711,1.1712,1.171,1.171,45594.5,36
2025-07-09 09:18:00,1.171,1.1712,1.171,1.1712,37518.6,43
2025-07-09 09:20:00,1.1712,1.1713,1.1711,1.1711,163591.4,112
2025-07-09 09:22:00,1.1711,1.1711,1.1708,1.1709,30620.899999999998,41
2025-07-09 09:24:00,1.171,1.171,1.1708,1.1709,79562.2,54
2025-07-09 09:26:00,1.1708,1.1709,1.1708,1.1708,146368.2,100
2025-07-09 09:28:00,1.1708,1.1708,1.1707,1.1708,139641.5,89
2025-07-09 09:30:00,1.1707,1.171,1.1707,1.1709,136606.0,69
2025-07-09 09:32:00,1.1709,1.1709,1.1707,1.1708,40798.0,36
2025-07-09 09:34:00,1.1707,1.1708,1.1706,1.1706,33850.4,29
2025-07-09 09:36:00,1.1706,1.1706,1.1705,1.1705,26236.5,35
2025-07-09 09:38:00,1.1706,1.1706,1.1704,1.1705,42179.9,29
2025-07-09 09:40:00,1.1706,1.1706,1.1705,1.1706,15467.5,41
2025-07-09 09:42:00,1.1706,1.1707,1.1705,1.1705,16584.8,24
2025-07-09 09:44:00,1.1706,1.1706,1.1705,1.1706,10328.2,36
2025-07-09 09:46:00,1.1706,1.1707,1.1705,1.1705,26751.0,37
2025-07-09 09:48:00,1.1706,1.1708,1.1706,1.1707,54138.7,80
2025-07-09 09:50:00,1.1707,1.1711,1.1707,1.171,205509.9,203
2025-07-09 09:52:00,1.171,1.1711,1.171,1.1711,24557.4,27
2025-07-09 09:54:00,1.1711,1.1714,1.1711,1.1712,51651.3,42
2025-07-09 09:56:00,1.1713,1.1713,1.1711,1.1712,19119.9,30
2025-07-09 09:58:00,1.1711,1.1712,1.171,1.171,10511.8,26
2025-07-09 10:00:00,1.171,1.1712,1.171,1.1712,14984.5,30
2025-07-09 10:02:00,1.1711,1.1714,1.1711,1.1713,52196.4,48
2025-07-09 10:04:00,1.1714,1.1714,1.1713,1.1713,15910.8,31
2025-07-09 10:06:00,1.1713,1.1714,1.1712,1.1712,7239.7,24
2025-07-09 10:08:00,1.1712,1.1713,1.1712,1.1713,6179.2,17
2025-07-09 10:10:00,1.1713,1.1714,1.1712,1.1712,59307.2,36
2025-07-09 10:12:00,1.1712,1.1712,1.1711,1.1711,44598.100000000006,23
2025-07-09 10:14:00,1.1711,1.1714,1.1711,1.1713,115223.3,86
2025-07-09 10:16:00,1.1713,1.1714,1.1712,1.1712,6746.200000000001,20
2025-07-09 10:18:00,1.1713,1.1713,1.1711,1.1712,59171.1,45
2025-07-09 10:20:00,1.1712,1.1713,1.1711,1.1711,8879.6,25
2025-07-09 10:22:00,1.1711,1.1711,1.171,1.171,67644.0,63
2025-07-09 10:24:00,1.171,1.1711,1.1709,1.1709,18279.2,33
2025-07-09 10:26:00,1.1709,1.1711,1.1709,1.171,14573.3,62
2025-07-09 10:28:00,1.171,1.171,1.1709,1.1709,32155.8,33
2025-07-09 10:30:00,1.1709,1.171,1.1708,1.1708,12239.1,35
2025-07-09 10:32:00,1.1708,1.1708,1.1707,1.1707,24334.3,45
2025-07-09 10:34:00,1.1707,1.1707,1.1704,1.1704,23409.6,67
2025-07-09 10:36:00,1.1705,1.1705,1.1703,1.1703,7453.7,15
2025-07-09 10:38:00,1.1703,1.1703,1.1701,1.1701,24230.4,34
2025-07-09 10:40:00,1.1703,1.1703,1.1699,1.1699,16691.5,61
2025-07-09 10:42:00,1.1699,1.17,1.1699,1.1699,10879.7,27
2025-07-09 10:44:00,1.1699,1.1701,1.1699,1.17,84315.2,80
2025-07-09 10:46:00,1.1699,1.17,1.1699,1.17,14094.6,15
2025-07-09 10:48:00,1.17,1.1701,1.17,1.1701,37965.3,68
2025-07-09 10:50:00,1.1701,1.1702,1.17,1.1701,42357.9,49
2025-07-09 10:52:00,1.1701,1.1702,1.1701,1.1701,10836.7,26
2025-07-09 10:54:00,1.17,1.1701,1.1698,1.1698,32361.1,49
2025-07-09 10:56:00,1.1699,1.17,1.1698,1.17,24321.1,27
2025-07-09 10:58:00,1.17,1.1701,1.1699,1.1699,37846.0,37
2025-07-09 11:00:00,1.17,1.17,1.1698,1.1699,29767.3,42
2025-07-09 11:02:00,1.1699,1.17,1.1698,1.17,21941.1,35
2025-07-09 11:04:00,1.1699,1.1701,1.1699,1.17,25229.2,44
2025-07-09 11:06:00,1.1701,1.1701,1.17,1.17,27714.5,37
2025-07-09 11:08:00,1.1701,1.1701,1.17,1.1701,11078.6,41
2025-07-09 11:10:00,1.17,1.1702,1.17,1.1702,20061.3,42
2025-07-09 11:12:00,1.1702,1.1702,1.1701,1.1702,11469.1,36
2025-07-09 11:14:00,1.1701,1.1702,1.17,1.1701,42971.1,99
2025-07-09 11:16:00,1.17,1.1701,1.17,1.17,31499.5,74
2025-07-09 11:18:00,1.1701,1.1701,1.1699,1.17,10622.9,29
2025-07-09 11:20:00,1.17,1.1701,1.17,1.17,42170.1,67
2025-07-09 11:22:00,1.1701,1.1701,1.1699,1.1699,84843.4,149
2025-07-09 11:24:00,1.17,1.1701,1.1699,1.1701,28521.9,45
2025-07-09 11:26:00,1.17,1.1701,1.1699,1.1699,9874.8,49
2025-07-09 11:28:00,1.1699,1.17,1.1698,1.1699,40925.4,50
2025-07-09 11:30:00,1.1698,1.17,1.1698,1.1699,45138.0,50
2025-07-09 11:32:00,1.17,1.1701,1.17,1.1701,43135.1,43
2025-07-09 11:34:00,1.17,1.1702,1.17,1.1701,44723.6,80
2025-07-09 11:36:00,1.1701,1.1702,1.17,1.17,30289.5,34
2025-07-09 11:38:00,1.17,1.1701,1.1699,1.17,100615.2,59
2025-07-09 11:40:00,1.1701,1.1701,1.1699,1.17,36397.5,47
2025-07-09 11:42:00,1.1699,1.17,1.1699,1.1699,58845.1,64
2025-07-09 11:44:00,1.17,1.1701,1.1699,1.17,68606.40000000001,76
2025-07-09 11:46:00,1.17,1.1702,1.17,1.1701,51891.899999999994,71
2025-07-09 11:48:00,1.1701,1.1703,1.17,1.1701,63075.7,65
2025-07-09 11:50:00,1.17,1.1702,1.1699,1.17,88591.5,59
2025-07-09 11:52:00,1.17,1.17,1.1694,1.1695,136062.4,139
2025-07-09 11:54:00,1.1695,1.1695,1.1692,1.1692,168177.6,91
2025-07-09 11:56:00,1.1693,1.1693,1.1689,1.169,14333.6,36
2025-07-09 11:58:00,1.1689,1.169,1.1688,1.1689,33684.9,59
2025-07-09 12:00:00,1.1689,1.1692,1.1689,1.1692,116695.3,98
2025-07-09 12:02:00,1.1692,1.1694,1.1692,1.1693,43543.4,88
2025-07-09 12:04:00,1.1693,1.1696,1.1693,1.1694,134828.4,91
2025-07-09 12:06:00,1.1695,1.1699,1.1694,1.1697,119736.4,85
2025-07-09 12:08:00,1.1697,1.1698,1.1695,1.1697,119955.6,124
2025-07-09 12:10:00,1.1697,1.1697,1.1695,1.1696,207720.4,158
2025-07-09 12:12:00,1.1696,1.1696,1.1694,1.1695,89925.5,112
2025-07-09 12:14:00,1.1696,1.1702,1.1696,1.17,109322.5,72
2025-07-09 12:16:00,1.17,1.1704,1.17,1.1704,144735.3,197
2025-07-09 12:18:00,1.1705,1.1712,1.1705,1.1706,82456.0,199
2025-07-09 12:20:00,1.1706,1.1708,1.1704,1.1704,73075.1,72
2025-07-09 12:22:00,1.1704,1.1704,1.17,1.1704,178237.1,213
2025-07-09 12:24:00,1.1703,1.1705,1.17,1.17,140986.7,168
2025-07-09 12:26:00,1.1701,1.1703,1.17,1.1702,58662.6,59
2025-07-09 12:28:00,1.1703,1.1703,1.1701,1.1701,24219.3,50
2025-07-09 12:30:00,1.1701,1.1702,1.1698,1.1698,50614.0,78
2025-07-09 12:32:00,1.1699,1.1702,1.1698,1.1701,143046.7,111
2025-07-09 12:34:00,1.1701,1.1706,1.1701,1.1704,79787.1,58
2025-07-09 12:36:00,1.1704,1.1704,1.17,1.1702,130192.1,111
2025-07-09 12:38:00,1.1701,1.1704,1.17,1.1703,109522.9,102
2025-07-09 12:40:00,1.1703,1.1706,1.1703,1.1704,58679.4,81
2025-07-09 12:42:00,1.1705,1.1705,1.1701,1.1703,120412.7,129
2025-07-09 12:44:00,1.1703,1.1704,1.1702,1.1703,141880.5,84
2025-07-09 12:46:00,1.1703,1.1704,1.1703,1.1703,61086.8,44
2025-07-09 12:48:00,1.1704,1.1706,1.1703,1.1704,86132.5,67
2025-07-09 12:50:00,1.1705,1.1708,1.1705,1.1707,175898.2,129
2025-07-09 12:52:00,1.1707,1.1711,1.1707,1.1711,44107.1,58
2025-07-09 12:54:00,1.1711,1.1713,1.1711,1.1713,78133.7,85
2025-07-09 12:56:00,1.1713,1.1715,1.1712,1.1713,219900.4,126
2025-07-09 12:58:00,1.1714,1.1714,1.1713,1.1714,15622.2,37
2025-07-09 13:00:00,1.1713,1.1716,1.1713,1.1713,40650.3,76
2025-07-09 13:02:00,1.1713,1.1714,1.1712,1.1714,45853.6,52
2025-07-09 13:04:00,1.1714,1.1714,1.171,1.1711,87040.8,123
2025-07-09 13:06:00,1.171,1.1712,1.171,1.1711,53307.3,56
2025-07-09 13:08:00,1.1711,1.1713,1.1711,1.1713,101183.0,101
2025-07-09 13:10:00,1.1714,1.1716,1.1713,1.1716,153373.5,77
2025-07-09 13:12:00,1.1715,1.1719,1.1715,1.1719,45313.6,58
2025-07-09 13:14:00,1.1719,1.1719,1.1714,1.1715,134244.7,140
2025-07-09 13:16:00,1.1716,1.172,1.1716,1.1719,17373.9,36
2025-07-09 13:18:00,1.1719,1.1719,1.1717,1.1718,24503.5,41
2025-07-09 13:20:00,1.1717,1.1717,1.1715,1.1715,25751.8,39
2025-07-09 13:22:00,1.1716,1.1718,1.1716,1.1717,437525.6,303
2025-07-09 13:24:00,1.1716,1.1718,1.1716,1.1718,60600.9,84
2025-07-09 13:26:00,1.1718,1.1718,1.1716,1.1717,44071.6,64
2025-07-09 13:28:00,1.1717,1.1719,1.1717,1.1718,59294.4,76
2025-07-09 13:30:00,1.1717,1.1717,1.1715,1.1717,194474.2,154
2025-07-09 13:32:00,1.1717,1.1719,1.1717,1.1719,167294.0,190
2025-07-09 13:34:00,1.1719,1.1719,1.1716,1.1716,86583.5,119
2025-07-09 13:36:00,1.1716,1.1718,1.1713,1.1714,110800.2,138
2025-07-09 13:38:00,1.1714,1.1714,1.1711,1.1712,40477.5,89
2025-07-09 13:40:00,1.1712,1.1712,1.1711,1.1712,18845.6,33
2025-07-09 13:42:00,1.1712,1.1712,1.1711,1.1712,17111.8,25
2025-07-09 13:44:00,1.1712,1.1713,1.171,1.171,69660.9,95
2025-07-09 13:46:00,1.171,1.171,1.1706,1.1707,31446.8,24
2025-07-09 13:48:00,1.1707,1.1709,1.1706,1.1709,35082.8,60
2025-07-09 13:50:00,1.1709,1.171,1.1707,1.1708,142705.8,91
2025-07-09 13:52:00,1.1708,1.1708,1.1704,1.1706,80396.0,64
2025-07-09 13:54:00,1.1706,1.1706,1.1705,1.1705,26563.1,49
2025-07-09 13:56:00,1.1706,1.1707,1.1705,1.1706,92154.5,70
2025-07-09 13:58:00,1.1706,1.1707,1.1706,1.1706,35919.5,48
2025-07-09 14:00:00,1.1706,1.1709,1.1706,1.1707,92002.7,65
2025-07-09 14:02:00,1.1706,1.1707,1.1706,1.1707,33400.9,71
2025-07-09 14:04:00,1.1707,1.1709,1.1705,1.1708,42890.6,80
2025-07-09 14:06:00,1.1709,1.1709,1.1705,1.1708,171168.5,191
2025-07-09 14:08:00,1.1708,1.1712,1.1708,1.1712,28467.1,42
2025-07-09 14:10:00,1.1711,1.1712,1.1709,1.1711,48283.0,58
2025-07-09 14:12:00,1.1711,1.1715,1.171,1.1715,66670.0,82
2025-07-09 14:14:00,1.1714,1.1717,1.1714,1.1717,23476.3,35
2025-07-09 14:16:00,1.1719,1.1722,1.1718,1.1722,29185.8,50
2025-07-09 14:18:00,1.1722,1.1722,1.1717,1.1719,165904.7,167
2025-07-09 14:20:00,1.172,1.1724,1.1718,1.1724,62733.6,66
2025-07-09 14:22:00,1.1723,1.1724,1.172,1.1722,281214.0,132
2025-07-09 14:24:00,1.1721,1.1724,1.172,1.1724,55378.8,74
2025-07-09 14:26:00,1.1723,1.1724,1.1721,1.1721,42246.2,63
2025-07-09 14:28:00,1.1721,1.1722,1.1719,1.1721,170849.4,159
2025-07-09 14:30:00,1.172,1.1721,1.1719,1.1721,135750.8,194
2025-07-09 14:32:00,1.1721,1.1721,1.172,1.1721,11461.9,28
2025-07-09 14:34:00,1.172,1.1721,1.172,1.1721,19892.7,28
2025-07-09 14:36:00,1.1721,1.1722,1.172,1.1722,70389.2,94
2025-07-09 14:38:00,1.1722,1.1722,1.1719,1.1721,109081.8,203
2025-07-09 14:40:00,1.1721,1.1721,1.172,1.1721,40845.0,27
2025-07-09 14:42:00,1.1721,1.1721,1.1717,1.172,384743.2,282
2025-07-09 14:44:00,1.1721,1.1721,1.172,1.1721,40255.9,21
2025-07-09 14:46:00,1.1721,1.1721,1.1719,1.172,39228.2,32
2025-07-09 14:48:00,1.172,1.1721,1.1719,1.172,44064.1,43
2025-07-09 14:50:00,1.172,1.1722,1.1718,1.1719,47123.5,68
2025-07-09 14:52:00,1.1719,1.1719,1.1718,1.1718,116347.3,83
2025-07-09 14:54:00,1.1717,1.1718,1.1716,1.1716,29522.7,56
2025-07-09 14:56:00,1.1716,1.1721,1.1716,1.1718,148692.2,170
2025-07-09 14:58:00,1.1718,1.1719,1.1717,1.1717,46519.5,65
2025-07-09 15:00:00,1.1718,1.1718,1.1717,1.1717,20403.6,36
2025-07-09 15:02:00,1.1717,1.1718,1.1716,1.1718,37326.7,55
2025-07-09 15:04:00,1.1718,1.1718,1.1715,1.1717,347006.8,97
2025-07-09 15:06:00,1.1717,1.1718,1.1717,1.1717,81639.6,125
2025-07-09 15:08:00,1.1717,1.1718,1.1715,1.1715,186914.0,73
2025-07-09 15:10:00,1.1715,1.1716,1.1713,1.1714,171388.2,163
2025-07-09 15:12:00,1.1714,1.1715,1.1714,1.1715,14500.7,26
2025-07-09 15:14:00,1.1714,1.1714,1.1712,1.1713,137444.1,146
2025-07-09 15:16:00,1.1713,1.1714,1.1712,1.1714,31252.9,42
2025-07-09 15:18:00,1.1713,1.1714,1.1712,1.1712,35427.6,55
2025-07-09 15:20:00,1.1712,1.1712,1.1709,1.171,26523.1,44
2025-07-09 15:22:00,1.171,1.171,1.1709,1.1709,14105.0,29
2025-07-09 15:24:00,1.1709,1.171,1.1708,1.1708,20433.7,39
2025-07-09 15:26:00,1.1708,1.1709,1.1708,1.1708,17906.1,36
2025-07-09 15:28:00,1.1708,1.1709,1.1708,1.1708,19448.1,32
2025-07-09 15:30:00,1.1709,1.171,1.1708,1.1709,19244.0,45
2025-07-09 15:32:00,1.1709,1.1711,1.1709,1.1711,34318.5,80
2025-07-09 15:34:00,1.1711,1.1711,1.171,1.1711,81358.5,87
2025-07-09 15:36:00,1.171,1.1711,1.171,1.1711,8741.3,31
2025-07-09 15:38:00,1.1711,1.1711,1.1709,1.171,25812.3,56
2025-07-09 15:40:00,1.1709,1.171,1.1709,1.171,5135.4,27
2025-07-09 15:42:00,1.171,1.1711,1.1709,1.1711,23533.300000000003,35
2025-07-09 15:44:00,1.171,1.1711,1.171,1.171,12858.800000000001,37
2025-07-09 15:46:00,1.171,1.1711,1.1709,1.171,24851.899999999998,47
2025-07-09 15:48:00,1.1709,1.171,1.1709,1.171,11842.3,31
2025-07-09 15:50:00,1.171,1.171,1.1709,1.1709,7384.8,27
2025-07-09 15:52:00,1.1709,1.1709,1.1708,1.1709,14094.5,42
2025-07-09 15:54:00,1.1709,1.1709,1.1707,1.1707,16017.2,27
2025-07-09 15:56:00,1.1708,1.1708,1.1707,1.1707,7510.5,26
2025-07-09 15:58:00,1.1707,1.1709,1.1707,1.1709,57493.4,59
2025-07-09 16:00:00,1.1709,1.1711,1.1708,1.1711,78911.2,58
2025-07-09 16:02:00,1.1711,1.1711,1.1709,1.1709,29528.899999999998,80
2025-07-09 16:04:00,1.1709,1.171,1.1708,1.1708,23113.0,59
2025-07-09 16:06:00,1.1708,1.1709,1.1708,1.1708,22785.1,45
2025-07-09 16:08:00,1.1709,1.171,1.1708,1.1709,62597.7,52
2025-07-09 16:10:00,1.1709,1.171,1.1708,1.1709,33439.0,68
2025-07-09 16:12:00,1.1709,1.171,1.1709,1.1709,18109.1,33
2025-07-09 16:14:00,1.1709,1.171,1.1708,1.171,11586.400000000001,34
2025-07-09 16:16:00,1.1709,1.171,1.1709,1.1709,17313.0,36
2025-07-09 16:18:00,1.1709,1.1709,1.1707,1.1708,47627.2,87
2025-07-09 16:20:00,1.1708,1.1708,1.1706,1.1707,14978.199999999999,37
2025-07-09 16:22:00,1.1707,1.1707,1.1705,1.1705,9189.1,66
2025-07-09 16:24:00,1.1705,1.1707,1.1705,1.1707,94961.7,90
2025-07-09 16:26:00,1.1706,1.1707,1.1703,1.1703,123031.40000000001,175
2025-07-09 16:28:00,1.1703,1.1704,1.1703,1.1703,7218.6,57
2025-07-09 16:30:00,1.1704,1.1706,1.1703,1.1706,82248.7,93
2025-07-09 16:32:00,1.1706,1.1706,1.1705,1.1706,15943.2,72
2025-07-09 16:34:00,1.1705,1.1706,1.1705,1.1705,16232.0,46
2025-07-09 16:36:00,1.1705,1.1705,1.1704,1.1704,33960.2,62
2025-07-09 16:38:00,1.1705,1.1705,1.1704,1.1704,45209.9,71
2025-07-09 16:40:00,1.1705,1.1707,1.1704,1.1705,102930.9,66
2025-07-09 16:42:00,1.1705,1.1707,1.1705,1.1706,52793.0,57
2025-07-09 16:44:00,1.1706,1.1707,1.1705,1.1706,9204.3,39
2025-07-09 16:46:00,1.1705,1.1706,1.1705,1.1706,15238.8,50
2025-07-09 16:48:00,1.1706,1.1706,1.1705,1.1706,35414.1,66
2025-07-09 16:50:00,1.1705,1.1707,1.1705,1.1706,32351.3,39
2025-07-09 16:52:00,1.1707,1.1707,1.1704,1.1705,61689.0,84
2025-07-09 16:54:00,1.1704,1.1706,1.1704,1.1705,14437.6,27
2025-07-09 16:56:00,1.1705,1.1705,1.1704,1.1704,115563.8,35
2025-07-09 16:58:00,1.1705,1.1705,1.1704,1.1704,60078.3,67
2025-07-09 17:00:00,1.1704,1.1705,1.1704,1.1705,23175.2,41
2025-07-09 17:02:00,1.1704,1.1706,1.1704,1.1706,187230.5,180
2025-07-09 17:04:00,1.1705,1.1706,1.1704,1.1706,120835.9,89
2025-07-09 17:06:00,1.1707,1.1708,1.1706,1.1706,94897.1,94
2025-07-09 17:08:00,1.1707,1.1709,1.1706,1.1709,154222.3,86
2025-07-09 17:10:00,1.1709,1.171,1.1708,1.1709,10183.6,34
2025-07-09 17:12:00,1.171,1.1711,1.1709,1.171,15115.6,40
2025-07-09 17:14:00,1.1711,1.1711,1.1708,1.1708,127036.90000000001,80
2025-07-09 17:16:00,1.1708,1.171,1.1708,1.1709,39618.5,49
2025-07-09 17:18:00,1.1709,1.1711,1.1709,1.171,55192.5,50
2025-07-09 17:20:00,1.171,1.1711,1.1709,1.1709,95088.0,63
2025-07-09 17:22:00,1.171,1.171,1.1709,1.1709,46730.5,88
2025-07-09 17:24:00,1.1709,1.1711,1.1708,1.1711,128537.7,92
2025-07-09 17:26:00,1.171,1.1711,1.171,1.1711,97353.4,34
2025-07-09 17:28:00,1.171,1.1711,1.171,1.1711,28544.2,47
2025-07-09 17:30:00,1.171,1.1711,1.171,1.1711,10344.8,35
2025-07-09 17:32:00,1.1711,1.1711,1.1709,1.171,194012.6,66
2025-07-09 17:34:00,1.171,1.171,1.1709,1.1709,51368.7,78
2025-07-09 17:36:00,1.1709,1.171,1.1707,1.1707,27406.4,49
2025-07-09 17:38:00,1.1707,1.1709,1.1707,1.1709,137651.1,93
2025-07-09 17:40:00,1.1708,1.1709,1.1707,1.1707,7220.0,27
2025-07-09 17:42:00,1.1707,1.1709,1.1707,1.1709,78183.6,66
2025-07-09 17:44:00,1.1709,1.1709,1.1707,1.1708,166944.2,117
2025-07-09 17:46:00,1.1708,1.1709,1.1708,1.1709,14174.300000000001,46
2025-07-09 17:48:00,1.1708,1.1709,1.1708,1.1708,8474.7,25
2025-07-09 17:50:00,1.1708,1.171,1.1708,1.1709,62979.0,42
2025-07-09 17:52:00,1.171,1.1711,1.1709,1.171,47630.1,72
2025-07-09 17:54:00,1.171,1.1711,1.171,1.171,14051.800000000001,23
2025-07-09 17:56:00,1.171,1.1711,1.1709,1.1709,59640.3,60
2025-07-09 17:58:00,1.171,1.1711,1.1709,1.1709,73491.0,51
2025-07-09 18:00:00,1.171,1.1713,1.1709,1.1712,68224.2,116
2025-07-09 18:02:00,1.1712,1.1712,1.1707,1.1709,103409.8,63
2025-07-09 18:04:00,1.1709,1.1714,1.1709,1.1712,115770.6,74
2025-07-09 18:06:00,1.1712,1.1715,1.1711,1.1714,79564.09999999999,45
2025-07-09 18:08:00,1.1715,1.172,1.1715,1.1718,869227.9,693
2025-07-09 18:10:00,1.1719,1.1719,1.1715,1.1718,554556.9,501
2025-07-09 18:12:00,1.1718,1.172,1.1717,1.1719,228652.69999999998,238
2025-07-09 18:14:00,1.1719,1.172,1.1718,1.1719,104541.2,121
2025-07-09 18:16:00,1.1718,1.1719,1.1717,1.1717,66253.3,53
2025-07-09 18:18:00,1.1717,1.1718,1.1716,1.1717,65424.8,57
2025-07-09 18:20:00,1.1717,1.1719,1.1717,1.1719,28375.2,45
2025-07-09 18:22:00,1.1719,1.172,1.1718,1.1719,168840.8,104
2025-07-09 18:24:00,1.1718,1.1719,1.1718,1.1718,29599.3,57
2025-07-09 18:26:00,1.1718,1.1719,1.1718,1.1719,26796.2,44
2025-07-09 18:28:00,1.1718,1.1719,1.1718,1.1719,8788.2,36
2025-07-09 18:30:00,1.1719,1.1719,1.1716,1.1716,61383.7,82
2025-07-09 18:32:00,1.1717,1.1717,1.1716,1.1716,15194.8,36
2025-07-09 18:34:00,1.1717,1.1717,1.1715,1.1715,12747.1,35
2025-07-09 18:36:00,1.1715,1.1716,1.1714,1.1715,28916.1,43
2025-07-09 18:38:00,1.1715,1.1715,1.1713,1.1714,75092.3,73
2025-07-09 18:40:00,1.1713,1.1714,1.1713,1.1714,53801.3,74
2025-07-09 18:42:00,1.1713,1.1713,1.1712,1.1712,11045.2,37
2025-07-09 18:44:00,1.1713,1.1713,1.1711,1.1712,17529.3,55
2025-07-09 18:46:00,1.1712,1.1714,1.1712,1.1713,12447.2,38
2025-07-09 18:48:00,1.1714,1.1715,1.1713,1.1714,33121.7,52
2025-07-09 18:50:00,1.1715,1.1715,1.1714,1.1714,12506.8,27
2025-07-09 18:52:00,1.1715,1.1715,1.1714,1.1715,18173.0,32
2025-07-09 18:54:00,1.1715,1.1716,1.1714,1.1715,5897.9,29
2025-07-09 18:56:00,1.1715,1.1717,1.1715,1.1716,20282.5,39
2025-07-09 18:58:00,1.1717,1.1717,1.1716,1.1716,14778.900000000001,36
2025-07-09 19:00:00,1.1715,1.1717,1.1715,1.1716,15119.199999999999,55
2025-07-09 19:02:00,1.1717,1.1717,1.1716,1.1717,6766.1,30
2025-07-09 19:04:00,1.1717,1.1717,1.1716,1.1716,7916.8,39
2025-07-09 19:06:00,1.1716,1.1718,1.1716,1.1717,23938.5,56
2025-07-09 19:08:00,1.1717,1.1718,1.1717,1.1717,9379.9,28
2025-07-09 19:10:00,1.1717,1.1718,1.1717,1.1717,4253.1,25
2025-07-09 19:12:00,1.1718,1.1719,1.1717,1.1718,12070.5,37
2025-07-09 19:14:00,1.1719,1.1719,1.1718,1.1719,15781.6,37
2025-07-09 19:16:00,1.1719,1.172,1.1718,1.1719,34869.1,44
2025-07-09 19:18:00,1.172,1.1721,1.1719,1.1721,54800.8,72
2025-07-09 19:20:00,1.1721,1.1721,1.172,1.172,70865.7,48
2025-07-09 19:22:00,1.172,1.1721,1.172,1.1721,30429.0,53
2025-07-09 19:24:00,1.1721,1.1724,1.172,1.1724,210684.2,159
2025-07-09 19:26:00,1.1723,1.1725,1.1723,1.1724,24663.5,129
2025-07-09 19:28:00,1.1724,1.1726,1.1724,1.1726,32967.5,60
2025-07-09 19:30:00,1.1726,1.1726,1.1724,1.1724,223069.2,152
2025-07-09 19:32:00,1.1724,1.1725,1.1722,1.1723,150553.2,169
2025-07-09 19:34:00,1.1722,1.1723,1.1722,1.1723,120898.1,96
2025-07-09 19:36:00,1.1722,1.1729,1.1722,1.1726,1392766.5,1701
2025-07-09 19:38:00,1.1727,1.1728,1.1725,1.1726,221654.9,340
2025-07-09 19:40:00,1.1726,1.1729,1.1724,1.1728,3228897.3,2437
2025-07-09 19:42:00,1.1728,1.1728,1.1723,1.1727,394154.0,365
2025-07-09 19:44:00,1.1726,1.1728,1.1725,1.1728,245455.6,272
2025-07-09 19:46:00,1.1727,1.1729,1.1726,1.1726,240020.9,248
2025-07-09 19:48:00,1.1726,1.1727,1.1725,1.1726,263494.3,110
2025-07-09 19:50:00,1.1727,1.1727,1.1726,1.1727,233309.8,230
2025-07-09 19:52:00,1.1727,1.173,1.1725,1.1728,1084200.3,2584
2025-07-09 19:54:00,1.1729,1.173,1.1726,1.1726,604092.2,501
2025-07-09 19:56:00,1.1726,1.1728,1.1725,1.1725,583631.4,1132
2025-07-09 19:58:00,1.1726,1.1726,1.1725,1.1726,132151.4,134
2025-07-09 20:00:00,1.1725,1.1728,1.1725,1.1726,850797.6,2126
2025-07-09 20:02:00,1.1726,1.1726,1.1725,1.1726,57594.1,147
2025-07-09 20:04:00,1.1725,1.1726,1.1724,1.1724,96116.9,227
2025-07-09 20:06:00,1.1725,1.1725,1.1719,1.1721,191037.5,195
2025-07-09 20:08:00,1.1721,1.1722,1.1718,1.1719,447331.7,317
2025-07-09 20:10:00,1.1718,1.172,1.1717,1.1718,172242.1,174
2025-07-09 20:12:00,1.1719,1.1721,1.1718,1.1721,76843.1,67
2025-07-09 20:14:00,1.172,1.1722,1.172,1.1722,72450.7,91
2025-07-09 20:16:00,1.1722,1.1722,1.1721,1.1722,12205.5,49
2025-07-09 20:18:00,1.1721,1.1723,1.1721,1.1723,76182.6,87
2025-07-09 20:20:00,1.1722,1.1723,1.1721,1.1721,113480.7,129
2025-07-09 20:22:00,1.1721,1.1721,1.1716,1.1717,120544.2,98
2025-07-09 20:24:00,1.1716,1.1718,1.1716,1.1717,115494.9,137
2025-07-09 20:26:00,1.1717,1.172,1.1717,1.1717,138181.0,109
2025-07-09 20:28:00,1.1718,1.1718,1.1717,1.1718,23389.2,48
2025-07-09 20:30:00,1.1717,1.1718,1.1717,1.1717,128122.6,67
2025-07-09 20:32:00,1.1717,1.1717,1.1716,1.1717,59629.3,65
2025-07-09 20:34:00,1.1716,1.1717,1.1716,1.1716,198944.7,181
2025-07-09 20:36:00,1.1717,1.1719,1.1716,1.1719,119440.4,215
2025-07-09 20:38:00,1.1719,1.172,1.1718,1.1719,211758.8,242
2025-07-09 20:40:00,1.1719,1.172,1.1718,1.172,94977.3,125
2025-07-09 20:42:00,1.172,1.1721,1.1719,1.1721,61816.0,111
2025-07-09 20:44:00,1.1721,1.1722,1.172,1.1722,37010.8,69
2025-07-09 20:46:00,1.1722,1.1724,1.1721,1.1723,93135.6,110
2025-07-09 20:48:00,1.1723,1.1726,1.1723,1.1726,168385.2,120
2025-07-09 20:50:00,1.1726,1.1726,1.1725,1.1726,34762.4,47
2025-07-09 20:52:00,1.1726,1.1728,1.1725,1.1728,98407.5,108
2025-07-09 20:54:00,1.1728,1.1729,1.1727,1.1728,113463.7,141
2025-07-09 20:56:00,1.1728,1.173,1.1728,1.1728,121401.4,117
2025-07-09 20:58:00,1.1729,1.1729,1.1726,1.1726,222285.4,110
2025-07-09 21:00:00,1.1726,1.1727,1.1726,1.1727,35759.0,60
2025-07-09 21:02:00,1.1727,1.1727,1.1726,1.1726,48562.1,50
2025-07-09 21:04:00,1.1725,1.1726,1.1719,1.1719,315324.3,212
2025-07-09 21:06:00,1.172,1.172,1.1719,1.172,62860.1,93
2025-07-09 21:08:00,1.172,1.172,1.1717,1.1717,84809.59999999999,63
2025-07-09 21:10:00,1.1718,1.1718,1.1716,1.1717,79513.8,86
2025-07-09 21:12:00,1.1716,1.1717,1.1714,1.1714,152869.6,285
2025-07-09 21:14:00,1.1714,1.1715,1.1714,1.1715,30817.600000000002,60
2025-07-09 21:16:00,1.1714,1.1715,1.1714,1.1714,27772.4,62
2025-07-09 21:18:00,1.1714,1.1715,1.1714,1.1714,45454.1,71
2025-07-09 21:20:00,1.1715,1.1715,1.1714,1.1714,21673.3,60
2025-07-09 21:22:00,1.1715,1.1715,1.1714,1.1714,26822.3,89
2025-07-09 21:24:00,1.1715,1.1715,1.1714,1.1715,63161.4,68
2025-07-09 21:26:00,1.1715,1.1715,1.1714,1.1714,36767.2,63
2025-07-09 21:28:00,1.1715,1.1715,1.1714,1.1714,14118.3,68
2025-07-09 21:30:00,1.1715,1.1715,1.1714,1.1715,25970.3,63
2025-07-09 21:32:00,1.1715,1.1715,1.1714,1.1714,20476.0,56
2025-07-09 21:34:00,1.1714,1.1715,1.1714,1.1715,16429.8,50
2025-07-09 21:36:00,1.1715,1.1715,1.1714,1.1714,19554.0,45
2025-07-09 21:38:00,1.1715,1.1716,1.1714,1.1716,21326.0,62
2025-07-09 21:40:00,1.1716,1.1719,1.1715,1.1719,217774.8,107
2025-07-09 21:42:00,1.1718,1.1728,1.1715,1.1718,276248.1,460
2025-07-09 21:44:00,1.1717,1.1719,1.1716,1.1719,23516.9,77
2025-07-09 21:46:00,1.1719,1.172,1.1717,1.1718,14295.9,58
2025-07-09 21:48:00,1.1718,1.172,1.1716,1.1718,18990.9,102
2025-07-09 21:50:00,1.1719,1.172,1.1716,1.1718,22542.9,53
2025-07-09 21:52:00,1.172,1.172,1.1717,1.1718,10693.4,41
2025-07-09 21:54:00,1.1718,1.172,1.1718,1.1719,5997.3,36
2025-07-09 21:56:00,1.1719,1.1719,1.1718,1.1719,7030.900000000001,36
2025-07-09 21:58:00,1.1718,1.1721,1.1718,1.1721,85178.2,90
2025-07-09 22:00:00,1.1721,1.1722,1.172,1.1722,12041.0,51
2025-07-09 22:02:00,1.1721,1.1723,1.1721,1.1723,30181.2,73
2025-07-09 22:04:00,1.1722,1.1723,1.1722,1.1723,22122.8,58
2025-07-09 22:06:00,1.1723,1.1724,1.1723,1.1723,61102.5,105
2025-07-09 22:08:00,1.1722,1.1723,1.1722,1.1723,17476.8,53
2025-07-09 22:10:00,1.1723,1.1724,1.1722,1.1723,41172.1,83
2025-07-09 22:12:00,1.1723,1.1724,1.1723,1.1723,34658.3,84
2025-07-09 22:14:00,1.1723,1.1724,1.1723,1.1723,71520.1,108
2025-07-09 22:16:00,1.1723,1.1724,1.1722,1.1723,53766.3,93
2025-07-09 22:18:00,1.1723,1.1723,1.1722,1.1722,17259.3,36
2025-07-09 22:20:00,1.1723,1.1724,1.1722,1.1723,23635.3,46
2025-07-09 22:22:00,1.1723,1.1724,1.1723,1.1723,19813.1,39
2025-07-09 22:24:00,1.1723,1.1724,1.1723,1.1724,57453.0,38
2025-07-09 22:26:00,1.1723,1.1724,1.1723,1.1724,9283.4,35
2025-07-09 22:28:00,1.1724,1.1724,1.1723,1.1724,4755.7,32
2025-07-09 22:30:00,1.1723,1.1724,1.1723,1.1724,10012.2,44
2025-07-09 22:32:00,1.1723,1.1724,1.1723,1.1724,7692.5,32
2025-07-09 22:34:00,1.1724,1.1725,1.1723,1.1723,60871.0,326
2025-07-09 22:36:00,1.1724,1.1724,1.1723,1.1723,14248.5,39
2025-07-09 22:38:00,1.1723,1.1724,1.1723,1.1723,11138.9,45
2025-07-09 22:40:00,1.1723,1.1724,1.1723,1.1723,30752.7,79
2025-07-09 22:42:00,1.1724,1.1724,1.1723,1.1723,15248.4,26
2025-07-09 22:44:00,1.1723,1.1724,1.1723,1.1723,11834.1,27
2025-07-09 22:46:00,1.1723,1.1724,1.172,1.1724,82879.1,63
2025-07-09 22:48:00,1.1723,1.1724,1.1723,1.1723,20640.0,60
2025-07-09 22:50:00,1.1724,1.1724,1.1722,1.1723,31524.6,65
2025-07-09 22:52:00,1.1723,1.1724,1.1722,1.1722,54089.9,90
2025-07-09 22:54:00,1.1723,1.1724,1.1722,1.1723,44612.0,66
2025-07-09 22:56:00,1.1724,1.1724,1.1723,1.1724,29822.1,72
2025-07-09 22:58:00,1.1723,1.1725,1.1723,1.1725,27032.9,45
2025-07-09 23:00:00,1.1724,1.1725,1.1724,1.1725,8326.8,19
2025-07-09 23:02:00,1.1724,1.1725,1.1724,1.1725,36772.4,59
2025-07-09 23:04:00,1.1725,1.1725,1.1724,1.1725,19833.4,30
2025-07-09 23:06:00,1.1725,1.1725,1.1724,1.1724,13354.3,26
2025-07-09 23:08:00,1.1724,1.1725,1.1724,1.1725,3098.5,21
2025-07-09 23:10:00,1.1725,1.1725,1.1724,1.1725,15648.199999999999,47
2025-07-09 23:12:00,1.1724,1.1725,1.1724,1.1725,3685.1,24
2025-07-09 23:14:00,1.1725,1.1725,1.1724,1.1725,30886.4,70
2025-07-09 23:16:00,1.1725,1.1726,1.1724,1.1726,32139.7,54
2025-07-09 23:18:00,1.1726,1.1726,1.1725,1.1726,8969.7,15
2025-07-09 23:20:00,1.1725,1.1727,1.1725,1.1727,21652.0,15
2025-07-09 23:22:00,1.1726,1.1727,1.1726,1.1727,20526.4,30
2025-07-09 23:24:00,1.1727,1.1727,1.1726,1.1727,7797.5,25
2025-07-09 23:26:00,1.1727,1.1728,1.1726,1.1728,19649.4,30
2025-07-09 23:28:00,1.1728,1.1728,1.1727,1.1727,5927.2,19
2025-07-09 23:30:00,1.1728,1.1728,1.1728,1.1728,3505.7000000000003,17
2025-07-09 23:32:00,1.1728,1.1728,1.1727,1.1727,8244.0,19
2025-07-09 23:34:00,1.1727,1.1729,1.1727,1.1728,100976.2,114
2025-07-09 23:36:00,1.1728,1.1729,1.1728,1.1729,44535.1,50
2025-07-09 23:38:00,1.1729,1.1732,1.1729,1.1732,44914.7,80
2025-07-09 23:40:00,1.1731,1.1732,1.173,1.173,47286.6,51
2025-07-09 23:42:00,1.1731,1.1731,1.173,1.173,4144.6,16
2025-07-09 23:44:00,1.173,1.1731,1.173,1.1731,1168.8,16
2025-07-09 23:46:00,1.1731,1.1731,1.173,1.1731,9394.5,30
2025-07-09 23:48:00,1.173,1.1731,1.173,1.1731,23572.1,21
2025-07-09 23:50:00,1.173,1.1733,1.173,1.1732,73594.1,116
2025-07-09 23:52:00,1.1732,1.1732,1.1731,1.1731,8536.6,20
2025-07-09 23:54:00,1.1732,1.1732,1.1731,1.1731,12661.300000000001,24
2025-07-09 23:56:00,1.173,1.1731,1.173,1.1731,2338.4,18
2025-07-09 23:58:00,1.1731,1.1737,1.173,1.1737,112743.1,239
2025-07-10 00:00:00,1.1736,1.1737,1.1734,1.1736,12281.4,43
2025-07-10 00:02:00,1.1736,1.174,1.1735,1.1739,52286.799999999996,81
2025-07-10 00:04:00,1.1738,1.1741,1.1737,1.174,53015.6,164
2025-07-10 00:06:00,1.174,1.1742,1.174,1.1741,23508.6,61
2025-07-10 00:08:00,1.1741,1.1742,1.1741,1.1741,11384.6,17
2025-07-10 00:10:00,1.1742,1.1746,1.1742,1.1746,9614.2,29
2025-07-10 00:12:00,1.1746,1.1746,1.1742,1.1743,28192.6,61
2025-07-10 00:14:00,1.1743,1.1743,1.1741,1.1741,38143.3,54
2025-07-10 00:16:00,1.1741,1.1742,1.174,1.174,16900.3,30
2025-07-10 00:18:00,1.1742,1.1743,1.1742,1.1742,11700.5,27
2025-07-10 00:20:00,1.1742,1.1743,1.1741,1.1743,36596.1,60
2025-07-10 00:22:00,1.1742,1.1744,1.1742,1.1744,17655.6,31
2025-07-10 00:24:00,1.1744,1.1746,1.1743,1.1744,44522.8,59
2025-07-10 00:26:00,1.1744,1.1745,1.1744,1.1745,3039.1,11
2025-07-10 00:28:00,1.1745,1.1746,1.1744,1.1746,11622.6,31
2025-07-10 00:30:00,1.1746,1.1746,1.1745,1.1745,14274.7,139
2025-07-10 00:32:00,1.1745,1.1746,1.1744,1.1745,14245.2,38
2025-07-10 00:34:00,1.1744,1.1746,1.1744,1.1746,25380.3,54
2025-07-10 00:36:00,1.1746,1.1746,1.1745,1.1746,35654.0,60
2025-07-10 00:38:00,1.1746,1.1747,1.1745,1.1745,12481.1,31
2025-07-10 00:40:00,1.1744,1.1746,1.1744,1.1746,8332.0,22
2025-07-10 00:42:00,1.1745,1.1748,1.1745,1.1747,34806.6,75
2025-07-10 00:44:00,1.1747,1.1748,1.1744,1.1745,25575.9,73
2025-07-10 00:46:00,1.1745,1.1745,1.1744,1.1745,7945.3,17
2025-07-10 00:48:00,1.1745,1.1746,1.1745,1.1746,4098.2,12
2025-07-10 00:50:00,1.1746,1.1746,1.1744,1.1744,3843.9,20
2025-07-10 00:52:00,1.1745,1.1745,1.1742,1.1742,13574.400000000001,22
2025-07-10 00:54:00,1.1742,1.1744,1.1741,1.1743,14019.1,32
2025-07-10 00:56:00,1.1743,1.1744,1.1742,1.1743,10590.3,22
2025-07-10 00:58:00,1.1743,1.1744,1.1743,1.1743,4821.1,9
2025-07-10 01:00:00,1.1743,1.1744,1.1742,1.1744,30957.4,102
2025-07-10 01:02:00,1.1743,1.1744,1.1742,1.1743,4518.2,18
2025-07-10 01:04:00,1.1742,1.1743,1.1742,1.1742,7921.8,21
2025-07-10 01:06:00,1.1742,1.1743,1.1742,1.1743,17447.0,40
2025-07-10 01:08:00,1.1743,1.1743,1.174,1.1741,7663.6,22
2025-07-10 01:10:00,1.174,1.1741,1.1739,1.1739,7126.8,15
2025-07-10 01:12:00,1.174,1.174,1.1739,1.1739,5691.2,30
2025-07-10 01:14:00,1.1739,1.1739,1.1738,1.1738,3915.5,14
2025-07-10 01:16:00,1.1739,1.1739,1.1738,1.1738,4481.3,12
2025-07-10 01:18:00,1.1738,1.1739,1.1738,1.1738,8167.1,28
2025-07-10 01:20:00,1.1738,1.1739,1.1738,1.1738,2727.7,13
2025-07-10 01:22:00,1.1739,1.1739,1.1738,1.1738,3141.9,14
2025-07-10 01:24:00,1.1738,1.1738,1.1737,1.1738,4459.9,6
2025-07-10 01:26:00,1.1738,1.1738,1.1737,1.1738,10240.8,11
2025-07-10 01:28:00,1.1739,1.1739,1.1738,1.1739,5602.8,13
2025-07-10 01:30:00,1.1739,1.1741,1.1739,1.1741,16233.7,18
2025-07-10 01:32:00,1.1741,1.1741,1.174,1.1741,2961.1,11
2025-07-10 01:34:00,1.174,1.1741,1.174,1.1741,4673.900000000001,17
2025-07-10 01:36:00,1.1741,1.1741,1.1739,1.1739,5220.9,26
2025-07-10 01:38:00,1.174,1.1741,1.1739,1.1741,5995.2,11
2025-07-10 01:40:00,1.1742,1.1744,1.1741,1.1743,14372.800000000001,25
2025-07-10 01:42:00,1.1744,1.1744,1.1743,1.1743,1863.3,14
2025-07-10 01:44:00,1.1743,1.1743,1.1741,1.1742,4372.6,20
2025-07-10 01:46:00,1.1742,1.1742,1.1741,1.1741,1329.6,10
2025-07-10 01:48:00,1.1741,1.1742,1.1741,1.1741,2022.6,14
2025-07-10 01:50:00,1.1741,1.1741,1.174,1.174,1024.5,6
2025-07-10 01:52:00,1.174,1.1741,1.174,1.174,10519.6,9
2025-07-10 01:54:00,1.1741,1.1742,1.174,1.1742,2422.7999999999997,14
2025-07-10 01:56:00,1.1741,1.1742,1.174,1.1741,29884.5,30
2025-07-10 01:58:00,1.1741,1.1741,1.1736,1.1741,132376.7,56
2025-07-10 02:00:00,1.1741,1.1742,1.1741,1.1742,16464.6,67
2025-07-10 02:02:00,1.1742,1.1743,1.1742,1.1743,13804.1,20
2025-07-10 02:04:00,1.1743,1.1743,1.1741,1.1742,13845.8,56
2025-07-10 02:06:00,1.1741,1.1742,1.1741,1.1741,57320.9,62
2025-07-10 02:08:00,1.1741,1.1741,1.174,1.1741,137144.3,55
2025-07-10 02:10:00,1.1741,1.1742,1.1739,1.1742,32243.6,44
2025-07-10 02:12:00,1.1742,1.1743,1.1741,1.1743,33437.2,57
2025-07-10 02:14:00,1.1743,1.1743,1.1742,1.1742,6609.0,9
2025-07-10 02:16:00,1.1743,1.1743,1.1742,1.1742,4629.7,13
2025-07-10 02:18:00,1.1742,1.1742,1.1741,1.1742,12176.1,21
2025-07-10 02:20:00,1.1742,1.1742,1.1742,1.1742,9479.8,15
2025-07-10 02:22:00,1.1743,1.1743,1.174,1.1743,69787.5,21
2025-07-10 02:24:00,1.1742,1.1743,1.1742,1.1743,22891.5,41
2025-07-10 02:26:00,1.1743,1.1744,1.1742,1.1744,29818.0,31
2025-07-10 02:28:00,1.1743,1.1744,1.1742,1.1743,34477.100000000006,24
2025-07-10 02:30:00,1.1743,1.1745,1.1742,1.1745,39068.6,200
2025-07-10 02:32:00,1.1745,1.1745,1.1744,1.1744,15242.4,25
2025-07-10 02:34:00,1.1744,1.1747,1.1744,1.1747,18672.5,48
2025-07-10 02:36:00,1.1746,1.1746,1.1744,1.1745,6480.4,25
2025-07-10 02:38:00,1.1745,1.1745,1.1744,1.1744,4282.4,17
2025-07-10 02:40:00,1.1745,1.1745,1.1743,1.1743,13281.0,30
2025-07-10 02:42:00,1.1743,1.1743,1.1742,1.1742,8737.4,21
2025-07-10 02:44:00,1.1742,1.1743,1.174,1.174,10552.7,21
2025-07-10 02:46:00,1.1741,1.1741,1.174,1.174,664.7,6
2025-07-10 02:48:00,1.174,1.1741,1.174,1.1741,6543.5,16
2025-07-10 02:50:00,1.1739,1.174,1.1739,1.1739,1030.8,6
2025-07-10 02:52:00,1.1739,1.174,1.1739,1.174,1750.8,10
2025-07-10 02:54:00,1.1739,1.174,1.1739,1.1739,1393.3,14
2025-07-10 02:56:00,1.1739,1.174,1.1739,1.1739,61.5,4
2025-07-10 02:58:00,1.174,1.174,1.1739,1.1739,929.7,10
2025-07-10 03:00:00,1.1739,1.174,1.1739,1.174,4931.3,28
2025-07-10 03:02:00,1.174,1.174,1.1739,1.174,4724.8,14
2025-07-10 03:04:00,1.1739,1.1739,1.1738,1.1739,6221.7,11
2025-07-10 03:06:00,1.1738,1.1739,1.1738,1.1738,5228.4,11
2025-07-10 03:08:00,1.1738,1.1739,1.1738,1.1738,1264.4,8
2025-07-10 03:10:00,1.1739,1.1739,1.1736,1.1737,78837.8,186
2025-07-10 03:12:00,1.1737,1.1739,1.1737,1.1738,3619.2,12
2025-07-10 03:14:00,1.1738,1.1739,1.1738,1.1738,7424.2,9
2025-07-10 03:16:00,1.1738,1.1739,1.1738,1.1738,23296.100000000002,24
2025-07-10 03:18:00,1.1738,1.1739,1.1737,1.1739,6090.8,8
2025-07-10 03:20:00,1.1738,1.1739,1.1738,1.1739,482.0,9
2025-07-10 03:22:00,1.1739,1.1741,1.1738,1.174,37384.7,65
2025-07-10 03:24:00,1.1739,1.1739,1.1738,1.1738,871.3,6
2025-07-10 03:26:00,1.1738,1.1738,1.1737,1.1737,6423.3,18
2025-07-10 03:28:00,1.1737,1.1738,1.1737,1.1737,2173.4,12
2025-07-10 03:30:00,1.1738,1.1738,1.1737,1.1738,25142.5,84
2025-07-10 03:32:00,1.1737,1.1738,1.1737,1.1737,12534.0,24
2025-07-10 03:34:00,1.1738,1.1738,1.1737,1.1738,63949.700000000004,88
2025-07-10 03:36:00,1.1737,1.1738,1.1737,1.1738,5032.6,20
2025-07-10 03:38:00,1.1738,1.1738,1.1737,1.1738,15309.2,16
2025-07-10 03:40:00,1.1738,1.1738,1.1737,1.1738,11589.0,38
2025-07-10 03:42:00,1.1737,1.1738,1.1737,1.1738,11046.4,19
2025-07-10 03:44:00,1.1738,1.1738,1.1737,1.1738,13823.9,20
2025-07-10 03:46:00,1.1738,1.1738,1.1737,1.1737,7798.7,26
2025-07-10 03:48:00,1.1738,1.1738,1.1737,1.1737,6507.9,23
2025-07-10 03:50:00,1.1737,1.1738,1.1737,1.1738,4594.8,25
2025-07-10 03:52:00,1.1738,1.1738,1.1737,1.1737,413.0,5
2025-07-10 03:54:00,1.1738,1.1738,1.1737,1.1737,12397.7,18
2025-07-10 03:56:00,1.1738,1.1738,1.1737,1.1738,2798.4,12
2025-07-10 03:58:00,1.1737,1.1737,1.1736,1.1736,6706.4,16
2025-07-10 04:00:00,1.1736,1.1737,1.1736,1.1736,11803.4,17
2025-07-10 04:02:00,1.1736,1.1737,1.1736,1.1737,10944.8,18
2025-07-10 04:04:00,1.1736,1.1737,1.1735,1.1735,21904.8,37
2025-07-10 04:06:00,1.1735,1.1736,1.1735,1.1735,3651.6000000000004,14
2025-07-10 04:08:00,1.1735,1.1736,1.1735,1.1735,6185.9,16
2025-07-10 04:10:00,1.1735,1.1736,1.1735,1.1735,13026.3,33
2025-07-10 04:12:00,1.1735,1.1736,1.1734,1.1735,15406.2,31
2025-07-10 04:14:00,1.1734,1.1735,1.1734,1.1735,5285.6,12
2025-07-10 04:16:00,1.1734,1.1735,1.1734,1.1735,6246.8,11
2025-07-10 04:18:00,1.1734,1.1735,1.1734,1.1734,1278.1,16
2025-07-10 04:20:00,1.1734,1.1735,1.1734,1.1735,1094.5,10
2025-07-10 04:22:00,1.1735,1.1735,1.1734,1.1735,4244.3,20
2025-07-10 04:24:00,1.1734,1.1735,1.1733,1.1734,8447.300000000001,26
2025-07-10 04:26:00,1.1733,1.1734,1.1733,1.1734,3029.6,15
2025-07-10 04:28:00,1.1734,1.1734,1.1733,1.1734,6352.7,21
2025-07-10 04:30:00,1.1734,1.1734,1.1733,1.1733,4009.8,19
2025-07-10 04:32:00,1.1734,1.1734,1.1733,1.1734,5982.9,30
2025-07-10 04:34:00,1.1734,1.1734,1.1732,1.1732,15421.300000000001,29
2025-07-10 04:36:00,1.1733,1.1736,1.1732,1.1735,33600.8,56
2025-07-10 04:38:00,1.1736,1.1736,1.1735,1.1735,20384.7,35
2025-07-10 04:40:00,1.1734,1.1735,1.1734,1.1735,4676.5,18
2025-07-10 04:42:00,1.1734,1.1735,1.1734,1.1735,5795.2,23
2025-07-10 04:44:00,1.1735,1.1736,1.1735,1.1735,11114.5,39
2025-07-10 04:46:00,1.1736,1.1736,1.1734,1.1734,5581.2,19
2025-07-10 04:48:00,1.1735,1.1735,1.1734,1.1735,4469.4,27
2025-07-10 04:50:00,1.1734,1.1735,1.1734,1.1735,3656.0,26
2025-07-10 04:52:00,1.1735,1.1737,1.1734,1.1737,30540.4,42
2025-07-10 04:54:00,1.1737,1.1737,1.1736,1.1737,10771.2,25
2025-07-10 04:56:00,1.1737,1.1737,1.1736,1.1736,11943.4,24
2025-07-10 04:58:00,1.1737,1.1737,1.1736,1.1737,19244.0,28
2025-07-10 05:00:00,1.1736,1.1738,1.1736,1.1737,33098.5,59
2025-07-10 05:02:00,1.1738,1.1738,1.1737,1.1738,16925.4,32
2025-07-10 05:04:00,1.1737,1.1738,1.1736,1.1736,15693.800000000001,35
2025-07-10 05:06:00,1.1736,1.1737,1.1735,1.1737,49767.3,42
2025-07-10 05:08:00,1.1736,1.1737,1.1736,1.1736,5170.8,22
2025-07-10 05:10:00,1.1736,1.1737,1.1736,1.1736,4776.400000000001,17
2025-07-10 05:12:00,1.1737,1.1737,1.1736,1.1736,10299.300000000001,32
2025-07-10 05:14:00,1.1737,1.1738,1.1736,1.1737,54202.3,66
2025-07-10 05:16:00,1.1737,1.1738,1.1737,1.1737,14677.2,31
2025-07-10 05:18:00,1.1737,1.1738,1.1736,1.1737,37630.1,120
2025-07-10 05:20:00,1.1737,1.1737,1.1737,1.1737,6298.6,60
2025-07-10 05:22:00,1.1737,1.1738,1.1737,1.1737,6628.900000000001,26
2025-07-10 05:24:00,1.1737,1.1738,1.1737,1.1738,56030.2,43
2025-07-10 05:26:00,1.1738,1.1739,1.1738,1.1738,10758.6,36
2025-07-10 05:28:00,1.1739,1.1739,1.1738,1.1738,3908.9,23
2025-07-10 05:30:00,1.1738,1.174,1.1738,1.1739,22996.0,35
2025-07-10 05:32:00,1.174,1.174,1.1739,1.174,7444.6,39
2025-07-10 05:34:00,1.174,1.1741,1.174,1.1741,7874.6,16
2025-07-10 05:36:00,1.1741,1.1741,1.174,1.1741,1668.2,13
2025-07-10 05:38:00,1.174,1.1741,1.174,1.1741,13907.5,21
2025-07-10 05:40:00,1.174,1.1741,1.174,1.1741,6625.6,19
2025-07-10 05:42:00,1.1741,1.1741,1.174,1.1741,5383.7,22
2025-07-10 05:44:00,1.1741,1.1741,1.174,1.1741,8988.0,34
2025-07-10 05:46:00,1.1741,1.1741,1.1739,1.1741,71305.5,143
2025-07-10 05:48:00,1.174,1.1742,1.174,1.1741,37568.6,57
2025-07-10 05:50:00,1.1741,1.1742,1.1741,1.1741,11529.199999999999,30
2025-07-10 05:52:00,1.1741,1.1742,1.1741,1.1741,26729.2,47
2025-07-10 05:54:00,1.1741,1.1742,1.1741,1.1741,7306.7,15
2025-07-10 05:56:00,1.1741,1.1742,1.1741,1.1742,7432.7,35
2025-07-10 05:58:00,1.1742,1.1744,1.1741,1.1742,71892.5,79
2025-07-10 06:00:00,1.1742,1.1742,1.174,1.1741,11546.9,35
2025-07-10 06:02:00,1.1742,1.1744,1.1741,1.1743,15163.4,47
2025-07-10 06:04:00,1.1744,1.1745,1.1742,1.1742,115548.1,120
2025-07-10 06:06:00,1.1742,1.1742,1.174,1.174,160059.1,73
2025-07-10 06:08:00,1.1741,1.1741,1.1738,1.1738,53362.4,62
2025-07-10 06:10:00,1.1738,1.174,1.1738,1.1739,62873.3,102
2025-07-10 06:12:00,1.1739,1.174,1.1739,1.1739,15173.4,50
2025-07-10 06:14:00,1.1739,1.1744,1.1739,1.1743,39522.0,82
2025-07-10 06:16:00,1.1744,1.1744,1.1743,1.1744,10267.5,32
2025-07-10 06:18:00,1.1745,1.1745,1.1744,1.1745,14936.3,25
2025-07-10 06:20:00,1.1744,1.1745,1.1743,1.1743,28572.3,52
2025-07-10 06:22:00,1.1743,1.1743,1.1741,1.1742,20471.6,47
2025-07-10 06:24:00,1.1742,1.1742,1.1741,1.1742,25878.2,33
2025-07-10 06:26:00,1.1741,1.1742,1.1741,1.1742,30595.9,58
2025-07-10 06:28:00,1.1742,1.1742,1.1741,1.1741,7235.7,16
2025-07-10 06:30:00,1.1741,1.1743,1.1741,1.1743,62677.899999999994,62
2025-07-10 06:32:00,1.1742,1.1743,1.174,1.174,47328.6,65
2025-07-10 06:34:00,1.1741,1.1741,1.1737,1.1738,22984.7,37
2025-07-10 06:36:00,1.1737,1.1738,1.1737,1.1738,48473.6,29
2025-07-10 06:38:00,1.1737,1.1738,1.1735,1.1736,9036.5,31
2025-07-10 06:40:00,1.1736,1.1736,1.1735,1.1736,16042.2,27
2025-07-10 06:42:00,1.1735,1.1736,1.1735,1.1735,6705.5,28
2025-07-10 06:44:00,1.1736,1.1736,1.1734,1.1735,11828.2,46
2025-07-10 06:46:00,1.1734,1.1736,1.1734,1.1736,9809.2,27
2025-07-10 06:48:00,1.1735,1.1737,1.1735,1.1737,25877.0,54
2025-07-10 06:50:00,1.1737,1.1739,1.1736,1.1739,7231.6,27
2025-07-10 06:52:00,1.1739,1.1739,1.1738,1.1739,7319.9,22
2025-07-10 06:54:00,1.1739,1.174,1.1738,1.1738,49628.2,78
2025-07-10 06:56:00,1.1738,1.174,1.1738,1.1738,8236.3,38
2025-07-10 06:58:00,1.1738,1.1739,1.1737,1.1737,32025.5,48
2025-07-10 07:00:00,1.1737,1.1738,1.1737,1.1737,22054.7,44
2025-07-10 07:02:00,1.1737,1.1738,1.1735,1.1735,28071.4,58
2025-07-10 07:04:00,1.1735,1.1737,1.1735,1.1736,19292.1,46
2025-07-10 07:06:00,1.1736,1.1738,1.1736,1.1738,12154.6,41
2025-07-10 07:08:00,1.1737,1.1741,1.1737,1.1741,57194.4,123
2025-07-10 07:10:00,1.1741,1.1741,1.174,1.174,48419.5,69
2025-07-10 07:12:00,1.1741,1.1741,1.1738,1.1738,127638.4,157
2025-07-10 07:14:00,1.1739,1.1739,1.1737,1.1737,71253.3,137
2025-07-10 07:16:00,1.1737,1.174,1.1736,1.1739,85426.0,137
2025-07-10 07:18:00,1.174,1.174,1.1738,1.174,75270.3,155
2025-07-10 07:20:00,1.174,1.174,1.1739,1.1739,103503.4,144
2025-07-10 07:22:00,1.1739,1.1741,1.1739,1.1739,81097.3,119
2025-07-10 07:24:00,1.1739,1.174,1.1739,1.174,89672.9,97
2025-07-10 07:26:00,1.174,1.1742,1.1739,1.1739,80538.5,110
2025-07-10 07:28:00,1.1739,1.174,1.1739,1.1739,15074.3,35
2025-07-10 07:30:00,1.1739,1.174,1.1738,1.1738,46860.4,60
2025-07-10 07:32:00,1.1739,1.1739,1.1737,1.1739,51100.0,63
2025-07-10 07:34:00,1.1738,1.174,1.1738,1.1738,17658.3,32
2025-07-10 07:36:00,1.1738,1.1739,1.1736,1.1737,41554.8,70
2025-07-10 07:38:00,1.1737,1.1737,1.1736,1.1736,6494.099999999999,29
2025-07-10 07:40:00,1.1736,1.1737,1.1733,1.1735,22232.899999999998,77
2025-07-10 07:42:00,1.1734,1.1734,1.1732,1.1733,13790.0,43
2025-07-10 07:44:00,1.1733,1.1733,1.1732,1.1733,18126.6,51
2025-07-10 07:46:00,1.1731,1.1732,1.1731,1.1732,18281.4,57
2025-07-10 07:48:00,1.1732,1.1735,1.1731,1.1734,48361.0,85
2025-07-10 07:50:00,1.1735,1.1735,1.1733,1.1734,11648.2,39
2025-07-10 07:52:00,1.1735,1.1735,1.1734,1.1734,14360.0,35
2025-07-10 07:54:00,1.1735,1.1736,1.1734,1.1735,29775.0,44
2025-07-10 07:56:00,1.1735,1.1735,1.1734,1.1735,21815.7,42
2025-07-10 07:58:00,1.1734,1.1735,1.1734,1.1735,27615.6,53
2025-07-10 08:00:00,1.1735,1.1736,1.1735,1.1736,25447.7,67
2025-07-10 08:02:00,1.1735,1.1736,1.1734,1.1735,18882.5,42
2025-07-10 08:04:00,1.1734,1.1735,1.1734,1.1734,9308.6,39
2025-07-10 08:06:00,1.1734,1.1735,1.1733,1.1734,16836.9,40
2025-07-10 08:08:00,1.1733,1.1735,1.1733,1.1735,51161.6,56
2025-07-10 08:10:00,1.1734,1.1735,1.1734,1.1735,20043.8,48
2025-07-10 08:12:00,1.1734,1.1734,1.1732,1.1732,28090.5,65
2025-07-10 08:14:00,1.1732,1.1733,1.1731,1.1732,8862.9,29
2025-07-10 08:16:00,1.1731,1.1731,1.1729,1.1729,18188.1,50
2025-07-10 08:18:00,1.173,1.173,1.1728,1.1728,26827.8,63
2025-07-10 08:20:00,1.1728,1.1729,1.1726,1.1728,23445.1,50
2025-07-10 08:22:00,1.1727,1.1728,1.1727,1.1727,20518.3,80
2025-07-10 08:24:00,1.1727,1.1729,1.1727,1.1728,16946.9,34
2025-07-10 08:26:00,1.1727,1.1728,1.1727,1.1728,13098.8,40
2025-07-10 08:28:00,1.1727,1.1728,1.1727,1.1728,15975.8,39
2025-07-10 08:30:00,1.1727,1.1729,1.1727,1.1729,16554.8,55
2025-07-10 08:32:00,1.1729,1.1729,1.1727,1.1728,41201.2,52
2025-07-10 08:34:00,1.1728,1.1728,1.1726,1.1727,27021.9,55
2025-07-10 08:36:00,1.1727,1.1729,1.1727,1.1729,9265.1,30
2025-07-10 08:38:00,1.1728,1.1729,1.1728,1.1728,14129.2,40
2025-07-10 08:40:00,1.1729,1.1729,1.1728,1.1728,49421.9,77
2025-07-10 08:42:00,1.1728,1.173,1.1728,1.1729,11426.8,41
2025-07-10 08:44:00,1.1729,1.1729,1.1728,1.1728,77183.5,88
2025-07-10 08:46:00,1.1728,1.1729,1.1728,1.1728,26633.699999999997,43
2025-07-10 08:48:00,1.1728,1.1729,1.1728,1.1728,30086.6,44
2025-07-10 08:50:00,1.1728,1.1729,1.1727,1.1728,44868.7,54
2025-07-10 08:52:00,1.1728,1.1728,1.1727,1.1728,19374.8,39
2025-07-10 08:54:00,1.1728,1.1728,1.1726,1.1727,41689.9,68
2025-07-10 08:56:00,1.1726,1.1728,1.1726,1.1728,23397.2,41
2025-07-10 08:58:00,1.1728,1.1729,1.1727,1.1727,29714.1,62
2025-07-10 09:00:00,1.1727,1.1728,1.1727,1.1728,8840.1,36
2025-07-10 09:02:00,1.1727,1.1728,1.1727,1.1727,35753.0,90
2025-07-10 09:04:00,1.1727,1.1729,1.1727,1.1729,32978.1,50
2025-07-10 09:06:00,1.1728,1.173,1.1728,1.1729,20644.8,41
2025-07-10 09:08:00,1.173,1.173,1.1727,1.1727,20699.8,53
2025-07-10 09:10:00,1.1728,1.1728,1.1727,1.1727,11235.0,39
2025-07-10 09:12:00,1.1727,1.1729,1.1727,1.1728,11954.0,39
2025-07-10 09:14:00,1.1729,1.173,1.1728,1.173,10441.6,38
2025-07-10 09:16:00,1.173,1.173,1.1729,1.1729,11412.8,32
2025-07-10 09:18:00,1.173,1.1731,1.1729,1.173,24881.4,42
2025-07-10 09:20:00,1.173,1.1731,1.1729,1.1729,32599.9,46
2025-07-10 09:22:00,1.1729,1.173,1.1728,1.1729,9026.8,45
2025-07-10 09:24:00,1.1729,1.1729,1.1728,1.1728,12696.2,28
2025-07-10 09:26:00,1.1729,1.173,1.1728,1.173,19852.9,57
2025-07-10 09:28:00,1.1729,1.1731,1.1729,1.1731,49406.0,78
2025-07-10 09:30:00,1.173,1.1731,1.1729,1.173,22884.0,37
2025-07-10 09:32:00,1.173,1.1731,1.1729,1.173,12593.6,37
2025-07-10 09:34:00,1.173,1.1731,1.173,1.173,28658.4,42
2025-07-10 09:36:00,1.173,1.1731,1.173,1.1731,6305.7,23
2025-07-10 09:38:00,1.173,1.1731,1.173,1.173,19737.8,52
2025-07-10 09:40:00,1.173,1.1731,1.173,1.1731,11451.2,30
2025-07-10 09:42:00,1.1732,1.1732,1.1731,1.1731,17304.9,44
2025-07-10 09:44:00,1.1732,1.1733,1.1731,1.1733,9942.2,42
2025-07-10 09:46:00,1.1732,1.1733,1.1731,1.1732,23101.5,42
2025-07-10 09:48:00,1.1731,1.1732,1.1731,1.1731,30232.0,48
2025-07-10 09:50:00,1.1732,1.1733,1.1732,1.1732,23586.600000000002,43
2025-07-10 09:52:00,1.1732,1.1734,1.1731,1.1732,204976.2,181
2025-07-10 09:54:00,1.1731,1.1732,1.1729,1.1729,194313.2,103
2025-07-10 09:56:00,1.1729,1.173,1.1729,1.173,62751.5,132
2025-07-10 09:58:00,1.1729,1.173,1.1729,1.173,17100.8,29
2025-07-10 10:00:00,1.1729,1.173,1.1729,1.173,19135.2,34
2025-07-10 10:02:00,1.1729,1.173,1.1729,1.1729,16414.3,39
2025-07-10 10:04:00,1.173,1.173,1.1729,1.1729,13931.6,50
2025-07-10 10:06:00,1.1729,1.173,1.1728,1.1728,11011.7,33
2025-07-10 10:08:00,1.1728,1.1729,1.1728,1.1729,13232.1,51
2025-07-10 10:10:00,1.1729,1.173,1.1728,1.173,15056.9,37
2025-07-10 10:12:00,1.1729,1.1731,1.1728,1.1729,29445.6,74
2025-07-10 10:14:00,1.1729,1.1729,1.1728,1.1729,94460.7,94
2025-07-10 10:16:00,1.1729,1.1729,1.1728,1.1729,35128.1,41
2025-07-10 10:18:00,1.1729,1.1729,1.1728,1.1729,21563.3,43
2025-07-10 10:20:00,1.1729,1.1729,1.1728,1.1728,36675.6,40
2025-07-10 10:22:00,1.1729,1.173,1.1728,1.173,22014.8,30
2025-07-10 10:24:00,1.173,1.173,1.1729,1.173,24076.5,25
2025-07-10 10:26:00,1.173,1.1732,1.1729,1.1731,174673.7,102
2025-07-10 10:28:00,1.1732,1.1733,1.1731,1.1732,8985.1,26
2025-07-10 10:30:00,1.1732,1.1733,1.1732,1.1732,21347.3,41
2025-07-10 10:32:00,1.1733,1.1733,1.1732,1.1732,8332.5,31
2025-07-10 10:34:00,1.1732,1.1733,1.173,1.173,66610.7,72
2025-07-10 10:36:00,1.1731,1.1731,1.173,1.1731,19498.6,47
2025-07-10 10:38:00,1.1731,1.1731,1.173,1.173,15171.3,40
2025-07-10 10:40:00,1.173,1.1732,1.173,1.1732,11587.1,43
2025-07-10 10:42:00,1.1732,1.1732,1.1729,1.173,43201.4,70
2025-07-10 10:44:00,1.173,1.173,1.1729,1.173,18726.7,36
2025-07-10 10:46:00,1.1729,1.173,1.1729,1.1729,14685.699999999999,29
2025-07-10 10:48:00,1.1729,1.1732,1.1729,1.173,14071.3,48
2025-07-10 10:50:00,1.1731,1.1731,1.173,1.1731,14566.5,34
2025-07-10 10:52:00,1.173,1.1731,1.1729,1.1729,21362.5,50
2025-07-10 10:54:00,1.1729,1.173,1.1728,1.1728,11704.6,34
2025-07-10 10:56:00,1.1728,1.1728,1.1726,1.1727,19908.600000000002,40
2025-07-10 10:58:00,1.1727,1.1728,1.1726,1.1726,16482.2,37
2025-07-10 11:00:00,1.1726,1.1727,1.1725,1.1725,14779.9,36
2025-07-10 11:02:00,1.1725,1.1727,1.1725,1.1727,12850.2,25
2025-07-10 11:04:00,1.1727,1.1727,1.1726,1.1726,3996.7,17
2025-07-10 11:06:00,1.1727,1.1727,1.1727,1.1727,4930.7,13
2025-07-10 11:08:00,1.1726,1.1726,1.1724,1.1724,24218.7,26
2025-07-10 11:10:00,1.1725,1.1725,1.172,1.1721,36540.0,71
2025-07-10 11:12:00,1.1721,1.1721,1.1719,1.1719,27952.8,20
2025-07-10 11:14:00,1.1719,1.1721,1.1719,1.172,29303.8,34
2025-07-10 11:16:00,1.1721,1.1721,1.172,1.1721,7349.4,11
2025-07-10 11:18:00,1.172,1.172,1.1719,1.1719,24617.0,21
2025-07-10 11:20:00,1.1719,1.1719,1.1718,1.1719,6918.5,20
2025-07-10 11:22:00,1.1719,1.1719,1.1718,1.1718,13352.0,21
2025-07-10 11:24:00,1.1719,1.1719,1.1718,1.1718,28393.1,31
2025-07-10 11:26:00,1.1718,1.1719,1.1717,1.1719,15537.9,28
2025-07-10 11:28:00,1.1719,1.1719,1.1716,1.1716,348219.7,154
2025-07-10 11:30:00,1.1717,1.1717,1.1714,1.1715,9988.9,31
2025-07-10 11:32:00,1.1715,1.1715,1.1711,1.1711,9176.4,27
2025-07-10 11:34:00,1.1711,1.1712,1.171,1.1711,304340.8,89
2025-07-10 11:36:00,1.171,1.1711,1.1709,1.171,75686.40000000001,80
2025-07-10 11:38:00,1.171,1.1711,1.1709,1.171,123778.7,47
2025-07-10 11:40:00,1.1711,1.1711,1.171,1.171,21177.6,45
2025-07-10 11:42:00,1.171,1.1711,1.1709,1.1711,51780.6,121
2025-07-10 11:44:00,1.1711,1.1711,1.1709,1.171,29128.300000000003,25
2025-07-10 11:46:00,1.171,1.1711,1.171,1.171,33766.4,34
2025-07-10 11:48:00,1.171,1.1711,1.1708,1.1709,81680.90000000001,58
2025-07-10 11:50:00,1.1709,1.1709,1.1707,1.1707,22090.5,40
2025-07-10 11:52:00,1.1707,1.1708,1.1704,1.1705,173373.4,140
2025-07-10 11:54:00,1.1704,1.1705,1.1702,1.1702,105600.5,107
2025-07-10 11:56:00,1.1703,1.1704,1.1702,1.1703,13784.1,23
2025-07-10 11:58:00,1.1703,1.1705,1.1703,1.1705,14453.7,34
2025-07-10 12:00:00,1.1704,1.1708,1.1704,1.1708,22676.3,41
2025-07-10 12:02:00,1.1707,1.1708,1.1706,1.1707,8589.199999999999,34
2025-07-10 12:04:00,1.1707,1.1708,1.1706,1.1707,66655.3,60
2025-07-10 12:06:00,1.1707,1.1708,1.1705,1.1705,28571.4,49
2025-07-10 12:08:00,1.1705,1.1705,1.1703,1.1703,76992.4,104
2025-07-10 12:10:00,1.1704,1.1704,1.1702,1.1703,27166.6,46
2025-07-10 12:12:00,1.1703,1.1706,1.1703,1.1706,27766.0,49
2025-07-10 12:14:00,1.1705,1.1707,1.1705,1.1706,23828.3,43
2025-07-10 12:16:00,1.1707,1.1707,1.1705,1.1706,16847.3,28
2025-07-10 12:18:00,1.1706,1.1707,1.1705,1.1706,36159.8,40
2025-07-10 12:20:00,1.1707,1.1707,1.1704,1.1705,65327.3,72
2025-07-10 12:22:00,1.1705,1.1705,1.1704,1.1705,21742.1,43
2025-07-10 12:24:00,1.1704,1.1706,1.1704,1.1704,58109.9,58
2025-07-10 12:26:00,1.1705,1.1705,1.1703,1.1703,42296.3,87
2025-07-10 12:28:00,1.1703,1.1704,1.1701,1.1702,70369.5,60
2025-07-10 12:30:00,1.1702,1.1703,1.1697,1.1703,147289.2,144
2025-07-10 12:32:00,1.1703,1.1703,1.1699,1.17,72961.2,73
2025-07-10 12:34:00,1.1701,1.1702,1.1699,1.17,36410.3,48
2025-07-10 12:36:00,1.17,1.1701,1.1697,1.1698,24480.9,48
2025-07-10 12:38:00,1.1699,1.1701,1.1698,1.17,52958.5,59
2025-07-10 12:40:00,1.1701,1.1703,1.17,1.1702,36021.7,65
2025-07-10 12:42:00,1.1702,1.1702,1.1699,1.17,23119.9,59
2025-07-10 12:44:00,1.17,1.17,1.1699,1.17,15994.0,41
2025-07-10 12:46:00,1.1699,1.17,1.1699,1.17,8893.5,27
2025-07-10 12:48:00,1.17,1.17,1.1699,1.17,7529.1,16
2025-07-10 12:50:00,1.17,1.1701,1.1699,1.17,17503.1,26
2025-07-10 12:52:00,1.1701,1.1702,1.17,1.1701,19547.5,34
2025-07-10 12:54:00,1.1701,1.1702,1.1698,1.1699,38140.5,46
2025-07-10 12:56:00,1.1698,1.1703,1.1698,1.1701,55869.2,78
2025-07-10 12:58:00,1.1701,1.1702,1.1701,1.1701,16572.5,54
2025-07-10 13:00:00,1.1702,1.1705,1.1701,1.1705,28497.8,62
2025-07-10 13:02:00,1.1705,1.1706,1.1704,1.1705,39139.5,64
2025-07-10 13:04:00,1.1705,1.1707,1.1704,1.1706,27466.5,67
2025-07-10 13:06:00,1.1707,1.1709,1.1706,1.1708,44069.5,59
2025-07-10 13:08:00,1.1708,1.1709,1.1705,1.1705,47672.1,46
2025-07-10 13:10:00,1.1705,1.1705,1.1703,1.1704,44897.6,66
2025-07-10 13:12:00,1.1704,1.1706,1.1702,1.1703,31834.0,60
2025-07-10 13:14:00,1.1704,1.1704,1.1702,1.1704,33669.6,45
2025-07-10 13:16:00,1.1704,1.1706,1.1703,1.1705,80856.6,73
2025-07-10 13:18:00,1.1705,1.1705,1.1701,1.1703,43271.4,77
2025-07-10 13:20:00,1.1703,1.1703,1.1701,1.1701,24059.5,40
2025-07-10 13:22:00,1.1701,1.1702,1.17,1.1701,19959.2,39
2025-07-10 13:24:00,1.17,1.1701,1.1698,1.1698,18557.4,40
2025-07-10 13:26:00,1.1699,1.1699,1.1697,1.1698,19529.8,34
2025-07-10 13:28:00,1.1697,1.1698,1.1696,1.1697,38977.6,51
2025-07-10 13:30:00,1.1697,1.1698,1.1694,1.1695,113781.8,125
2025-07-10 13:32:00,1.1695,1.1695,1.1693,1.1693,59471.1,114
2025-07-10 13:34:00,1.1693,1.1695,1.1689,1.1694,121687.2,129
2025-07-10 13:36:00,1.1694,1.1697,1.1694,1.1697,80705.6,71
2025-07-10 13:38:00,1.1696,1.17,1.1696,1.1699,131330.3,133
2025-07-10 13:40:00,1.1699,1.17,1.1697,1.1698,148848.1,150
2025-07-10 13:42:00,1.1699,1.1699,1.1695,1.1695,63508.9,70
2025-07-10 13:44:00,1.1695,1.1697,1.1693,1.1695,156475.1,112
2025-07-10 13:46:00,1.1693,1.1696,1.1693,1.1694,146946.7,333
2025-07-10 13:48:00,1.1693,1.1695,1.1692,1.1693,92336.4,93
2025-07-10 13:50:00,1.1694,1.1694,1.1688,1.1688,78491.8,116
2025-07-10 13:52:00,1.1687,1.1688,1.1684,1.1687,150565.7,85
2025-07-10 13:54:00,1.1688,1.169,1.1687,1.1687,210592.9,162
2025-07-10 13:56:00,1.1687,1.1692,1.1687,1.169,152931.6,116
2025-07-10 13:58:00,1.1691,1.1691,1.1689,1.1689,42360.299999999996,69
2025-07-10 14:00:00,1.169,1.169,1.1682,1.1683,51203.8,111
2025-07-10 14:02:00,1.1683,1.1687,1.1683,1.1686,101789.3,118
2025-07-10 14:04:00,1.1686,1.1689,1.1684,1.1687,147903.1,138
2025-07-10 14:06:00,1.1687,1.1687,1.1681,1.1682,180934.3,125
2025-07-10 14:08:00,1.1682,1.1685,1.1679,1.1685,240959.9,252
2025-07-10 14:10:00,1.1684,1.1686,1.1682,1.1685,134688.3,86
2025-07-10 14:12:00,1.1684,1.1686,1.1683,1.1686,117082.9,119
2025-07-10 14:14:00,1.1686,1.1688,1.1684,1.1688,124356.5,116
2025-07-10 14:16:00,1.1688,1.1688,1.1684,1.1685,91584.4,101
2025-07-10 14:18:00,1.1686,1.1686,1.1683,1.1684,72236.0,72
2025-07-10 14:20:00,1.1684,1.1685,1.1679,1.168,105852.9,173
2025-07-10 14:22:00,1.168,1.1681,1.167,1.167,116243.2,149
2025-07-10 14:24:00,1.167,1.1674,1.1669,1.167,188294.4,204
2025-07-10 14:26:00,1.1669,1.167,1.1665,1.1667,228119.3,226
2025-07-10 14:28:00,1.1667,1.1668,1.1659,1.1663,243966.0,202
2025-07-10 14:30:00,1.1664,1.1666,1.1663,1.1663,188244.5,146
2025-07-10 14:32:00,1.1663,1.1669,1.1663,1.1668,184649.5,161
2025-07-10 14:34:00,1.1668,1.1671,1.1666,1.1668,339409.5,175
2025-07-10 14:36:00,1.1667,1.1668,1.1663,1.1664,79930.6,90
2025-07-10 14:38:00,1.1663,1.1668,1.1661,1.1667,241179.5,190
2025-07-10 14:40:00,1.1666,1.167,1.1666,1.1669,362903.6,258
2025-07-10 14:42:00,1.1669,1.167,1.1666,1.1668,112729.09999999999,95
2025-07-10 14:44:00,1.1668,1.1671,1.1667,1.167,69017.3,81
2025-07-10 14:46:00,1.167,1.1672,1.1668,1.167,218866.6,138
2025-07-10 14:48:00,1.167,1.1678,1.167,1.1677,102451.2,120
2025-07-10 14:50:00,1.1677,1.1679,1.1674,1.1674,188616.0,127
2025-07-10 14:52:00,1.1674,1.1676,1.1673,1.1675,50518.0,57
2025-07-10 14:54:00,1.1676,1.1677,1.1669,1.1669,198479.1,158
2025-07-10 14:56:00,1.1669,1.1672,1.1669,1.1672,58349.0,75
2025-07-10 14:58:00,1.1672,1.1675,1.1671,1.1675,169719.7,109
2025-07-10 15:00:00,1.1675,1.1679,1.1674,1.1678,221161.9,113
2025-07-10 15:02:00,1.1677,1.1679,1.1675,1.1679,102325.0,114
2025-07-10 15:04:00,1.1679,1.1682,1.1678,1.1681,179443.1,146
2025-07-10 15:06:00,1.1681,1.1682,1.1679,1.1679,121907.2,120
2025-07-10 15:08:00,1.168,1.1681,1.1678,1.1681,218692.4,95
2025-07-10 15:10:00,1.168,1.168,1.1678,1.1679,85260.2,69
2025-07-10 15:12:00,1.168,1.1682,1.1678,1.1678,130846.9,89
2025-07-10 15:14:00,1.1677,1.1678,1.1677,1.1678,157549.0,55
2025-07-10 15:16:00,1.1679,1.1679,1.1676,1.1677,80692.0,46
2025-07-10 15:18:00,1.1677,1.1681,1.1677,1.168,90435.1,87
2025-07-10 15:20:00,1.1681,1.1684,1.1679,1.1683,93209.4,75
2025-07-10 15:22:00,1.1684,1.1684,1.1683,1.1683,188452.2,126
2025-07-10 15:24:00,1.1682,1.1685,1.168,1.1681,56738.8,51
2025-07-10 15:26:00,1.168,1.1682,1.168,1.1681,114714.7,70
2025-07-10 15:28:00,1.1681,1.1682,1.1679,1.1681,112793.5,69
2025-07-10 15:30:00,1.168,1.168,1.1674,1.1674,107952.4,104
2025-07-10 15:32:00,1.1674,1.1676,1.1673,1.1673,201841.9,157
2025-07-10 15:34:00,1.1673,1.1674,1.1671,1.1671,21325.5,33
2025-07-10 15:36:00,1.167,1.1673,1.167,1.1671,82584.5,57
2025-07-10 15:38:00,1.1672,1.1674,1.1671,1.1674,123683.8,99
2025-07-10 15:40:00,1.1673,1.1675,1.1672,1.1675,104103.1,138
2025-07-10 15:42:00,1.1674,1.1678,1.1674,1.1676,45141.6,61
2025-07-10 15:44:00,1.1677,1.168,1.1676,1.1679,64727.8,106
2025-07-10 15:46:00,1.1679,1.1681,1.1679,1.1681,51515.2,147
2025-07-10 15:48:00,1.1682,1.1682,1.1679,1.1679,93481.4,174
2025-07-10 15:50:00,1.1679,1.1682,1.1679,1.168,71350.7,77
2025-07-10 15:52:00,1.168,1.1683,1.1679,1.1681,122664.0,77
2025-07-10 15:54:00,1.1682,1.1683,1.1679,1.168,75751.5,63
2025-07-10 15:56:00,1.1681,1.1685,1.168,1.1684,77105.3,60
2025-07-10 15:58:00,1.1684,1.1684,1.1683,1.1683,41342.8,52
2025-07-10 16:00:00,1.1684,1.1684,1.1682,1.1682,64690.5,77
2025-07-10 16:02:00,1.1682,1.1686,1.1682,1.1682,93589.0,101
2025-07-10 16:04:00,1.1682,1.1683,1.1681,1.1683,20560.6,43
2025-07-10 16:06:00,1.1683,1.1684,1.1682,1.1683,66750.0,52
2025-07-10 16:08:00,1.1683,1.1685,1.1681,1.1681,98468.8,71
2025-07-10 16:10:00,1.1682,1.1683,1.168,1.1682,101651.3,87
2025-07-10 16:12:00,1.1681,1.1682,1.1679,1.168,71926.1,51
2025-07-10 16:14:00,1.1679,1.1681,1.1678,1.1681,47063.3,51
2025-07-10 16:16:00,1.168,1.1681,1.1679,1.168,52539.1,85
2025-07-10 16:18:00,1.1681,1.1682,1.168,1.1682,37379.0,53
2025-07-10 16:20:00,1.1681,1.1682,1.168,1.1681,21194.7,71
2025-07-10 16:22:00,1.1681,1.1684,1.168,1.1684,95815.4,121
2025-07-10 16:24:00,1.1683,1.1686,1.1682,1.1685,358590.2,302
2025-07-10 16:26:00,1.1686,1.1686,1.1684,1.1685,181951.7,155
2025-07-10 16:28:00,1.1686,1.1686,1.1683,1.1684,150258.2,127
2025-07-10 16:30:00,1.1683,1.1683,1.168,1.1681,307658.4,231
2025-07-10 16:32:00,1.1682,1.1683,1.168,1.1681,62526.2,65
2025-07-10 16:34:00,1.1681,1.1682,1.1679,1.1682,105239.0,114
2025-07-10 16:36:00,1.1681,1.1684,1.1681,1.1683,55137.8,73
2025-07-10 16:38:00,1.1683,1.1684,1.1681,1.1682,92908.2,77
2025-07-10 16:40:00,1.1681,1.1682,1.1679,1.168,44420.0,67
2025-07-10 16:42:00,1.168,1.1681,1.1677,1.1678,94616.4,75
2025-07-10 16:44:00,1.1677,1.1679,1.1677,1.1678,66235.8,102
2025-07-10 16:46:00,1.1679,1.1679,1.1677,1.1678,95394.5,80
2025-07-10 16:48:00,1.1678,1.1679,1.1678,1.1679,55998.4,58
2025-07-10 16:50:00,1.1679,1.168,1.1678,1.1679,182973.6,165
2025-07-10 16:52:00,1.1679,1.168,1.1677,1.1679,173366.9,158
2025-07-10 16:54:00,1.1679,1.1683,1.1678,1.1682,119621.6,119
2025-07-10 16:56:00,1.1682,1.1683,1.1681,1.1681,85896.1,118
2025-07-10 16:58:00,1.1682,1.1682,1.168,1.1681,12939.9,45
2025-07-10 17:00:00,1.168,1.1682,1.168,1.1681,83053.2,124
2025-07-10 17:02:00,1.1681,1.1682,1.1679,1.1681,172619.9,197
2025-07-10 17:04:00,1.1681,1.1685,1.1681,1.1685,169788.5,170
2025-07-10 17:06:00,1.1684,1.1686,1.1684,1.1685,102762.6,160
2025-07-10 17:08:00,1.1684,1.1687,1.1684,1.1687,157766.2,208
2025-07-10 17:10:00,1.1686,1.1688,1.1686,1.1687,83507.7,140
2025-07-10 17:12:00,1.1686,1.1686,1.1684,1.1685,58224.6,109
2025-07-10 17:14:00,1.1684,1.1686,1.1683,1.1684,338152.2,490
2025-07-10 17:16:00,1.1685,1.1686,1.1683,1.1685,221496.1,373
2025-07-10 17:18:00,1.1686,1.1686,1.1685,1.1685,67137.9,89
2025-07-10 17:20:00,1.1686,1.1687,1.1685,1.1686,123705.2,169
2025-07-10 17:22:00,1.1686,1.1687,1.1683,1.1683,87353.3,197
2025-07-10 17:24:00,1.1683,1.1684,1.1682,1.1683,48220.6,58
2025-07-10 17:26:00,1.1683,1.1683,1.1682,1.1682,37890.5,73
2025-07-10 17:28:00,1.1683,1.1683,1.1682,1.1682,29718.6,40
2025-07-10 17:30:00,1.1682,1.1684,1.1682,1.1683,122920.1,153
2025-07-10 17:32:00,1.1683,1.1684,1.168,1.168,105161.3,164
2025-07-10 17:34:00,1.168,1.1681,1.1677,1.1678,65359.4,76
2025-07-10 17:36:00,1.1678,1.1682,1.1678,1.1681,57779.7,51
2025-07-10 17:38:00,1.1681,1.1684,1.1681,1.1684,179169.5,88
2025-07-10 17:40:00,1.1684,1.1685,1.1683,1.1685,81643.2,74
2025-07-10 17:42:00,1.1684,1.1685,1.1684,1.1684,45050.6,78
2025-07-10 17:44:00,1.1685,1.1685,1.1684,1.1685,16754.6,59
2025-07-10 17:46:00,1.1684,1.1686,1.1684,1.1684,39714.0,86
2025-07-10 17:48:00,1.1685,1.1686,1.1684,1.1685,28343.0,81
2025-07-10 17:50:00,1.1686,1.1687,1.1685,1.1686,22980.0,73
2025-07-10 17:52:00,1.1687,1.1689,1.1686,1.1688,72533.3,148
2025-07-10 17:54:00,1.1688,1.1688,1.1686,1.1687,77013.8,123
2025-07-10 17:56:00,1.1686,1.1687,1.1686,1.1686,15584.7,55
2025-07-10 17:58:00,1.1686,1.1687,1.1686,1.1686,29090.9,64
2025-07-10 18:00:00,1.1687,1.1687,1.1685,1.1686,48972.8,129
2025-07-10 18:02:00,1.1686,1.1686,1.1685,1.1685,26774.8,63
2025-07-10 18:04:00,1.1685,1.1688,1.1685,1.1687,51754.8,86
2025-07-10 18:06:00,1.1687,1.1688,1.1686,1.1687,88771.79999999999,100
2025-07-10 18:08:00,1.1687,1.1688,1.1685,1.1685,93055.4,312
2025-07-10 18:10:00,1.1685,1.1688,1.1685,1.1687,88578.5,125
2025-07-10 18:12:00,1.1687,1.169,1.1687,1.169,45262.6,89
2025-07-10 18:14:00,1.1689,1.169,1.1689,1.169,25912.5,63
2025-07-10 18:16:00,1.169,1.1691,1.1689,1.1691,30866.4,69
2025-07-10 18:18:00,1.169,1.169,1.1689,1.169,37728.9,71
2025-07-10 18:20:00,1.169,1.1692,1.1689,1.1691,50686.2,75
2025-07-10 18:22:00,1.1692,1.1692,1.1691,1.1691,64649.5,87
2025-07-10 18:24:00,1.1692,1.1693,1.1691,1.1692,41396.4,82
2025-07-10 18:26:00,1.1693,1.1694,1.1692,1.1692,65046.2,108
2025-07-10 18:28:00,1.1692,1.1693,1.1692,1.1693,32637.8,63
2025-07-10 18:30:00,1.1693,1.1693,1.1691,1.1691,43042.9,56
2025-07-10 18:32:00,1.1692,1.1692,1.1688,1.1688,24788.2,62
2025-07-10 18:34:00,1.1689,1.169,1.1688,1.169,40711.4,60
2025-07-10 18:36:00,1.169,1.1692,1.1689,1.1692,93807.7,136
2025-07-10 18:38:00,1.1692,1.1692,1.1689,1.169,142791.8,185
2025-07-10 18:40:00,1.1691,1.1691,1.169,1.1691,71244.3,134
2025-07-10 18:42:00,1.1691,1.1692,1.169,1.169,89447.2,95
2025-07-10 18:44:00,1.169,1.1691,1.169,1.169,36138.2,61
2025-07-10 18:46:00,1.169,1.1693,1.169,1.1692,47568.5,97
2025-07-10 18:48:00,1.1692,1.1694,1.1692,1.1693,20065.9,66
2025-07-10 18:50:00,1.1694,1.1694,1.1692,1.1694,49716.6,74
2025-07-10 18:52:00,1.1694,1.1695,1.1693,1.1694,79680.0,134
2025-07-10 18:54:00,1.1694,1.1696,1.1694,1.1695,22163.8,68
2025-07-10 18:56:00,1.1696,1.1696,1.1694,1.1694,22568.6,75
2025-07-10 18:58:00,1.1694,1.1695,1.1694,1.1694,18838.7,40
2025-07-10 19:00:00,1.1695,1.1696,1.1695,1.1695,41600.200000000004,81
2025-07-10 19:02:00,1.1695,1.1696,1.1695,1.1695,22055.6,60
2025-07-10 19:04:00,1.1695,1.1696,1.1694,1.1694,40475.6,77
2025-07-10 19:06:00,1.1695,1.1695,1.1693,1.1693,19207.1,43
2025-07-10 19:08:00,1.1693,1.1695,1.1693,1.1694,108351.5,77
2025-07-10 19:10:00,1.1694,1.1695,1.1694,1.1695,24649.5,54
2025-07-10 19:12:00,1.1694,1.1695,1.1694,1.1694,19800.1,61
2025-07-10 19:14:00,1.1694,1.1697,1.1694,1.1695,49256.4,91
2025-07-10 19:16:00,1.1694,1.1695,1.1694,1.1695,10519.2,45
2025-07-10 19:18:00,1.1695,1.1695,1.1694,1.1695,21833.8,39
2025-07-10 19:20:00,1.1694,1.1695,1.1694,1.1695,18326.6,69
2025-07-10 19:22:00,1.1694,1.1695,1.1694,1.1694,68556.59999999999,47
2025-07-10 19:24:00,1.1694,1.1695,1.1694,1.1694,17362.9,35
2025-07-10 19:26:00,1.1695,1.1696,1.1695,1.1695,39729.7,88
2025-07-10 19:28:00,1.1695,1.1696,1.1694,1.1695,15217.400000000001,33
2025-07-10 19:30:00,1.1695,1.1695,1.1694,1.1694,18046.3,54
2025-07-10 19:32:00,1.1695,1.1695,1.1694,1.1694,26226.5,51
2025-07-10 19:34:00,1.1694,1.1696,1.1694,1.1696,41144.2,94
2025-07-10 19:36:00,1.1695,1.1696,1.1695,1.1695,16938.0,54
2025-07-10 19:38:00,1.1695,1.1696,1.1695,1.1696,13133.4,50
2025-07-10 19:40:00,1.1695,1.1697,1.1695,1.1696,41034.5,87
2025-07-10 19:42:00,1.1696,1.1698,1.1696,1.1698,68898.2,150
2025-07-10 19:44:00,1.1698,1.17,1.1697,1.1699,25053.8,55
2025-07-10 19:46:00,1.1699,1.1701,1.1699,1.17,39140.5,50
2025-07-10 19:48:00,1.17,1.1701,1.1699,1.1699,105522.7,93
2025-07-10 19:50:00,1.17,1.17,1.1699,1.17,15562.9,51
2025-07-10 19:52:00,1.1699,1.17,1.1698,1.1699,21389.8,37
2025-07-10 19:54:00,1.1698,1.17,1.1698,1.17,12987.4,47
2025-07-10 19:56:00,1.1699,1.1701,1.1699,1.1699,32777.7,81
2025-07-10 19:58:00,1.1699,1.1699,1.1697,1.1697,28740.5,64
2025-07-10 20:00:00,1.1697,1.1698,1.1697,1.1697,9966.5,33
2025-07-10 20:02:00,1.1697,1.1698,1.1697,1.1698,19173.0,38
2025-07-10 20:04:00,1.1698,1.1699,1.1698,1.1698,45829.2,96
2025-07-10 20:06:00,1.1698,1.17,1.1698,1.17,14966.7,39
2025-07-10 20:08:00,1.1699,1.17,1.1699,1.17,34961.7,82
2025-07-10 20:10:00,1.17,1.1701,1.17,1.1701,31437.6,74
2025-07-10 20:12:00,1.1701,1.1701,1.17,1.17,23573.5,51
2025-07-10 20:14:00,1.17,1.1701,1.1699,1.17,70737.6,59
2025-07-10 20:16:00,1.17,1.1701,1.1697,1.1698,46511.5,121
2025-07-10 20:18:00,1.1698,1.1699,1.1697,1.1699,20833.9,54
2025-07-10 20:20:00,1.1699,1.17,1.1698,1.1699,9854.5,37
2025-07-10 20:22:00,1.17,1.17,1.1699,1.17,12519.4,35
2025-07-10 20:24:00,1.1699,1.17,1.1699,1.17,27506.899999999998,64
2025-07-10 20:26:00,1.1699,1.17,1.1699,1.17,15828.1,55
2025-07-10 20:28:00,1.17,1.17,1.1698,1.1699,110504.4,60
2025-07-10 20:30:00,1.1698,1.1699,1.1698,1.1698,12969.1,38
2025-07-10 20:32:00,1.1698,1.1699,1.1698,1.1698,9353.8,31
2025-07-10 20:34:00,1.1699,1.1699,1.1698,1.1699,18190.9,41
2025-07-10 20:36:00,1.1699,1.17,1.1699,1.1699,17337.7,37
2025-07-10 20:38:00,1.1699,1.17,1.1699,1.1699,58221.9,137
2025-07-10 20:40:00,1.1699,1.17,1.1699,1.17,12989.4,43
2025-07-10 20:42:00,1.17,1.1701,1.17,1.1701,65277.8,126
2025-07-10 20:44:00,1.17,1.1701,1.17,1.1701,19794.600000000002,33
2025-07-10 20:46:00,1.17,1.1702,1.1699,1.17,156471.0,201
2025-07-10 20:48:00,1.17,1.1701,1.1699,1.17,16264.7,49
2025-07-10 20:50:00,1.17,1.17,1.1699,1.1699,19711.7,73
2025-07-10 20:52:00,1.17,1.17,1.1698,1.1698,21687.8,40
2025-07-10 20:54:00,1.1699,1.1699,1.1698,1.1699,6845.9,31
2025-07-10 20:56:00,1.1699,1.17,1.1698,1.17,14270.6,39
2025-07-10 20:58:00,1.1699,1.1701,1.1699,1.1701,29646.1,75
2025-07-10 21:00:00,1.1701,1.1702,1.17,1.1701,33390.8,40
2025-07-10 21:02:00,1.1701,1.1702,1.1701,1.1701,56547.4,48
2025-07-10 21:04:00,1.1702,1.1703,1.1701,1.1702,63218.200000000004,71
2025-07-10 21:06:00,1.1702,1.1703,1.17,1.1701,56095.600000000006,64
2025-07-10 21:08:00,1.17,1.1701,1.1698,1.1699,58648.5,56
2025-07-10 21:10:00,1.1699,1.1699,1.1698,1.1699,26709.399999999998,48
2025-07-10 21:12:00,1.1699,1.1699,1.1698,1.1699,19515.7,30
2025-07-10 21:14:00,1.1698,1.17,1.1698,1.1699,22245.1,76
2025-07-10 21:16:00,1.1699,1.1708,1.1699,1.1708,457308.3,845
2025-07-10 21:18:00,1.1708,1.1733,1.1705,1.1733,1190589.9,2092
2025-07-10 21:20:00,1.1732,1.1739,1.1731,1.1736,743517.2,869
2025-07-10 21:22:00,1.1735,1.1752,1.1733,1.1752,1233316.6,1746
2025-07-10 21:24:00,1.1751,1.1773,1.175,1.1756,1163325.8,2573
2025-07-10 21:26:00,1.1756,1.1757,1.1738,1.1738,494351.5,780
2025-07-10 21:28:00,1.1739,1.1739,1.1723,1.1725,342966.8,555
2025-07-10 21:30:00,1.1726,1.1749,1.1725,1.1743,512142.5,809
2025-07-10 21:32:00,1.1742,1.1743,1.1735,1.1736,188627.5,320
2025-07-10 21:34:00,1.1735,1.1736,1.1729,1.173,98239.0,207
2025-07-10 21:36:00,1.173,1.1738,1.1728,1.1738,168991.7,337
2025-07-10 21:38:00,1.1739,1.175,1.1738,1.175,147783.5,207
2025-07-10 21:40:00,1.175,1.1794,1.1749,1.1754,978456.5,2083
2025-07-10 21:42:00,1.1752,1.1795,1.1738,1.1769,659864.1,1825
2025-07-10 21:44:00,1.1769,1.1795,1.1731,1.174,148522.9,809
2025-07-10 21:46:00,1.1741,1.1752,1.1737,1.1743,45686.8,302
2025-07-10 21:48:00,1.174,1.1767,1.1737,1.1757,65454.2,366
2025-07-10 21:50:00,1.1759,1.1777,1.1752,1.176,84246.7,464
2025-07-10 21:52:00,1.1764,1.1773,1.1757,1.1759,44162.9,302
2025-07-10 21:54:00,1.176,1.1772,1.1757,1.1766,192455.6,538
2025-07-10 21:56:00,1.1764,1.1781,1.1761,1.1763,390864.9,807
2025-07-10 21:58:00,1.1764,1.1765,1.1748,1.1765,218112.8,392
2025-07-10 22:00:00,1.1764,1.1772,1.1764,1.1772,156400.9,282
2025-07-10 22:02:00,1.177,1.178,1.177,1.1779,225230.9,741
2025-07-10 22:04:00,1.178,1.1785,1.1778,1.1785,90717.3,167
2025-07-10 22:06:00,1.1784,1.1789,1.1783,1.1788,67489.8,213
2025-07-10 22:08:00,1.1788,1.1793,1.1787,1.1792,104557.5,200
2025-07-10 22:10:00,1.1793,1.1797,1.1792,1.1796,67486.1,166
2025-07-10 22:12:00,1.1794,1.1796,1.1793,1.1793,64291.0,128
2025-07-10 22:14:00,1.1794,1.1798,1.1792,1.1796,37536.2,214
2025-07-10 22:16:00,1.1796,1.1801,1.1795,1.18,81859.6,369
2025-07-10 22:18:00,1.18,1.1802,1.1792,1.1796,130041.3,613
2025-07-10 22:20:00,1.1796,1.1796,1.1787,1.1793,109163.4,514
2025-07-10 22:22:00,1.1792,1.1797,1.1792,1.1792,111670.9,356
2025-07-10 22:24:00,1.1793,1.1794,1.1789,1.1791,38762.6,350
2025-07-10 22:26:00,1.179,1.1792,1.1788,1.1792,63221.5,256
2025-07-10 22:28:00,1.1792,1.1792,1.179,1.179,24568.2,153
2025-07-10 22:30:00,1.1791,1.1797,1.1789,1.1796,74060.6,331
2025-07-10 22:32:00,1.1794,1.1802,1.1794,1.1801,83577.0,191
2025-07-10 22:34:00,1.1801,1.1802,1.1799,1.1801,42184.0,135
2025-07-10 22:36:00,1.1801,1.1803,1.1799,1.1802,141709.4,852
2025-07-10 22:38:00,1.1803,1.1804,1.1801,1.1803,67599.0,248
2025-07-10 22:40:00,1.1802,1.1805,1.1801,1.1804,102462.4,418
2025-07-10 22:42:00,1.1804,1.1807,1.1799,1.18,97415.2,500
2025-07-10 22:44:00,1.1799,1.1801,1.1796,1.1798,54054.200000000004,267
2025-07-10 22:46:00,1.1798,1.1801,1.1797,1.18,73239.7,336
2025-07-10 22:48:00,1.18,1.18,1.1797,1.1799,53997.6,182
2025-07-10 22:50:00,1.1799,1.1799,1.1797,1.1798,49115.0,196
2025-07-10 22:52:00,1.1797,1.1799,1.1797,1.1797,24508.0,106
2025-07-10 22:54:00,1.1799,1.18,1.1796,1.1799,47945.8,206
2025-07-10 22:56:00,1.18,1.18,1.1798,1.1799,13411.6,74
2025-07-10 22:58:00,1.1799,1.1799,1.1796,1.1796,27579.1,103
2025-07-10 23:00:00,1.1796,1.1798,1.1793,1.1794,29262.7,164
2025-07-10 23:02:00,1.1794,1.1795,1.179,1.1792,20490.4,125
2025-07-10 23:04:00,1.1791,1.1792,1.1787,1.1788,64662.4,255
2025-07-10 23:06:00,1.1788,1.1793,1.1787,1.1792,31706.9,222
2025-07-10 23:08:00,1.179,1.1793,1.179,1.1791,11966.0,61
2025-07-10 23:10:00,1.1791,1.1792,1.179,1.179,11457.8,42
2025-07-10 23:12:00,1.179,1.1793,1.179,1.1792,25852.1,63
2025-07-10 23:14:00,1.1793,1.1793,1.179,1.1791,28421.7,183
2025-07-10 23:16:00,1.1789,1.1791,1.1785,1.1787,21267.0,181
2025-07-10 23:18:00,1.1785,1.1788,1.1785,1.1788,38537.7,101
2025-07-10 23:20:00,1.1787,1.1791,1.1785,1.1791,26532.7,135
2025-07-10 23:22:00,1.179,1.1791,1.1788,1.179,22190.8,72
2025-07-10 23:24:00,1.1792,1.1795,1.179,1.1793,22248.7,76
2025-07-10 23:26:00,1.1794,1.1796,1.1793,1.1793,56645.0,206
2025-07-10 23:28:00,1.1793,1.1794,1.179,1.1792,32901.9,233
2025-07-10 23:30:00,1.1791,1.1792,1.1789,1.1789,24037.7,81
2025-07-10 23:32:00,1.1789,1.1792,1.1788,1.1792,51042.3,205
2025-07-10 23:34:00,1.1791,1.1794,1.179,1.1793,66582.6,186
2025-07-10 23:36:00,1.1793,1.1795,1.1793,1.1795,52070.8,172
2025-07-10 23:38:00,1.1794,1.1796,1.1792,1.1794,52014.6,249
2025-07-10 23:40:00,1.1792,1.1794,1.1791,1.1792,20963.6,106
2025-07-10 23:42:00,1.1791,1.1793,1.1791,1.1792,19904.5,67
2025-07-10 23:44:00,1.1792,1.1793,1.1791,1.1792,41536.4,104
2025-07-10 23:46:00,1.1792,1.1794,1.1791,1.1793,32732.4,126
2025-07-10 23:48:00,1.1795,1.1796,1.1794,1.1794,21451.5,106
2025-07-10 23:50:00,1.1795,1.1797,1.1794,1.1796,14894.8,144
2025-07-10 23:52:00,1.1796,1.1796,1.1791,1.1794,22371.8,86
2025-07-10 23:54:00,1.1793,1.1794,1.1786,1.1787,46474.8,169
2025-07-10 23:56:00,1.1787,1.179,1.1787,1.1788,14915.2,65
2025-07-10 23:58:00,1.1788,1.179,1.1788,1.1789,21049.6,78
2025-07-11 00:00:00,1.179,1.1794,1.1789,1.179,54270.9,154
2025-07-11 00:02:00,1.179,1.179,1.1786,1.1787,38604.9,87
2025-07-11 00:04:00,1.1787,1.1789,1.1783,1.1787,115574.6,204
2025-07-11 00:06:00,1.1787,1.1788,1.1782,1.1786,91339.9,264
2025-07-11 00:08:00,1.1785,1.1789,1.178,1.1789,43167.6,109
2025-07-11 00:10:00,1.1787,1.1789,1.1786,1.1787,60754.0,99
2025-07-11 00:12:00,1.1787,1.1789,1.1786,1.1787,42509.8,132
2025-07-11 00:14:00,1.1789,1.1789,1.1783,1.1783,98559.3,222
2025-07-11 00:16:00,1.1783,1.1783,1.1774,1.1779,118064.6,400
2025-07-11 00:18:00,1.178,1.178,1.1772,1.1772,101771.0,230
2025-07-11 00:20:00,1.1772,1.1774,1.1767,1.1767,84976.6,276
2025-07-11 00:22:00,1.1768,1.1772,1.1767,1.1768,58482.4,162
2025-07-11 00:24:00,1.1768,1.1773,1.1767,1.1771,73389.4,287
2025-07-11 00:26:00,1.1772,1.1773,1.1763,1.1764,69560.6,273
2025-07-11 00:28:00,1.1766,1.177,1.1765,1.1768,42316.5,215
2025-07-11 00:30:00,1.1769,1.1774,1.1765,1.1774,147312.8,568
2025-07-11 00:32:00,1.1774,1.1776,1.1767,1.1768,89908.5,277
2025-07-11 00:34:00,1.1767,1.1769,1.1761,1.1767,88621.9,245
2025-07-11 00:36:00,1.1768,1.1769,1.1765,1.1766,36193.0,111
2025-07-11 00:38:00,1.1766,1.1773,1.1766,1.177,53179.6,133
2025-07-11 00:40:00,1.177,1.1773,1.1769,1.177,56096.8,190
2025-07-11 00:42:00,1.1771,1.1771,1.1766,1.1766,32617.5,99
2025-07-11 00:44:00,1.1766,1.1766,1.1762,1.1765,53591.7,155
2025-07-11 00:46:00,1.1765,1.1769,1.1763,1.1764,31975.4,155
2025-07-11 00:48:00,1.1765,1.177,1.1763,1.1768,40340.1,153
2025-07-11 00:50:00,1.1767,1.1768,1.1763,1.1766,38912.3,162
2025-07-11 00:52:00,1.1766,1.1766,1.176,1.1762,73855.8,264
2025-07-11 00:54:00,1.1762,1.1763,1.1757,1.1762,70669.0,225
2025-07-11 00:56:00,1.1763,1.1772,1.1761,1.1767,150663.6,375
2025-07-11 00:58:00,1.1766,1.1766,1.1761,1.1762,30281.0,126
2025-07-11 01:00:00,1.1761,1.1767,1.176,1.1766,60973.9,190
2025-07-11 01:02:00,1.1766,1.1768,1.1763,1.1763,37953.2,145
2025-07-11 01:04:00,1.1763,1.1769,1.1763,1.1767,47558.6,195
2025-07-11 01:06:00,1.1767,1.1768,1.1752,1.1754,169048.5,477
2025-07-11 01:08:00,1.1754,1.1755,1.1749,1.1755,105008.9,305
2025-07-11 01:10:00,1.1755,1.1766,1.1755,1.1766,45412.1,111
2025-07-11 01:12:00,1.1764,1.1765,1.1761,1.1762,38768.5,100
2025-07-11 01:14:00,1.1763,1.1763,1.1759,1.1761,22825.5,85
2025-07-11 01:16:00,1.1762,1.1762,1.1736,1.1737,551466.3,977
2025-07-11 01:18:00,1.1735,1.1739,1.171,1.1714,434574.8,942
2025-07-11 01:20:00,1.1714,1.172,1.1713,1.1719,91762.0,431
2025-07-11 01:22:00,1.1719,1.1719,1.1711,1.1714,148189.3,363
2025-07-11 01:24:00,1.1714,1.1717,1.1713,1.1714,98309.2,203
2025-07-11 01:26:00,1.1712,1.1713,1.1708,1.171,132327.80000000002,122
2025-07-11 01:28:00,1.171,1.1712,1.1708,1.171,67796.3,142
2025-07-11 01:30:00,1.1711,1.1715,1.1711,1.1715,25018.8,99
2025-07-11 01:32:00,1.1713,1.1714,1.1709,1.1714,44752.6,140
2025-07-11 01:34:00,1.1714,1.1715,1.1711,1.1711,26949.6,119
2025-07-11 01:36:00,1.1711,1.1715,1.171,1.1715,12191.2,26
2025-07-11 01:38:00,1.1714,1.1715,1.1712,1.1714,16322.1,26
2025-07-11 01:40:00,1.1714,1.1715,1.1713,1.1714,8548.5,37
2025-07-11 01:42:00,1.1714,1.1715,1.1712,1.1714,24657.6,44
2025-07-11 01:44:00,1.1713,1.1713,1.1709,1.1709,10197.4,55
2025-07-11 01:46:00,1.1709,1.1711,1.1708,1.1708,10847.8,55
2025-07-11 01:48:00,1.1709,1.171,1.1708,1.171,6211.3,42
2025-07-11 01:50:00,1.1709,1.1709,1.1706,1.1708,64458.200000000004,109
2025-07-11 01:52:00,1.1707,1.1709,1.1705,1.1708,15372.300000000001,66
2025-07-11 01:54:00,1.1707,1.1708,1.1706,1.1707,3447.5,31
2025-07-11 01:56:00,1.1706,1.1708,1.1706,1.1708,13666.0,57
2025-07-11 01:58:00,1.1708,1.1709,1.1705,1.1707,35643.5,276
2025-07-11 02:00:00,1.1708,1.1708,1.1698,1.1702,288895.8,542
2025-07-11 02:02:00,1.1702,1.1704,1.1698,1.1701,68810.6,140
2025-07-11 02:04:00,1.1702,1.1702,1.1695,1.1696,330611.0,300
2025-07-11 02:06:00,1.1697,1.1698,1.1694,1.1695,72194.59999999999,240
2025-07-11 02:08:00,1.1695,1.1698,1.1693,1.1697,23996.0,57
2025-07-11 02:10:00,1.1696,1.1697,1.1694,1.1696,7669.8,42
2025-07-11 02:12:00,1.1696,1.1697,1.1695,1.1696,13780.6,43
2025-07-11 02:14:00,1.1697,1.1697,1.1695,1.1695,37372.1,41
2025-07-11 02:16:00,1.1697,1.1697,1.1695,1.1695,29905.4,96
2025-07-11 02:18:00,1.1696,1.1698,1.1694,1.1696,45376.7,76
2025-07-11 02:20:00,1.1696,1.1696,1.1694,1.1695,85686.9,154
2025-07-11 02:22:00,1.1694,1.1702,1.1694,1.1702,33927.6,102
2025-07-11 02:24:00,1.1702,1.1702,1.1696,1.1696,158083.6,189
2025-07-11 02:26:00,1.1695,1.1696,1.1693,1.1695,38086.7,181
2025-07-11 02:28:00,1.1695,1.1697,1.1694,1.1694,15694.8,86
2025-07-11 02:30:00,1.1694,1.1697,1.1693,1.1695,61633.7,296
2025-07-11 02:32:00,1.1695,1.1695,1.1693,1.1693,36762.7,107
2025-07-11 02:34:00,1.1694,1.1697,1.1693,1.1696,19922.0,109
2025-07-11 02:36:00,1.1696,1.17,1.1695,1.1697,91052.8,103
2025-07-11 02:38:00,1.1698,1.1698,1.1695,1.1697,54936.1,126
2025-07-11 02:40:00,1.1697,1.1697,1.1693,1.1694,42147.8,146
2025-07-11 02:42:00,1.1695,1.1695,1.1692,1.1692,45574.2,85
2025-07-11 02:44:00,1.1693,1.1696,1.1692,1.1694,30689.4,111
2025-07-11 02:46:00,1.1694,1.1695,1.1692,1.1693,14274.5,68
2025-07-11 02:48:00,1.1693,1.1695,1.1692,1.1692,17854.3,53
2025-07-11 02:50:00,1.1693,1.1694,1.1692,1.1692,31309.5,88
2025-07-11 02:52:00,1.1692,1.1694,1.1691,1.1693,50331.9,106
2025-07-11 02:54:00,1.1693,1.1693,1.169,1.1691,153125.6,149
2025-07-11 02:56:00,1.1691,1.1692,1.1685,1.1685,230586.6,282
2025-07-11 02:58:00,1.1685,1.1687,1.1684,1.1686,30846.5,115
2025-07-11 03:00:00,1.1686,1.1687,1.1685,1.1687,25877.199999999997,92
2025-07-11 03:02:00,1.1687,1.1688,1.1686,1.1686,65014.0,85
2025-07-11 03:04:00,1.1686,1.1688,1.1685,1.1688,18322.1,100
2025-07-11 03:06:00,1.1688,1.1688,1.1682,1.1683,294126.0,392
2025-07-11 03:08:00,1.1683,1.1683,1.1682,1.1683,75724.7,92
2025-07-11 03:10:00,1.1683,1.1686,1.1682,1.1686,51755.2,179
2025-07-11 03:12:00,1.1686,1.1686,1.1684,1.1686,41982.5,145
2025-07-11 03:14:00,1.1686,1.1686,1.1685,1.1685,34327.6,57
2025-07-11 03:16:00,1.1686,1.1686,1.1682,1.1683,378803.6,162
2025-07-11 03:18:00,1.1683,1.1684,1.1682,1.1683,16567.0,91
2025-07-11 03:20:00,1.1684,1.1684,1.1683,1.1683,31209.2,135
2025-07-11 03:22:00,1.1683,1.1684,1.1682,1.1684,59343.299999999996,227
2025-07-11 03:24:00,1.1683,1.1685,1.1683,1.1684,234794.3,149
2025-07-11 03:26:00,1.1684,1.1684,1.1683,1.1684,40217.6,102
2025-07-11 03:28:00,1.1683,1.1686,1.1683,1.1686,36109.5,137
2025-07-11 03:30:00,1.1686,1.1686,1.1685,1.1686,53448.9,76
2025-07-11 03:32:00,1.1686,1.1687,1.1685,1.1686,197415.6,124
2025-07-11 03:34:00,1.1686,1.1687,1.1685,1.1686,108168.5,60
2025-07-11 03:36:00,1.1686,1.1687,1.1686,1.1687,46785.8,104
2025-07-11 03:38:00,1.1687,1.1687,1.1686,1.1686,44654.0,96
2025-07-11 03:40:00,1.1687,1.1687,1.1686,1.1687,6596.6,20
2025-07-11 03:42:00,1.1687,1.1688,1.1686,1.1687,54489.6,25
2025-07-11 03:44:00,1.1688,1.1688,1.1687,1.1687,32789.0,28
2025-07-11 03:46:00,1.1688,1.1688,1.1687,1.1687,15731.8,30
2025-07-11 03:48:00,1.1688,1.1688,1.1686,1.1687,141401.6,50
2025-07-11 03:50:00,1.1687,1.1687,1.1684,1.1685,303081.4,201
2025-07-11 03:52:00,1.1683,1.1685,1.1683,1.1684,100881.6,326
2025-07-11 03:54:00,1.1685,1.1686,1.1684,1.1686,244073.7,584
2025-07-11 03:56:00,1.1686,1.1692,1.1685,1.1687,1899596.4,1811
2025-07-11 03:58:00,1.1687,1.1689,1.1685,1.1686,218765.80000000002,81
2025-07-11 04:00:00,1.1686,1.1687,1.1684,1.1686,232369.69999999998,197
2025-07-11 04:02:00,1.1684,1.1686,1.1683,1.1683,82243.1,140
2025-07-11 04:04:00,1.1683,1.1685,1.1683,1.1685,68092.1,81
2025-07-11 04:06:00,1.1684,1.1685,1.1684,1.1684,30222.3,29
2025-07-11 04:08:00,1.1685,1.1686,1.1683,1.1685,108085.3,109
2025-07-11 04:10:00,1.1683,1.1685,1.1683,1.1684,6891.599999999999,31
2025-07-11 04:12:00,1.1683,1.1684,1.1683,1.1683,39350.0,24
2025-07-11 04:14:00,1.1684,1.1684,1.1681,1.1681,44295.3,43
2025-07-11 04:16:00,1.1681,1.1682,1.1679,1.168,15036.6,29
2025-07-11 04:18:00,1.168,1.1681,1.1679,1.168,15343.900000000001,24
2025-07-11 04:20:00,1.168,1.168,1.1676,1.1678,28031.8,83
2025-07-11 04:22:00,1.1678,1.1679,1.1677,1.1678,11423.3,33
2025-07-11 04:24:00,1.1678,1.1679,1.1675,1.1676,26022.9,105
2025-07-11 04:26:00,1.1676,1.1676,1.1672,1.1674,28322.6,58
2025-07-11 04:28:00,1.1674,1.1675,1.1673,1.1673,22612.7,34
2025-07-11 04:30:00,1.1674,1.1677,1.1673,1.1677,146689.3,85
2025-07-11 04:32:00,1.1675,1.1678,1.1675,1.1676,130839.6,193
2025-07-11 04:34:00,1.1675,1.1677,1.1675,1.1677,25554.5,43
2025-07-11 04:36:00,1.1677,1.1679,1.1676,1.1679,68159.6,117
2025-07-11 04:38:00,1.1677,1.168,1.1676,1.168,61985.5,103
2025-07-11 04:40:00,1.168,1.168,1.1677,1.1679,15658.2,22
2025-07-11 04:42:00,1.1679,1.168,1.1676,1.1679,36852.1,83
2025-07-11 04:44:00,1.1679,1.1679,1.1677,1.1679,18605.9,34
2025-07-11 04:46:00,1.1678,1.168,1.1678,1.1679,11523.0,25
2025-07-11 04:48:00,1.1679,1.168,1.1678,1.1679,15629.800000000001,41
2025-07-11 04:50:00,1.168,1.1682,1.1679,1.168,45155.6,60
2025-07-11 04:52:00,1.1681,1.1682,1.1679,1.168,46671.200000000004,93
2025-07-11 04:54:00,1.1681,1.1683,1.1679,1.1682,62726.2,108
2025-07-11 04:56:00,1.1682,1.1684,1.1681,1.1683,45337.4,77
2025-07-11 04:58:00,1.1683,1.1683,1.1681,1.1681,38574.1,92
2025-07-11 05:00:00,1.168,1.1681,1.1679,1.168,31695.4,79
2025-07-11 05:02:00,1.168,1.1682,1.1679,1.1681,43206.9,57
2025-07-11 05:04:00,1.1681,1.1683,1.168,1.1682,26306.0,81
2025-07-11 05:06:00,1.1684,1.1688,1.1682,1.1687,108439.2,137
2025-07-11 05:08:00,1.1687,1.1692,1.1685,1.169,175493.6,255
2025-07-11 05:10:00,1.1692,1.1692,1.169,1.1691,61567.3,86
2025-07-11 05:12:00,1.1691,1.1695,1.1691,1.1693,63257.8,74
2025-07-11 05:14:00,1.1694,1.1697,1.1691,1.1693,89879.8,185
2025-07-11 05:16:00,1.1693,1.1693,1.1689,1.1692,96233.8,280
2025-07-11 05:18:00,1.1692,1.1694,1.1691,1.1694,57309.200000000004,195
2025-07-11 05:20:00,1.1694,1.1696,1.1693,1.1694,65663.7,161
2025-07-11 05:22:00,1.1695,1.1697,1.1692,1.1697,53872.2,132
2025-07-11 05:24:00,1.1696,1.1698,1.1694,1.1695,68424.3,189
2025-07-11 05:26:00,1.1696,1.1697,1.1695,1.1695,67341.5,134
2025-07-11 05:28:00,1.1696,1.1696,1.1694,1.1695,45743.8,98
2025-07-11 05:30:00,1.1696,1.1701,1.1694,1.17,136476.4,242
2025-07-11 05:32:00,1.17,1.1703,1.1699,1.1703,103291.3,146
2025-07-11 05:34:00,1.1704,1.1705,1.1688,1.1698,1917456.5,1382
2025-07-11 05:36:00,1.1699,1.1704,1.1695,1.1699,192604.3,363
2025-07-11 05:38:00,1.1698,1.1705,1.1698,1.1702,98263.6,254
2025-07-11 05:40:00,1.1703,1.1706,1.1701,1.1704,53839.8,158
2025-07-11 05:42:00,1.1704,1.1706,1.1702,1.1704,68903.9,165
2025-07-11 05:44:00,1.1705,1.1707,1.1702,1.1705,114925.9,215
2025-07-11 05:46:00,1.1703,1.1709,1.1701,1.1709,91226.3,327
2025-07-11 05:48:00,1.1709,1.1711,1.1706,1.1707,145815.1,239
2025-07-11 05:50:00,1.1708,1.1711,1.1704,1.1706,105556.6,187
2025-07-11 05:52:00,1.1704,1.1709,1.1704,1.1705,108516.1,243
2025-07-11 05:54:00,1.1706,1.1708,1.1705,1.1706,119748.5,201
2025-07-11 05:56:00,1.1706,1.1709,1.1704,1.1707,208026.7,412
2025-07-11 05:58:00,1.1707,1.171,1.1707,1.1708,98513.5,198
2025-07-11 06:00:00,1.1708,1.1709,1.1704,1.1707,67119.1,197
2025-07-11 06:02:00,1.1707,1.1708,1.1702,1.1704,78862.9,132
2025-07-11 06:04:00,1.1704,1.1707,1.1703,1.1704,94019.8,233
2025-07-11 06:06:00,1.1704,1.171,1.1704,1.1708,144305.5,243
2025-07-11 06:08:00,1.1708,1.1708,1.1705,1.1707,89338.5,155
2025-07-11 06:10:00,1.1707,1.1711,1.1707,1.1711,84559.5,140
2025-07-11 06:12:00,1.1711,1.1713,1.1706,1.1706,110266.0,224
2025-07-11 06:14:00,1.1706,1.1708,1.1703,1.1706,144605.3,380
2025-07-11 06:16:00,1.1706,1.1709,1.1705,1.1708,80291.9,224
2025-07-11 06:18:00,1.1708,1.1709,1.1704,1.1706,61967.8,195
2025-07-11 06:20:00,1.1706,1.1707,1.1701,1.1704,116623.6,315
2025-07-11 06:22:00,1.1703,1.1707,1.1703,1.1705,69917.8,130
2025-07-11 06:24:00,1.1705,1.1708,1.1704,1.1707,98471.0,274
2025-07-11 06:26:00,1.1705,1.1707,1.1704,1.1704,44721.2,134
2025-07-11 06:28:00,1.1704,1.1707,1.1703,1.1706,56719.2,115
2025-07-11 06:30:00,1.1705,1.1706,1.1702,1.1702,84738.6,212
2025-07-11 06:32:00,1.1703,1.1705,1.1701,1.1702,77225.3,195
2025-07-11 06:34:00,1.1703,1.1707,1.1701,1.1706,89954.0,256
2025-07-11 06:36:00,1.1706,1.1711,1.1706,1.1709,106926.2,382
2025-07-11 06:38:00,1.1708,1.1711,1.1708,1.1708,87825.5,237
2025-07-11 06:40:00,1.1708,1.1711,1.1706,1.171,50281.5,143
2025-07-11 06:42:00,1.1711,1.1713,1.1709,1.1712,72457.7,204
2025-07-11 06:44:00,1.1711,1.1713,1.1709,1.1712,78553.8,180
2025-07-11 06:46:00,1.1712,1.1719,1.1712,1.1719,133614.7,307
2025-07-11 06:48:00,1.172,1.1724,1.1716,1.1723,165003.7,415
2025-07-11 06:50:00,1.1723,1.1725,1.172,1.1725,93195.1,164
2025-07-11 06:52:00,1.1724,1.1725,1.1721,1.1723,149006.2,212
2025-07-11 06:54:00,1.1722,1.1724,1.1719,1.1721,103774.90000000001,204
2025-07-11 06:56:00,1.172,1.1723,1.1718,1.1718,80892.6,144
2025-07-11 06:58:00,1.1717,1.1718,1.1714,1.1716,99931.1,100
2025-07-11 07:00:00,1.1716,1.1722,1.1716,1.1721,123777.3,262
2025-07-11 07:02:00,1.172,1.1723,1.172,1.1723,104739.40000000001,220
2025-07-11 07:04:00,1.1722,1.1726,1.172,1.1724,124330.5,232
2025-07-11 07:06:00,1.1724,1.1727,1.1723,1.1725,134603.9,205
2025-07-11 07:08:00,1.1724,1.1726,1.1723,1.1725,74821.9,199
2025-07-11 07:10:00,1.1725,1.1727,1.1724,1.1726,80385.3,180
2025-07-11 07:12:00,1.1726,1.1728,1.1725,1.1728,132157.3,175
2025-07-11 07:14:00,1.1727,1.1734,1.1726,1.1732,125084.2,193
2025-07-11 07:16:00,1.1732,1.1738,1.1731,1.1735,106620.0,221
2025-07-11 07:18:00,1.1736,1.1737,1.1732,1.1735,76435.8,174
2025-07-11 07:20:00,1.1735,1.1738,1.1733,1.1735,50061.4,113
2025-07-11 07:22:00,1.1736,1.1739,1.1734,1.1737,99458.0,99
2025-07-11 07:24:00,1.1737,1.174,1.1737,1.1738,53861.8,91
2025-07-11 07:26:00,1.1738,1.174,1.1737,1.1739,102760.7,205
2025-07-11 07:28:00,1.1738,1.1741,1.1735,1.1739,113921.8,226
2025-07-11 07:30:00,1.1739,1.174,1.1736,1.1736,65984.7,200
2025-07-11 07:32:00,1.1736,1.1737,1.1733,1.1737,30331.4,140
2025-07-11 07:34:00,1.1736,1.1739,1.1732,1.1732,46447.2,144
2025-07-11 07:36:00,1.1732,1.1742,1.1732,1.1741,173441.2,473
2025-07-11 07:38:00,1.1742,1.1746,1.174,1.174,95442.4,232
2025-07-11 07:40:00,1.1741,1.1741,1.1733,1.1735,134015.9,215
2025-07-11 07:42:00,1.1735,1.1736,1.1733,1.1735,41646.299999999996,79
2025-07-11 07:44:00,1.1733,1.1736,1.173,1.1735,78935.6,156
2025-07-11 07:46:00,1.1736,1.1738,1.1728,1.1729,136049.9,240
2025-07-11 07:48:00,1.1728,1.1731,1.1727,1.1729,57350.4,132
2025-07-11 07:50:00,1.173,1.173,1.1724,1.1725,80895.3,119
2025-07-11 07:52:00,1.1725,1.1727,1.1723,1.1726,52599.5,108
2025-07-11 07:54:00,1.1726,1.1727,1.1723,1.1727,72448.8,118
2025-07-11 07:56:00,1.1727,1.1732,1.1725,1.1731,90969.2,146
2025-07-11 07:58:00,1.1733,1.1733,1.1726,1.1726,49886.5,132
2025-07-11 08:00:00,1.1728,1.1729,1.1724,1.1727,57229.9,197
2025-07-11 08:02:00,1.1726,1.1729,1.1725,1.1726,40089.5,101
2025-07-11 08:04:00,1.1726,1.1726,1.1721,1.1721,60319.1,242
2025-07-11 08:06:00,1.1721,1.1725,1.172,1.1723,33716.7,93
2025-07-11 08:08:00,1.1723,1.1725,1.1722,1.1725,33442.6,128
2025-07-11 08:10:00,1.1723,1.1727,1.1723,1.1726,36812.1,88
2025-07-11 08:12:00,1.1726,1.1731,1.1726,1.1728,42194.9,70
2025-07-11 08:14:00,1.1727,1.1731,1.1727,1.173,35740.2,93
2025-07-11 08:16:00,1.173,1.1731,1.1727,1.1729,42442.7,69
2025-07-11 08:18:00,1.1729,1.1732,1.1728,1.1731,48271.3,101
2025-07-11 08:20:00,1.1731,1.1733,1.173,1.1731,26143.1,63
2025-07-11 08:22:00,1.1731,1.1731,1.1728,1.1729,22674.6,72
2025-07-11 08:24:00,1.1728,1.1729,1.1725,1.1728,34470.1,51
2025-07-11 08:26:00,1.1727,1.1729,1.1725,1.1727,23668.8,64
2025-07-11 08:28:00,1.1726,1.1727,1.1724,1.1726,21909.3,64
2025-07-11 08:30:00,1.1725,1.1727,1.1724,1.1725,35136.2,148
2025-07-11 08:32:00,1.1726,1.1728,1.1725,1.1726,29999.3,56
2025-07-11 08:34:00,1.1727,1.1731,1.1724,1.1725,82420.1,144
2025-07-11 08:36:00,1.1725,1.173,1.1725,1.1729,80092.3,138
2025-07-11 08:38:00,1.173,1.1736,1.1729,1.1733,113432.7,233
2025-07-11 08:40:00,1.1734,1.1734,1.1722,1.1728,436018.39999999997,430
2025-07-11 08:42:00,1.1729,1.1734,1.1727,1.1732,91125.6,271
2025-07-11 08:44:00,1.1732,1.1736,1.173,1.1736,56375.8,165
2025-07-11 08:46:00,1.1736,1.1742,1.1736,1.174,82000.3,138
2025-07-11 08:48:00,1.174,1.1742,1.1734,1.1734,139721.0,331
2025-07-11 08:50:00,1.1732,1.1733,1.1722,1.1724,116123.3,448
2025-07-11 08:52:00,1.1724,1.1742,1.1723,1.1741,120945.9,391
2025-07-11 08:54:00,1.1741,1.1744,1.1741,1.1743,37741.8,102
2025-07-11 08:56:00,1.1742,1.1746,1.1742,1.1746,32752.8,58
2025-07-11 08:58:00,1.1746,1.1747,1.1744,1.1745,31349.2,84
2025-07-11 09:00:00,1.1745,1.1749,1.1743,1.1747,45603.8,126
2025-07-11 09:02:00,1.1747,1.1751,1.1746,1.1751,43078.0,151
2025-07-11 09:04:00,1.1751,1.1752,1.1748,1.1752,48922.1,154
2025-07-11 09:06:00,1.1752,1.1758,1.1747,1.1747,68774.2,285
2025-07-11 09:08:00,1.1746,1.1746,1.1721,1.1731,1135151.4,2207
2025-07-11 09:10:00,1.173,1.1738,1.1727,1.1727,62230.1,206
2025-07-11 09:12:00,1.1727,1.1728,1.1726,1.1728,26936.2,68
2025-07-11 09:14:00,1.1727,1.1729,1.1726,1.1729,81367.2,213
2025-07-11 09:16:00,1.1729,1.173,1.1725,1.1727,92918.7,187
2025-07-11 09:18:00,1.1727,1.1728,1.1726,1.1728,53473.9,88
2025-07-11 09:20:00,1.1727,1.173,1.1727,1.1728,49311.1,85
2025-07-11 09:22:00,1.1728,1.1729,1.1724,1.1726,28724.2,112
2025-07-11 09:24:00,1.1726,1.1728,1.1722,1.1726,82086.8,161
2025-07-11 09:26:00,1.1726,1.1726,1.1721,1.1723,68249.4,176
2025-07-11 09:28:00,1.1723,1.1725,1.1721,1.1721,43970.0,113
2025-07-11 09:30:00,1.1721,1.1723,1.1721,1.1722,35690.7,123
2025-07-11 09:32:00,1.1722,1.1723,1.172,1.1721,48644.7,193
2025-07-11 09:34:00,1.1722,1.173,1.1721,1.1729,353505.1,397
2025-07-11 09:36:00,1.1729,1.1746,1.1728,1.174,183199.0,523
2025-07-11 09:38:00,1.1739,1.174,1.1735,1.1738,76977.7,204
2025-07-11 09:40:00,1.1738,1.1741,1.1733,1.1741,34353.5,87
2025-07-11 09:42:00,1.1741,1.1744,1.1716,1.1737,1030169.6,1399
2025-07-11 09:44:00,1.1736,1.1739,1.1734,1.1737,78008.1,182
2025-07-11 09:46:00,1.1737,1.1741,1.1736,1.1739,162653.1,305
2025-07-11 09:48:00,1.1738,1.174,1.1733,1.1737,112157.6,406
2025-07-11 09:50:00,1.1739,1.1741,1.1734,1.1735,70521.9,273
2025-07-11 09:52:00,1.1735,1.1735,1.1725,1.1725,89736.7,373
2025-07-11 09:54:00,1.1725,1.1728,1.1725,1.1725,54678.3,206
2025-07-11 09:56:00,1.1726,1.1731,1.1725,1.173,82688.6,272
2025-07-11 09:58:00,1.1731,1.1734,1.1729,1.1732,66310.2,216
2025-07-11 10:00:00,1.1733,1.1734,1.1726,1.1727,105117.3,313
2025-07-11 10:02:00,1.1728,1.1728,1.1724,1.1726,63371.5,247
2025-07-11 10:04:00,1.1725,1.1728,1.1724,1.1726,66775.3,191
2025-07-11 10:06:00,1.1728,1.1732,1.1727,1.1729,53461.8,168
2025-07-11 10:08:00,1.1729,1.1731,1.1727,1.173,36961.8,167
2025-07-11 10:10:00,1.173,1.1732,1.1728,1.1731,71494.1,208
2025-07-11 10:12:00,1.1731,1.1732,1.1728,1.1729,82807.7,175
2025-07-11 10:14:00,1.173,1.1731,1.1725,1.1727,84525.5,241
2025-07-11 10:16:00,1.1728,1.1731,1.1727,1.1729,84074.1,217
2025-07-11 10:18:00,1.1729,1.1735,1.1728,1.173,152485.1,457
2025-07-11 10:20:00,1.173,1.1732,1.1728,1.173,44234.6,154
2025-07-11 10:22:00,1.1729,1.1735,1.1729,1.1732,41708.8,187
2025-07-11 10:24:00,1.1732,1.1733,1.1729,1.1729,65651.1,196
2025-07-11 10:26:00,1.1731,1.1731,1.1728,1.173,73209.7,213
2025-07-11 10:28:00,1.1729,1.1731,1.1726,1.1729,86967.6,187
2025-07-11 10:30:00,1.1728,1.1733,1.1725,1.1725,87043.3,292
2025-07-11 10:32:00,1.1725,1.173,1.1725,1.1727,48637.0,160
2025-07-11 10:34:00,1.1727,1.1727,1.1723,1.1725,34857.5,148
2025-07-11 10:36:00,1.1726,1.1732,1.1725,1.173,70326.3,235
2025-07-11 10:38:00,1.173,1.1731,1.1726,1.1727,44537.9,160
2025-07-11 10:40:00,1.1726,1.1731,1.1719,1.172,1313196.0,1034
2025-07-11 10:42:00,1.172,1.172,1.1713,1.1713,150646.9,317
2025-07-11 10:44:00,1.1713,1.1722,1.1713,1.1722,49603.700000000004,169
2025-07-11 10:46:00,1.1723,1.1723,1.1721,1.1721,26605.6,111
2025-07-11 10:48:00,1.1723,1.1724,1.1719,1.1721,77592.6,237
2025-07-11 10:50:00,1.1721,1.1725,1.1721,1.1724,41874.3,146
2025-07-11 10:52:00,1.1724,1.1728,1.1716,1.1716,301960.6,461
2025-07-11 10:54:00,1.1717,1.1722,1.1717,1.1722,48955.8,186
2025-07-11 10:56:00,1.1721,1.1727,1.172,1.1722,115832.6,350
2025-07-11 10:58:00,1.1721,1.1722,1.1719,1.1721,30292.0,131
2025-07-11 11:00:00,1.1721,1.1725,1.172,1.1724,51863.1,202
2025-07-11 11:02:00,1.1722,1.1726,1.1721,1.1724,48482.4,196
2025-07-11 11:04:00,1.1724,1.1726,1.1723,1.1725,38096.2,185
2025-07-11 11:06:00,1.1726,1.173,1.1724,1.1727,87326.5,342
2025-07-11 11:08:00,1.1728,1.173,1.1727,1.1728,33820.4,146
2025-07-11 11:10:00,1.1728,1.1733,1.1726,1.1729,82199.40000000001,272
2025-07-11 11:12:00,1.1729,1.1729,1.1726,1.1727,43740.0,187
2025-07-11 11:14:00,1.1727,1.1728,1.1725,1.1727,54968.5,189
2025-07-11 11:16:00,1.1727,1.1729,1.1725,1.1728,49692.8,136
2025-07-11 11:18:00,1.1728,1.1729,1.1726,1.1728,68221.7,157
2025-07-11 11:20:00,1.1727,1.173,1.1726,1.1729,26216.8,64
2025-07-11 11:22:00,1.1728,1.1731,1.1728,1.1729,63344.1,215
2025-07-11 11:24:00,1.173,1.1731,1.1723,1.1726,123835.1,327
2025-07-11 11:26:00,1.1726,1.1728,1.1724,1.1728,29692.8,116
2025-07-11 11:28:00,1.1727,1.1731,1.1727,1.1731,43797.5,149
2025-07-11 11:30:00,1.1729,1.1732,1.1728,1.1731,32168.5,149
2025-07-11 11:32:00,1.1729,1.1731,1.1727,1.1727,49972.2,190
2025-07-11 11:34:00,1.1729,1.173,1.1726,1.1729,56841.7,188
2025-07-11 11:36:00,1.1729,1.1731,1.1727,1.1728,52644.0,267
2025-07-11 11:38:00,1.1728,1.1732,1.1728,1.1732,38512.8,174
2025-07-11 11:40:00,1.173,1.1732,1.173,1.1731,38770.9,129
2025-07-11 11:42:00,1.1732,1.1733,1.1726,1.1727,66023.4,177
2025-07-11 11:44:00,1.1727,1.1728,1.1724,1.1727,43055.1,255
2025-07-11 11:46:00,1.1727,1.1729,1.1726,1.1728,31726.8,166
2025-07-11 11:48:00,1.1727,1.1732,1.1726,1.1731,94319.0,257
2025-07-11 11:50:00,1.1731,1.1733,1.173,1.1732,41876.6,137
2025-07-11 11:52:00,1.1731,1.1732,1.1729,1.1729,38171.6,65
2025-07-11 11:54:00,1.1729,1.1729,1.1725,1.1728,35875.3,119
2025-07-11 11:56:00,1.1727,1.173,1.1727,1.1729,45922.1,140
2025-07-11 11:58:00,1.1728,1.1729,1.1726,1.1727,49169.9,109
2025-07-11 12:00:00,1.1726,1.1729,1.1724,1.1728,21578.8,140
2025-07-11 12:02:00,1.1729,1.1731,1.1729,1.1729,47552.0,94
2025-07-11 12:04:00,1.173,1.173,1.1728,1.1729,35442.6,129
2025-07-11 12:06:00,1.1728,1.1731,1.1727,1.173,58140.7,102
2025-07-11 12:08:00,1.1728,1.1731,1.1725,1.1725,48929.1,118
2025-07-11 12:10:00,1.1724,1.1728,1.1724,1.1725,32156.9,112
2025-07-11 12:12:00,1.1723,1.1726,1.1723,1.1723,22709.5,82
2025-07-11 12:14:00,1.1723,1.1725,1.1723,1.1724,20811.2,58
2025-07-11 12:16:00,1.1723,1.1725,1.1722,1.1724,18278.0,61
2025-07-11 12:18:00,1.1725,1.1725,1.172,1.1722,26955.8,84
2025-07-11 12:20:00,1.1722,1.1723,1.1719,1.1719,39064.7,122
2025-07-11 12:22:00,1.172,1.172,1.1715,1.1717,32236.1,82
2025-07-11 12:24:00,1.1717,1.1719,1.1716,1.1716,25561.7,69
2025-07-11 12:26:00,1.1716,1.1719,1.1716,1.1718,23550.2,91
2025-07-11 12:28:00,1.1719,1.1719,1.1714,1.1715,36890.5,67
2025-07-11 12:30:00,1.1715,1.1717,1.1712,1.1716,45759.6,96
2025-07-11 12:32:00,1.1714,1.1718,1.1713,1.1718,39280.9,139
2025-07-11 12:34:00,1.1718,1.1724,1.1718,1.1722,38689.200000000004,176
2025-07-11 12:36:00,1.1722,1.1723,1.172,1.172,17443.8,69
2025-07-11 12:38:00,1.1721,1.1721,1.1717,1.1717,21745.6,51
2025-07-11 12:40:00,1.1718,1.1719,1.1715,1.1718,35616.6,117
2025-07-11 12:42:00,1.1718,1.1719,1.1713,1.1713,33557.2,127
2025-07-11 12:44:00,1.1714,1.1721,1.1714,1.1719,49019.6,159
2025-07-11 12:46:00,1.172,1.1721,1.1718,1.1718,11889.0,64
2025-07-11 12:48:00,1.1718,1.1718,1.1715,1.1717,29602.1,141
2025-07-11 12:50:00,1.1717,1.1719,1.1715,1.1717,21893.8,57
2025-07-11 12:52:00,1.1716,1.1721,1.1715,1.1719,60115.1,269
2025-07-11 12:54:00,1.172,1.1721,1.1717,1.1717,26146.2,144
2025-07-11 12:56:00,1.1717,1.1721,1.1716,1.1719,27488.1,118
2025-07-11 12:58:00,1.172,1.172,1.1716,1.1719,19019.5,91
2025-07-11 13:00:00,1.1719,1.1722,1.1716,1.1722,62206.0,189
2025-07-11 13:02:00,1.1722,1.1723,1.1719,1.1721,46956.3,184
2025-07-11 13:04:00,1.1721,1.1721,1.1716,1.1718,35892.6,148
2025-07-11 13:06:00,1.1718,1.175,1.1713,1.1715,210324.2,502
2025-07-11 13:08:00,1.1715,1.1719,1.1712,1.1717,94948.7,465
2025-07-11 13:10:00,1.1715,1.1717,1.1714,1.1717,18396.399999999998,87
2025-07-11 13:12:00,1.1715,1.1717,1.1714,1.1715,18067.1,81
2025-07-11 13:14:00,1.1717,1.1718,1.1714,1.1715,34254.4,188
2025-07-11 13:16:00,1.1716,1.1721,1.1715,1.1718,26019.6,194
2025-07-11 13:18:00,1.1718,1.172,1.1717,1.172,31323.7,84
2025-07-11 13:20:00,1.1719,1.1721,1.1717,1.1718,26301.600000000002,111
2025-07-11 13:22:00,1.1718,1.172,1.1717,1.172,18980.1,111
2025-07-11 13:24:00,1.172,1.1727,1.1719,1.1723,26533.5,148
2025-07-11 13:26:00,1.1722,1.1724,1.172,1.1723,19964.9,122
2025-07-11 13:28:00,1.1722,1.1725,1.1721,1.1723,30467.0,279
2025-07-11 13:30:00,1.1724,1.1725,1.1719,1.1722,32041.0,104
2025-07-11 13:32:00,1.1723,1.173,1.1723,1.1727,79127.6,261
2025-07-11 13:34:00,1.1728,1.1731,1.1724,1.1725,57463.1,159
2025-07-11 13:36:00,1.1726,1.1733,1.1726,1.173,75652.4,248
2025-07-11 13:38:00,1.1729,1.1731,1.1723,1.1727,89272.5,334
2025-07-11 13:40:00,1.1728,1.1738,1.1728,1.1732,110188.90000000001,396
2025-07-11 13:42:00,1.1732,1.1734,1.173,1.1731,63872.3,234
2025-07-11 13:44:00,1.1731,1.1733,1.1722,1.1723,288684.4,639
2025-07-11 13:46:00,1.1723,1.1723,1.1718,1.1718,148386.6,283
2025-07-11 13:48:00,1.1718,1.1719,1.1715,1.1716,243552.7,323
2025-07-11 13:50:00,1.1717,1.1718,1.1713,1.1713,125638.3,207
2025-07-11 13:52:00,1.1715,1.1719,1.1709,1.1712,201903.4,580
2025-07-11 13:54:00,1.1712,1.1714,1.1709,1.1712,59742.3,149
2025-07-11 13:56:00,1.1713,1.1714,1.171,1.1713,69626.9,189
2025-07-11 13:58:00,1.1712,1.1714,1.1706,1.1707,245851.5,423
2025-07-11 14:00:00,1.1706,1.1706,1.1701,1.1703,80326.5,343
2025-07-11 14:02:00,1.1703,1.1705,1.1701,1.1705,57525.6,189
2025-07-11 14:04:00,1.1703,1.1706,1.1703,1.1706,66059.3,243
2025-07-11 14:06:00,1.1707,1.1707,1.1702,1.1703,73157.2,266
2025-07-11 14:08:00,1.1704,1.1706,1.17,1.17,65349.3,213
2025-07-11 14:10:00,1.1702,1.1706,1.17,1.1703,153893.9,183
2025-07-11 14:12:00,1.1704,1.1704,1.1698,1.1699,116478.2,150
2025-07-11 14:14:00,1.1699,1.17,1.1693,1.1694,86395.3,169
2025-07-11 14:16:00,1.1693,1.1694,1.169,1.169,76216.2,199
2025-07-11 14:18:00,1.1692,1.1693,1.1689,1.169,145551.1,227
2025-07-11 14:20:00,1.169,1.1694,1.169,1.1693,38084.5,73
2025-07-11 14:22:00,1.1692,1.1695,1.1689,1.1691,86661.1,256
2025-07-11 14:24:00,1.1692,1.1693,1.169,1.1692,20277.8,87
2025-07-11 14:26:00,1.1692,1.1694,1.1689,1.1691,27991.7,108
2025-07-11 14:28:00,1.1691,1.1693,1.169,1.1691,31954.5,150
2025-07-11 14:30:00,1.1691,1.1696,1.169,1.1695,31983.4,142
2025-07-11 14:32:00,1.1695,1.1698,1.1694,1.1696,18864.9,80
2025-07-11 14:34:00,1.1697,1.17,1.1695,1.1699,22469.600000000002,62
2025-07-11 14:36:00,1.1698,1.1703,1.1698,1.1701,78483.0,147
2025-07-11 14:38:00,1.17,1.1702,1.1697,1.1697,86726.0,301
2025-07-11 14:40:00,1.1697,1.1698,1.1695,1.1695,33883.6,108
2025-07-11 14:42:00,1.1695,1.1698,1.1694,1.1696,47266.3,167
2025-07-11 14:44:00,1.1696,1.1699,1.1694,1.1696,24477.1,137
2025-07-11 14:46:00,1.1697,1.1697,1.1695,1.1697,20184.3,103
2025-07-11 14:48:00,1.1696,1.1701,1.1696,1.17,32582.4,201
2025-07-11 14:50:00,1.1701,1.1702,1.1698,1.1701,55887.6,308
2025-07-11 14:52:00,1.1699,1.1701,1.1697,1.17,55843.8,233
2025-07-11 14:54:00,1.1702,1.1704,1.17,1.1704,27524.4,142
2025-07-11 14:56:00,1.1704,1.1704,1.1701,1.1704,25390.1,76
2025-07-11 14:58:00,1.1703,1.1705,1.1702,1.1703,25554.5,57
2025-07-11 15:00:00,1.1702,1.1705,1.1701,1.1705,49370.799999999996,139
2025-07-11 15:02:00,1.1705,1.1705,1.1701,1.1701,23835.6,121
2025-07-11 15:04:00,1.1702,1.1704,1.17,1.1702,50736.6,274
2025-07-11 15:06:00,1.1704,1.1706,1.1701,1.1706,48551.1,212
2025-07-11 15:08:00,1.1706,1.1706,1.1703,1.1705,39781.6,135
2025-07-11 15:10:00,1.1705,1.1707,1.1704,1.1706,46971.0,139
2025-07-11 15:12:00,1.1707,1.1708,1.1705,1.1707,27338.7,125
2025-07-11 15:14:00,1.1707,1.1708,1.1704,1.1706,40013.9,132
2025-07-11 15:16:00,1.1706,1.1706,1.1704,1.1705,22548.1,157
2025-07-11 15:18:00,1.1705,1.1706,1.1703,1.1706,36947.8,138
2025-07-11 15:20:00,1.1704,1.1707,1.1704,1.1706,73290.7,212
2025-07-11 15:22:00,1.1706,1.1709,1.1705,1.1705,47246.7,152
2025-07-11 15:24:00,1.1707,1.171,1.1705,1.1707,85495.2,180
2025-07-11 15:26:00,1.1706,1.1709,1.1706,1.1709,63511.0,293
2025-07-11 15:28:00,1.1709,1.171,1.1706,1.1708,107808.3,358
2025-07-11 15:30:00,1.1708,1.1714,1.1705,1.1714,148217.7,621
2025-07-11 15:32:00,1.1712,1.1715,1.171,1.1711,118079.0,323
2025-07-11 15:34:00,1.1711,1.1714,1.171,1.1714,71258.5,240
2025-07-11 15:36:00,1.1714,1.1716,1.1711,1.1712,113256.0,368
2025-07-11 15:38:00,1.1711,1.1715,1.1711,1.1713,75655.0,378
2025-07-11 15:40:00,1.1713,1.1715,1.1712,1.1713,28717.600000000002,148
2025-07-11 15:42:00,1.1713,1.1716,1.1712,1.1715,31899.4,131
2025-07-11 15:44:00,1.1714,1.1717,1.1713,1.1715,46597.7,214
2025-07-11 15:46:00,1.1715,1.1717,1.1714,1.1714,73832.2,234
2025-07-11 15:48:00,1.1716,1.172,1.1714,1.1718,84981.3,269
2025-07-11 15:50:00,1.1718,1.172,1.1717,1.1718,61420.7,196
2025-07-11 15:52:00,1.1719,1.1719,1.1711,1.1711,219506.4,393
2025-07-11 15:54:00,1.1711,1.1712,1.1708,1.1712,210581.1,551
2025-07-11 15:56:00,1.1712,1.1715,1.1709,1.1714,362445.6,666
2025-07-11 15:58:00,1.1714,1.1723,1.1713,1.172,226024.9,518
2025-07-11 16:00:00,1.1721,1.1724,1.172,1.1721,138712.8,264
2025-07-11 16:02:00,1.1721,1.1725,1.1719,1.1719,105241.9,225
2025-07-11 16:04:00,1.1721,1.1722,1.1716,1.1717,69022.4,228
2025-07-11 16:06:00,1.1717,1.1721,1.1716,1.1721,192216.6,560
2025-07-11 16:08:00,1.1721,1.1724,1.1718,1.1723,151354.1,540
2025-07-11 16:10:00,1.1723,1.1724,1.1713,1.1716,468512.9,877
2025-07-11 16:12:00,1.1716,1.1717,1.1713,1.1716,151128.8,431
2025-07-11 16:14:00,1.1716,1.1719,1.1712,1.1716,203138.8,581
2025-07-11 16:16:00,1.1716,1.1718,1.1712,1.1717,109208.5,474
2025-07-11 16:18:00,1.1717,1.1717,1.1713,1.1714,66976.5,319
2025-07-11 16:20:00,1.1714,1.1719,1.1713,1.1719,69517.3,299
2025-07-11 16:22:00,1.1719,1.172,1.1713,1.1713,72498.9,306
2025-07-11 16:24:00,1.1715,1.1715,1.1709,1.1712,112071.4,312
2025-07-11 16:26:00,1.1711,1.1716,1.1709,1.1716,56508.3,190
2025-07-11 16:28:00,1.1715,1.1716,1.1711,1.1714,49173.6,130
2025-07-11 16:30:00,1.1712,1.1714,1.1708,1.1708,55564.9,232
2025-07-11 16:32:00,1.171,1.171,1.1706,1.1707,80735.7,123
2025-07-11 16:34:00,1.1708,1.1712,1.1707,1.1711,17243.7,110
2025-07-11 16:36:00,1.1711,1.1713,1.171,1.1711,40632.8,247
2025-07-11 16:38:00,1.1712,1.1713,1.1711,1.1713,37503.7,190
2025-07-11 16:40:00,1.1713,1.1714,1.171,1.1711,41668.7,162
2025-07-11 16:42:00,1.1711,1.1712,1.1709,1.1711,14953.8,103
2025-07-11 16:44:00,1.171,1.1713,1.1709,1.1711,19789.6,151
2025-07-11 16:46:00,1.1711,1.1716,1.1711,1.1715,72285.5,170
2025-07-11 16:48:00,1.1714,1.1716,1.1711,1.1714,33883.0,118
2025-07-11 16:50:00,1.1715,1.1717,1.1713,1.1715,39379.2,118
2025-07-11 16:52:00,1.1717,1.1717,1.1711,1.1712,52917.5,107
2025-07-11 16:54:00,1.1711,1.1712,1.171,1.1712,30043.4,68
2025-07-11 16:56:00,1.1712,1.1712,1.1708,1.171,18888.4,75
2025-07-11 16:58:00,1.171,1.1711,1.1708,1.1708,19908.8,48
2025-07-11 17:00:00,1.1707,1.1709,1.1705,1.1705,35072.9,186
2025-07-11 17:02:00,1.1706,1.1707,1.1705,1.1706,27838.3,77
2025-07-11 17:04:00,1.1707,1.1709,1.1705,1.1709,18630.8,74
2025-07-11 17:06:00,1.1707,1.1711,1.1707,1.1709,25477.9,137
2025-07-11 17:08:00,1.1709,1.171,1.1707,1.1707,32790.9,134
2025-07-11 17:10:00,1.1709,1.171,1.1707,1.1709,41938.5,174
2025-07-11 17:12:00,1.1708,1.1712,1.1708,1.1711,23674.5,47
2025-07-11 17:14:00,1.1712,1.1713,1.1711,1.1713,28707.1,190
2025-07-11 17:16:00,1.1712,1.1713,1.1711,1.1713,22423.600000000002,57
2025-07-11 17:18:00,1.1713,1.1714,1.171,1.1712,43177.5,118
2025-07-11 17:20:00,1.171,1.1712,1.1708,1.1711,46300.5,214
2025-07-11 17:22:00,1.1711,1.1711,1.1705,1.1707,40381.8,99
2025-07-11 17:24:00,1.1707,1.1707,1.1704,1.1705,32543.3,112
2025-07-11 17:26:00,1.1706,1.1708,1.1705,1.1706,52657.0,87
2025-07-11 17:28:00,1.1707,1.1709,1.1706,1.1707,57308.9,80
2025-07-11 17:30:00,1.1709,1.1709,1.1707,1.1709,15250.5,54
2025-07-11 17:32:00,1.1709,1.1709,1.1706,1.1709,28527.5,79
2025-07-11 17:34:00,1.1708,1.1709,1.1706,1.1708,18980.2,85
2025-07-11 17:36:00,1.1707,1.1709,1.1706,1.1709,21410.7,72
2025-07-11 17:38:00,1.1708,1.171,1.1707,1.1709,25767.3,172
2025-07-11 17:40:00,1.1709,1.1711,1.1707,1.1709,18201.2,135
2025-07-11 17:42:00,1.1709,1.1711,1.1709,1.1711,14479.2,61
2025-07-11 17:44:00,1.1709,1.1711,1.1708,1.171,13853.300000000001,39
2025-07-11 17:46:00,1.1709,1.1712,1.1708,1.1712,32536.5,68
2025-07-11 17:48:00,1.171,1.1712,1.1709,1.1709,24094.5,78
2025-07-11 17:50:00,1.1711,1.1712,1.1709,1.1709,26786.0,97
2025-07-11 17:52:00,1.1709,1.1711,1.1708,1.171,13348.3,83
2025-07-11 17:54:00,1.1709,1.1711,1.1708,1.171,12590.6,74
2025-07-11 17:56:00,1.171,1.1711,1.1709,1.1709,14383.0,54
2025-07-11 17:58:00,1.1709,1.1711,1.1708,1.1708,18387.4,57
2025-07-11 18:00:00,1.171,1.1713,1.1708,1.1712,24117.2,68
2025-07-11 18:02:00,1.171,1.1712,1.171,1.171,25697.6,109
2025-07-11 18:04:00,1.171,1.1711,1.1707,1.171,44536.5,119
2025-07-11 18:06:00,1.171,1.171,1.1707,1.1708,24977.3,95
2025-07-11 18:08:00,1.1708,1.1709,1.1706,1.1706,15276.9,93
2025-07-11 18:10:00,1.1708,1.1708,1.1704,1.1705,15738.3,72
2025-07-11 18:12:00,1.1706,1.1708,1.1705,1.1705,15953.5,102
2025-07-11 18:14:00,1.1705,1.1707,1.1704,1.1705,19084.6,75
2025-07-11 18:16:00,1.1706,1.1708,1.1703,1.1705,30876.6,107
2025-07-11 18:18:00,1.1707,1.1709,1.1705,1.1708,14693.199999999999,95
2025-07-11 18:20:00,1.1707,1.1708,1.1706,1.1708,13007.6,46
2025-07-11 18:22:00,1.1708,1.1711,1.1708,1.171,8011.3,68
2025-07-11 18:24:00,1.1708,1.1712,1.1708,1.171,16868.6,80
2025-07-11 18:26:00,1.171,1.1712,1.1707,1.1708,8225.0,72
2025-07-11 18:28:00,1.1709,1.171,1.1707,1.1708,24729.399999999998,193
2025-07-11 18:30:00,1.1708,1.1711,1.1706,1.171,13486.9,77
2025-07-11 18:32:00,1.171,1.171,1.1707,1.1708,11337.2,61
2025-07-11 18:34:00,1.1708,1.171,1.1707,1.1709,5034.3,34
2025-07-11 18:36:00,1.1707,1.1709,1.1706,1.1707,13146.199999999999,48
2025-07-11 18:38:00,1.1709,1.1709,1.1706,1.1707,16314.4,98
2025-07-11 18:40:00,1.1707,1.1709,1.1706,1.1706,16337.4,42
2025-07-11 18:42:00,1.1708,1.1709,1.1707,1.1709,3523.7000000000003,28
2025-07-11 18:44:00,1.1709,1.1711,1.1707,1.1711,8625.1,66
2025-07-11 18:46:00,1.1711,1.1712,1.171,1.1712,17246.8,99
2025-07-11 18:48:00,1.1711,1.1712,1.171,1.1711,8578.0,55
2025-07-11 18:50:00,1.1711,1.1711,1.1709,1.1709,7124.0,26
2025-07-11 18:52:00,1.1709,1.1711,1.1708,1.171,8159.3,42
2025-07-11 18:54:00,1.171,1.1711,1.1708,1.1708,5361.7,28
2025-07-11 18:56:00,1.171,1.171,1.1707,1.1707,6540.2,29
2025-07-11 18:58:00,1.1708,1.1708,1.1704,1.1704,6130.6,74
2025-07-11 19:00:00,1.1705,1.1706,1.1703,1.1703,3683.9,28
2025-07-11 19:02:00,1.1703,1.1704,1.1702,1.1702,5469.2,30
2025-07-11 19:04:00,1.1702,1.1704,1.1702,1.1702,6697.099999999999,33
2025-07-11 19:06:00,1.1702,1.1704,1.1702,1.1702,11504.5,75
2025-07-11 19:08:00,1.1702,1.1704,1.1701,1.1704,24648.0,102
2025-07-11 19:10:00,1.1703,1.1704,1.1702,1.1702,8285.0,46
2025-07-11 19:12:00,1.1702,1.1704,1.1702,1.1704,13006.1,65
2025-07-11 19:14:00,1.1704,1.1705,1.1702,1.1705,8548.3,39
2025-07-11 19:16:00,1.1705,1.1708,1.1704,1.1708,15916.2,110
2025-07-11 19:18:00,1.1707,1.1714,1.1706,1.171,81957.9,189
2025-07-11 19:20:00,1.171,1.1712,1.1707,1.1709,45790.4,152
2025-07-11 19:22:00,1.1707,1.1708,1.1703,1.1706,27408.2,88
2025-07-11 19:24:00,1.1706,1.1711,1.1704,1.1709,32768.5,174
2025-07-11 19:26:00,1.171,1.1714,1.171,1.1712,44577.4,224
2025-07-11 19:28:00,1.1712,1.1712,1.1706,1.1707,32205.0,335
2025-07-11 19:30:00,1.1706,1.1707,1.1704,1.1707,24603.5,173
2025-07-11 19:32:00,1.1707,1.1707,1.1702,1.1702,20368.9,149
2025-07-11 19:34:00,1.1703,1.1705,1.1701,1.1705,19998.7,73
2025-07-11 19:36:00,1.1706,1.1708,1.1704,1.1706,13714.2,140
2025-07-11 19:38:00,1.1706,1.1709,1.1706,1.1707,19968.5,111
2025-07-11 19:40:00,1.1707,1.171,1.1706,1.1708,84192.5,252
2025-07-11 19:42:00,1.1707,1.1714,1.1707,1.1713,133467.5,251
2025-07-11 19:44:00,1.1713,1.1714,1.1712,1.1712,49116.299999999996,144
2025-07-11 19:46:00,1.1712,1.1712,1.1709,1.1709,22357.5,166
2025-07-11 19:48:00,1.171,1.1711,1.1707,1.1708,22627.5,169
2025-07-11 19:50:00,1.1709,1.1712,1.1707,1.1712,35241.7,124
2025-07-11 19:52:00,1.1711,1.1712,1.171,1.1712,8485.7,148
2025-07-11 19:54:00,1.1712,1.1713,1.1709,1.1711,26366.7,103
2025-07-11 19:56:00,1.1711,1.1715,1.1711,1.1713,15034.0,65
2025-07-11 19:58:00,1.1712,1.1714,1.1712,1.1712,35903.3,154
2025-07-11 20:00:00,1.1714,1.1714,1.1707,1.1709,59529.9,183
2025-07-11 20:02:00,1.1709,1.1711,1.1709,1.1711,19492.0,76
2025-07-11 20:04:00,1.171,1.1712,1.1709,1.171,27171.4,107
2025-07-11 20:06:00,1.1711,1.1715,1.1711,1.1711,48063.7,88
2025-07-11 20:08:00,1.1711,1.1713,1.1711,1.1711,36092.4,82
2025-07-11 20:10:00,1.1713,1.1713,1.1711,1.1712,29184.6,135
2025-07-11 20:12:00,1.1712,1.1713,1.1709,1.171,53573.7,187
2025-07-11 20:14:00,1.1709,1.1712,1.1709,1.1709,25974.6,99
2025-07-11 20:16:00,1.171,1.1711,1.1707,1.1709,27318.5,93
2025-07-11 20:18:00,1.1709,1.171,1.1708,1.1709,16805.899999999998,95
2025-07-11 20:20:00,1.1709,1.1713,1.1708,1.1711,28167.9,135
2025-07-11 20:22:00,1.1712,1.1712,1.1708,1.1709,28151.100000000002,97
2025-07-11 20:24:00,1.1709,1.1709,1.1704,1.1706,34122.2,215
2025-07-11 20:26:00,1.1708,1.1708,1.1706,1.1706,20942.5,103
2025-07-11 20:28:00,1.1707,1.1708,1.1705,1.1705,13877.9,65
2025-07-11 20:30:00,1.1705,1.1707,1.1704,1.1707,26693.9,141
2025-07-11 20:32:00,1.1706,1.1713,1.1705,1.1713,64951.8,230
2025-07-11 20:34:00,1.1713,1.1714,1.1712,1.1713,30583.5,82
2025-07-11 20:36:00,1.1713,1.1717,1.1712,1.1716,50790.2,181
2025-07-11 20:38:00,1.1718,1.1718,1.1716,1.1716,19731.3,53
2025-07-11 20:40:00,1.1716,1.172,1.1716,1.1718,50834.6,164
2025-07-11 20:42:00,1.1719,1.172,1.1715,1.1716,38969.200000000004,91
2025-07-11 20:44:00,1.1718,1.1719,1.1716,1.1718,38532.799999999996,107
2025-07-11 20:46:00,1.1718,1.1726,1.1717,1.1718,99304.6,225
2025-07-11 20:48:00,1.1719,1.172,1.1717,1.1717,29253.7,100
2025-07-11 20:50:00,1.1719,1.1721,1.1717,1.1721,56575.6,209
2025-07-11 20:52:00,1.1719,1.1723,1.1718,1.1722,34046.6,177
2025-07-11 20:54:00,1.1722,1.1723,1.1719,1.1719,20750.6,135
2025-07-11 20:56:00,1.1719,1.1723,1.1715,1.1721,59736.9,209
2025-07-11 20:58:00,1.1722,1.1725,1.1721,1.1722,46061.7,198
2025-07-11 21:00:00,1.1723,1.1726,1.1721,1.1724,26391.7,179
2025-07-11 21:02:00,1.1724,1.1725,1.1723,1.1724,11599.0,78
2025-07-11 21:04:00,1.1724,1.1727,1.1724,1.1726,15223.3,95
2025-07-11 21:06:00,1.1726,1.1727,1.1724,1.1726,21967.8,78
2025-07-11 21:08:00,1.1726,1.1727,1.1724,1.1726,20425.9,70
2025-07-11 21:10:00,1.1726,1.1728,1.1724,1.1728,38858.0,134
2025-07-11 21:12:00,1.1726,1.1729,1.1726,1.1727,41500.799999999996,103
2025-07-11 21:14:00,1.1727,1.1731,1.1727,1.1729,97972.1,152
2025-07-11 21:16:00,1.173,1.1732,1.1729,1.173,45360.8,122
2025-07-11 21:18:00,1.1732,1.1732,1.173,1.173,24776.7,75
2025-07-11 21:20:00,1.1732,1.1732,1.1728,1.1728,11460.6,59
2025-07-11 21:22:00,1.1728,1.1732,1.1728,1.173,19141.8,140
2025-07-11 21:24:00,1.1731,1.1733,1.173,1.1733,24676.7,89
2025-07-11 21:26:00,1.1733,1.1734,1.1731,1.1732,21407.399999999998,104
2025-07-11 21:28:00,1.1732,1.1734,1.1731,1.1731,16181.9,93
2025-07-11 21:30:00,1.1733,1.1734,1.1731,1.1733,9632.0,58
2025-07-11 21:32:00,1.1733,1.1733,1.173,1.1731,14592.1,66
2025-07-11 21:34:00,1.1733,1.1734,1.1731,1.1732,32217.399999999998,105
2025-07-11 21:36:00,1.1732,1.1734,1.1731,1.1731,26070.8,82
2025-07-11 21:38:00,1.1733,1.1734,1.173,1.1733,53961.5,163
2025-07-11 21:40:00,1.1733,1.1735,1.1731,1.1733,150257.4,230
2025-07-11 21:42:00,1.1734,1.1737,1.1732,1.1736,78517.6,217
2025-07-11 21:44:00,1.1736,1.1739,1.1734,1.1739,138401.9,271
2025-07-11 21:46:00,1.1739,1.174,1.1736,1.1737,41826.1,181
2025-07-11 21:48:00,1.1737,1.174,1.1736,1.1737,18705.0,76
2025-07-11 21:50:00,1.1739,1.1739,1.1736,1.1739,24723.1,99
2025-07-11 21:52:00,1.1739,1.174,1.1737,1.174,18704.8,44
2025-07-11 21:54:00,1.174,1.174,1.1735,1.1739,45796.5,124
2025-07-11 21:56:00,1.1739,1.174,1.1737,1.174,30122.2,94
2025-07-11 21:58:00,1.1739,1.1741,1.1739,1.1741,27523.2,59
2025-07-11 22:00:00,1.1741,1.1741,1.174,1.1741,30871.3,95
2025-07-11 22:02:00,1.174,1.1741,1.1738,1.1741,17226.8,104
2025-07-11 22:04:00,1.1741,1.1741,1.1738,1.1738,11380.5,42
2025-07-11 22:06:00,1.174,1.174,1.1738,1.1738,12241.8,47
2025-07-11 22:08:00,1.174,1.1742,1.1738,1.1742,15397.6,52
2025-07-11 22:10:00,1.1742,1.1742,1.174,1.1742,13408.9,55
2025-07-11 22:12:00,1.1741,1.1744,1.1741,1.1741,13139.6,63
2025-07-11 22:14:00,1.1743,1.1743,1.1739,1.174,65121.0,154
2025-07-11 22:16:00,1.174,1.1744,1.1739,1.1742,85252.6,220
2025-07-11 22:18:00,1.1742,1.1742,1.1738,1.174,137849.2,492
2025-07-11 22:20:00,1.174,1.1744,1.174,1.1742,48064.4,191
2025-07-11 22:22:00,1.1743,1.1745,1.1742,1.1745,96896.1,193
2025-07-11 22:24:00,1.1745,1.1745,1.1742,1.1745,115758.8,203
2025-07-11 22:26:00,1.1745,1.1747,1.1744,1.1746,119375.9,348
2025-07-11 22:28:00,1.1746,1.1752,1.1745,1.1752,139566.4,225
2025-07-11 22:30:00,1.1751,1.1753,1.175,1.1753,28817.0,104
2025-07-11 22:32:00,1.1753,1.1759,1.1751,1.1759,127180.8,215
2025-07-11 22:34:00,1.1759,1.1761,1.1751,1.1755,141190.4,297
2025-07-11 22:36:00,1.1755,1.1756,1.1754,1.1755,59143.6,66
2025-07-11 22:38:00,1.1754,1.1756,1.1754,1.1756,26261.3,85
2025-07-11 22:40:00,1.1756,1.1756,1.1745,1.1746,70734.9,138
2025-07-11 22:42:00,1.1745,1.175,1.1743,1.1746,95215.2,251
2025-07-11 22:44:00,1.1745,1.1752,1.1742,1.1748,66131.5,241
2025-07-11 22:46:00,1.175,1.1753,1.1748,1.1753,14799.7,46
2025-07-11 22:48:00,1.1752,1.1754,1.1751,1.1751,20403.1,81
2025-07-11 22:50:00,1.1753,1.1755,1.1752,1.1753,20982.8,43
2025-07-11 22:52:00,1.1755,1.1755,1.1753,1.1755,24481.2,46
2025-07-11 22:54:00,1.1755,1.1755,1.1753,1.1753,26241.5,100
2025-07-11 22:56:00,1.1753,1.1755,1.1753,1.1755,4172.4,21
2025-07-11 22:58:00,1.1755,1.1756,1.1753,1.1756,15096.5,72
2025-07-11 23:00:00,1.1756,1.1756,1.1753,1.1753,106981.8,227
2025-07-11 23:02:00,1.1753,1.1755,1.1752,1.1753,29605.7,56
2025-07-11 23:04:00,1.1754,1.1755,1.1752,1.1753,41830.9,98
2025-07-11 23:06:00,1.1754,1.1755,1.1752,1.1752,33279.1,130
2025-07-11 23:08:00,1.1753,1.1754,1.1752,1.1753,10317.3,33
2025-07-11 23:10:00,1.1754,1.1754,1.1752,1.1752,13507.6,61
2025-07-11 23:12:00,1.1754,1.1754,1.1749,1.1749,61639.7,131
2025-07-11 23:14:00,1.1749,1.1751,1.1745,1.1747,108396.1,358
2025-07-11 23:16:00,1.1746,1.1747,1.1741,1.1743,115105.5,283
2025-07-11 23:18:00,1.1743,1.1746,1.1742,1.1746,35094.5,160
2025-07-11 23:20:00,1.1746,1.1746,1.1744,1.1745,5800.1,64
2025-07-11 23:22:00,1.1745,1.1747,1.1744,1.1746,8099.4,42
2025-07-11 23:24:00,1.1747,1.1747,1.1745,1.1746,5987.2,26
2025-07-11 23:26:00,1.1745,1.1747,1.1745,1.1745,8380.699999999999,36
2025-07-11 23:28:00,1.1745,1.1745,1.1743,1.1745,8911.0,50
2025-07-11 23:30:00,1.1744,1.1748,1.1742,1.1747,19480.2,95
2025-07-11 23:32:00,1.1747,1.1747,1.1745,1.1746,10387.7,48
2025-07-11 23:34:00,1.1746,1.1747,1.1744,1.1747,11333.6,46
2025-07-11 23:36:00,1.1747,1.1748,1.1746,1.1746,6216.8,28
2025-07-11 23:38:00,1.1747,1.1748,1.1746,1.1747,4721.5,35
2025-07-11 23:40:00,1.1748,1.1749,1.1747,1.1748,9209.9,31
2025-07-11 23:42:00,1.1747,1.1749,1.1747,1.1748,24731.600000000002,46
2025-07-11 23:44:00,1.1748,1.1748,1.1744,1.1744,42278.4,79
2025-07-11 23:46:00,1.1744,1.1746,1.1743,1.1746,54911.8,225
2025-07-11 23:48:00,1.1746,1.1751,1.1745,1.1749,45981.7,167
2025-07-11 23:50:00,1.175,1.1752,1.175,1.1752,5569.3,41
2025-07-11 23:52:00,1.1752,1.1753,1.175,1.1752,6379.9,44
2025-07-11 23:54:00,1.1752,1.1752,1.1751,1.1752,7931.0,31
2025-07-11 23:56:00,1.1751,1.1753,1.175,1.1751,26517.5,96
2025-07-11 23:58:00,1.1751,1.1752,1.175,1.1751,24846.0,112
2025-07-12 00:00:00,1.175,1.1752,1.175,1.1751,9228.2,39
2025-07-12 00:02:00,1.1752,1.1753,1.1751,1.1751,21863.9,70
2025-07-12 00:04:00,1.1752,1.1753,1.175,1.175,10995.6,45
2025-07-12 00:06:00,1.175,1.1752,1.1749,1.1751,9445.3,77
2025-07-12 00:08:00,1.1751,1.1753,1.175,1.1753,19932.3,84
2025-07-12 00:10:00,1.1751,1.1752,1.1749,1.175,7498.7,45
2025-07-12 00:12:00,1.175,1.175,1.1749,1.175,4626.2,45
2025-07-12 00:14:00,1.1749,1.1751,1.1749,1.1749,9311.6,26
2025-07-12 00:16:00,1.1751,1.1751,1.1749,1.1751,7193.9,44
2025-07-12 00:18:00,1.1751,1.1752,1.1749,1.1752,6238.5,30
2025-07-12 00:20:00,1.1752,1.1753,1.1751,1.1752,4338.2,24
2025-07-12 00:22:00,1.1751,1.1753,1.1749,1.1751,11407.7,65
2025-07-12 00:24:00,1.1751,1.1751,1.1747,1.1749,19560.3,62
2025-07-12 00:26:00,1.1749,1.175,1.1747,1.175,4458.400000000001,24
2025-07-12 00:28:00,1.1749,1.175,1.1745,1.1747,15369.1,135
2025-07-12 00:30:00,1.1747,1.1751,1.1746,1.1751,27602.3,309
2025-07-12 00:32:00,1.175,1.1751,1.1749,1.1749,9699.3,58
2025-07-12 00:34:00,1.1749,1.1752,1.1742,1.1746,62956.6,253
2025-07-12 00:36:00,1.1746,1.175,1.1741,1.1747,64818.6,193
2025-07-12 00:38:00,1.1747,1.1751,1.1745,1.175,21525.2,108
2025-07-12 00:40:00,1.1751,1.1752,1.175,1.175,13209.9,31
2025-07-12 00:42:00,1.175,1.1752,1.1749,1.1749,14671.300000000001,71
2025-07-12 00:44:00,1.1751,1.1751,1.1749,1.1751,6478.0,16
2025-07-12 00:46:00,1.1751,1.1751,1.1746,1.1746,27166.7,96
2025-07-12 00:48:00,1.1746,1.1749,1.1741,1.1747,134556.9,394
2025-07-12 00:50:00,1.1747,1.1751,1.1747,1.1748,49358.2,151
2025-07-12 00:52:00,1.175,1.175,1.1748,1.175,12441.1,28
2025-07-12 00:54:00,1.1748,1.175,1.1748,1.1748,4478.8,11
2025-07-12 00:56:00,1.175,1.1752,1.1749,1.175,12779.5,36
2025-07-12 00:58:00,1.175,1.1752,1.175,1.1751,12566.0,30
2025-07-12 01:00:00,1.1751,1.1754,1.1751,1.1752,36689.3,146
2025-07-12 01:02:00,1.1752,1.1752,1.175,1.1751,11328.2,47
2025-07-12 01:04:00,1.1752,1.1753,1.1751,1.1751,17398.0,57
2025-07-12 01:06:00,1.1753,1.1753,1.1751,1.1753,5150.7,27
2025-07-12 01:08:00,1.1751,1.1753,1.1751,1.1753,42486.8,168
2025-07-12 01:10:00,1.1752,1.1753,1.1751,1.1752,13088.8,49
2025-07-12 01:12:00,1.1751,1.1753,1.1751,1.1752,19111.6,82
2025-07-12 01:14:00,1.1753,1.1753,1.175,1.1751,2940.6,37
2025-07-12 01:16:00,1.1751,1.1752,1.1749,1.1749,47928.3,136
2025-07-12 01:18:00,1.1749,1.1751,1.1747,1.1748,50739.2,170
2025-07-12 01:20:00,1.1749,1.175,1.1746,1.1749,33466.9,103
2025-07-12 01:22:00,1.1749,1.175,1.1748,1.175,11736.0,38
2025-07-12 01:24:00,1.175,1.1751,1.1749,1.175,8682.2,27
2025-07-12 01:26:00,1.1749,1.1751,1.1749,1.175,14398.4,125
2025-07-12 01:28:00,1.1749,1.1751,1.1747,1.1747,12124.0,44
2025-07-12 01:30:00,1.1748,1.175,1.1746,1.175,6585.1,47
2025-07-12 01:32:00,1.175,1.175,1.1749,1.1749,6933.400000000001,30
2025-07-12 01:34:00,1.1749,1.175,1.1749,1.175,8989.5,66
2025-07-12 01:36:00,1.1751,1.1752,1.175,1.1752,23552.7,58
2025-07-12 01:38:00,1.1751,1.1752,1.175,1.1751,37566.9,99
2025-07-12 01:40:00,1.1752,1.1752,1.175,1.1752,48240.3,117
2025-07-12 01:42:00,1.1752,1.1753,1.175,1.1753,82069.9,179
2025-07-12 01:44:00,1.1753,1.1753,1.1751,1.1753,60841.4,68
2025-07-12 01:46:00,1.1753,1.1755,1.1753,1.1753,71414.4,46
2025-07-12 01:48:00,1.1753,1.1754,1.1753,1.1754,55011.7,50
2025-07-12 01:50:00,1.1754,1.1755,1.1753,1.1755,80912.2,71
2025-07-12 01:52:00,1.1755,1.1755,1.1753,1.1753,56329.5,58
2025-07-12 01:54:00,1.1755,1.1756,1.1753,1.1756,42134.700000000004,33
2025-07-12 01:56:00,1.1755,1.1756,1.1755,1.1756,48307.0,56
2025-07-12 01:58:00,1.1755,1.1756,1.1753,1.1754,37289.7,58
2025-07-12 02:00:00,1.1753,1.1755,1.1753,1.1755,10422.1,78
2025-07-12 02:02:00,1.1755,1.1755,1.1753,1.1755,13015.8,26
2025-07-12 02:04:00,1.1754,1.1755,1.1753,1.1753,8320.2,19
2025-07-12 02:06:00,1.1755,1.1755,1.1752,1.1754,20584.2,85
2025-07-12 02:08:00,1.1754,1.1755,1.1753,1.1755,6477.9,28
2025-07-12 02:10:00,1.1755,1.1755,1.1753,1.1753,9122.0,15
2025-07-12 02:12:00,1.1755,1.1755,1.1753,1.1753,596.0,6
2025-07-12 02:14:00,1.1755,1.1755,1.1753,1.1754,3788.3,18
2025-07-12 02:16:00,1.1754,1.1755,1.1753,1.1754,6550.1,34
2025-07-12 02:18:00,1.1755,1.1755,1.1753,1.1754,5379.8,20
2025-07-12 02:20:00,1.1754,1.1755,1.1753,1.1753,2152.7,12
2025-07-12 02:22:00,1.1753,1.1755,1.1753,1.1755,10529.5,45
2025-07-12 02:24:00,1.1754,1.1755,1.1752,1.1753,20459.7,47
2025-07-12 02:26:00,1.1754,1.1754,1.1752,1.1754,48191.3,68
2025-07-12 02:28:00,1.1754,1.1754,1.175,1.175,73660.1,137
2025-07-12 02:30:00,1.175,1.1755,1.175,1.1753,73537.2,303
2025-07-12 02:32:00,1.1754,1.1755,1.1753,1.1755,23606.8,36
2025-07-12 02:34:00,1.1754,1.1755,1.1753,1.1754,22989.7,57
2025-07-12 02:36:00,1.1754,1.1754,1.1753,1.1754,34084.3,124
2025-07-12 02:38:00,1.1754,1.1754,1.1751,1.1751,34664.4,118
2025-07-12 02:40:00,1.1751,1.1754,1.1751,1.1753,9962.4,86
2025-07-12 02:42:00,1.1754,1.1754,1.1752,1.1752,2623.4,12
2025-07-12 02:44:00,1.1754,1.1754,1.1752,1.1752,4687.7,18
2025-07-12 02:46:00,1.1753,1.1754,1.1752,1.1752,6755.8,46
2025-07-12 02:48:00,1.1752,1.1754,1.1752,1.1753,6523.7,24
2025-07-12 02:50:00,1.1754,1.1755,1.1753,1.1755,3002.5,31
2025-07-12 02:52:00,1.1753,1.1755,1.1753,1.1753,2982.7,19
2025-07-12 02:54:00,1.1754,1.1755,1.1753,1.1755,2612.9,20
2025-07-12 02:56:00,1.1755,1.1756,1.1754,1.1756,4691.5,44
2025-07-12 02:58:00,1.1756,1.1756,1.1754,1.1754,12534.8,61
2025-07-12 03:00:00,1.1756,1.1756,1.1754,1.1756,3223.6,17
2025-07-12 03:02:00,1.1754,1.1756,1.1753,1.1753,4188.7,10
2025-07-12 03:04:00,1.1755,1.1756,1.1755,1.1756,3971.5,5
2025-07-12 03:06:00,1.1754,1.1756,1.1753,1.1753,43878.6,123
2025-07-12 03:08:00,1.1753,1.1755,1.1753,1.1754,8225.199999999999,16
2025-07-12 03:10:00,1.1754,1.1755,1.1753,1.1754,9178.9,21
2025-07-12 03:12:00,1.1754,1.1755,1.1753,1.1755,3802.0,27
2025-07-12 03:14:00,1.1755,1.1755,1.1753,1.1755,16265.4,44
2025-07-12 03:16:00,1.1755,1.1755,1.1753,1.1753,5119.400000000001,11
2025-07-12 03:18:00,1.1755,1.1755,1.1753,1.1753,24318.2,79
2025-07-12 03:20:00,1.1753,1.1753,1.175,1.175,19774.8,89
2025-07-12 03:22:00,1.1751,1.1751,1.175,1.1751,2866.8,33
2025-07-12 03:24:00,1.1751,1.1753,1.1751,1.1753,13566.0,53
2025-07-12 03:26:00,1.1752,1.1754,1.1752,1.1753,8430.4,22
2025-07-12 03:28:00,1.1754,1.1754,1.1753,1.1754,7906.2,59
2025-07-12 03:30:00,1.1754,1.1754,1.1752,1.1754,7852.7,46
2025-07-12 03:32:00,1.1754,1.1754,1.1752,1.1753,1372.5,23
2025-07-12 03:34:00,1.1753,1.1754,1.1751,1.1752,5204.9,52
2025-07-12 03:36:00,1.1752,1.1754,1.1752,1.1753,5733.2,23
2025-07-12 03:38:00,1.1753,1.1755,1.1752,1.1752,17634.7,76
2025-07-12 03:40:00,1.1753,1.1754,1.175,1.1752,46880.0,197
2025-07-12 03:42:00,1.1752,1.1753,1.1751,1.1752,7508.7,36
2025-07-12 03:44:00,1.1752,1.1753,1.1751,1.1752,4396.3,28
2025-07-12 03:46:00,1.1752,1.1753,1.175,1.1752,3198.1,19
2025-07-12 03:48:00,1.1751,1.1753,1.175,1.1752,19908.7,65
2025-07-12 03:50:00,1.1751,1.1752,1.175,1.1752,9362.1,65
2025-07-12 03:52:00,1.1751,1.1752,1.175,1.1752,16773.3,33
2025-07-12 03:54:00,1.1751,1.1752,1.175,1.175,4879.8,26
2025-07-12 03:56:00,1.1752,1.1752,1.175,1.1752,5006.3,44
2025-07-12 03:58:00,1.1752,1.1753,1.175,1.1751,28018.8,94
2025-07-12 04:00:00,1.1752,1.1753,1.175,1.1753,28002.4,107
2025-07-12 04:02:00,1.1753,1.1754,1.1752,1.1754,4807.2,18
2025-07-12 04:04:00,1.1753,1.1754,1.1752,1.1754,8660.5,20
2025-07-12 04:06:00,1.1752,1.1755,1.1752,1.1754,4561.8,26
2025-07-12 04:08:00,1.1753,1.1754,1.1751,1.1751,27120.3,74
2025-07-12 04:10:00,1.1753,1.1753,1.1752,1.1753,8123.599999999999,39
2025-07-12 04:12:00,1.1753,1.1754,1.1752,1.1754,3064.9,20
2025-07-12 04:14:00,1.1752,1.1754,1.1752,1.1754,4707.1,27
2025-07-12 04:16:00,1.1754,1.1754,1.1752,1.1752,7695.8,16
2025-07-12 04:18:00,1.1754,1.1755,1.1753,1.1753,6381.4,21
2025-07-12 04:20:00,1.1755,1.1755,1.1753,1.1753,1669.1,14
2025-07-12 04:22:00,1.1754,1.1755,1.1753,1.1755,14303.6,37
2025-07-12 04:24:00,1.1755,1.1755,1.1753,1.1754,9154.9,36
2025-07-12 04:26:00,1.1753,1.1757,1.1753,1.1754,15884.7,46
2025-07-12 04:28:00,1.1752,1.1754,1.1752,1.1752,8996.6,15
2025-07-12 04:30:00,1.1753,1.1754,1.1752,1.1752,4299.9,22
2025-07-12 04:32:00,1.1754,1.1755,1.1753,1.1754,24079.6,35
2025-07-12 04:34:00,1.1754,1.1754,1.1752,1.1754,2054.1,28
2025-07-12 04:36:00,1.1754,1.1754,1.1752,1.1752,3758.2999999999997,27
2025-07-12 04:38:00,1.1753,1.1754,1.1752,1.1752,4184.8,29
2025-07-12 04:40:00,1.1752,1.1755,1.1752,1.1752,7182.2,33
2025-07-12 04:42:00,1.1754,1.1755,1.1753,1.1753,7508.6,63
2025-07-12 04:44:00,1.1753,1.1755,1.1753,1.1755,3546.4,25
2025-07-12 04:46:00,1.1753,1.1756,1.1753,1.1753,18670.9,81
2025-07-12 04:48:00,1.1755,1.1756,1.1753,1.1756,16402.6,60
2025-07-12 04:50:00,1.1755,1.1756,1.1754,1.1756,12856.1,73
2025-07-12 04:52:00,1.1754,1.1756,1.1754,1.1756,9168.6,49
2025-07-12 04:54:00,1.1756,1.1757,1.1754,1.1757,2582.1,20
2025-07-12 04:56:00,1.1757,1.1758,1.1755,1.1758,10091.6,48
2025-07-12 04:58:00,1.1756,1.1758,1.1756,1.1758,23008.9,43
2025-07-12 05:00:00,1.1758,1.1758,1.1755,1.1756,14770.0,110
2025-07-12 05:02:00,1.1757,1.1758,1.1756,1.1757,24785.9,77
2025-07-12 05:04:00,1.1758,1.1758,1.1756,1.1756,47040.3,130
2025-07-12 05:06:00,1.1758,1.1758,1.1756,1.1757,6860.7,48
2025-07-12 05:08:00,1.1757,1.1759,1.1756,1.1758,18751.5,45
2025-07-12 05:10:00,1.1757,1.1759,1.1757,1.1757,11232.6,49
2025-07-12 05:12:00,1.1757,1.1759,1.1757,1.1759,19514.1,50
2025-07-12 05:14:00,1.1757,1.1759,1.1756,1.1757,9517.2,66
2025-07-12 05:16:00,1.1758,1.1759,1.1757,1.1757,13898.9,43
2025-07-12 05:18:00,1.1757,1.176,1.1757,1.1758,24221.9,82
2025-07-12 05:20:00,1.1759,1.176,1.1758,1.1759,19198.6,50
2025-07-12 05:22:00,1.1758,1.1759,1.1757,1.1759,14940.2,47
2025-07-12 05:24:00,1.1759,1.176,1.1757,1.1759,6731.0,49
2025-07-12 05:26:00,1.1758,1.1759,1.1757,1.1759,11825.1,45
2025-07-12 05:28:00,1.1759,1.176,1.1757,1.1758,8091.099999999999,41
2025-07-12 05:30:00,1.1759,1.176,1.1758,1.1758,17470.0,67
2025-07-12 05:32:00,1.1758,1.176,1.1758,1.176,11938.1,73
2025-07-12 05:34:00,1.1758,1.1761,1.1758,1.1761,12746.4,57
2025-07-12 05:36:00,1.1759,1.1761,1.1759,1.1761,5112.7,36
2025-07-12 05:38:00,1.1759,1.1761,1.1759,1.1761,8382.5,40
2025-07-12 05:40:00,1.1761,1.1761,1.1759,1.1759,8774.7,37
2025-07-12 05:42:00,1.1759,1.1761,1.1758,1.1758,7205.5,38
2025-07-12 05:44:00,1.176,1.176,1.1758,1.1758,11500.1,44
2025-07-12 05:46:00,1.176,1.176,1.1758,1.1758,4781.0,26
2025-07-12 05:48:00,1.176,1.176,1.1758,1.1758,3183.7999999999997,31
2025-07-12 05:50:00,1.176,1.1761,1.1758,1.1761,8790.3,46
2025-07-12 05:52:00,1.1761,1.1761,1.1759,1.1759,3703.0,41
2025-07-12 05:54:00,1.1759,1.1761,1.1759,1.1759,2560.4,24
2025-07-12 05:56:00,1.1759,1.1761,1.1759,1.1759,8939.300000000001,29
2025-07-12 05:58:00,1.1761,1.1761,1.1759,1.176,28821.7,52
2025-07-12 06:00:00,1.1759,1.1761,1.1759,1.176,18889.5,44
2025-07-12 06:02:00,1.176,1.1761,1.1759,1.1761,10769.7,32
2025-07-12 06:04:00,1.1761,1.1761,1.1759,1.1761,10444.2,24
2025-07-12 06:06:00,1.1761,1.1761,1.176,1.176,17069.0,57
2025-07-12 06:08:00,1.176,1.1762,1.1759,1.176,12653.1,49
2025-07-12 06:10:00,1.1761,1.1761,1.1759,1.1759,17226.7,31
2025-07-12 06:12:00,1.1761,1.1761,1.1759,1.176,5180.8,34
2025-07-12 06:14:00,1.1759,1.1761,1.1759,1.1759,4548.7,23
2025-07-12 06:16:00,1.1761,1.1761,1.1759,1.1761,26349.8,59
2025-07-12 06:18:00,1.1761,1.1762,1.176,1.1761,20642.0,46
2025-07-12 06:20:00,1.176,1.1762,1.176,1.1761,10134.3,42
2025-07-12 06:22:00,1.176,1.1762,1.176,1.176,7664.400000000001,25
2025-07-12 06:24:00,1.176,1.1762,1.176,1.1762,5596.1,26
2025-07-12 06:26:00,1.1761,1.1762,1.176,1.176,21475.6,47
2025-07-12 06:28:00,1.176,1.1762,1.1759,1.1762,20973.5,30
2025-07-12 06:30:00,1.1762,1.1762,1.176,1.1762,22055.7,58
2025-07-12 06:32:00,1.176,1.1762,1.176,1.176,9899.8,43
2025-07-12 06:34:00,1.1761,1.1762,1.176,1.1761,11132.9,38
2025-07-12 06:36:00,1.1762,1.1763,1.176,1.1761,22613.7,51
2025-07-12 06:38:00,1.1762,1.1764,1.1761,1.1764,22210.2,95
2025-07-12 06:40:00,1.1764,1.1764,1.1762,1.1764,15306.0,47
2025-07-12 06:42:00,1.1762,1.1764,1.1762,1.1764,10482.300000000001,53
2025-07-12 06:44:00,1.1764,1.1764,1.1762,1.1764,12981.4,55
2025-07-12 06:46:00,1.1762,1.1764,1.1762,1.1762,10076.1,35
2025-07-12 06:48:00,1.1762,1.1764,1.1762,1.1762,5999.7,40
2025-07-12 06:50:00,1.1762,1.1764,1.1761,1.1761,42455.0,93
2025-07-12 06:52:00,1.1761,1.1764,1.1761,1.1764,13192.9,64
2025-07-12 06:54:00,1.1763,1.1764,1.1762,1.1762,14566.8,47
2025-07-12 06:56:00,1.1764,1.1765,1.1761,1.1764,24527.3,54
2025-07-12 06:58:00,1.1764,1.1765,1.1763,1.1763,25596.5,67
2025-07-12 07:00:00,1.1765,1.1765,1.1762,1.1763,11375.8,55
2025-07-12 07:02:00,1.1763,1.1765,1.1762,1.1763,16025.5,69
2025-07-12 07:04:00,1.1763,1.1764,1.1763,1.1764,7024.1,38
2025-07-12 07:06:00,1.1764,1.1765,1.1762,1.1762,12497.9,85
2025-07-12 07:08:00,1.1764,1.1764,1.1761,1.1764,17057.0,62
2025-07-12 07:10:00,1.1764,1.1764,1.1761,1.1761,14386.8,48
2025-07-12 07:12:00,1.1761,1.1764,1.1761,1.1763,26203.5,98
2025-07-12 07:14:00,1.1765,1.1765,1.1761,1.1762,9788.7,56
2025-07-12 07:16:00,1.1762,1.1764,1.1762,1.1762,13648.6,70
2025-07-12 07:18:00,1.1763,1.1764,1.1762,1.1764,10510.7,52
2025-07-12 07:20:00,1.1763,1.1763,1.1761,1.1761,9578.8,37
2025-07-12 07:22:00,1.1762,1.1763,1.176,1.1761,32497.100000000002,85
2025-07-12 07:24:00,1.1762,1.1763,1.1761,1.1763,13797.0,37
2025-07-12 07:26:00,1.1763,1.1763,1.1761,1.1763,6921.8,16
2025-07-12 07:28:00,1.1763,1.1763,1.1761,1.1762,7675.200000000001,17
2025-07-12 07:30:00,1.1761,1.1762,1.1761,1.1762,3438.3,19
2025-07-12 07:32:00,1.1761,1.1762,1.176,1.1762,7936.599999999999,45
2025-07-12 07:34:00,1.1762,1.1762,1.176,1.1762,13411.5,51
2025-07-12 07:36:00,1.1762,1.1763,1.1759,1.1762,36482.7,146
2025-07-12 07:38:00,1.1763,1.1763,1.176,1.176,3812.3,35
2025-07-12 07:40:00,1.1762,1.1763,1.1761,1.1761,7411.8,26
2025-07-12 07:42:00,1.1762,1.1763,1.1761,1.1763,8318.3,47
2025-07-12 07:44:00,1.1763,1.1764,1.1762,1.1764,33041.9,53
2025-07-12 07:46:00,1.1763,1.1764,1.1762,1.1763,9394.4,50
2025-07-12 07:48:00,1.1762,1.1764,1.1762,1.1763,11671.6,33
2025-07-12 07:50:00,1.1764,1.1764,1.1762,1.1762,8705.4,40
2025-07-12 07:52:00,1.1762,1.1764,1.1762,1.1762,11928.6,31
2025-07-12 07:54:00,1.1762,1.1763,1.1762,1.1763,8247.9,27
2025-07-12 07:56:00,1.1763,1.1763,1.1762,1.1762,4073.7000000000003,29
2025-07-12 07:58:00,1.1762,1.1764,1.1762,1.1763,4640.4,47
2025-07-12 08:00:00,1.1764,1.1765,1.1762,1.1765,12478.8,66
2025-07-12 08:02:00,1.1765,1.1766,1.1763,1.1764,10368.5,66
2025-07-12 08:04:00,1.1764,1.1767,1.1764,1.1765,48138.0,44
2025-07-12 08:06:00,1.1767,1.1768,1.1765,1.1766,10362.6,41
2025-07-12 08:08:00,1.1767,1.1768,1.1766,1.1768,3898.0,23
2025-07-12 08:10:00,1.1768,1.1768,1.1766,1.1768,3583.5,16
2025-07-12 08:12:00,1.1768,1.1768,1.1766,1.1766,18928.4,27
2025-07-12 08:14:00,1.1768,1.1768,1.1766,1.1767,12091.5,32
2025-07-12 08:16:00,1.1767,1.1768,1.1766,1.1768,11347.5,38
2025-07-12 08:18:00,1.1766,1.1768,1.1765,1.1768,16039.5,51
2025-07-12 08:20:00,1.1766,1.1768,1.1765,1.1765,13547.9,66
2025-07-12 08:22:00,1.1765,1.1766,1.1764,1.1764,15012.4,39
2025-07-12 08:24:00,1.1765,1.1765,1.1763,1.1763,10048.2,63
2025-07-12 08:26:00,1.1763,1.1764,1.1762,1.1762,12369.0,59
2025-07-12 08:28:00,1.1762,1.1763,1.1761,1.1762,17793.1,104
2025-07-12 08:30:00,1.1762,1.1763,1.1761,1.1762,31856.5,182
2025-07-12 08:32:00,1.1761,1.1762,1.1759,1.1759,19977.7,117
2025-07-12 08:34:00,1.1759,1.1761,1.1758,1.176,5921.7,31
2025-07-12 08:36:00,1.176,1.176,1.1758,1.1758,10600.9,32
2025-07-12 08:38:00,1.1759,1.176,1.1758,1.176,9246.7,67
2025-07-12 08:40:00,1.1758,1.1759,1.1756,1.1757,16297.6,55
2025-07-12 08:42:00,1.1757,1.1761,1.1756,1.1761,8111.0,42
2025-07-12 08:44:00,1.176,1.1763,1.176,1.1761,24901.1,84
2025-07-12 08:46:00,1.1762,1.1762,1.176,1.1762,6440.1,24
2025-07-12 08:48:00,1.1762,1.1764,1.1761,1.1764,15620.8,72
2025-07-12 08:50:00,1.1763,1.1764,1.1762,1.1762,4765.6,47
2025-07-12 08:52:00,1.1762,1.1764,1.1761,1.1763,41639.200000000004,160
2025-07-12 08:54:00,1.1762,1.1764,1.1761,1.1762,35258.8,131
2025-07-12 08:56:00,1.1762,1.1765,1.1761,1.1761,61935.4,132
2025-07-12 08:58:00,1.1762,1.1764,1.176,1.1761,63897.2,192
2025-07-12 09:00:00,1.176,1.1761,1.1758,1.1759,19507.6,83
2025-07-12 09:02:00,1.1759,1.176,1.1758,1.176,18138.600000000002,46
2025-07-12 09:04:00,1.176,1.1761,1.1757,1.1759,46750.3,138
2025-07-12 09:06:00,1.1759,1.1761,1.1758,1.176,39532.0,195
2025-07-12 09:08:00,1.176,1.176,1.1758,1.1759,47519.0,219
2025-07-12 09:10:00,1.1758,1.1759,1.1757,1.1757,32920.3,134
2025-07-12 09:12:00,1.1758,1.1759,1.1757,1.1758,35683.6,96
2025-07-12 09:14:00,1.1758,1.1758,1.1755,1.1756,54607.4,126
2025-07-12 09:16:00,1.1758,1.1761,1.1756,1.176,34944.4,118
2025-07-12 09:18:00,1.176,1.176,1.1757,1.1758,36369.0,90
2025-07-12 09:20:00,1.1758,1.1758,1.1755,1.1757,55618.6,206
2025-07-12 09:22:00,1.1758,1.1758,1.1753,1.1755,46923.700000000004,80
2025-07-12 09:24:00,1.1755,1.1755,1.1753,1.1755,57360.7,321
2025-07-12 09:26:00,1.1755,1.176,1.1754,1.1759,114698.7,186
2025-07-12 09:28:00,1.1759,1.1759,1.1757,1.1757,33948.1,67
2025-07-12 09:30:00,1.1757,1.1759,1.1755,1.1756,34003.6,59
2025-07-12 09:32:00,1.1756,1.1756,1.1753,1.1753,38439.2,125
2025-07-12 09:34:00,1.1753,1.1757,1.1751,1.1756,79920.3,241
2025-07-12 09:36:00,1.1756,1.1758,1.1756,1.1757,16972.6,68
2025-07-12 09:38:00,1.1757,1.1758,1.1756,1.1758,21334.1,67
2025-07-12 09:40:00,1.1756,1.1758,1.1756,1.1756,9159.9,45
2025-07-12 09:42:00,1.1757,1.1757,1.1755,1.1757,13509.4,60
2025-07-12 09:44:00,1.1755,1.1757,1.1753,1.1757,13874.1,37
2025-07-12 09:46:00,1.1757,1.1757,1.1754,1.1756,31129.9,113
2025-07-12 09:48:00,1.1757,1.176,1.1756,1.1759,16585.6,58
2025-07-12 09:50:00,1.1759,1.1761,1.1757,1.1761,15431.8,46
2025-07-12 09:52:00,1.1761,1.1762,1.176,1.176,10924.3,50
2025-07-12 09:54:00,1.1761,1.1761,1.1758,1.1758,28187.399999999998,84
2025-07-12 09:56:00,1.176,1.176,1.1758,1.1759,10786.199999999999,46
2025-07-12 09:58:00,1.176,1.176,1.1751,1.1754,97042.5,190
2025-07-12 10:00:00,1.1754,1.1758,1.1754,1.1755,24481.6,64
2025-07-12 10:02:00,1.1755,1.1757,1.1753,1.1753,22113.9,82
2025-07-12 10:04:00,1.1754,1.1756,1.1753,1.1753,10582.1,66
2025-07-12 10:06:00,1.1755,1.1755,1.1753,1.1754,11287.6,33
2025-07-12 10:08:00,1.1754,1.1754,1.1752,1.1753,12023.2,42
2025-07-12 10:10:00,1.1752,1.1754,1.1752,1.1754,9271.199999999999,34
2025-07-12 10:12:00,1.1754,1.1756,1.1753,1.1755,26733.6,114
2025-07-12 10:14:00,1.1754,1.1755,1.1753,1.1755,9425.9,26
2025-07-12 10:16:00,1.1754,1.1756,1.1753,1.1754,20002.6,47
2025-07-12 10:18:00,1.1754,1.1756,1.1754,1.1755,8851.9,43
2025-07-12 10:20:00,1.1756,1.1756,1.1755,1.1755,7822.5,44
2025-07-12 10:22:00,1.1756,1.1757,1.1754,1.1754,16519.9,41
2025-07-12 10:24:00,1.1755,1.1756,1.1753,1.1754,18316.2,77
2025-07-12 10:26:00,1.1755,1.1757,1.1755,1.1757,12525.0,84
2025-07-12 10:28:00,1.1757,1.1757,1.1755,1.1755,16222.0,82
2025-07-12 10:30:00,1.1757,1.1757,1.1755,1.1757,7223.7,35
2025-07-12 10:32:00,1.1757,1.1758,1.1755,1.1755,30008.2,79
2025-07-12 10:34:00,1.1757,1.1759,1.1755,1.1757,15634.7,95
2025-07-12 10:36:00,1.1756,1.1758,1.1755,1.1756,7147.4,36
2025-07-12 10:38:00,1.1756,1.1758,1.1755,1.1755,22091.4,83
2025-07-12 10:40:00,1.1755,1.1757,1.1754,1.1756,15271.6,41
2025-07-12 10:42:00,1.1756,1.1757,1.1754,1.1755,11911.1,91
2025-07-12 10:44:00,1.1757,1.1757,1.1755,1.1757,11836.1,81
2025-07-12 10:46:00,1.1755,1.1757,1.1755,1.1755,6107.5,36
2025-07-12 10:48:00,1.1756,1.1758,1.1755,1.1758,12052.4,38
2025-07-12 10:50:00,1.1758,1.1758,1.1756,1.1756,5798.900000000001,36
2025-07-12 10:52:00,1.1758,1.1758,1.1756,1.1757,23934.9,50
2025-07-12 10:54:00,1.1757,1.1759,1.1756,1.1759,7503.5,45
2025-07-12 10:56:00,1.1759,1.1759,1.1757,1.1757,9241.2,33
2025-07-12 10:58:00,1.1757,1.176,1.1757,1.176,14724.2,39
2025-07-12 11:00:00,1.176,1.176,1.1758,1.176,11324.7,72
2025-07-12 11:02:00,1.176,1.1762,1.1758,1.1761,18795.7,81
2025-07-12 11:04:00,1.1762,1.1762,1.1759,1.1759,7426.3,87
2025-07-12 11:06:00,1.1758,1.1759,1.1755,1.1758,31595.4,95
2025-07-12 11:08:00,1.1756,1.1756,1.1755,1.1755,18339.5,40
2025-07-12 11:10:00,1.1755,1.1759,1.1752,1.1759,39069.2,201
2025-07-12 11:12:00,1.1757,1.1758,1.1756,1.1758,7378.2,67
2025-07-12 11:14:00,1.1756,1.1758,1.1756,1.1756,10380.5,25
2025-07-12 11:16:00,1.1757,1.1758,1.1756,1.1756,7583.3,41
2025-07-12 11:18:00,1.1758,1.1759,1.1756,1.1759,10526.2,61
2025-07-12 11:20:00,1.1758,1.1762,1.1757,1.1761,12772.8,49
2025-07-12 11:22:00,1.1761,1.1761,1.1759,1.1761,3222.2000000000003,23
2025-07-12 11:24:00,1.1759,1.1762,1.1758,1.176,69752.9,72
2025-07-12 11:26:00,1.176,1.1762,1.176,1.1761,16569.3,30
2025-07-12 11:28:00,1.1761,1.1762,1.176,1.176,3649.6,19
2025-07-12 11:30:00,1.1762,1.1762,1.176,1.176,2038.3999999999999,10
2025-07-12 11:32:00,1.1762,1.1762,1.176,1.1761,11650.4,46
2025-07-12 11:34:00,1.1761,1.1763,1.176,1.1762,7805.4,54
2025-07-12 11:36:00,1.1762,1.1762,1.1757,1.1759,16825.4,77
2025-07-12 11:38:00,1.1758,1.176,1.1757,1.1758,15239.4,73
2025-07-12 11:40:00,1.1759,1.1763,1.1759,1.176,15941.6,98
2025-07-12 11:42:00,1.176,1.176,1.1755,1.1755,22845.8,110
2025-07-12 11:44:00,1.1756,1.1756,1.1752,1.1752,19459.2,105
2025-07-12 11:46:00,1.1753,1.1754,1.1751,1.1753,13458.6,58
2025-07-12 11:48:00,1.1752,1.1754,1.1751,1.1753,12831.4,82
2025-07-12 11:50:00,1.1753,1.1754,1.1751,1.1751,11340.6,100
2025-07-12 11:52:00,1.1752,1.1755,1.1751,1.1755,28607.5,142
2025-07-12 11:54:00,1.1754,1.1757,1.1754,1.1757,22989.0,73
2025-07-12 11:56:00,1.1759,1.1759,1.1757,1.1757,13431.800000000001,63
2025-07-12 11:58:00,1.1759,1.1759,1.1757,1.1757,2808.3,20
2025-07-12 12:00:00,1.1757,1.1759,1.1757,1.1759,6157.6,40
2025-07-12 12:02:00,1.1757,1.176,1.1757,1.1758,5222.6,33
2025-07-12 12:04:00,1.176,1.1761,1.1758,1.1759,11884.1,53
2025-07-12 12:06:00,1.176,1.1761,1.1759,1.1759,3900.7,32
2025-07-12 12:08:00,1.1759,1.1761,1.1754,1.1757,104623.5,109
2025-07-12 12:10:00,1.1756,1.1757,1.1752,1.1753,33094.7,125
2025-07-12 12:12:00,1.1755,1.1755,1.1752,1.1752,23407.7,59
2025-07-12 12:14:00,1.1752,1.1754,1.1751,1.1751,14661.800000000001,73
2025-07-12 12:16:00,1.1752,1.1752,1.175,1.175,8596.1,84
2025-07-12 12:18:00,1.1751,1.1752,1.1747,1.1749,16628.7,78
2025-07-12 12:20:00,1.1748,1.175,1.1745,1.1747,20778.5,161
2025-07-12 12:22:00,1.1747,1.1748,1.1743,1.1744,17585.1,106
2025-07-12 12:24:00,1.1744,1.1745,1.1742,1.1743,16611.6,76
2025-07-12 12:26:00,1.1743,1.1744,1.1739,1.1742,13501.6,107
2025-07-12 12:28:00,1.1742,1.1746,1.174,1.1743,15068.3,91
2025-07-12 12:30:00,1.1744,1.1746,1.1742,1.1746,16114.9,146
2025-07-12 12:32:00,1.1747,1.1749,1.1746,1.1748,24051.0,102
2025-07-12 12:34:00,1.1747,1.1749,1.1742,1.1742,22733.9,98
2025-07-12 12:36:00,1.1742,1.1743,1.1737,1.1739,44736.9,226
2025-07-12 12:38:00,1.174,1.1742,1.1736,1.1737,46980.1,233
2025-07-12 12:40:00,1.1737,1.1739,1.1734,1.1735,38078.3,158
2025-07-12 12:42:00,1.1737,1.1739,1.1735,1.1738,48167.1,252
2025-07-12 12:44:00,1.1737,1.174,1.1736,1.1739,43325.2,157
2025-07-12 12:46:00,1.174,1.1744,1.1739,1.1743,48620.6,248
2025-07-12 12:48:00,1.1743,1.1744,1.1734,1.1736,77385.4,318
2025-07-12 12:50:00,1.1736,1.1741,1.1735,1.174,51321.2,269
2025-07-12 12:52:00,1.174,1.1743,1.1739,1.1741,28654.7,155
2025-07-12 12:54:00,1.1741,1.1741,1.1739,1.1741,19055.2,52
2025-07-12 12:56:00,1.1741,1.1745,1.174,1.1744,22898.7,110
2025-07-12 12:58:00,1.1744,1.1745,1.1742,1.1745,32146.6,120
2025-07-12 13:00:00,1.1743,1.1746,1.1743,1.1746,43072.9,100
2025-07-12 13:02:00,1.1746,1.1749,1.1744,1.1747,64476.5,189
2025-07-12 13:04:00,1.1745,1.1748,1.1743,1.1748,40902.5,140
2025-07-12 13:06:00,1.1748,1.1758,1.1747,1.1756,74161.4,245
2025-07-12 13:08:00,1.1754,1.1756,1.1751,1.1752,43107.4,207
2025-07-12 13:10:00,1.1753,1.1755,1.1751,1.1752,33614.9,163
2025-07-12 13:12:00,1.1752,1.1755,1.1751,1.1753,26357.7,116
2025-07-12 13:14:00,1.1754,1.1756,1.1753,1.1755,16918.7,118
2025-07-12 13:16:00,1.1755,1.1755,1.175,1.1754,39117.1,161
2025-07-12 13:18:00,1.1754,1.1756,1.1753,1.1756,44336.7,135
2025-07-12 13:20:00,1.1756,1.1761,1.1755,1.1761,44919.0,148
2025-07-12 13:22:00,1.1759,1.1763,1.1759,1.1761,32987.5,117
2025-07-12 13:24:00,1.1761,1.1764,1.1761,1.1762,26131.8,151
2025-07-12 13:26:00,1.1762,1.1764,1.176,1.176,16367.800000000001,47
2025-07-12 13:28:00,1.1762,1.1763,1.1759,1.1763,27106.5,95
2025-07-12 13:30:00,1.1762,1.1763,1.1759,1.1763,34406.4,123
2025-07-12 13:32:00,1.1763,1.1765,1.1762,1.1764,11604.9,39
2025-07-12 13:34:00,1.1763,1.1766,1.1762,1.1764,40065.0,131
2025-07-12 13:36:00,1.1764,1.1766,1.1762,1.1764,34265.700000000004,169
2025-07-12 13:38:00,1.1763,1.1766,1.1762,1.1764,26055.8,76
2025-07-12 13:40:00,1.1764,1.1767,1.1764,1.1765,21969.3,79
2025-07-12 13:42:00,1.1765,1.1767,1.1757,1.1757,45411.4,255
2025-07-12 13:44:00,1.1757,1.1764,1.1755,1.1763,31944.1,132
2025-07-12 13:46:00,1.1762,1.1768,1.1761,1.1768,78086.4,152
2025-07-12 13:48:00,1.1767,1.1768,1.1766,1.1766,18911.0,98
2025-07-12 13:50:00,1.1767,1.1769,1.1766,1.1768,21033.1,91
2025-07-12 13:52:00,1.1768,1.177,1.1767,1.1767,23483.9,100
2025-07-12 13:54:00,1.1767,1.177,1.1766,1.1769,20967.6,131
2025-07-12 13:56:00,1.1769,1.1772,1.1768,1.177,19889.4,110
2025-07-12 13:58:00,1.1772,1.1772,1.177,1.177,10598.4,92
2025-07-12 14:00:00,1.1771,1.1772,1.1769,1.1771,14347.800000000001,72
2025-07-12 14:02:00,1.1771,1.1774,1.177,1.1772,21853.9,138
2025-07-12 14:04:00,1.1771,1.1774,1.1771,1.1771,65730.2,143
2025-07-12 14:06:00,1.177,1.1777,1.177,1.1773,47660.5,177
2025-07-12 14:08:00,1.1774,1.1777,1.1774,1.1775,21114.1,91
2025-07-12 14:10:00,1.1774,1.1779,1.1773,1.1777,71899.4,281
2025-07-12 14:12:00,1.1777,1.1778,1.1775,1.1775,22544.7,63
2025-07-12 14:14:00,1.1775,1.1777,1.1774,1.1776,23553.5,103
2025-07-12 14:16:00,1.1776,1.1777,1.1774,1.1776,45064.8,96
2025-07-12 14:18:00,1.1774,1.1777,1.1774,1.1774,26888.399999999998,83
2025-07-12 14:20:00,1.1773,1.1778,1.1773,1.1777,36094.2,100
2025-07-12 14:22:00,1.1777,1.1778,1.1776,1.1778,19460.3,53
2025-07-12 14:24:00,1.1777,1.1778,1.1775,1.1776,23498.6,70
2025-07-12 14:26:00,1.1776,1.1778,1.1776,1.1777,12693.2,59
2025-07-12 14:28:00,1.1777,1.1778,1.1776,1.1778,15704.7,74
2025-07-12 14:30:00,1.1778,1.1778,1.1775,1.1776,13831.9,50
2025-07-12 14:32:00,1.1776,1.1776,1.1769,1.1769,29010.600000000002,106
2025-07-12 14:34:00,1.1769,1.1769,1.1763,1.1766,34173.3,164
2025-07-12 14:36:00,1.1766,1.1766,1.1764,1.1765,11945.6,49
2025-07-12 14:38:00,1.1765,1.1766,1.1763,1.1765,16009.0,86
2025-07-12 14:40:00,1.1765,1.1768,1.1763,1.1768,9377.0,91
2025-07-12 14:42:00,1.1768,1.1774,1.1767,1.1772,21134.8,66
2025-07-12 14:44:00,1.1772,1.1773,1.177,1.177,15050.5,84
2025-07-12 14:46:00,1.177,1.1771,1.1769,1.1771,9984.8,58
2025-07-12 14:48:00,1.1771,1.1772,1.1769,1.1771,9283.2,45
2025-07-12 14:50:00,1.1769,1.1771,1.1769,1.1771,6543.599999999999,28
2025-07-12 14:52:00,1.1772,1.1774,1.1771,1.1773,20944.2,114
2025-07-12 14:54:00,1.1772,1.1773,1.177,1.1773,25609.3,133
2025-07-12 14:56:00,1.1772,1.1773,1.1771,1.1772,7127.7,36
2025-07-12 14:58:00,1.1773,1.1773,1.1772,1.1773,9729.0,41
2025-07-12 15:00:00,1.1772,1.1775,1.1772,1.1774,20237.0,52
2025-07-12 15:02:00,1.1774,1.1774,1.1772,1.1774,13768.2,48
2025-07-12 15:04:00,1.1773,1.1775,1.1773,1.1773,14566.9,80
2025-07-12 15:06:00,1.1773,1.1775,1.1773,1.1775,9609.7,53
2025-07-12 15:08:00,1.1775,1.1776,1.1773,1.1776,50988.299999999996,129
2025-07-12 15:10:00,1.1775,1.1776,1.1773,1.1775,26648.8,87
2025-07-12 15:12:00,1.1776,1.1778,1.1774,1.1775,14699.8,73
2025-07-12 15:14:00,1.1775,1.1777,1.1775,1.1777,29958.1,70
2025-07-12 15:16:00,1.1776,1.1778,1.1775,1.1776,17624.7,81
2025-07-12 15:18:00,1.1776,1.1778,1.1775,1.1775,11022.4,62
2025-07-12 15:20:00,1.1777,1.1777,1.1773,1.1776,27075.6,102
2025-07-12 15:22:00,1.1775,1.1776,1.1773,1.1775,31741.5,74
2025-07-12 15:24:00,1.1774,1.1775,1.1772,1.1772,53865.0,177
2025-07-12 15:26:00,1.1772,1.1776,1.1772,1.1774,79587.1,315
2025-07-12 15:28:00,1.1775,1.1776,1.1773,1.1774,31954.4,105
2025-07-12 15:30:00,1.1774,1.1776,1.1774,1.1775,26147.7,92
2025-07-12 15:32:00,1.1776,1.1776,1.1772,1.1773,65253.7,192
2025-07-12 15:34:00,1.1772,1.1773,1.1764,1.1769,116714.5,303
2025-07-12 15:36:00,1.1769,1.1769,1.1757,1.1761,72384.4,206
2025-07-12 15:38:00,1.1762,1.1764,1.176,1.1764,60754.6,134
2025-07-12 15:40:00,1.1762,1.1765,1.1761,1.1764,52206.700000000004,156
2025-07-12 15:42:00,1.1762,1.1766,1.176,1.1763,104147.4,321
2025-07-12 15:44:00,1.1763,1.1771,1.1761,1.1768,45520.9,198
2025-07-12 15:46:00,1.1768,1.1769,1.1765,1.1767,38651.799999999996,127
2025-07-12 15:48:00,1.1767,1.1773,1.1767,1.1771,67125.9,200
2025-07-12 15:50:00,1.1771,1.1774,1.1769,1.1773,42269.3,183
2025-07-12 15:52:00,1.1773,1.1773,1.1771,1.1772,24092.5,78
2025-07-12 15:54:00,1.1772,1.1775,1.177,1.1773,25625.9,107
2025-07-12 15:56:00,1.1774,1.1775,1.1772,1.1775,22810.4,72
2025-07-12 15:58:00,1.1774,1.1776,1.1774,1.1776,21069.1,51
2025-07-12 16:00:00,1.1775,1.1776,1.1774,1.1774,14470.0,52
2025-07-12 16:02:00,1.1774,1.1779,1.1773,1.1777,16715.8,99
2025-07-12 16:04:00,1.1779,1.178,1.1776,1.1778,40287.1,120
2025-07-12 16:06:00,1.1778,1.178,1.1776,1.1778,14581.0,66
2025-07-12 16:08:00,1.1779,1.1779,1.1777,1.1778,22488.5,73
2025-07-12 16:10:00,1.1778,1.1778,1.1775,1.1775,17311.1,79
2025-07-12 16:12:00,1.1775,1.1778,1.1774,1.1774,12818.7,49
2025-07-12 16:14:00,1.1775,1.1775,1.1769,1.1769,14541.2,66
2025-07-12 16:16:00,1.1769,1.1772,1.1769,1.177,19921.8,37
2025-07-12 16:18:00,1.1772,1.1777,1.177,1.1777,21741.8,140
2025-07-12 16:20:00,1.1777,1.1777,1.1775,1.1776,6078.0,74
2025-07-12 16:22:00,1.1776,1.1777,1.1774,1.1774,5896.7,54
2025-07-12 16:24:00,1.1775,1.1776,1.1774,1.1774,8444.3,20
2025-07-12 16:26:00,1.1774,1.1776,1.1774,1.1774,4153.8,16
2025-07-12 16:28:00,1.1774,1.1774,1.1773,1.1773,5479.6,37
2025-07-12 16:30:00,1.1773,1.1773,1.177,1.177,13857.0,100
2025-07-12 16:32:00,1.1771,1.1775,1.177,1.1775,20858.7,111
2025-07-12 16:34:00,1.1776,1.1777,1.1774,1.1776,14385.4,56
2025-07-12 16:36:00,1.1776,1.1777,1.1775,1.1777,5077.0,38
2025-07-12 16:38:00,1.1777,1.178,1.1775,1.178,68484.7,574
2025-07-12 16:40:00,1.178,1.1781,1.1779,1.178,36923.4,138
2025-07-12 16:42:00,1.178,1.1781,1.1779,1.1781,91881.2,219
2025-07-12 16:44:00,1.1781,1.1781,1.178,1.178,33488.8,90
2025-07-12 16:46:00,1.1781,1.1781,1.1779,1.1781,9267.0,29
2025-07-12 16:48:00,1.178,1.1781,1.1779,1.1781,21533.8,82
2025-07-12 16:50:00,1.178,1.1781,1.178,1.178,28376.0,67
2025-07-12 16:52:00,1.1781,1.1781,1.1779,1.1781,21338.2,77
2025-07-12 16:54:00,1.1779,1.1781,1.1779,1.178,12766.5,67
2025-07-12 16:56:00,1.1781,1.1781,1.1779,1.1781,30330.1,67
2025-07-12 16:58:00,1.1781,1.1781,1.1779,1.1781,13902.6,68
2025-07-12 17:00:00,1.1779,1.1783,1.1778,1.1782,131520.1,172
2025-07-12 17:02:00,1.1782,1.1782,1.178,1.178,19758.6,41
2025-07-12 17:04:00,1.178,1.1783,1.178,1.1783,30264.8,55
2025-07-12 17:06:00,1.1783,1.1783,1.1781,1.1783,30933.9,103
2025-07-12 17:08:00,1.1783,1.1783,1.1781,1.1782,19534.2,163
2025-07-12 17:10:00,1.1782,1.1784,1.1782,1.1782,51522.9,166
2025-07-12 17:12:00,1.1781,1.1782,1.178,1.1781,24360.7,76
2025-07-12 17:14:00,1.1781,1.1784,1.1781,1.1784,18264.8,92
2025-07-12 17:16:00,1.1783,1.1785,1.1783,1.1783,16024.6,73
2025-07-12 17:18:00,1.1784,1.1784,1.1782,1.1782,19414.0,112
2025-07-12 17:20:00,1.1782,1.1784,1.1782,1.1782,22860.6,80
2025-07-12 17:22:00,1.1783,1.1784,1.178,1.1781,16408.6,64
2025-07-12 17:24:00,1.1781,1.1782,1.1779,1.1779,31088.7,105
2025-07-12 17:26:00,1.178,1.1782,1.1779,1.178,16601.5,68
2025-07-12 17:28:00,1.178,1.1782,1.1779,1.1781,17932.5,88
2025-07-12 17:30:00,1.178,1.1782,1.1779,1.178,20317.5,93
2025-07-12 17:32:00,1.178,1.1782,1.1779,1.178,11735.5,54
2025-07-12 17:34:00,1.1782,1.1782,1.1777,1.1779,62398.4,57
2025-07-12 17:36:00,1.1779,1.1781,1.1776,1.1777,66070.9,186
2025-07-12 17:38:00,1.1777,1.1778,1.1776,1.1778,10609.5,60
2025-07-12 17:40:00,1.1778,1.178,1.1774,1.1774,85184.3,234
2025-07-12 17:42:00,1.1776,1.1779,1.1774,1.1775,55254.3,142
2025-07-12 17:44:00,1.1777,1.1781,1.1776,1.178,26814.6,90
2025-07-12 17:46:00,1.178,1.1781,1.1777,1.178,22183.2,57
2025-07-12 17:48:00,1.178,1.1783,1.1779,1.1783,8676.5,40
2025-07-12 17:50:00,1.1782,1.1783,1.178,1.1783,16702.8,61
2025-07-12 17:52:00,1.1783,1.1783,1.1782,1.1782,17942.5,90
2025-07-12 17:54:00,1.1783,1.1783,1.1781,1.1783,18368.9,44
2025-07-12 17:56:00,1.1783,1.1783,1.1781,1.1781,10952.0,51
2025-07-12 17:58:00,1.1783,1.1784,1.1781,1.1783,60177.0,67
2025-07-12 18:00:00,1.1783,1.1783,1.1781,1.1783,12437.8,59
2025-07-12 18:02:00,1.1783,1.1783,1.178,1.1783,14399.0,56
2025-07-12 18:04:00,1.1783,1.1783,1.1781,1.1783,25249.600000000002,67
2025-07-12 18:06:00,1.1781,1.1783,1.1781,1.1781,7749.4,35
2025-07-12 18:08:00,1.1783,1.1783,1.1781,1.1782,16411.5,60
2025-07-12 18:10:00,1.1782,1.1782,1.178,1.178,13142.5,52
2025-07-12 18:12:00,1.178,1.1782,1.1779,1.1782,17954.8,67
2025-07-12 18:14:00,1.1782,1.1782,1.1779,1.178,16599.6,61
2025-07-12 18:16:00,1.1779,1.178,1.1778,1.1778,26158.2,88
2025-07-12 18:18:00,1.178,1.178,1.1777,1.1779,9781.0,46
2025-07-12 18:20:00,1.1778,1.178,1.1777,1.1778,14587.5,46
2025-07-12 18:22:00,1.1777,1.1779,1.1777,1.1777,5172.6,34
2025-07-12 18:24:00,1.1777,1.1779,1.1775,1.1776,46362.2,65
2025-07-12 18:26:00,1.1777,1.1779,1.1776,1.1779,8815.8,54
2025-07-12 18:28:00,1.1779,1.1779,1.1776,1.1779,8380.4,40
2025-07-12 18:30:00,1.1777,1.1779,1.1777,1.1777,10615.3,51
2025-07-12 18:32:00,1.1779,1.1779,1.1776,1.1778,15047.8,57
2025-07-12 18:34:00,1.1778,1.1779,1.1776,1.1779,13179.3,60
2025-07-12 18:36:00,1.1779,1.178,1.1776,1.1778,5335.9,26
2025-07-12 18:38:00,1.1778,1.1779,1.1776,1.1778,19984.6,58
2025-07-12 18:40:00,1.1779,1.178,1.1778,1.1778,11817.9,69
2025-07-12 18:42:00,1.178,1.1781,1.1778,1.1779,14595.5,51
2025-07-12 18:44:00,1.1779,1.178,1.1778,1.1779,19453.8,59
2025-07-12 18:46:00,1.1778,1.178,1.1777,1.1777,12688.6,79
2025-07-12 18:48:00,1.1778,1.1779,1.1776,1.1777,8201.8,50
2025-07-12 18:50:00,1.1779,1.178,1.1777,1.178,11922.6,50
2025-07-12 18:52:00,1.178,1.178,1.1778,1.1779,4670.6,29
2025-07-12 18:54:00,1.1779,1.1781,1.1778,1.1781,8265.5,79
2025-07-12 18:56:00,1.178,1.1781,1.1779,1.1779,9391.7,36
2025-07-12 18:58:00,1.1778,1.178,1.1778,1.178,2746.7,9
2025-07-12 19:00:00,1.1778,1.178,1.1777,1.1779,8555.3,35
2025-07-12 19:02:00,1.1777,1.178,1.1777,1.178,11413.2,113
2025-07-12 19:04:00,1.1779,1.178,1.1778,1.178,17310.1,100
2025-07-12 19:06:00,1.1779,1.178,1.1777,1.178,13670.8,109
2025-07-12 19:08:00,1.178,1.178,1.1777,1.1777,13149.9,82
2025-07-12 19:10:00,1.1777,1.1779,1.1775,1.1776,15436.2,103
2025-07-12 19:12:00,1.1777,1.1777,1.1773,1.1774,41976.6,145
2025-07-12 19:14:00,1.1774,1.1775,1.1772,1.1774,15085.9,116
2025-07-12 19:16:00,1.1773,1.1774,1.1772,1.1772,9333.0,64
2025-07-12 19:18:00,1.1772,1.1774,1.1772,1.1773,4082.5,51
2025-07-12 19:20:00,1.1773,1.1775,1.1772,1.1774,7355.2,46
2025-07-12 19:22:00,1.1774,1.1776,1.1773,1.1774,12150.5,60
2025-07-12 19:24:00,1.1774,1.1776,1.1773,1.1776,6900.7,39
2025-07-12 19:26:00,1.1776,1.1777,1.1774,1.1775,8270.8,66
2025-07-12 19:28:00,1.1775,1.1776,1.1774,1.1775,15310.7,68
2025-07-12 19:30:00,1.1776,1.1776,1.1771,1.1772,55080.6,106
2025-07-12 19:32:00,1.1772,1.1774,1.1771,1.1774,17298.5,86
2025-07-12 19:34:00,1.1773,1.1775,1.1772,1.1774,12616.3,63
2025-07-12 19:36:00,1.1773,1.1774,1.1772,1.1773,4061.3,41
2025-07-12 19:38:00,1.1772,1.1776,1.1772,1.1775,16375.2,61
2025-07-12 19:40:00,1.1775,1.1776,1.1773,1.1774,6019.0,34
2025-07-12 19:42:00,1.1776,1.1776,1.1775,1.1776,13773.5,48
2025-07-12 19:44:00,1.1776,1.1777,1.1775,1.1777,9534.5,52
2025-07-12 19:46:00,1.1776,1.1777,1.1775,1.1777,9044.3,32
2025-07-12 19:48:00,1.1777,1.1777,1.1775,1.1777,10025.1,26
2025-07-12 19:50:00,1.1777,1.1778,1.1776,1.1776,16525.3,61
2025-07-12 19:52:00,1.1777,1.1778,1.1776,1.1778,17808.1,51
2025-07-12 19:54:00,1.1778,1.1778,1.1776,1.1778,7760.7,36
2025-07-12 19:56:00,1.1778,1.1778,1.1776,1.1778,8977.6,53
2025-07-12 19:58:00,1.1778,1.1778,1.1776,1.1778,14152.7,37
2025-07-12 20:00:00,1.1778,1.1778,1.1776,1.1778,21859.6,71
2025-07-12 20:02:00,1.1778,1.1778,1.1776,1.1778,12051.0,47
2025-07-12 20:04:00,1.1776,1.1778,1.1776,1.1778,18463.1,30
2025-07-12 20:06:00,1.1778,1.1778,1.1776,1.1777,7434.1,29
2025-07-12 20:08:00,1.1777,1.1778,1.1776,1.1776,14226.1,32
2025-07-12 20:10:00,1.1776,1.1778,1.1776,1.1776,9425.8,42
2025-07-12 20:12:00,1.1776,1.1778,1.1776,1.1777,7835.299999999999,27
2025-07-12 20:14:00,1.1777,1.1779,1.1777,1.1778,22686.2,69
2025-07-12 20:16:00,1.1779,1.178,1.1778,1.178,21621.0,66
2025-07-12 20:18:00,1.178,1.178,1.1778,1.178,36345.9,62
2025-07-12 20:20:00,1.178,1.178,1.1779,1.178,20320.4,42
2025-07-12 20:22:00,1.178,1.1782,1.1779,1.1781,10046.8,44
2025-07-12 20:24:00,1.178,1.1781,1.1779,1.178,24133.0,41
2025-07-12 20:26:00,1.178,1.178,1.1779,1.1779,7014.0,23
2025-07-12 20:28:00,1.178,1.1781,1.178,1.1781,2977.5,20
2025-07-12 20:30:00,1.178,1.178,1.1779,1.178,18506.7,40
2025-07-12 20:32:00,1.1779,1.1781,1.1779,1.1781,6062.7,32
2025-07-12 20:34:00,1.1781,1.1781,1.1779,1.1781,7043.7,27
2025-07-12 20:36:00,1.1779,1.1781,1.1779,1.1781,15707.9,38
2025-07-12 20:38:00,1.1781,1.1782,1.178,1.1781,25668.6,45
2025-07-12 20:40:00,1.1781,1.1782,1.178,1.1782,5277.8,33
2025-07-12 20:42:00,1.1782,1.1782,1.178,1.1781,14680.300000000001,66
2025-07-12 20:44:00,1.1782,1.1782,1.1781,1.1781,5476.2,30
2025-07-12 20:46:00,1.1782,1.1783,1.1781,1.1783,9203.7,53
2025-07-12 20:48:00,1.1783,1.1783,1.1782,1.1783,4860.8,47
2025-07-12 20:50:00,1.1782,1.1783,1.1781,1.1783,9167.4,27
2025-07-12 20:52:00,1.1782,1.1782,1.178,1.1781,17479.7,36
2025-07-12 20:54:00,1.1782,1.1782,1.1775,1.1776,25509.2,183
2025-07-12 20:56:00,1.1775,1.1777,1.1773,1.1776,16017.4,83
2025-07-12 20:58:00,1.1777,1.1777,1.1775,1.1777,24499.1,65
2025-07-12 21:00:00,1.1777,1.1779,1.1776,1.1779,75036.0,196
2025-07-12 21:02:00,1.1777,1.1781,1.1777,1.178,19471.9,52
2025-07-12 21:04:00,1.1781,1.1781,1.1779,1.1779,19157.1,47
2025-07-12 21:06:00,1.1779,1.1781,1.1777,1.178,15940.4,97
2025-07-12 21:08:00,1.1779,1.1781,1.1778,1.1778,16148.6,44
2025-07-12 21:10:00,1.1778,1.1779,1.1777,1.1777,10584.9,34
2025-07-12 21:12:00,1.1777,1.1778,1.1776,1.1776,6577.3,58
2025-07-12 21:14:00,1.1777,1.178,1.1776,1.178,33053.1,116
2025-07-12 21:16:00,1.178,1.1782,1.1778,1.1782,18199.100000000002,120
2025-07-12 21:18:00,1.1782,1.1783,1.178,1.1782,11954.300000000001,82
2025-07-12 21:20:00,1.1782,1.1783,1.1781,1.1783,7367.0,88
2025-07-12 21:22:00,1.1782,1.1784,1.1781,1.1783,9012.6,73
2025-07-12 21:24:00,1.1782,1.1783,1.178,1.1781,4089.1,23
2025-07-12 21:26:00,1.1781,1.1782,1.178,1.1781,3242.3,22
2025-07-12 21:28:00,1.1781,1.1781,1.1778,1.178,7148.5,81
2025-07-12 21:30:00,1.1779,1.1781,1.1779,1.178,1887.1,18
2025-07-12 21:32:00,1.1781,1.1781,1.178,1.178,2298.9,14
2025-07-12 21:34:00,1.1781,1.1783,1.1781,1.1783,13679.4,83
2025-07-12 21:36:00,1.1783,1.1784,1.1782,1.1782,11366.2,50
2025-07-12 21:38:00,1.1782,1.1784,1.1782,1.1783,5541.5,109
2025-07-12 21:40:00,1.1782,1.1787,1.1782,1.1784,9405.5,81
2025-07-12 21:42:00,1.1785,1.1787,1.1784,1.1787,10855.0,90
2025-07-12 21:44:00,1.1785,1.1787,1.1783,1.1785,7395.6,34
2025-07-12 21:46:00,1.1785,1.179,1.1783,1.179,10999.3,49
2025-07-12 21:48:00,1.1787,1.1789,1.1785,1.1789,4197.9,27
2025-07-12 21:50:00,1.1788,1.1789,1.1786,1.1788,9012.5,40
2025-07-12 21:52:00,1.1788,1.1789,1.1787,1.1789,3607.8,14
2025-07-12 21:54:00,1.1789,1.1789,1.1784,1.1785,5780.9,40
2025-07-12 21:56:00,1.1786,1.1787,1.1785,1.1787,4992.8,35
2025-07-12 21:58:00,1.1787,1.1787,1.1779,1.1787,54423.8,185
2025-07-12 22:00:00,1.1786,1.1792,1.1782,1.1783,121996.1,395
2025-07-12 22:02:00,1.1784,1.1785,1.1779,1.178,41294.2,97
2025-07-12 22:04:00,1.178,1.1785,1.1779,1.1784,19975.2,103
2025-07-12 22:06:00,1.1785,1.1785,1.1779,1.1779,63372.1,138
2025-07-12 22:08:00,1.1779,1.1779,1.1775,1.1778,35380.1,63
2025-07-12 22:10:00,1.1779,1.178,1.1778,1.178,7864.5,26
2025-07-12 22:12:00,1.178,1.1781,1.1779,1.178,11436.7,50
2025-07-12 22:14:00,1.178,1.1781,1.1779,1.178,5905.0,30
2025-07-12 22:16:00,1.178,1.1781,1.1779,1.178,8389.1,23
2025-07-12 22:18:00,1.1782,1.1782,1.1778,1.1779,5394.6,41
2025-07-12 22:20:00,1.1779,1.178,1.1778,1.1779,5839.7,19
2025-07-12 22:22:00,1.178,1.178,1.1778,1.178,7618.0,23
2025-07-12 22:24:00,1.178,1.178,1.1779,1.178,4794.5,13
2025-07-12 22:26:00,1.178,1.1781,1.1779,1.1779,5119.5,24
2025-07-12 22:28:00,1.1779,1.1781,1.1779,1.1781,4401.0,32
2025-07-12 22:30:00,1.1781,1.1782,1.1781,1.1782,2010.5,6
2025-07-12 22:32:00,1.1781,1.1782,1.178,1.178,4779.3,17
2025-07-12 22:34:00,1.1782,1.1782,1.178,1.1782,3379.0,19
2025-07-12 22:36:00,1.178,1.1782,1.178,1.1782,7246.1,15
2025-07-12 22:38:00,1.178,1.1782,1.178,1.178,2398.9,7
2025-07-12 22:40:00,1.178,1.1782,1.178,1.178,1089.9,11
2025-07-12 22:42:00,1.1782,1.1782,1.178,1.1781,10715.6,18
2025-07-12 22:44:00,1.1782,1.1782,1.178,1.1782,7354.799999999999,11
2025-07-12 22:46:00,1.1781,1.1782,1.178,1.178,6715.1,27
2025-07-12 22:48:00,1.178,1.1782,1.178,1.1781,5929.4,35
2025-07-12 22:50:00,1.1781,1.1782,1.178,1.1781,14982.6,18
2025-07-12 22:52:00,1.1781,1.1782,1.178,1.1782,5907.099999999999,31
2025-07-12 22:54:00,1.1782,1.1782,1.178,1.1782,10672.2,41
2025-07-12 22:56:00,1.1781,1.1782,1.178,1.178,6263.7,26
2025-07-12 22:58:00,1.178,1.1782,1.178,1.1782,8533.1,22
2025-07-12 23:00:00,1.178,1.1782,1.178,1.1782,6061.9,23
2025-07-12 23:02:00,1.1782,1.1782,1.1778,1.1778,10587.7,42
2025-07-12 23:04:00,1.178,1.178,1.1778,1.178,19013.1,46
2025-07-12 23:06:00,1.1781,1.1781,1.1779,1.1779,14179.699999999999,29
2025-07-12 23:08:00,1.1779,1.1781,1.1779,1.1779,9941.7,67
2025-07-12 23:10:00,1.1779,1.1779,1.1777,1.1777,10211.1,93
2025-07-12 23:12:00,1.1777,1.1779,1.1774,1.1778,34183.7,90
2025-07-12 23:14:00,1.1778,1.1779,1.1777,1.1777,7706.0,34
2025-07-12 23:16:00,1.1777,1.1779,1.1777,1.1777,4556.2,27
2025-07-12 23:18:00,1.1777,1.1779,1.1777,1.1777,19371.3,52
2025-07-12 23:20:00,1.1777,1.1778,1.1776,1.1778,7533.3,34
2025-07-12 23:22:00,1.1778,1.1778,1.1776,1.1776,1595.4,17
2025-07-12 23:24:00,1.1776,1.1778,1.1776,1.1778,15488.8,25
2025-07-12 23:26:00,1.1778,1.1778,1.1776,1.1776,3173.9,17
2025-07-12 23:28:00,1.1776,1.1778,1.1776,1.1777,8140.8,47
2025-07-12 23:30:00,1.1778,1.1778,1.1776,1.1778,779.4,11
2025-07-12 23:32:00,1.1776,1.1778,1.1776,1.1776,327.6,10
2025-07-12 23:34:00,1.1778,1.1778,1.1776,1.1776,1567.4,11
2025-07-12 23:36:00,1.1776,1.1778,1.1776,1.1776,2099.4,12
2025-07-12 23:38:00,1.1776,1.1778,1.1776,1.1778,2159.7,9
2025-07-12 23:40:00,1.1776,1.1778,1.1776,1.1776,3614.9,60
2025-07-12 23:42:00,1.1776,1.1778,1.1776,1.1777,7075.0,68
2025-07-12 23:44:00,1.1776,1.1778,1.1776,1.1777,3627.6,70
2025-07-12 23:46:00,1.1776,1.1777,1.1775,1.1776,10956.6,62
2025-07-12 23:48:00,1.1776,1.1778,1.1776,1.1777,25021.7,91
2025-07-12 23:50:00,1.1777,1.1778,1.1774,1.1776,14792.2,93
2025-07-12 23:52:00,1.1774,1.1776,1.1771,1.1771,9803.7,72
2025-07-12 23:54:00,1.177,1.1772,1.177,1.177,5936.1,33
2025-07-12 23:56:00,1.177,1.177,1.1768,1.1768,2299.8,25
2025-07-12 23:58:00,1.1768,1.1769,1.1765,1.1767,7155.0,37
2025-07-13 00:00:00,1.1767,1.1768,1.1766,1.1766,15119.300000000001,93
2025-07-13 00:02:00,1.1768,1.1768,1.1762,1.1764,35414.700000000004,150
2025-07-13 00:04:00,1.1764,1.177,1.1763,1.1769,31482.4,188
2025-07-13 00:06:00,1.177,1.177,1.1768,1.1768,9686.1,57
2025-07-13 00:08:00,1.1769,1.177,1.1765,1.1765,4963.1,28
2025-07-13 00:10:00,1.1765,1.1767,1.1765,1.1766,5078.4,61
2025-07-13 00:12:00,1.1765,1.1767,1.1759,1.1767,71282.0,181
2025-07-13 00:14:00,1.1766,1.1766,1.1763,1.1763,10419.2,84
2025-07-13 00:16:00,1.1763,1.1765,1.1763,1.1764,8446.2,47
2025-07-13 00:18:00,1.1763,1.1765,1.1763,1.1765,13678.4,34
2025-07-13 00:20:00,1.1765,1.1765,1.1763,1.1763,4399.9,24
2025-07-13 00:22:00,1.1764,1.1767,1.1761,1.1764,48028.4,177
2025-07-13 00:24:00,1.1766,1.1766,1.1762,1.1763,9313.6,53
2025-07-13 00:26:00,1.1764,1.1765,1.1763,1.1763,9499.0,60
2025-07-13 00:28:00,1.1763,1.1764,1.1762,1.1762,9427.7,63
2025-07-13 00:30:00,1.1764,1.1764,1.1762,1.1764,18865.3,92
2025-07-13 00:32:00,1.1763,1.1764,1.1762,1.1762,8460.6,41
2025-07-13 00:34:00,1.1763,1.1764,1.1762,1.1764,13259.3,56
2025-07-13 00:36:00,1.1762,1.1763,1.176,1.1761,3958.3,43
2025-07-13 00:38:00,1.176,1.1762,1.176,1.176,6670.7,42
2025-07-13 00:40:00,1.176,1.1762,1.176,1.176,5015.1,21
2025-07-13 00:42:00,1.176,1.1762,1.1758,1.176,9530.3,92
2025-07-13 00:44:00,1.1758,1.176,1.1758,1.1759,9546.1,50
2025-07-13 00:46:00,1.1759,1.1765,1.1758,1.1765,12901.1,69
2025-07-13 00:48:00,1.1765,1.1767,1.1763,1.1766,5354.9,54
2025-07-13 00:50:00,1.1766,1.1767,1.1765,1.1765,12289.4,31
2025-07-13 00:52:00,1.1767,1.1767,1.1765,1.1766,13299.9,66
2025-07-13 00:54:00,1.1766,1.1767,1.1765,1.1765,6461.2,21
2025-07-13 00:56:00,1.1767,1.1767,1.1765,1.1765,3132.7,17
2025-07-13 00:58:00,1.1766,1.1767,1.1765,1.1766,2107.5,14
2025-07-13 01:00:00,1.1766,1.1768,1.1765,1.1768,12299.9,96
2025-07-13 01:02:00,1.1767,1.1769,1.1766,1.1769,5193.5,22
2025-07-13 01:04:00,1.1767,1.1769,1.1767,1.1768,3563.1,25
2025-07-13 01:06:00,1.1769,1.1769,1.1769,1.1769,947.5999999999999,10
2025-07-13 01:08:00,1.1769,1.1769,1.1767,1.1769,7778.2,30
2025-07-13 01:10:00,1.1769,1.1769,1.1767,1.1769,3406.2,12
2025-07-13 01:12:00,1.1769,1.1769,1.1768,1.1769,2192.7,15
2025-07-13 01:14:00,1.1769,1.1769,1.1767,1.1769,5788.0,36
2025-07-13 01:16:00,1.1768,1.1769,1.1767,1.1769,13001.0,37
2025-07-13 01:18:00,1.1769,1.1769,1.1767,1.1769,1444.7,11
2025-07-13 01:20:00,1.1769,1.1769,1.1769,1.1769,571.0,4
2025-07-13 01:22:00,1.1769,1.1769,1.1767,1.1769,6433.499999999999,10
2025-07-13 01:24:00,1.1769,1.177,1.1767,1.177,2249.1,25
2025-07-13 01:26:00,1.1769,1.177,1.1768,1.1769,7694.2,45
2025-07-13 01:28:00,1.1769,1.177,1.1768,1.177,12893.3,55
2025-07-13 01:30:00,1.177,1.177,1.1768,1.177,9789.1,31
2025-07-13 01:32:00,1.1768,1.177,1.1768,1.177,11492.1,43
2025-07-13 01:34:00,1.1768,1.177,1.1768,1.1768,10074.3,40
2025-07-13 01:36:00,1.177,1.177,1.1768,1.177,16158.5,37
2025-07-13 01:38:00,1.177,1.177,1.1768,1.1768,7615.599999999999,30
2025-07-13 01:40:00,1.1768,1.177,1.1768,1.177,6921.7,14
2025-07-13 01:42:00,1.177,1.177,1.1768,1.177,3461.3,15
2025-07-13 01:44:00,1.177,1.177,1.1768,1.1768,8188.599999999999,68
2025-07-13 01:46:00,1.1768,1.177,1.1768,1.1768,3757.7000000000003,23
2025-07-13 01:48:00,1.1768,1.177,1.1768,1.1769,10521.0,67
2025-07-13 01:50:00,1.1769,1.177,1.1768,1.1768,7204.4,19
2025-07-13 01:52:00,1.1768,1.1769,1.1768,1.1769,3764.7,18
2025-07-13 01:54:00,1.1768,1.1769,1.1768,1.1769,6572.1,19
2025-07-13 01:56:00,1.1769,1.177,1.1768,1.177,2812.4,36
2025-07-13 01:58:00,1.177,1.177,1.1769,1.177,1429.1000000000001,10
2025-07-13 02:00:00,1.177,1.177,1.1768,1.1769,19196.2,88
2025-07-13 02:02:00,1.1769,1.177,1.1768,1.1768,3344.9,18
2025-07-13 02:04:00,1.177,1.177,1.1768,1.177,11181.8,21
2025-07-13 02:06:00,1.177,1.177,1.1768,1.1769,13116.199999999999,105
2025-07-13 02:08:00,1.1769,1.177,1.1769,1.1769,4304.4,24
2025-07-13 02:10:00,1.1769,1.177,1.1767,1.1767,4514.7,27
2025-07-13 02:12:00,1.1768,1.177,1.1768,1.177,5098.3,46
2025-07-13 02:14:00,1.1768,1.1769,1.1768,1.1768,1951.3,13
2025-07-13 02:16:00,1.1768,1.177,1.1768,1.1768,3898.7,39
2025-07-13 02:18:00,1.1768,1.177,1.1768,1.1769,4872.299999999999,24
2025-07-13 02:20:00,1.1769,1.177,1.1768,1.177,2104.7,12
2025-07-13 02:22:00,1.177,1.177,1.1768,1.177,2169.8,9
2025-07-13 02:24:00,1.177,1.177,1.1768,1.177,7434.3,33
2025-07-13 02:26:00,1.177,1.1771,1.1769,1.1771,1991.6,15
2025-07-13 02:28:00,1.1769,1.1771,1.1769,1.1771,2848.2,16
2025-07-13 02:30:00,1.1769,1.1771,1.1769,1.1771,62898.1,237
2025-07-13 02:32:00,1.1771,1.1771,1.177,1.1771,2491.7,16
2025-07-13 02:34:00,1.177,1.1771,1.177,1.177,1820.0,10
2025-07-13 02:36:00,1.177,1.1772,1.177,1.1772,2590.6,11
2025-07-13 02:38:00,1.177,1.1772,1.177,1.177,3297.2999999999997,11
2025-07-13 02:40:00,1.177,1.1772,1.177,1.1772,7838.2,60
2025-07-13 02:42:00,1.1771,1.1772,1.177,1.177,7921.7,71
2025-07-13 02:44:00,1.1772,1.1772,1.177,1.177,2230.3,14
2025-07-13 02:46:00,1.1772,1.1772,1.177,1.1772,3780.1,16
2025-07-13 02:48:00,1.1772,1.1772,1.177,1.177,1811.0,11
2025-07-13 02:50:00,1.1772,1.1772,1.1771,1.1771,483.5,5
2025-07-13 02:52:00,1.1772,1.1772,1.177,1.1772,6117.9,10
2025-07-13 02:54:00,1.1772,1.1774,1.1771,1.1774,31959.8,64
2025-07-13 02:56:00,1.1774,1.1774,1.1773,1.1774,5840.6,10
2025-07-13 02:58:00,1.1774,1.1774,1.1773,1.1773,5791.4,19
2025-07-13 03:00:00,1.1773,1.1774,1.1773,1.1773,2171.1,17
2025-07-13 03:02:00,1.1773,1.1775,1.1773,1.1775,35166.6,28
2025-07-13 03:04:00,1.1775,1.1775,1.1774,1.1774,2477.7999999999997,13
2025-07-13 03:06:00,1.1774,1.1775,1.1774,1.1774,7729.7,42
2025-07-13 03:08:00,1.1775,1.1775,1.1774,1.1774,2332.6,15
2025-07-13 03:10:00,1.1774,1.1775,1.1774,1.1775,11793.6,44
2025-07-13 03:12:00,1.1774,1.1775,1.1774,1.1774,4959.5,24
2025-07-13 03:14:00,1.1774,1.1775,1.1774,1.1774,4059.1,23
2025-07-13 03:16:00,1.1774,1.1775,1.1774,1.1775,3747.2999999999997,20
2025-07-13 03:18:00,1.1774,1.1775,1.1774,1.1774,5632.0,14
2025-07-13 03:20:00,1.1774,1.1775,1.1774,1.1775,2651.2,14
2025-07-13 03:22:00,1.1775,1.1775,1.1774,1.1775,17532.5,25
2025-07-13 03:24:00,1.1774,1.1774,1.1772,1.1774,29190.0,97
2025-07-13 03:26:00,1.1772,1.1774,1.1772,1.1773,15156.4,35
2025-07-13 03:28:00,1.1773,1.1774,1.1772,1.1774,5621.3,19
2025-07-13 03:30:00,1.1772,1.1774,1.1772,1.1774,5409.1,10
2025-07-13 03:32:00,1.1774,1.1774,1.1773,1.1773,5160.8,14
2025-07-13 03:34:00,1.1774,1.1775,1.1773,1.1774,10602.6,11
2025-07-13 03:36:00,1.1773,1.1774,1.1773,1.1774,19039.0,17
2025-07-13 03:38:00,1.1774,1.1774,1.1771,1.1773,18679.6,50
2025-07-13 03:40:00,1.1772,1.1775,1.1772,1.1773,12420.4,82
2025-07-13 03:42:00,1.1773,1.1775,1.1773,1.1775,11458.199999999999,29
2025-07-13 03:44:00,1.1774,1.1775,1.1774,1.1775,1931.2,31
2025-07-13 03:46:00,1.1774,1.1775,1.1773,1.1774,7372.3,27
2025-07-13 03:48:00,1.1774,1.1775,1.1773,1.1774,6123.3,20
2025-07-13 03:50:00,1.1775,1.1775,1.1773,1.1775,3114.1,13
2025-07-13 03:52:00,1.1774,1.1776,1.1774,1.1776,1254.2,9
2025-07-13 03:54:00,1.1775,1.1775,1.1774,1.1774,7423.7,54
2025-07-13 03:56:00,1.1775,1.1775,1.1774,1.1774,6338.7,20
2025-07-13 03:58:00,1.1774,1.1775,1.1774,1.1775,2812.7,16
2025-07-13 04:00:00,1.1774,1.1775,1.1774,1.1775,1378.0,11
2025-07-13 04:02:00,1.1775,1.1776,1.1774,1.1775,12627.5,25
2025-07-13 04:04:00,1.1776,1.1776,1.1774,1.1776,7194.1,34
2025-07-13 04:06:00,1.1775,1.1776,1.1774,1.1775,4238.7,19
2025-07-13 04:08:00,1.1774,1.1775,1.1773,1.1774,3533.7,13
2025-07-13 04:10:00,1.1775,1.1775,1.1773,1.1775,12694.0,25
2025-07-13 04:12:00,1.1775,1.1775,1.1773,1.1775,6909.0,25
2025-07-13 04:14:00,1.1775,1.1775,1.1774,1.1775,5392.5,17
2025-07-13 04:16:00,1.1775,1.1775,1.1774,1.1775,4623.0,14
2025-07-13 04:18:00,1.1775,1.1776,1.1774,1.1774,9170.2,43
2025-07-13 04:20:00,1.1776,1.1776,1.1775,1.1776,15359.9,50
2025-07-13 04:22:00,1.1776,1.1776,1.1774,1.1776,11534.2,23
2025-07-13 04:24:00,1.1776,1.1776,1.1774,1.1776,6376.0,24
2025-07-13 04:26:00,1.1774,1.1776,1.1774,1.1774,3172.9,9
2025-07-13 04:28:00,1.1776,1.1776,1.1774,1.1774,10232.0,60
2025-07-13 04:30:00,1.1774,1.1776,1.1774,1.1776,1945.5,18
2025-07-13 04:32:00,1.1776,1.1776,1.1774,1.1774,4101.4,22
2025-07-13 04:34:00,1.1774,1.1776,1.1774,1.1775,8236.7,46
2025-07-13 04:36:00,1.1776,1.1776,1.1774,1.1775,4601.900000000001,24
2025-07-13 04:38:00,1.1776,1.1776,1.1774,1.1775,5841.0,21
2025-07-13 04:40:00,1.1774,1.1776,1.1774,1.1775,5021.8,50
2025-07-13 04:42:00,1.1774,1.1776,1.1774,1.1774,2548.9,24
2025-07-13 04:44:00,1.1775,1.1775,1.1774,1.1775,890.5999999999999,8
2025-07-13 04:46:00,1.1775,1.1775,1.1773,1.1774,7731.2,86
2025-07-13 04:48:00,1.1773,1.1775,1.1773,1.1773,3736.6,17
2025-07-13 04:50:00,1.1773,1.1775,1.1772,1.1774,11359.8,103
2025-07-13 04:52:00,1.1773,1.1774,1.1772,1.1772,8397.5,31
2025-07-13 04:54:00,1.1772,1.1773,1.177,1.1773,18512.0,147
2025-07-13 04:56:00,1.1773,1.1774,1.1772,1.1774,7890.7,30
2025-07-13 04:58:00,1.1773,1.1774,1.1772,1.1773,5261.5,22
2025-07-13 05:00:00,1.1774,1.1775,1.1772,1.1774,6034.6,38
2025-07-13 05:02:00,1.1773,1.1775,1.1773,1.1775,6176.0,21
2025-07-13 05:04:00,1.1775,1.1775,1.1773,1.1775,8617.1,33
2025-07-13 05:06:00,1.1775,1.1775,1.1773,1.1775,9285.4,23
2025-07-13 05:08:00,1.1775,1.1776,1.1773,1.1774,8479.3,48
2025-07-13 05:10:00,1.1774,1.1776,1.1774,1.1774,2625.1,19
2025-07-13 05:12:00,1.1774,1.1775,1.1774,1.1774,4051.5,18
2025-07-13 05:14:00,1.1774,1.1775,1.1773,1.1774,3612.1,43
2025-07-13 05:16:00,1.1774,1.1774,1.1773,1.1773,2377.3,21
2025-07-13 05:18:00,1.1773,1.1775,1.1773,1.1773,5552.7,39
2025-07-13 05:20:00,1.1773,1.1774,1.1772,1.1772,8664.2,26
2025-07-13 05:22:00,1.1774,1.1774,1.1771,1.1771,3017.7,26
2025-07-13 05:24:00,1.1773,1.1773,1.1771,1.1773,6118.2,65
2025-07-13 05:26:00,1.1773,1.1774,1.1772,1.1773,3569.2999999999997,32
2025-07-13 05:28:00,1.1772,1.1774,1.1772,1.1773,5443.7,32
2025-07-13 05:30:00,1.1773,1.1774,1.1772,1.1773,3169.0,27
2025-07-13 05:32:00,1.1774,1.1774,1.1772,1.1774,11643.1,37
2025-07-13 05:34:00,1.1772,1.1774,1.1772,1.1774,3968.2000000000003,34
2025-07-13 05:36:00,1.1774,1.1774,1.1772,1.1774,11309.2,49
2025-07-13 05:38:00,1.1774,1.1774,1.1771,1.1771,7777.6,27
2025-07-13 05:40:00,1.177,1.1771,1.1767,1.1769,8877.1,62
2025-07-13 05:42:00,1.1769,1.1769,1.1768,1.1768,10933.9,45
2025-07-13 05:44:00,1.1769,1.1769,1.1767,1.1767,21235.100000000002,82
2025-07-13 05:46:00,1.1767,1.1767,1.1763,1.1764,17522.6,91
2025-07-13 05:48:00,1.1763,1.1763,1.176,1.176,3309.9,19
2025-07-13 05:50:00,1.176,1.1762,1.1758,1.1758,34493.0,140
2025-07-13 05:52:00,1.1759,1.1759,1.1757,1.1757,3701.0,26
2025-07-13 05:54:00,1.1758,1.1759,1.1757,1.1758,14977.9,151
2025-07-13 05:56:00,1.1757,1.176,1.1753,1.1754,56250.7,356
2025-07-13 05:58:00,1.1754,1.1755,1.1752,1.1754,6779.2,41
2025-07-13 06:00:00,1.1752,1.1752,1.1748,1.1749,9109.0,93
2025-07-13 06:02:00,1.1749,1.175,1.1748,1.1749,10042.4,117
2025-07-13 06:04:00,1.175,1.1752,1.1749,1.175,23377.2,109
2025-07-13 06:06:00,1.175,1.1755,1.1749,1.1754,16539.8,80
2025-07-13 06:08:00,1.1754,1.1754,1.1751,1.1752,7239.0,48
2025-07-13 06:10:00,1.1751,1.1752,1.175,1.175,4854.2,56
2025-07-13 06:12:00,1.1752,1.1752,1.175,1.175,3235.3,10
2025-07-13 06:14:00,1.1751,1.1753,1.175,1.175,17161.7,61
2025-07-13 06:16:00,1.175,1.1752,1.1749,1.1749,7198.0,58
2025-07-13 06:18:00,1.1749,1.175,1.1747,1.1748,29224.2,53
2025-07-13 06:20:00,1.1749,1.175,1.1745,1.1745,18123.5,96
2025-07-13 06:22:00,1.1747,1.1754,1.1745,1.1754,30203.8,141
2025-07-13 06:24:00,1.1753,1.1753,1.1752,1.1753,14572.6,54
2025-07-13 06:26:00,1.1752,1.1754,1.1751,1.1753,18185.4,91
2025-07-13 06:28:00,1.1753,1.1754,1.1751,1.1752,11949.0,77
2025-07-13 06:30:00,1.1752,1.1753,1.1751,1.1751,7488.6,26
2025-07-13 06:32:00,1.1752,1.1752,1.175,1.1752,8158.0,41
2025-07-13 06:34:00,1.1753,1.1756,1.1753,1.1755,10482.0,83
2025-07-13 06:36:00,1.1754,1.1758,1.1754,1.1756,16830.9,51
2025-07-13 06:38:00,1.1758,1.176,1.1756,1.1758,10685.3,45
2025-07-13 06:40:00,1.176,1.1761,1.1756,1.1757,24521.6,93
2025-07-13 06:42:00,1.1759,1.1763,1.1758,1.1763,8587.0,41
2025-07-13 06:44:00,1.1763,1.1763,1.1759,1.1759,37039.7,56
2025-07-13 06:46:00,1.1761,1.1761,1.1759,1.1761,10596.1,29
2025-07-13 06:48:00,1.1759,1.176,1.1755,1.1755,11367.7,60
2025-07-13 06:50:00,1.1756,1.1758,1.1755,1.1757,12313.1,59
2025-07-13 06:52:00,1.1757,1.1759,1.1757,1.1757,6908.6,61
2025-07-13 06:54:00,1.1758,1.1758,1.1754,1.1755,19312.7,85
2025-07-13 06:56:00,1.1756,1.1758,1.1756,1.1757,4184.4,29
2025-07-13 06:58:00,1.1758,1.1758,1.1756,1.1756,6180.3,28
2025-07-13 07:00:00,1.1758,1.1759,1.1757,1.1757,11244.9,34
2025-07-13 07:02:00,1.1759,1.1759,1.1757,1.1757,8028.3,38
2025-07-13 07:04:00,1.1758,1.1761,1.1757,1.176,11650.1,56
2025-07-13 07:06:00,1.1761,1.1761,1.1759,1.1759,8675.300000000001,45
2025-07-13 07:08:00,1.176,1.1761,1.1756,1.1756,5231.0,72
2025-07-13 07:10:00,1.1756,1.1757,1.1755,1.1756,18545.4,56
2025-07-13 07:12:00,1.1757,1.1758,1.1755,1.1758,13002.1,48
2025-07-13 07:14:00,1.1758,1.1758,1.1756,1.1757,6248.7,31
2025-07-13 07:16:00,1.1757,1.1757,1.1755,1.1755,15351.2,63
2025-07-13 07:18:00,1.1757,1.1757,1.1755,1.1755,6450.9,28
2025-07-13 07:20:00,1.1757,1.1757,1.1755,1.1755,5009.5,27
2025-07-13 07:22:00,1.1755,1.1758,1.1755,1.1756,5591.2,22
2025-07-13 07:24:00,1.1759,1.1759,1.1757,1.1758,5689.700000000001,25
2025-07-13 07:26:00,1.1757,1.1758,1.1756,1.1758,8317.5,30
2025-07-13 07:28:00,1.1756,1.1758,1.1756,1.1756,6280.8,31
2025-07-13 07:30:00,1.1756,1.1758,1.1755,1.1755,10229.6,84
2025-07-13 07:32:00,1.1755,1.1757,1.1755,1.1756,7316.6,57
2025-07-13 07:34:00,1.1757,1.1757,1.1755,1.1757,23244.100000000002,60
2025-07-13 07:36:00,1.1756,1.176,1.1756,1.176,21430.4,76
2025-07-13 07:38:00,1.1758,1.176,1.1757,1.1759,14689.3,46
2025-07-13 07:40:00,1.1759,1.176,1.1758,1.1758,13973.9,72
2025-07-13 07:42:00,1.1759,1.176,1.1758,1.1758,5422.6,42
2025-07-13 07:44:00,1.1758,1.1759,1.1756,1.1757,19435.6,44
2025-07-13 07:46:00,1.1756,1.1758,1.1756,1.1758,7283.0,24
2025-07-13 07:48:00,1.1757,1.1759,1.1756,1.1759,3983.2,28
2025-07-13 07:50:00,1.1757,1.1759,1.1757,1.1758,5918.7,22
2025-07-13 07:52:00,1.1759,1.1759,1.1757,1.1757,4449.2,34
2025-07-13 07:54:00,1.1757,1.1759,1.1757,1.1758,24677.9,54
2025-07-13 07:56:00,1.1757,1.1758,1.1756,1.1756,24458.8,52
2025-07-13 07:58:00,1.1756,1.1757,1.1754,1.1754,22128.3,86
2025-07-13 08:00:00,1.1755,1.1755,1.1753,1.1754,5624.099999999999,21
2025-07-13 08:02:00,1.1754,1.1759,1.1753,1.1758,29441.5,59
2025-07-13 08:04:00,1.1758,1.1759,1.1756,1.1757,4058.2999999999997,34
2025-07-13 08:06:00,1.1758,1.1758,1.1755,1.1756,12764.5,30
2025-07-13 08:08:00,1.1756,1.1756,1.1754,1.1756,9756.5,40
2025-07-13 08:10:00,1.1754,1.1756,1.1754,1.1754,8946.1,38
2025-07-13 08:12:00,1.1756,1.176,1.1751,1.1759,120013.1,155
2025-07-13 08:14:00,1.1758,1.1759,1.1757,1.1757,9796.3,41
2025-07-13 08:16:00,1.1757,1.1759,1.1756,1.1756,8078.1,32
2025-07-13 08:18:00,1.1755,1.1757,1.1755,1.1755,5479.6,22
2025-07-13 08:20:00,1.1755,1.1757,1.1754,1.1754,12808.9,70
2025-07-13 08:22:00,1.1755,1.1756,1.1752,1.1753,11357.2,68
2025-07-13 08:24:00,1.1753,1.1754,1.175,1.1754,9106.0,38
2025-07-13 08:26:00,1.1754,1.1755,1.1753,1.1753,17701.3,51
2025-07-13 08:28:00,1.1754,1.1754,1.175,1.1752,8694.6,21
2025-07-13 08:30:00,1.1752,1.1752,1.175,1.175,10700.9,42
2025-07-13 08:32:00,1.175,1.1751,1.1748,1.1749,17155.9,34
2025-07-13 08:34:00,1.1748,1.1749,1.1747,1.1749,4167.2,30
2025-07-13 08:36:00,1.1747,1.1749,1.1747,1.1748,8493.3,56
2025-07-13 08:38:00,1.1747,1.1749,1.1746,1.1748,21874.5,50
2025-07-13 08:40:00,1.1747,1.1748,1.1746,1.1748,5499.7,32
2025-07-13 08:42:00,1.1748,1.1748,1.1746,1.1748,2427.9,17
2025-07-13 08:44:00,1.1748,1.1748,1.1745,1.1746,14744.6,113
2025-07-13 08:46:00,1.1746,1.175,1.1745,1.1746,27742.3,100
2025-07-13 08:48:00,1.1746,1.1748,1.1746,1.1747,9961.3,40
2025-07-13 08:50:00,1.1746,1.1746,1.1744,1.1745,17059.6,108
2025-07-13 08:52:00,1.1746,1.1749,1.1746,1.1748,14301.699999999999,41
2025-07-13 08:54:00,1.1747,1.1747,1.1745,1.1746,10489.2,41
2025-07-13 08:56:00,1.1746,1.1748,1.1745,1.1745,11691.0,62
2025-07-13 08:58:00,1.1745,1.1747,1.1744,1.1746,9061.5,42
2025-07-13 09:00:00,1.1747,1.1747,1.1744,1.1745,16287.5,76
2025-07-13 09:02:00,1.1746,1.1748,1.1745,1.1746,7009.3,34
2025-07-13 09:04:00,1.1748,1.1748,1.1745,1.1745,12497.1,36
2025-07-13 09:06:00,1.1745,1.1746,1.1744,1.1745,5907.2,31
2025-07-13 09:08:00,1.1744,1.1746,1.1744,1.1744,4620.4,30
2025-07-13 09:10:00,1.1745,1.1746,1.1744,1.1744,4398.8,28
2025-07-13 09:12:00,1.1746,1.1746,1.1744,1.1745,7290.6,36
2025-07-13 09:14:00,1.1746,1.175,1.1745,1.1749,15946.7,60
2025-07-13 09:16:00,1.1749,1.175,1.1746,1.1749,9122.5,47
2025-07-13 09:18:00,1.175,1.1752,1.1749,1.1752,9550.9,51
2025-07-13 09:20:00,1.1752,1.1752,1.175,1.175,6277.3,41
2025-07-13 09:22:00,1.1751,1.1752,1.175,1.1752,7516.7,40
2025-07-13 09:24:00,1.1752,1.1753,1.1752,1.1753,3841.9,20
2025-07-13 09:26:00,1.1753,1.1753,1.1751,1.1751,6136.1,23
2025-07-13 09:28:00,1.1752,1.1752,1.1751,1.1752,3702.9,30
2025-07-13 09:30:00,1.1752,1.1753,1.175,1.1751,11989.8,28
2025-07-13 09:32:00,1.1751,1.1754,1.1751,1.1751,8876.6,40
2025-07-13 09:34:00,1.1751,1.1756,1.1751,1.1755,62889.1,99
2025-07-13 09:36:00,1.1754,1.1755,1.1753,1.1755,10720.300000000001,38
2025-07-13 09:38:00,1.1753,1.1755,1.1751,1.1753,7392.9,37
2025-07-13 09:40:00,1.1752,1.1753,1.1751,1.1752,7425.2,47
2025-07-13 09:42:00,1.1753,1.1755,1.1752,1.1753,10418.6,47
2025-07-13 09:44:00,1.1753,1.1754,1.1751,1.1753,11955.7,45
2025-07-13 09:46:00,1.1753,1.1756,1.1753,1.1755,5721.9,34
2025-07-13 09:48:00,1.1756,1.1756,1.1752,1.1752,19819.4,42
2025-07-13 09:50:00,1.1752,1.1755,1.1752,1.1755,9260.5,37
2025-07-13 09:52:00,1.1753,1.1755,1.1752,1.1753,8081.7,31
2025-07-13 09:54:00,1.1752,1.1754,1.1751,1.1754,15283.7,46
2025-07-13 09:56:00,1.1754,1.1756,1.1753,1.1753,18053.899999999998,46
2025-07-13 09:58:00,1.1753,1.1755,1.1752,1.1753,7538.8,36
2025-07-13 10:00:00,1.1753,1.1753,1.175,1.175,17522.7,96
2025-07-13 10:02:00,1.1752,1.1752,1.1749,1.1749,20153.3,42
2025-07-13 10:04:00,1.1749,1.1752,1.1748,1.1752,26712.8,74
2025-07-13 10:06:00,1.1751,1.1752,1.1748,1.1748,30219.0,66
2025-07-13 10:08:00,1.1749,1.1749,1.1746,1.1746,38267.4,47
2025-07-13 10:10:00,1.1747,1.1749,1.1746,1.1748,46629.8,121
2025-07-13 10:12:00,1.1748,1.1749,1.1746,1.1748,28758.6,51
2025-07-13 10:14:00,1.1748,1.1749,1.1747,1.1749,14554.7,36
2025-07-13 10:16:00,1.1749,1.1751,1.1749,1.175,8156.5,34
2025-07-13 10:18:00,1.175,1.1753,1.1749,1.1751,21857.0,43
2025-07-13 10:20:00,1.1752,1.1753,1.1751,1.1753,7546.3,30
2025-07-13 10:22:00,1.1751,1.1753,1.1751,1.1752,11785.800000000001,30
2025-07-13 10:24:00,1.1751,1.1753,1.175,1.1753,8901.4,33
2025-07-13 10:26:00,1.1752,1.1753,1.1751,1.1753,3066.4,18
2025-07-13 10:28:00,1.1753,1.1754,1.1751,1.1752,7219.7,29
2025-07-13 10:30:00,1.1751,1.1754,1.1751,1.1753,13839.1,47
2025-07-13 10:32:00,1.1753,1.1754,1.1752,1.1754,10155.6,44
2025-07-13 10:34:00,1.1752,1.1755,1.1752,1.1755,17134.1,51
2025-07-13 10:36:00,1.1755,1.1755,1.1753,1.1753,8554.3,27
2025-07-13 10:38:00,1.1755,1.1755,1.1752,1.1753,6421.5,34
2025-07-13 10:40:00,1.1753,1.1755,1.1751,1.1753,7396.2,35
2025-07-13 10:42:00,1.1753,1.1754,1.1751,1.1753,4511.3,25
2025-07-13 10:44:00,1.1754,1.1754,1.1752,1.1753,5565.599999999999,25
2025-07-13 10:46:00,1.1754,1.1754,1.1752,1.1754,9253.3,48
2025-07-13 10:48:00,1.1752,1.1755,1.1751,1.1752,21166.8,77
2025-07-13 10:50:00,1.1752,1.1753,1.1751,1.1752,6501.5,46
2025-07-13 10:52:00,1.1753,1.1755,1.1751,1.1754,11284.0,56
2025-07-13 10:54:00,1.1753,1.1754,1.1752,1.1752,7431.0,54
2025-07-13 10:56:00,1.1754,1.1755,1.1752,1.1754,5311.5,36
2025-07-13 10:58:00,1.1754,1.1754,1.1749,1.175,7781.9,24
2025-07-13 11:00:00,1.1751,1.1752,1.1751,1.1752,4350.8,27
2025-07-13 11:02:00,1.1751,1.1752,1.1749,1.175,39834.3,160
2025-07-13 11:04:00,1.1752,1.1752,1.175,1.175,6804.2,50
2025-07-13 11:06:00,1.1751,1.1755,1.1751,1.1752,9866.4,66
2025-07-13 11:08:00,1.1752,1.1755,1.1751,1.1752,33754.4,60
2025-07-13 11:10:00,1.1753,1.1755,1.1752,1.1754,7317.9,31
2025-07-13 11:12:00,1.1755,1.1755,1.1753,1.1753,11486.9,45
2025-07-13 11:14:00,1.1755,1.1756,1.1754,1.1756,7665.0,48
2025-07-13 11:16:00,1.1756,1.1756,1.1753,1.1754,7316.500000000001,18
2025-07-13 11:18:00,1.1754,1.1756,1.1754,1.1754,7156.1,47
2025-07-13 11:20:00,1.1755,1.1756,1.1754,1.1754,5871.5,21
2025-07-13 11:22:00,1.1755,1.1757,1.1755,1.1757,6753.2,38
2025-07-13 11:24:00,1.1756,1.1757,1.1755,1.1755,13164.7,50
2025-07-13 11:26:00,1.1757,1.176,1.1755,1.1759,30219.4,96
2025-07-13 11:28:00,1.176,1.176,1.1757,1.1758,6215.2,37
2025-07-13 11:30:00,1.1759,1.176,1.1758,1.176,15864.9,74
2025-07-13 11:32:00,1.1758,1.1768,1.1758,1.1766,82036.4,139
2025-07-13 11:34:00,1.1767,1.1767,1.1762,1.1763,11823.5,55
2025-07-13 11:36:00,1.1763,1.1763,1.1761,1.1761,10465.1,39
2025-07-13 11:38:00,1.1762,1.1764,1.1761,1.1762,7558.4,39
2025-07-13 11:40:00,1.1764,1.1767,1.1762,1.1764,11354.8,59
2025-07-13 11:42:00,1.1764,1.1769,1.1764,1.1765,33039.8,85
2025-07-13 11:44:00,1.1764,1.1767,1.1763,1.1765,7421.5,40
2025-07-13 11:46:00,1.1765,1.1766,1.1763,1.1763,22985.4,54
2025-07-13 11:48:00,1.1762,1.1763,1.1761,1.1761,4329.3,29
2025-07-13 11:50:00,1.1763,1.1763,1.1761,1.1763,4323.6,24
2025-07-13 11:52:00,1.1763,1.1765,1.1762,1.1763,14849.4,38
2025-07-13 11:54:00,1.1764,1.1767,1.1763,1.1765,9263.4,33
2025-07-13 11:56:00,1.1766,1.1767,1.1765,1.1766,15081.5,45
2025-07-13 11:58:00,1.1764,1.1767,1.1764,1.1766,14182.4,48
2025-07-13 12:00:00,1.1767,1.1768,1.1766,1.1768,23198.5,54
2025-07-13 12:02:00,1.1767,1.1769,1.1765,1.1769,12935.1,38
2025-07-13 12:04:00,1.1768,1.1773,1.1767,1.1771,14485.5,67
2025-07-13 12:06:00,1.1771,1.1773,1.1771,1.1771,11794.7,48
2025-07-13 12:08:00,1.1771,1.1775,1.1771,1.1774,6043.2,33
2025-07-13 12:10:00,1.1774,1.1776,1.177,1.1774,69284.4,110
2025-07-13 12:12:00,1.1773,1.1775,1.1761,1.1763,81107.6,307
2025-07-13 12:14:00,1.1762,1.1764,1.1761,1.1761,11355.7,52
2025-07-13 12:16:00,1.1761,1.1764,1.176,1.1762,13016.0,29
2025-07-13 12:18:00,1.1764,1.1764,1.1762,1.1764,8443.2,41
2025-07-13 12:20:00,1.1762,1.1765,1.1762,1.1765,16307.1,63
2025-07-13 12:22:00,1.1765,1.1765,1.1762,1.1763,9369.6,44
2025-07-13 12:24:00,1.1764,1.1765,1.1763,1.1763,10024.3,43
2025-07-13 12:26:00,1.1763,1.1766,1.1763,1.1763,12415.1,53
2025-07-13 12:28:00,1.1764,1.1764,1.1761,1.1762,4963.8,28
2025-07-13 12:30:00,1.1763,1.1764,1.1761,1.1761,27953.5,57
2025-07-13 12:32:00,1.1762,1.1763,1.1761,1.1763,5036.9,27
2025-07-13 12:34:00,1.1761,1.1763,1.176,1.176,12717.7,39
2025-07-13 12:36:00,1.1759,1.1763,1.1759,1.1761,10337.6,30
2025-07-13 12:38:00,1.1761,1.1763,1.1759,1.176,11632.2,53
2025-07-13 12:40:00,1.176,1.1763,1.176,1.1763,13045.9,47
2025-07-13 12:42:00,1.1761,1.1763,1.1761,1.1762,7462.9,33
2025-07-13 12:44:00,1.1763,1.1763,1.176,1.176,16249.9,50
2025-07-13 12:46:00,1.176,1.1763,1.176,1.1762,15549.6,47
2025-07-13 12:48:00,1.1763,1.1765,1.1762,1.1762,24165.4,81
2025-07-13 12:50:00,1.1763,1.1768,1.1762,1.1765,57842.2,168
2025-07-13 12:52:00,1.1765,1.1768,1.1765,1.1767,41644.1,92
2025-07-13 12:54:00,1.1766,1.177,1.1765,1.1767,102735.7,139
2025-07-13 12:56:00,1.1767,1.1769,1.1767,1.1769,9988.8,42
2025-07-13 12:58:00,1.1767,1.1769,1.1767,1.1768,16878.5,62
2025-07-13 13:00:00,1.1768,1.177,1.1767,1.177,29803.8,142
2025-07-13 13:02:00,1.1768,1.1772,1.1768,1.1772,26021.9,81
2025-07-13 13:04:00,1.177,1.1771,1.1769,1.177,34792.0,107
2025-07-13 13:06:00,1.177,1.1771,1.1768,1.1768,15176.199999999999,63
2025-07-13 13:08:00,1.177,1.1771,1.1768,1.1769,14563.7,50
2025-07-13 13:10:00,1.1769,1.1771,1.1768,1.177,16977.1,69
2025-07-13 13:12:00,1.1768,1.1769,1.1767,1.1767,14786.0,74
2025-07-13 13:14:00,1.1768,1.1769,1.1765,1.1767,13599.2,46
2025-07-13 13:16:00,1.1767,1.1768,1.1765,1.1767,11762.5,43
2025-07-13 13:18:00,1.1767,1.1767,1.1765,1.1767,10096.2,37
2025-07-13 13:20:00,1.1765,1.1767,1.1765,1.1767,2966.3,18
2025-07-13 13:22:00,1.1766,1.1768,1.1766,1.1767,8875.2,39
2025-07-13 13:24:00,1.1766,1.177,1.1765,1.1768,7770.1,54
2025-07-13 13:26:00,1.1768,1.177,1.1766,1.1769,11860.8,59
2025-07-13 13:28:00,1.1769,1.177,1.1766,1.1766,20488.600000000002,80
2025-07-13 13:30:00,1.1767,1.1769,1.1766,1.1767,17744.0,74
2025-07-13 13:32:00,1.1768,1.177,1.1767,1.1769,12547.2,42
2025-07-13 13:34:00,1.1769,1.1771,1.1768,1.1768,6625.8,55
2025-07-13 13:36:00,1.177,1.1771,1.1768,1.1771,26530.3,86
2025-07-13 13:38:00,1.1771,1.1771,1.1768,1.1771,15778.3,70
2025-07-13 13:40:00,1.177,1.177,1.1765,1.1766,24366.6,80
2025-07-13 13:42:00,1.1766,1.1766,1.1764,1.1766,20839.2,54
2025-07-13 13:44:00,1.1767,1.177,1.1766,1.1769,19183.6,57
2025-07-13 13:46:00,1.1769,1.1772,1.1768,1.177,23069.4,93
2025-07-13 13:48:00,1.1771,1.1772,1.1769,1.1772,31638.2,66
2025-07-13 13:50:00,1.1772,1.1773,1.1769,1.1771,28432.3,94
2025-07-13 13:52:00,1.1772,1.1774,1.1768,1.1768,26644.0,116
2025-07-13 13:54:00,1.1769,1.1771,1.1766,1.1768,19087.0,49
2025-07-13 13:56:00,1.1766,1.1768,1.1765,1.1768,14816.4,47
2025-07-13 13:58:00,1.1766,1.1768,1.1766,1.1766,13943.1,49
2025-07-13 14:00:00,1.1766,1.177,1.1766,1.177,9388.3,48
2025-07-13 14:02:00,1.1771,1.1772,1.1768,1.1768,20481.0,71
2025-07-13 14:04:00,1.1769,1.177,1.1766,1.1766,14212.8,58
2025-07-13 14:06:00,1.1765,1.1768,1.1765,1.1768,19475.0,78
2025-07-13 14:08:00,1.1769,1.1769,1.1767,1.1768,16908.1,46
2025-07-13 14:10:00,1.1768,1.1769,1.1766,1.1768,16771.8,84
2025-07-13 14:12:00,1.1766,1.1768,1.1763,1.1765,69938.1,206
2025-07-13 14:14:00,1.1765,1.1767,1.1765,1.1766,16553.4,55
2025-07-13 14:16:00,1.1766,1.1768,1.1764,1.1767,30027.6,80
2025-07-13 14:18:00,1.1766,1.1791,1.1766,1.179,299199.3,414
2025-07-13 14:20:00,1.1789,1.1791,1.1787,1.1789,152043.8,381
2025-07-13 14:22:00,1.1788,1.1791,1.1786,1.1787,56387.1,204
2025-07-13 14:24:00,1.1788,1.179,1.1785,1.1786,96122.0,196
2025-07-13 14:26:00,1.1786,1.1795,1.1786,1.1793,47474.6,158
2025-07-13 14:28:00,1.1793,1.1793,1.1786,1.1789,42991.7,120
2025-07-13 14:30:00,1.1787,1.1791,1.1783,1.1791,136064.0,443
2025-07-13 14:32:00,1.1791,1.18,1.1786,1.1786,136353.9,286
2025-07-13 14:34:00,1.1786,1.1794,1.1783,1.1794,80323.5,191
2025-07-13 14:36:00,1.1792,1.1795,1.1789,1.1792,73410.8,152
2025-07-13 14:38:00,1.1791,1.1793,1.1787,1.1793,55378.7,115
2025-07-13 14:40:00,1.1792,1.1793,1.179,1.179,49497.0,129
2025-07-13 14:42:00,1.1792,1.1793,1.1789,1.179,49234.0,86
2025-07-13 14:44:00,1.1791,1.1793,1.1784,1.1784,71753.5,149
2025-07-13 14:46:00,1.1785,1.1792,1.1783,1.1783,56124.799999999996,167
2025-07-13 14:48:00,1.1782,1.1788,1.1782,1.1787,46435.9,113
2025-07-13 14:50:00,1.1786,1.1787,1.1782,1.1782,90520.0,208
2025-07-13 14:52:00,1.1782,1.1785,1.1781,1.1783,87531.9,242
2025-07-13 14:54:00,1.1783,1.1784,1.1781,1.1781,33266.1,78
2025-07-13 14:56:00,1.1782,1.1785,1.1781,1.1784,45121.1,93
2025-07-13 14:58:00,1.1784,1.1786,1.1783,1.1785,10766.9,44
2025-07-13 15:00:00,1.1787,1.1789,1.1785,1.1787,29259.3,82
2025-07-13 15:02:00,1.1786,1.1791,1.1786,1.1789,21915.0,79
2025-07-13 15:04:00,1.1789,1.1791,1.1787,1.179,21583.8,77
2025-07-13 15:06:00,1.179,1.1791,1.1788,1.179,25429.3,71
2025-07-13 15:08:00,1.1789,1.1795,1.1789,1.1795,14380.8,68
2025-07-13 15:10:00,1.1794,1.1798,1.1793,1.1797,49831.9,111
2025-07-13 15:12:00,1.1797,1.1798,1.1792,1.1796,33290.1,70
2025-07-13 15:14:00,1.1796,1.1798,1.1796,1.1797,29343.0,86
2025-07-13 15:16:00,1.1797,1.1798,1.1796,1.1796,16815.5,56
2025-07-13 15:18:00,1.1796,1.1797,1.1792,1.1792,21290.8,51
2025-07-13 15:20:00,1.1793,1.1793,1.1791,1.1792,23353.7,97
2025-07-13 15:22:00,1.1792,1.1793,1.1789,1.1792,25503.3,93
2025-07-13 15:24:00,1.1792,1.1792,1.1778,1.1779,107707.3,446
2025-07-13 15:26:00,1.1778,1.1782,1.1778,1.178,27084.3,93
2025-07-13 15:28:00,1.1781,1.1781,1.1776,1.1777,37755.9,84
2025-07-13 15:30:00,1.1776,1.1778,1.1772,1.1777,57898.0,135
2025-07-13 15:32:00,1.1777,1.1778,1.1775,1.1776,30939.9,71
2025-07-13 15:34:00,1.1778,1.178,1.1776,1.1777,25933.3,119
2025-07-13 15:36:00,1.1779,1.1782,1.1775,1.1778,31653.8,112
2025-07-13 15:38:00,1.1779,1.1787,1.1776,1.1785,121985.6,192
2025-07-13 15:40:00,1.1786,1.1789,1.1784,1.1785,19943.1,68
2025-07-13 15:42:00,1.1787,1.1787,1.178,1.178,24700.6,45
2025-07-13 15:44:00,1.178,1.1781,1.1778,1.1779,27603.4,65
2025-07-13 15:46:00,1.1779,1.1783,1.1778,1.1782,13924.1,57
2025-07-13 15:48:00,1.1782,1.1793,1.1782,1.1791,58243.7,176
2025-07-13 15:50:00,1.1789,1.1793,1.1789,1.179,7059.0,37
2025-07-13 15:52:00,1.1791,1.1792,1.1781,1.1782,58916.5,188
2025-07-13 15:54:00,1.1783,1.1786,1.1782,1.1784,20952.8,77
2025-07-13 15:56:00,1.1785,1.1787,1.1783,1.1784,16355.2,44
2025-07-13 15:58:00,1.1784,1.1786,1.1783,1.1783,12032.8,57
2025-07-13 16:00:00,1.1785,1.1788,1.1783,1.1787,20680.5,85
2025-07-13 16:02:00,1.1787,1.1791,1.1786,1.1786,20725.0,45
2025-07-13 16:04:00,1.1787,1.1792,1.1787,1.1791,26226.600000000002,85
2025-07-13 16:06:00,1.179,1.1793,1.179,1.1792,15198.1,62
2025-07-13 16:08:00,1.1792,1.1793,1.1786,1.1793,90687.8,274
2025-07-13 16:10:00,1.1791,1.1792,1.1789,1.179,17216.8,50
2025-07-13 16:12:00,1.179,1.1792,1.1788,1.1788,23078.2,53
2025-07-13 16:14:00,1.1789,1.1791,1.1787,1.1789,15935.4,57
2025-07-13 16:16:00,1.1788,1.179,1.1786,1.1789,18518.5,62
2025-07-13 16:18:00,1.179,1.1794,1.1789,1.1793,17607.7,57
2025-07-13 16:20:00,1.1793,1.1796,1.1792,1.1794,18058.5,51
2025-07-13 16:22:00,1.1794,1.1795,1.1793,1.1795,8369.3,32
2025-07-13 16:24:00,1.1795,1.1795,1.1792,1.1793,9714.9,37
2025-07-13 16:26:00,1.1794,1.1795,1.1793,1.1794,4623.8,35
2025-07-13 16:28:00,1.1793,1.1794,1.1792,1.1793,9700.7,15
2025-07-13 16:30:00,1.1794,1.1794,1.1788,1.1789,23975.3,58
2025-07-13 16:32:00,1.1789,1.1793,1.1789,1.179,21305.8,91
2025-07-13 16:34:00,1.179,1.1791,1.1789,1.179,11118.9,28
2025-07-13 16:36:00,1.1791,1.1792,1.1789,1.179,31734.600000000002,101
2025-07-13 16:38:00,1.179,1.1791,1.1787,1.1788,21565.5,103
2025-07-13 16:40:00,1.1788,1.1788,1.1783,1.1784,13398.9,63
2025-07-13 16:42:00,1.1783,1.1786,1.1783,1.1786,4785.2,34
2025-07-13 16:44:00,1.1786,1.1789,1.1785,1.1788,19795.8,74
2025-07-13 16:46:00,1.1788,1.179,1.1786,1.1786,27178.899999999998,74
2025-07-13 16:48:00,1.1785,1.1786,1.1784,1.1785,18038.7,59
2025-07-13 16:50:00,1.1785,1.1794,1.1785,1.1791,38100.3,125
2025-07-13 16:52:00,1.1792,1.1797,1.1791,1.1796,46851.3,101
2025-07-13 16:54:00,1.1796,1.1798,1.1794,1.1796,8228.8,34
2025-07-13 16:56:00,1.1796,1.1797,1.1792,1.1792,11781.5,38
2025-07-13 16:58:00,1.1793,1.1798,1.1792,1.1796,22931.4,75
2025-07-13 17:00:00,1.1796,1.1797,1.1794,1.1795,28653.5,95
2025-07-13 17:02:00,1.1795,1.1798,1.1795,1.1796,14389.0,75
2025-07-13 17:04:00,1.1796,1.1797,1.1794,1.1795,12702.2,55
2025-07-13 17:06:00,1.1796,1.1797,1.1789,1.179,60196.9,299
2025-07-13 17:08:00,1.1792,1.1793,1.1789,1.179,13090.7,41
2025-07-13 17:10:00,1.179,1.1793,1.1788,1.1791,20457.6,100
2025-07-13 17:12:00,1.1791,1.1793,1.1791,1.1792,9589.1,38
2025-07-13 17:14:00,1.1792,1.1792,1.1787,1.1789,23852.3,52
2025-07-13 17:16:00,1.1788,1.1789,1.1784,1.1788,33631.5,99
2025-07-13 17:18:00,1.1786,1.1789,1.1785,1.1787,10169.9,52
2025-07-13 17:20:00,1.1785,1.179,1.1785,1.1787,17418.0,59
2025-07-13 17:22:00,1.1787,1.179,1.1787,1.1789,11979.2,51
2025-07-13 17:24:00,1.1788,1.1792,1.1788,1.1791,17499.8,47
2025-07-13 17:26:00,1.179,1.1792,1.1789,1.179,10690.0,61
2025-07-13 17:28:00,1.179,1.1792,1.1789,1.179,15613.1,55
2025-07-13 17:30:00,1.179,1.1793,1.1788,1.179,14604.2,54
2025-07-13 17:32:00,1.1791,1.1791,1.1789,1.1791,7458.7,41
2025-07-13 17:34:00,1.179,1.1791,1.1789,1.1791,9799.8,25
2025-07-13 17:36:00,1.179,1.1792,1.1789,1.179,7213.9,31
2025-07-13 17:38:00,1.179,1.1792,1.1789,1.1791,13651.9,93
2025-07-13 17:40:00,1.1791,1.1791,1.1788,1.1788,3752.9,23
2025-07-13 17:42:00,1.179,1.179,1.1787,1.1788,11712.0,31
2025-07-13 17:44:00,1.1786,1.1788,1.1785,1.1785,5516.5,43
2025-07-13 17:46:00,1.1787,1.1787,1.1784,1.1785,9191.3,82
2025-07-13 17:48:00,1.1787,1.1788,1.1785,1.1788,9849.599999999999,30
2025-07-13 17:50:00,1.1787,1.1789,1.1786,1.1789,8450.7,44
2025-07-13 17:52:00,1.1789,1.1794,1.1788,1.1791,23987.9,86
2025-07-13 17:54:00,1.179,1.1794,1.1789,1.1791,30353.5,60
2025-07-13 17:56:00,1.1789,1.1794,1.1789,1.1793,11307.8,55
2025-07-13 17:58:00,1.1793,1.1795,1.1792,1.1794,7332.2,39
2025-07-13 18:00:00,1.1793,1.1796,1.1792,1.1796,8214.6,54
2025-07-13 18:02:00,1.1794,1.1796,1.1792,1.1792,21975.2,60
2025-07-13 18:04:00,1.1792,1.1795,1.1792,1.1792,15442.1,74
2025-07-13 18:06:00,1.1792,1.1792,1.1791,1.1792,3765.7,31
2025-07-13 18:08:00,1.1793,1.1793,1.1791,1.1793,2070.8999999999996,11
2025-07-13 18:10:00,1.1791,1.1795,1.1791,1.1794,8214.9,33
2025-07-13 18:12:00,1.1794,1.1794,1.1792,1.1794,6084.6,34
2025-07-13 18:14:00,1.1795,1.1795,1.1793,1.1793,5955.0,26
2025-07-13 18:16:00,1.1792,1.1794,1.179,1.1792,16597.3,63
2025-07-13 18:18:00,1.1792,1.1793,1.1792,1.1793,4392.2,27
2025-07-13 18:20:00,1.1793,1.1793,1.1791,1.1793,8981.0,62
2025-07-13 18:22:00,1.1792,1.1795,1.1792,1.1793,19295.3,78
2025-07-13 18:24:00,1.1795,1.1795,1.1793,1.1793,13752.4,85
2025-07-13 18:26:00,1.1793,1.1794,1.1792,1.1794,23843.2,121
2025-07-13 18:28:00,1.1792,1.1794,1.1792,1.1792,6780.6,35
2025-07-13 18:30:00,1.1792,1.1795,1.1792,1.1795,48678.2,101
2025-07-13 18:32:00,1.1796,1.1798,1.1796,1.1797,26400.100000000002,63
2025-07-13 18:34:00,1.1799,1.18,1.1794,1.1795,15000.1,62
2025-07-13 18:36:00,1.1796,1.1802,1.1795,1.1801,15057.1,86
2025-07-13 18:38:00,1.1802,1.1802,1.1795,1.1799,36823.1,73
2025-07-13 18:40:00,1.1798,1.1802,1.1797,1.1798,13462.6,63
2025-07-13 18:42:00,1.1798,1.18,1.1798,1.1798,8033.5,33
2025-07-13 18:44:00,1.18,1.18,1.1798,1.1799,2857.7,19
2025-07-13 18:46:00,1.1798,1.18,1.1798,1.1799,9939.6,38
2025-07-13 18:48:00,1.1799,1.1799,1.1795,1.1797,20243.199999999997,75
2025-07-13 18:50:00,1.1797,1.1802,1.1796,1.1802,44861.4,82
2025-07-13 18:52:00,1.1801,1.1802,1.1799,1.1801,16687.0,48
2025-07-13 18:54:00,1.1801,1.1803,1.18,1.1801,16825.8,58
2025-07-13 18:56:00,1.18,1.1802,1.1797,1.1797,19166.7,81
2025-07-13 18:58:00,1.1798,1.1798,1.1795,1.1795,15373.5,52
2025-07-13 19:00:00,1.1797,1.1797,1.1794,1.1794,5963.7,56
2025-07-13 19:02:00,1.1796,1.1797,1.1794,1.1797,12793.9,39
2025-07-13 19:04:00,1.1797,1.1799,1.1797,1.1798,6176.599999999999,29
2025-07-13 19:06:00,1.1797,1.1801,1.1797,1.1798,15104.7,26
2025-07-13 19:08:00,1.1799,1.1799,1.1796,1.1798,12102.3,38
2025-07-13 19:10:00,1.1799,1.1802,1.1798,1.18,9466.6,63
2025-07-13 19:12:00,1.1798,1.1799,1.1797,1.1798,10108.1,29
2025-07-13 19:14:00,1.1797,1.1799,1.1796,1.1796,12683.7,47
2025-07-13 19:16:00,1.1797,1.1797,1.1795,1.1795,7021.9,33
2025-07-13 19:18:00,1.1795,1.1797,1.1794,1.1794,7845.0,37
2025-07-13 19:20:00,1.1794,1.1795,1.1792,1.1793,14934.5,39
2025-07-13 19:22:00,1.1793,1.1795,1.1792,1.1794,14174.1,54
2025-07-13 19:24:00,1.1796,1.1799,1.1796,1.1798,52687.8,66
2025-07-13 19:26:00,1.1797,1.1803,1.1797,1.1802,26333.5,61
2025-07-13 19:28:00,1.1802,1.1807,1.1801,1.1802,45786.6,81
2025-07-13 19:30:00,1.1802,1.1802,1.1798,1.1802,44767.1,109
2025-07-13 19:32:00,1.1801,1.1804,1.1797,1.1798,55229.8,163
2025-07-13 19:34:00,1.1799,1.18,1.1795,1.18,56979.799999999996,190
2025-07-13 19:36:00,1.18,1.18,1.1791,1.1791,18066.1,66
2025-07-13 19:38:00,1.1791,1.1799,1.179,1.1794,43172.0,126
2025-07-13 19:40:00,1.1794,1.1794,1.1787,1.1787,17816.3,76
2025-07-13 19:42:00,1.1788,1.1788,1.1784,1.1784,18863.8,101
2025-07-13 19:44:00,1.1784,1.1786,1.178,1.178,18985.0,76
2025-07-13 19:46:00,1.178,1.1786,1.1778,1.1782,33884.3,101
2025-07-13 19:48:00,1.1782,1.1783,1.178,1.1782,18096.7,64
2025-07-13 19:50:00,1.1781,1.1784,1.1781,1.1784,6957.6,26
2025-07-13 19:52:00,1.1785,1.1788,1.1784,1.1786,37673.6,77
2025-07-13 19:54:00,1.1784,1.1788,1.178,1.1787,47682.1,74
2025-07-13 19:56:00,1.1787,1.1791,1.1787,1.1791,19943.8,55
2025-07-13 19:58:00,1.179,1.1793,1.1788,1.1791,27945.0,82
2025-07-13 20:00:00,1.179,1.1791,1.1787,1.1787,25266.8,85
2025-07-13 20:02:00,1.1786,1.1788,1.1785,1.1787,19193.3,62
2025-07-13 20:04:00,1.1787,1.1787,1.1784,1.1785,10411.9,49
2025-07-13 20:06:00,1.1785,1.1788,1.1784,1.1785,26991.3,57
2025-07-13 20:08:00,1.1787,1.1787,1.1784,1.1785,4889.1,29
2025-07-13 20:10:00,1.1785,1.1787,1.1785,1.1787,5093.1,17
2025-07-13 20:12:00,1.1787,1.1787,1.1784,1.1786,15966.1,34
2025-07-13 20:14:00,1.1786,1.179,1.1785,1.1787,26547.3,64
2025-07-13 20:16:00,1.1788,1.1789,1.1787,1.1789,11376.5,30
2025-07-13 20:18:00,1.179,1.179,1.1788,1.1788,6660.8,27
2025-07-13 20:20:00,1.179,1.179,1.1786,1.1789,19545.9,48
2025-07-13 20:22:00,1.1789,1.1789,1.1785,1.1787,24630.0,69
2025-07-13 20:24:00,1.1786,1.179,1.1786,1.179,9291.0,27
2025-07-13 20:26:00,1.179,1.1791,1.1787,1.1787,6924.5,43
2025-07-13 20:28:00,1.1789,1.179,1.1787,1.1787,9851.2,38
2025-07-13 20:30:00,1.1788,1.1791,1.1786,1.1791,33574.2,115
2025-07-13 20:32:00,1.1791,1.1794,1.1789,1.1792,23877.4,48
2025-07-13 20:34:00,1.1793,1.1794,1.1791,1.1791,18442.8,69
2025-07-13 20:36:00,1.1791,1.1791,1.1788,1.1791,9611.1,59
2025-07-13 20:38:00,1.1789,1.1791,1.1789,1.1791,8244.4,46
2025-07-13 20:40:00,1.1789,1.1792,1.1787,1.1789,23117.4,58
2025-07-13 20:42:00,1.1788,1.1789,1.1781,1.1783,29836.0,98
2025-07-13 20:44:00,1.1782,1.1782,1.1777,1.1781,30865.7,106
2025-07-13 20:46:00,1.1781,1.1781,1.1775,1.1778,43627.6,80
2025-07-13 20:48:00,1.1778,1.178,1.1774,1.1778,36831.2,65
2025-07-13 20:50:00,1.1779,1.1782,1.1779,1.1781,40219.2,135
2025-07-13 20:52:00,1.1783,1.1784,1.1781,1.1784,5862.3,19
2025-07-13 20:54:00,1.1784,1.1784,1.1773,1.1775,47229.7,139
2025-07-13 20:56:00,1.1774,1.1775,1.1768,1.1768,24994.2,82
2025-07-13 20:58:00,1.1769,1.177,1.1766,1.1766,9948.1,30
2025-07-13 21:00:00,1.1767,1.1767,1.1759,1.1763,34796.2,111
2025-07-13 21:02:00,1.1761,1.1767,1.1759,1.1764,50001.1,154
2025-07-13 21:04:00,1.1764,1.1765,1.1758,1.1758,35832.5,121
2025-07-13 21:06:00,1.1758,1.1761,1.1756,1.1758,69857.0,216
2025-07-13 21:08:00,1.1758,1.1758,1.1753,1.1758,23784.3,48
2025-07-13 21:10:00,1.1758,1.1759,1.1753,1.1753,15450.8,70
2025-07-13 21:12:00,1.1754,1.1754,1.173,1.1746,132532.1,263
2025-07-13 21:14:00,1.1746,1.1749,1.1742,1.1743,31106.6,121
2025-07-13 21:16:00,1.1744,1.1752,1.1744,1.1751,26181.6,47
2025-07-13 21:18:00,1.175,1.175,1.1745,1.1745,13317.2,58
2025-07-13 21:20:00,1.1746,1.1748,1.1744,1.1744,33298.5,60
2025-07-13 21:22:00,1.1744,1.175,1.1744,1.1747,25604.3,50
2025-07-13 21:24:00,1.1748,1.175,1.1746,1.1747,30167.9,66
2025-07-13 21:26:00,1.1747,1.1748,1.173,1.1731,583893.3,567
2025-07-13 21:28:00,1.173,1.1737,1.1728,1.1737,132166.3,254
2025-07-13 21:30:00,1.1737,1.1744,1.1732,1.1735,148214.1,224
2025-07-13 21:32:00,1.1735,1.1737,1.1732,1.1734,43250.1,113
2025-07-13 21:34:00,1.1734,1.1743,1.1732,1.1743,24556.1,86
2025-07-13 21:36:00,1.1741,1.1747,1.174,1.1742,46640.0,179
2025-07-13 21:38:00,1.1742,1.1742,1.1724,1.1732,290554.8,833
2025-07-13 21:40:00,1.1734,1.1741,1.1734,1.174,28295.4,71
2025-07-13 21:42:00,1.1741,1.1743,1.1732,1.1735,55720.2,119
2025-07-13 21:44:00,1.1734,1.1737,1.1732,1.1737,11273.2,70
2025-07-13 21:46:00,1.1735,1.174,1.1735,1.1736,18481.2,77
2025-07-13 21:48:00,1.1736,1.1743,1.1735,1.1742,13058.7,54
2025-07-13 21:50:00,1.1742,1.1744,1.1738,1.1738,16772.0,101
2025-07-13 21:52:00,1.1738,1.1744,1.1738,1.1744,35548.6,101
2025-07-13 21:54:00,1.1744,1.1747,1.1736,1.1736,19941.6,51
2025-07-13 21:56:00,1.1736,1.1738,1.1734,1.1738,35970.4,125
2025-07-13 21:58:00,1.1737,1.1743,1.1737,1.1743,28640.2,67
2025-07-13 22:00:00,1.1743,1.1747,1.1742,1.1744,75523.3,134
2025-07-13 22:02:00,1.1745,1.1748,1.1743,1.1743,60864.7,150
2025-07-13 22:04:00,1.1743,1.175,1.1742,1.1748,46085.1,91
2025-07-13 22:06:00,1.1747,1.1749,1.1744,1.1745,33980.3,71
2025-07-13 22:08:00,1.1744,1.1745,1.1741,1.1742,20494.8,56
2025-07-13 22:10:00,1.1742,1.1743,1.1737,1.1737,39020.6,99
2025-07-13 22:12:00,1.1738,1.1739,1.1733,1.1733,34850.6,79
2025-07-13 22:14:00,1.1732,1.174,1.173,1.174,41199.9,115
2025-07-13 22:16:00,1.1741,1.1745,1.1741,1.1743,26558.600000000002,80
2025-07-13 22:18:00,1.1743,1.1745,1.1734,1.1734,93640.2,141
2025-07-13 22:20:00,1.1733,1.1734,1.1722,1.1723,201787.1,396
2025-07-13 22:22:00,1.1725,1.1732,1.1725,1.1732,34864.5,101
2025-07-13 22:24:00,1.173,1.1736,1.173,1.1736,19854.7,53
2025-07-13 22:26:00,1.1734,1.1737,1.1732,1.1736,60360.1,75
2025-07-13 22:28:00,1.1736,1.1736,1.1732,1.1735,13720.4,53
2025-07-13 22:30:00,1.1735,1.1741,1.1733,1.1741,29181.899999999998,101
2025-07-13 22:32:00,1.174,1.1744,1.1737,1.1739,30770.3,83
2025-07-13 22:34:00,1.1739,1.1744,1.1738,1.1741,55410.5,128
2025-07-13 22:36:00,1.174,1.1743,1.174,1.1742,19694.8,65
2025-07-13 22:38:00,1.1741,1.1743,1.1739,1.1741,18767.7,47
2025-07-13 22:40:00,1.1741,1.1744,1.174,1.1744,12102.2,49
2025-07-13 22:42:00,1.1744,1.1744,1.1742,1.1744,5124.9,42
2025-07-13 22:44:00,1.1742,1.1744,1.1739,1.174,14137.1,62
2025-07-13 22:46:00,1.174,1.1741,1.1738,1.1739,14788.9,56
2025-07-13 22:48:00,1.1738,1.1739,1.1737,1.1737,6054.3,28
2025-07-13 22:50:00,1.1738,1.1738,1.1732,1.1734,11978.699999999999,40
2025-07-13 22:52:00,1.1734,1.1734,1.172,1.1721,118432.9,250
2025-07-13 22:54:00,1.1722,1.1722,1.1719,1.172,49594.1,58
2025-07-13 22:56:00,1.1721,1.1721,1.1719,1.172,63490.4,39
2025-07-13 22:58:00,1.172,1.1721,1.1718,1.1719,70114.1,128
2025-07-13 23:00:00,1.1719,1.1719,1.1715,1.1716,28139.3,46
2025-07-13 23:02:00,1.1715,1.1717,1.1713,1.1713,64096.0,79
2025-07-13 23:04:00,1.1713,1.1717,1.1713,1.1715,2361.1,27
2025-07-13 23:06:00,1.1717,1.1718,1.1715,1.1718,3898.4,21
2025-07-13 23:08:00,1.1718,1.172,1.1716,1.172,9203.3,39
2025-07-13 23:10:00,1.1719,1.172,1.1719,1.172,7419.2,48
2025-07-13 23:12:00,1.172,1.1722,1.1717,1.172,22584.0,66
2025-07-13 23:14:00,1.1722,1.1722,1.1719,1.1719,21440.0,73
2025-07-13 23:16:00,1.1719,1.1722,1.1719,1.1721,30229.7,42
2025-07-13 23:18:00,1.1721,1.1723,1.1719,1.1722,26801.4,30
2025-07-13 23:20:00,1.1721,1.1723,1.172,1.172,32164.2,47
2025-07-13 23:22:00,1.172,1.1722,1.1719,1.1719,14260.800000000001,31
2025-07-13 23:24:00,1.1719,1.1722,1.1719,1.172,4889.8,23
2025-07-13 23:26:00,1.1721,1.1721,1.1719,1.1721,8186.9,56
2025-07-13 23:28:00,1.1721,1.1725,1.172,1.1722,13228.4,53
2025-07-13 23:30:00,1.1723,1.1724,1.1721,1.1724,6434.5,31
2025-07-13 23:32:00,1.1724,1.1725,1.1722,1.1724,6424.3,32
2025-07-13 23:34:00,1.1725,1.1725,1.1722,1.1724,6949.3,38
2025-07-13 23:36:00,1.1722,1.1723,1.1721,1.1723,3565.0,22
2025-07-13 23:38:00,1.1723,1.1723,1.1719,1.1721,29128.1,28
2025-07-13 23:40:00,1.1722,1.1726,1.1722,1.1724,13777.5,40
2025-07-13 23:42:00,1.1724,1.1726,1.1724,1.1725,4572.3,30
2025-07-13 23:44:00,1.1726,1.1726,1.1722,1.1724,10146.0,23
2025-07-13 23:46:00,1.1725,1.1729,1.1708,1.1723,195418.4,491
2025-07-13 23:48:00,1.1722,1.1724,1.1721,1.1722,6283.7,25
2025-07-13 23:50:00,1.1721,1.1726,1.1719,1.1726,458851.8,242
2025-07-13 23:52:00,1.1726,1.1727,1.1725,1.1727,107601.8,83
2025-07-13 23:54:00,1.1728,1.1729,1.1726,1.1727,35030.1,64
2025-07-13 23:56:00,1.1726,1.1727,1.1725,1.1726,13477.199999999999,20
2025-07-13 23:58:00,1.1726,1.1728,1.1726,1.1728,4238.7,19
2025-07-14 00:00:00,1.1729,1.1729,1.1725,1.1725,13132.5,44
2025-07-14 00:02:00,1.1726,1.1727,1.1725,1.1725,9133.2,40
2025-07-14 00:04:00,1.1725,1.1729,1.1724,1.1729,36634.5,60
2025-07-14 00:06:00,1.173,1.1733,1.1728,1.1732,9068.5,36
2025-07-14 00:08:00,1.1731,1.1732,1.1729,1.1731,3993.7,32
2025-07-14 00:10:00,1.1731,1.1732,1.1729,1.1732,11940.6,38
2025-07-14 00:12:00,1.1732,1.1734,1.1731,1.1732,5034.1,23
2025-07-14 00:14:00,1.1732,1.1735,1.1732,1.1735,49951.3,84
2025-07-14 00:16:00,1.1735,1.1736,1.1734,1.1734,29613.600000000002,34
2025-07-14 00:18:00,1.1734,1.1735,1.1733,1.1734,15041.0,42
2025-07-14 00:20:00,1.1734,1.1735,1.1733,1.1735,14214.5,54
2025-07-14 00:22:00,1.1734,1.1735,1.1731,1.1733,13171.6,67
2025-07-14 00:24:00,1.1735,1.1737,1.1733,1.1735,111602.6,164
2025-07-14 00:26:00,1.1736,1.1739,1.1735,1.1737,19512.2,90
2025-07-14 00:28:00,1.1736,1.1737,1.1733,1.1734,20078.9,85
2025-07-14 00:30:00,1.1733,1.1735,1.1732,1.1732,28817.1,185
2025-07-14 00:32:00,1.1732,1.1734,1.1732,1.1733,9445.7,24
2025-07-14 00:34:00,1.1733,1.1734,1.1732,1.1732,6773.6,25
2025-07-14 00:36:00,1.1732,1.1734,1.1731,1.1733,9305.0,37
2025-07-14 00:38:00,1.1733,1.1735,1.1731,1.1732,9946.1,49
2025-07-14 00:40:00,1.1732,1.1733,1.173,1.1731,9389.3,39
2025-07-14 00:42:00,1.1733,1.1736,1.1731,1.1736,3410.1,17
2025-07-14 00:44:00,1.1736,1.1737,1.1732,1.1732,27141.100000000002,36
2025-07-14 00:46:00,1.1732,1.1734,1.173,1.1732,8518.6,31
2025-07-14 00:48:00,1.1732,1.1734,1.1731,1.1731,3342.0,25
2025-07-14 00:50:00,1.1731,1.1734,1.1731,1.1733,4338.5,17
2025-07-14 00:52:00,1.1734,1.1735,1.1708,1.1717,1137966.1,1256
2025-07-14 00:54:00,1.1717,1.1728,1.1717,1.1728,30668.0,87
2025-07-14 00:56:00,1.1727,1.173,1.1727,1.173,9853.9,46
2025-07-14 00:58:00,1.1731,1.1734,1.1731,1.1733,7683.0,23
2025-07-14 01:00:00,1.1731,1.1734,1.173,1.1734,16791.3,106
2025-07-14 01:02:00,1.1734,1.1734,1.1732,1.1734,21977.0,51
2025-07-14 01:04:00,1.1734,1.1735,1.1733,1.1733,10164.5,50
2025-07-14 01:06:00,1.1735,1.1735,1.1733,1.1735,3060.8,16
2025-07-14 01:08:00,1.1735,1.1735,1.1732,1.1734,3334.6,18
2025-07-14 01:10:00,1.1734,1.1734,1.1731,1.1731,4711.4,25
2025-07-14 01:12:00,1.1731,1.1735,1.1731,1.1734,3226.7,19
2025-07-14 01:14:00,1.1734,1.1734,1.1732,1.1734,1177.6,11
2025-07-14 01:16:00,1.1733,1.1735,1.1732,1.1732,5922.2,24
2025-07-14 01:18:00,1.1733,1.1733,1.1726,1.1727,199654.5,201
2025-07-14 01:20:00,1.1727,1.1728,1.1724,1.1725,39261.700000000004,123
2025-07-14 01:22:00,1.1725,1.1727,1.1723,1.1725,38316.3,71
2025-07-14 01:24:00,1.1725,1.1726,1.1723,1.1726,86766.7,103
2025-07-14 01:26:00,1.1726,1.1726,1.1721,1.1721,16683.7,71
2025-07-14 01:28:00,1.1721,1.1724,1.1719,1.1722,54965.0,100
2025-07-14 01:30:00,1.1722,1.1724,1.1717,1.1717,32208.8,185
2025-07-14 01:32:00,1.1717,1.172,1.1715,1.1717,58133.5,228
2025-07-14 01:34:00,1.1717,1.1717,1.1714,1.1717,42456.8,149
2025-07-14 01:36:00,1.1717,1.1718,1.1713,1.1715,66273.3,160
2025-07-14 01:38:00,1.1715,1.1716,1.1713,1.1714,46075.799999999996,80
2025-07-14 01:40:00,1.1715,1.1716,1.1714,1.1715,42772.6,122
2025-07-14 01:42:00,1.1716,1.1716,1.1713,1.1714,80588.4,242
2025-07-14 01:44:00,1.1715,1.1716,1.1712,1.1714,91282.7,180
2025-07-14 01:46:00,1.1713,1.1715,1.1711,1.1713,78214.4,216
2025-07-14 01:48:00,1.1713,1.1713,1.171,1.1711,31478.5,69
2025-07-14 01:50:00,1.1711,1.1713,1.1711,1.1713,39625.2,103
2025-07-14 01:52:00,1.1713,1.1713,1.1711,1.1713,3343.2,31
2025-07-14 01:54:00,1.1712,1.1712,1.1707,1.1709,32743.6,90
2025-07-14 01:56:00,1.1708,1.1709,1.1706,1.1708,52419.2,143
2025-07-14 01:58:00,1.1708,1.1708,1.1705,1.1708,9841.9,52
2025-07-14 02:00:00,1.1706,1.1708,1.1706,1.1708,9167.5,93
2025-07-14 02:02:00,1.1708,1.1712,1.1707,1.171,49689.7,51
2025-07-14 02:04:00,1.1711,1.1711,1.1709,1.1711,1463.4,17
2025-07-14 02:06:00,1.1709,1.1712,1.1709,1.1711,11841.9,39
2025-07-14 02:08:00,1.1711,1.1713,1.171,1.1711,8710.6,35
2025-07-14 02:10:00,1.1712,1.1714,1.1712,1.1712,13985.3,51
2025-07-14 02:12:00,1.1712,1.1713,1.1711,1.1711,14767.5,42
2025-07-14 02:14:00,1.1712,1.1714,1.1711,1.1714,10958.9,27
2025-07-14 02:16:00,1.1714,1.1714,1.1709,1.171,8404.8,36
2025-07-14 02:18:00,1.171,1.1711,1.1707,1.1709,11289.0,53
2025-07-14 02:20:00,1.1709,1.1711,1.1706,1.1709,25559.1,53
2025-07-14 02:22:00,1.1711,1.1719,1.1707,1.1719,196972.8,200
2025-07-14 02:24:00,1.1717,1.1723,1.1717,1.1721,42207.6,68
2025-07-14 02:26:00,1.1722,1.1727,1.1722,1.1726,157279.6,147
2025-07-14 02:28:00,1.1726,1.1726,1.1724,1.1724,8464.1,38
2025-07-14 02:30:00,1.1725,1.1728,1.1724,1.1727,66950.3,262
2025-07-14 02:32:00,1.1727,1.1728,1.1725,1.1727,33183.0,78
2025-07-14 02:34:00,1.1727,1.1728,1.1726,1.1726,23896.1,27
2025-07-14 02:36:00,1.1726,1.1727,1.1725,1.1725,36506.5,110
2025-07-14 02:38:00,1.1724,1.1726,1.1723,1.1724,11356.3,45
2025-07-14 02:40:00,1.1723,1.1724,1.1721,1.1722,17998.1,75
2025-07-14 02:42:00,1.1722,1.1722,1.1719,1.1721,28875.3,108
2025-07-14 02:44:00,1.1719,1.172,1.1718,1.172,21604.0,44
2025-07-14 02:46:00,1.172,1.1721,1.1717,1.1719,53679.7,107
2025-07-14 02:48:00,1.1719,1.1721,1.1718,1.1719,40275.5,102
2025-07-14 02:50:00,1.1719,1.1722,1.1719,1.1719,11785.0,40
2025-07-14 02:52:00,1.172,1.1723,1.1718,1.1722,11374.5,35
2025-07-14 02:54:00,1.1722,1.1723,1.1721,1.1721,23651.7,45
2025-07-14 02:56:00,1.1722,1.1722,1.172,1.1721,17308.899999999998,32
2025-07-14 02:58:00,1.1721,1.1721,1.1718,1.1719,14883.9,65
2025-07-14 03:00:00,1.172,1.1722,1.1718,1.1722,13114.8,39
2025-07-14 03:02:00,1.1721,1.1721,1.1719,1.172,8426.3,22
2025-07-14 03:04:00,1.1721,1.1723,1.172,1.1723,16343.3,39
2025-07-14 03:06:00,1.1722,1.1723,1.1721,1.1723,15925.5,41
2025-07-14 03:08:00,1.1721,1.1724,1.1721,1.1722,18381.3,40
2025-07-14 03:10:00,1.1721,1.1722,1.172,1.1722,11930.6,43
2025-07-14 03:12:00,1.1721,1.1722,1.172,1.172,17875.2,34
2025-07-14 03:14:00,1.1721,1.1721,1.1715,1.1715,16983.8,61
2025-07-14 03:16:00,1.1715,1.1717,1.1715,1.1717,7392.4,31
2025-07-14 03:18:00,1.1716,1.1717,1.1715,1.1715,20086.2,64
2025-07-14 03:20:00,1.1717,1.1718,1.1715,1.1716,41269.5,87
2025-07-14 03:22:00,1.1716,1.1718,1.1716,1.1717,14553.8,48
2025-07-14 03:24:00,1.1717,1.1719,1.1716,1.1717,27890.7,63
2025-07-14 03:26:00,1.1716,1.1718,1.1716,1.1716,17182.5,34
2025-07-14 03:28:00,1.1716,1.1717,1.1715,1.1716,11253.0,35
2025-07-14 03:30:00,1.1716,1.1719,1.1716,1.1717,24843.9,57
2025-07-14 03:32:00,1.1717,1.1718,1.1716,1.1716,18324.5,43
2025-07-14 03:34:00,1.1717,1.1718,1.1715,1.1717,26298.8,82
2025-07-14 03:36:00,1.1717,1.1718,1.1716,1.1716,9618.2,36
2025-07-14 03:38:00,1.1716,1.1717,1.1716,1.1716,22575.4,45
2025-07-14 03:40:00,1.1717,1.1718,1.1715,1.1717,13276.5,44
2025-07-14 03:42:00,1.1718,1.1743,1.1709,1.1743,1522969.0,1550
2025-07-14 03:44:00,1.1743,1.1774,1.1742,1.1746,227167.4,393
2025-07-14 03:46:00,1.1747,1.1749,1.1744,1.1745,18538.5,75
2025-07-14 03:48:00,1.1745,1.175,1.1743,1.1749,50059.1,110
2025-07-14 03:50:00,1.175,1.1752,1.1746,1.1752,74145.6,252
2025-07-14 03:52:00,1.175,1.1753,1.1746,1.175,61001.1,148
2025-07-14 03:54:00,1.1751,1.1754,1.1749,1.1751,31714.100000000002,85
2025-07-14 03:56:00,1.1751,1.1752,1.1746,1.1748,73977.3,126
2025-07-14 03:58:00,1.1746,1.1747,1.1742,1.1742,21846.3,88
2025-07-14 04:00:00,1.1741,1.1741,1.1736,1.1736,34724.2,85
2025-07-14 04:02:00,1.1736,1.1739,1.1734,1.1737,49427.8,114
2025-07-14 04:04:00,1.1737,1.1738,1.1735,1.1737,8859.4,39
2025-07-14 04:06:00,1.1735,1.1738,1.1734,1.1734,33641.3,65
2025-07-14 04:08:00,1.1735,1.1736,1.1733,1.1735,17399.7,40
2025-07-14 04:10:00,1.1736,1.1736,1.1732,1.1734,45248.6,118
2025-07-14 04:12:00,1.1734,1.1737,1.1734,1.1737,41458.8,104
2025-07-14 04:14:00,1.1737,1.1737,1.1734,1.1736,20120.399999999998,56
2025-07-14 04:16:00,1.1736,1.1736,1.1731,1.1731,37636.9,86
2025-07-14 04:18:00,1.1732,1.1732,1.1729,1.1732,76928.5,144
2025-07-14 04:20:00,1.1732,1.1732,1.1725,1.1725,33502.0,107
2025-07-14 04:22:00,1.1725,1.1727,1.1724,1.1725,22627.3,47
2025-07-14 04:24:00,1.1725,1.1726,1.1722,1.1723,24666.7,86
2025-07-14 04:26:00,1.1723,1.1724,1.1719,1.1722,43719.4,122
2025-07-14 04:28:00,1.1722,1.1727,1.1721,1.1725,31778.0,83
2025-07-14 04:30:00,1.1726,1.1726,1.172,1.1722,57801.8,117
2025-07-14 04:32:00,1.1721,1.1724,1.172,1.1724,14416.5,47
2025-07-14 04:34:00,1.1723,1.1725,1.1722,1.1725,40149.4,105
2025-07-14 04:36:00,1.1725,1.1725,1.1723,1.1725,48605.0,71
2025-07-14 04:38:00,1.1723,1.1726,1.1723,1.1724,31023.6,69
2025-07-14 04:40:00,1.1725,1.1726,1.1723,1.1726,38371.9,74
2025-07-14 04:42:00,1.1726,1.1727,1.1725,1.1726,19663.3,46
2025-07-14 04:44:00,1.1726,1.1729,1.1725,1.1727,45749.6,78
2025-07-14 04:46:00,1.1727,1.1731,1.1727,1.1731,83448.7,110
2025-07-14 04:48:00,1.173,1.1778,1.1729,1.1733,70692.9,154
2025-07-14 04:50:00,1.1733,1.1734,1.1728,1.173,46049.5,97
2025-07-14 04:52:00,1.173,1.1731,1.1728,1.1728,23030.8,88
2025-07-14 04:54:00,1.1729,1.1729,1.1725,1.1726,11305.8,44
2025-07-14 04:56:00,1.1726,1.1729,1.1726,1.1727,15343.5,35
2025-07-14 04:58:00,1.1729,1.1729,1.1726,1.1726,21064.3,57
2025-07-14 05:00:00,1.1728,1.1728,1.1725,1.1725,35927.9,92
2025-07-14 05:02:00,1.1726,1.1728,1.1725,1.1727,30970.1,64
2025-07-14 05:04:00,1.1725,1.1729,1.1725,1.1729,43103.5,64
2025-07-14 05:06:00,1.1728,1.1731,1.1727,1.1729,22635.9,69
2025-07-14 05:08:00,1.1728,1.173,1.1726,1.1726,32928.4,99
2025-07-14 05:10:00,1.1724,1.1728,1.1724,1.1727,17928.8,47
2025-07-14 05:12:00,1.1728,1.1731,1.1726,1.1731,20929.3,63
2025-07-14 05:14:00,1.1732,1.1734,1.173,1.1732,35454.4,73
2025-07-14 05:16:00,1.1732,1.1733,1.1728,1.173,51044.8,140
2025-07-14 05:18:00,1.173,1.173,1.1726,1.1728,33796.7,63
2025-07-14 05:20:00,1.1727,1.1732,1.1727,1.173,38306.2,67
2025-07-14 05:22:00,1.1732,1.1756,1.173,1.1739,315811.0,457
2025-07-14 05:24:00,1.174,1.1762,1.1738,1.1745,344104.3,694
2025-07-14 05:26:00,1.1745,1.1753,1.1745,1.1746,47949.5,139
2025-07-14 05:28:00,1.1747,1.1749,1.1744,1.1747,68697.3,162
2025-07-14 05:30:00,1.1747,1.1747,1.1743,1.1745,24534.3,71
2025-07-14 05:32:00,1.1745,1.1748,1.1744,1.1746,29269.2,64
2025-07-14 05:34:00,1.1747,1.175,1.1746,1.1746,35209.0,76
2025-07-14 05:36:00,1.1746,1.1749,1.1744,1.1748,50802.9,178
2025-07-14 05:38:00,1.1747,1.1751,1.1746,1.1751,33856.5,81
2025-07-14 05:40:00,1.1751,1.1755,1.1749,1.1753,62378.5,162
2025-07-14 05:42:00,1.1753,1.1757,1.1753,1.1756,85714.0,156
2025-07-14 05:44:00,1.1756,1.1759,1.1753,1.1753,68866.2,222
2025-07-14 05:46:00,1.1754,1.1778,1.1754,1.1759,167024.7,312
2025-07-14 05:48:00,1.1757,1.1775,1.1748,1.1759,325363.5,697
2025-07-14 05:50:00,1.1758,1.1758,1.1745,1.175,172978.9,364
2025-07-14 05:52:00,1.175,1.1754,1.1744,1.1753,125125.6,291
2025-07-14 05:54:00,1.1755,1.1762,1.1755,1.1761,63844.5,142
2025-07-14 05:56:00,1.1761,1.1773,1.1761,1.1768,92818.2,193
2025-07-14 05:58:00,1.1768,1.177,1.1767,1.1768,56868.2,203
2025-07-14 06:00:00,1.1768,1.1773,1.1765,1.177,93128.9,240
2025-07-14 06:02:00,1.1769,1.1776,1.1768,1.1775,140681.8,180
2025-07-14 06:04:00,1.1774,1.178,1.1774,1.1779,93982.0,209
2025-07-14 06:06:00,1.1778,1.1782,1.1778,1.1779,54234.1,100
2025-07-14 06:08:00,1.178,1.1785,1.1779,1.1782,54857.2,90
2025-07-14 06:10:00,1.1782,1.1786,1.178,1.1782,56881.2,112
2025-07-14 06:12:00,1.1783,1.1784,1.1778,1.1784,72840.1,133
2025-07-14 06:14:00,1.1783,1.1794,1.1773,1.1774,72697.7,208
2025-07-14 06:16:00,1.1773,1.1773,1.1754,1.1759,98541.3,265
2025-07-14 06:18:00,1.1759,1.1779,1.1759,1.1771,109266.2,248
2025-07-14 06:20:00,1.1771,1.1771,1.1766,1.1769,36835.4,68
2025-07-14 06:22:00,1.1769,1.1772,1.1765,1.177,51775.3,121
2025-07-14 06:24:00,1.1769,1.1769,1.1759,1.176,64660.299999999996,206
2025-07-14 06:26:00,1.176,1.1762,1.1741,1.1742,167835.0,371
2025-07-14 06:28:00,1.1741,1.1753,1.174,1.1748,66740.0,191
2025-07-14 06:30:00,1.1748,1.1752,1.1744,1.1748,126657.0,314
2025-07-14 06:32:00,1.1748,1.176,1.1748,1.1757,39253.8,109
2025-07-14 06:34:00,1.1757,1.1758,1.1753,1.1755,47729.1,95
2025-07-14 06:36:00,1.1755,1.1768,1.1753,1.1767,135246.0,320
2025-07-14 06:38:00,1.1767,1.1768,1.1763,1.1767,56293.3,122
2025-07-14 06:40:00,1.1767,1.1768,1.1763,1.1765,81753.90000000001,132
2025-07-14 06:42:00,1.1765,1.1766,1.176,1.1765,58885.8,114
2025-07-14 06:44:00,1.1765,1.1768,1.176,1.1763,59890.1,148
2025-07-14 06:46:00,1.1763,1.1766,1.1761,1.1766,45473.299999999996,122
2025-07-14 06:48:00,1.1765,1.1774,1.1764,1.1774,59702.3,74
2025-07-14 06:50:00,1.1774,1.1781,1.1769,1.1773,84324.7,212
2025-07-14 06:52:00,1.1773,1.1776,1.1762,1.1762,66012.5,259
2025-07-14 06:54:00,1.1762,1.1766,1.1757,1.1758,97678.6,178
2025-07-14 06:56:00,1.1757,1.1768,1.1753,1.1768,66949.1,185
2025-07-14 06:58:00,1.1767,1.1769,1.1765,1.1766,52372.9,87
2025-07-14 07:00:00,1.1768,1.1774,1.1767,1.1772,46421.8,135
2025-07-14 07:02:00,1.1772,1.1775,1.177,1.1774,59636.4,119
2025-07-14 07:04:00,1.1774,1.18,1.1774,1.1798,181556.5,447
2025-07-14 07:06:00,1.1798,1.1802,1.1798,1.18,64829.1,132
2025-07-14 07:08:00,1.18,1.1807,1.1798,1.1807,74632.2,214
2025-07-14 07:10:00,1.1807,1.1813,1.1805,1.1809,72035.3,140
2025-07-14 07:12:00,1.1809,1.181,1.1805,1.1805,56578.4,128
2025-07-14 07:14:00,1.1804,1.1806,1.1774,1.1795,62980.9,309
2025-07-14 07:16:00,1.1795,1.1798,1.1792,1.1796,76868.0,199
2025-07-14 07:18:00,1.1795,1.1805,1.1795,1.1801,35914.4,83
2025-07-14 07:20:00,1.1802,1.1802,1.1796,1.1797,41533.1,105
2025-07-14 07:22:00,1.1799,1.1803,1.1798,1.1801,17801.9,48
2025-07-14 07:24:00,1.1802,1.1804,1.18,1.1802,39893.3,71
2025-07-14 07:26:00,1.1802,1.1802,1.1797,1.1797,51439.5,113
2025-07-14 07:28:00,1.1799,1.1801,1.1797,1.1799,61596.6,121
2025-07-14 07:30:00,1.1799,1.1801,1.1794,1.1794,41452.3,99
2025-07-14 07:32:00,1.1794,1.1805,1.1794,1.1802,94884.0,271
2025-07-14 07:34:00,1.1801,1.181,1.1801,1.1808,52516.5,203
2025-07-14 07:36:00,1.1808,1.1815,1.1805,1.1812,138132.3,299
2025-07-14 07:38:00,1.1812,1.1817,1.181,1.1813,80248.0,271
2025-07-14 07:40:00,1.1812,1.1814,1.181,1.1811,59670.8,87
2025-07-14 07:42:00,1.1811,1.1814,1.1791,1.1812,162105.0,461
2025-07-14 07:44:00,1.1812,1.1814,1.1811,1.1812,37579.1,146
2025-07-14 07:46:00,1.1811,1.1814,1.1811,1.1814,55763.8,103
2025-07-14 07:48:00,1.1813,1.1814,1.1807,1.1807,41932.4,114
2025-07-14 07:50:00,1.1809,1.181,1.1803,1.1809,44009.8,159
2025-07-14 07:52:00,1.181,1.182,1.181,1.182,70215.9,141
2025-07-14 07:54:00,1.182,1.1822,1.1808,1.1821,142285.7,285
2025-07-14 07:56:00,1.1821,1.1828,1.1817,1.1821,124846.1,326
2025-07-14 07:58:00,1.1821,1.1823,1.181,1.1811,108891.7,333
2025-07-14 08:00:00,1.1811,1.1814,1.1806,1.1808,104199.7,297
2025-07-14 08:02:00,1.1809,1.1809,1.1796,1.1798,143250.9,435
2025-07-14 08:04:00,1.1798,1.181,1.1787,1.1792,190026.8,383
2025-07-14 08:06:00,1.179,1.1798,1.1782,1.1783,79736.8,156
2025-07-14 08:08:00,1.1783,1.1789,1.1781,1.1786,69611.5,179
2025-07-14 08:10:00,1.1786,1.1797,1.1776,1.1791,188275.1,332
2025-07-14 08:12:00,1.179,1.19,1.1784,1.1786,302647.7,841
2025-07-14 08:14:00,1.1785,1.1786,1.1782,1.1784,24440.0,99
2025-07-14 08:16:00,1.1785,1.1789,1.1781,1.1786,34295.5,94
2025-07-14 08:18:00,1.1789,1.1792,1.1787,1.1792,23492.9,61
2025-07-14 08:20:00,1.1791,1.1793,1.1789,1.1791,28018.6,83
2025-07-14 08:22:00,1.1791,1.1793,1.1779,1.1782,74893.9,216
2025-07-14 08:24:00,1.1781,1.1783,1.1767,1.1767,94553.8,194
2025-07-14 08:26:00,1.1767,1.1769,1.1763,1.1765,65498.4,144
2025-07-14 08:28:00,1.1766,1.1766,1.1758,1.1759,48622.7,94
2025-07-14 08:30:00,1.176,1.177,1.1759,1.1768,128760.5,274
2025-07-14 08:32:00,1.1766,1.1768,1.1765,1.1765,21001.1,73
2025-07-14 08:34:00,1.1764,1.1765,1.176,1.176,45264.5,105
2025-07-14 08:36:00,1.176,1.176,1.1754,1.1758,61843.1,274
2025-07-14 08:38:00,1.1759,1.1762,1.1759,1.1759,23564.8,65
2025-07-14 08:40:00,1.1759,1.176,1.1755,1.1759,34666.8,113
2025-07-14 08:42:00,1.1759,1.1759,1.1751,1.1751,89389.4,333
2025-07-14 08:44:00,1.1751,1.1758,1.175,1.1756,102336.6,187
2025-07-14 08:46:00,1.1756,1.176,1.1754,1.1755,74749.3,203
2025-07-14 08:48:00,1.1755,1.1758,1.1751,1.1751,29527.6,81
2025-07-14 08:50:00,1.1751,1.1754,1.175,1.1753,61566.2,139
2025-07-14 08:52:00,1.1753,1.1753,1.1748,1.1749,52721.5,149
2025-07-14 08:54:00,1.1748,1.1749,1.1745,1.1747,53175.5,134
2025-07-14 08:56:00,1.1747,1.1751,1.1744,1.175,66930.1,175
2025-07-14 08:58:00,1.175,1.1752,1.1748,1.175,69170.2,131
2025-07-14 09:00:00,1.1751,1.1773,1.1706,1.1744,1413174.6,2115
2025-07-14 09:02:00,1.1744,1.1745,1.1741,1.1741,35856.4,165
2025-07-14 09:04:00,1.1741,1.1742,1.1735,1.1742,34114.1,109
2025-07-14 09:06:00,1.1742,1.175,1.1739,1.1741,59563.9,163
2025-07-14 09:08:00,1.1742,1.1755,1.1739,1.174,145073.4,208
2025-07-14 09:10:00,1.1739,1.1743,1.1737,1.174,78326.9,157
2025-07-14 09:12:00,1.1739,1.1744,1.1737,1.1741,119247.3,188
2025-07-14 09:14:00,1.1741,1.1746,1.174,1.174,66068.2,127
2025-07-14 09:16:00,1.1741,1.1743,1.1738,1.1738,67141.2,116
2025-07-14 09:18:00,1.1737,1.1744,1.1734,1.1743,41474.0,85
2025-07-14 09:20:00,1.1742,1.1749,1.1742,1.1749,31617.899999999998,57
2025-07-14 09:22:00,1.1748,1.1752,1.1745,1.1747,104413.2,170
2025-07-14 09:24:00,1.1747,1.1747,1.1743,1.1746,45421.1,136
2025-07-14 09:26:00,1.1746,1.1769,1.171,1.1729,820934.1,1106
2025-07-14 09:28:00,1.1728,1.1733,1.1727,1.1733,38776.0,93
2025-07-14 09:30:00,1.1732,1.1736,1.1732,1.1735,55813.4,102
2025-07-14 09:32:00,1.1737,1.174,1.1736,1.1738,20750.1,62
2025-07-14 09:34:00,1.1739,1.1743,1.1738,1.1743,44272.6,62
2025-07-14 09:36:00,1.1743,1.1745,1.1738,1.1741,30256.8,85
2025-07-14 09:38:00,1.174,1.1741,1.1736,1.1739,70645.1,142
2025-07-14 09:40:00,1.1739,1.174,1.1735,1.1735,52550.8,115
2025-07-14 09:42:00,1.1736,1.1739,1.1735,1.1738,87102.0,177
2025-07-14 09:44:00,1.1739,1.1739,1.1735,1.1735,102495.6,281
2025-07-14 09:46:00,1.1735,1.1737,1.1726,1.1729,130414.9,500
2025-07-14 09:48:00,1.1729,1.1731,1.1727,1.173,84341.09999999999,309
2025-07-14 09:50:00,1.173,1.173,1.1728,1.173,32452.2,100
2025-07-14 09:52:00,1.173,1.1734,1.1729,1.1734,57080.9,216
2025-07-14 09:54:00,1.1734,1.1736,1.173,1.1732,67582.9,201
2025-07-14 09:56:00,1.1731,1.1735,1.173,1.1733,49971.5,170
2025-07-14 09:58:00,1.1733,1.1737,1.1732,1.1735,46544.7,98
2025-07-14 10:00:00,1.1735,1.1736,1.1732,1.1734,35548.0,107
2025-07-14 10:02:00,1.1734,1.1735,1.1731,1.1731,80162.8,250
2025-07-14 10:04:00,1.1733,1.1735,1.1726,1.173,106676.9,155
2025-07-14 10:06:00,1.1729,1.1732,1.1725,1.1728,27323.2,129
2025-07-14 10:08:00,1.1728,1.173,1.1724,1.1728,30571.8,123
2025-07-14 10:10:00,1.1728,1.1734,1.1727,1.1732,68157.1,134
2025-07-14 10:12:00,1.1731,1.1733,1.1727,1.1733,68257.0,124
2025-07-14 10:14:00,1.1732,1.1734,1.1729,1.1731,25759.1,52
2025-07-14 10:16:00,1.1731,1.1733,1.173,1.1733,45266.9,107
2025-07-14 10:18:00,1.1732,1.1737,1.1731,1.1734,40055.0,92
2025-07-14 10:20:00,1.1733,1.1735,1.1731,1.1735,38605.9,90
2025-07-14 10:22:00,1.1735,1.1735,1.1731,1.1731,23986.9,80
2025-07-14 10:24:00,1.1731,1.1732,1.173,1.1731,25891.1,99
2025-07-14 10:26:00,1.1732,1.1737,1.173,1.1732,74127.2,98
2025-07-14 10:28:00,1.1732,1.1733,1.1729,1.173,39835.6,88
2025-07-14 10:30:00,1.1728,1.173,1.1726,1.1727,39097.0,88
2025-07-14 10:32:00,1.1728,1.1729,1.1725,1.1728,23989.1,104
2025-07-14 10:34:00,1.1727,1.1729,1.1725,1.1727,18878.5,59
2025-07-14 10:36:00,1.1729,1.1731,1.1726,1.1729,33160.3,102
2025-07-14 10:38:00,1.1729,1.1732,1.1728,1.173,39456.3,82
2025-07-14 10:40:00,1.1732,1.1732,1.1728,1.173,44003.9,98
2025-07-14 10:42:00,1.1729,1.173,1.1727,1.1727,39065.6,110
2025-07-14 10:44:00,1.1729,1.1729,1.1726,1.1728,29196.8,106
2025-07-14 10:46:00,1.1728,1.1731,1.1728,1.1731,50436.3,135
2025-07-14 10:48:00,1.1729,1.1731,1.1726,1.1726,35861.4,95
2025-07-14 10:50:00,1.1726,1.173,1.1723,1.1724,39619.6,153
2025-07-14 10:52:00,1.1724,1.1726,1.1722,1.1723,20072.8,91
2025-07-14 10:54:00,1.1723,1.1725,1.1721,1.1723,17218.5,69
2025-07-14 10:56:00,1.1723,1.1731,1.1722,1.173,21967.3,80
2025-07-14 10:58:00,1.173,1.1732,1.1727,1.173,40938.9,110
2025-07-14 11:00:00,1.173,1.1732,1.1728,1.1728,59470.3,177
2025-07-14 11:02:00,1.1729,1.1735,1.1728,1.1733,80076.8,78
2025-07-14 11:04:00,1.1735,1.1738,1.1734,1.1735,64716.5,133
2025-07-14 11:06:00,1.1735,1.1738,1.1734,1.1736,22236.3,100
2025-07-14 11:08:00,1.1737,1.1737,1.1735,1.1735,47018.2,100
2025-07-14 11:10:00,1.1737,1.1739,1.1734,1.1739,15433.5,56
2025-07-14 11:12:00,1.1737,1.1739,1.1734,1.1736,32073.7,104
2025-07-14 11:14:00,1.1736,1.1738,1.1734,1.1735,80662.4,219
2025-07-14 11:16:00,1.1736,1.1738,1.1734,1.1735,29576.8,114
2025-07-14 11:18:00,1.1736,1.1737,1.1732,1.1736,26216.9,88
2025-07-14 11:20:00,1.1735,1.1736,1.1733,1.1733,21508.1,60
2025-07-14 11:22:00,1.1734,1.1734,1.1729,1.173,17941.5,88
2025-07-14 11:24:00,1.1729,1.173,1.1717,1.1719,209109.7,284
2025-07-14 11:26:00,1.1718,1.1718,1.1715,1.1718,123799.3,218
2025-07-14 11:28:00,1.1718,1.1718,1.1716,1.1717,85153.7,98
2025-07-14 11:30:00,1.1718,1.1719,1.1715,1.1715,54613.8,164
2025-07-14 11:32:00,1.1717,1.1718,1.171,1.171,70794.6,165
2025-07-14 11:34:00,1.171,1.1711,1.1708,1.1709,84012.1,206
2025-07-14 11:36:00,1.1709,1.171,1.1707,1.1708,56709.8,118
2025-07-14 11:38:00,1.1707,1.1708,1.1704,1.1706,219745.4,494
2025-07-14 11:40:00,1.1706,1.1706,1.1704,1.1704,145907.3,211
2025-07-14 11:42:00,1.1704,1.1706,1.1704,1.1704,55516.4,107
2025-07-14 11:44:00,1.1704,1.1706,1.1704,1.1705,165364.6,177
2025-07-14 11:46:00,1.1705,1.1706,1.1703,1.1704,65811.6,88
2025-07-14 11:48:00,1.1704,1.1705,1.1703,1.1705,15997.5,42
2025-07-14 11:50:00,1.1705,1.1705,1.1702,1.1704,50158.1,113
2025-07-14 11:52:00,1.1704,1.1705,1.1702,1.1705,30028.1,58
2025-07-14 11:54:00,1.1703,1.1706,1.1703,1.1703,28782.8,48
2025-07-14 11:56:00,1.1704,1.1709,1.1702,1.1704,46143.9,72
2025-07-14 11:58:00,1.1704,1.1705,1.1703,1.1704,48467.3,57
2025-07-14 12:00:00,1.1703,1.1706,1.1703,1.1705,45768.7,73
2025-07-14 12:02:00,1.1705,1.1706,1.1704,1.1705,26226.7,61
2025-07-14 12:04:00,1.1706,1.1708,1.1705,1.1707,29566.9,61
2025-07-14 12:06:00,1.1706,1.1708,1.1704,1.1704,46416.5,89
2025-07-14 12:08:00,1.1704,1.1707,1.1704,1.1707,34623.5,70
2025-07-14 12:10:00,1.1707,1.1708,1.1705,1.1706,35401.7,121
2025-07-14 12:12:00,1.1707,1.1708,1.1705,1.1707,27019.1,112
2025-07-14 12:14:00,1.1706,1.1707,1.1705,1.1706,15831.3,71
2025-07-14 12:16:00,1.1706,1.1709,1.1706,1.1707,29376.7,65
2025-07-14 12:18:00,1.1707,1.1709,1.1707,1.1709,19107.4,85
2025-07-14 12:20:00,1.1709,1.1709,1.1705,1.1707,39490.6,103
2025-07-14 12:22:00,1.1707,1.1707,1.1704,1.1707,28864.7,97
2025-07-14 12:24:00,1.1706,1.1707,1.1704,1.1705,41699.9,134
2025-07-14 12:26:00,1.1705,1.1707,1.1704,1.1705,33050.3,70
2025-07-14 12:28:00,1.1707,1.1707,1.1705,1.1707,21971.100000000002,49
2025-07-14 12:30:00,1.1707,1.1707,1.1703,1.1703,56976.3,126
2025-07-14 12:32:00,1.1704,1.1704,1.1703,1.1704,34985.7,91
2025-07-14 12:34:00,1.1704,1.1704,1.17,1.1702,164529.2,1120
2025-07-14 12:36:00,1.1703,1.1704,1.1701,1.1703,38306.0,195
2025-07-14 12:38:00,1.1701,1.1703,1.1701,1.1703,28118.6,172
2025-07-14 12:40:00,1.1703,1.1704,1.1701,1.1701,38384.3,133
2025-07-14 12:42:00,1.1703,1.1703,1.1701,1.1702,32546.1,141
2025-07-14 12:44:00,1.1702,1.1705,1.1702,1.1705,35958.5,128
2025-07-14 12:46:00,1.1705,1.1707,1.1703,1.1703,60055.3,136
2025-07-14 12:48:00,1.1703,1.1704,1.17,1.1701,72628.1,472
2025-07-14 12:50:00,1.1701,1.1703,1.1701,1.1703,38644.5,81
2025-07-14 12:52:00,1.1703,1.1705,1.1699,1.17,170840.5,992
2025-07-14 12:54:00,1.1702,1.1703,1.1699,1.1702,34816.9,102
2025-07-14 12:56:00,1.1702,1.1704,1.1701,1.1701,28198.5,88
2025-07-14 12:58:00,1.1703,1.1703,1.1701,1.1702,55338.0,57
2025-07-14 13:00:00,1.1702,1.1703,1.17,1.1701,154299.7,549
2025-07-14 13:02:00,1.1701,1.1702,1.1698,1.17,55765.0,178
2025-07-14 13:04:00,1.17,1.1701,1.1697,1.1698,27520.0,77
2025-07-14 13:06:00,1.1698,1.1698,1.1694,1.1694,87565.2,385
2025-07-14 13:08:00,1.1694,1.1696,1.1693,1.1693,33552.0,91
2025-07-14 13:10:00,1.1693,1.1695,1.169,1.1691,38994.2,136
2025-07-14 13:12:00,1.1692,1.1695,1.1692,1.1695,29756.2,93
2025-07-14 13:14:00,1.1694,1.1696,1.1694,1.1696,18527.9,56
2025-07-14 13:16:00,1.1696,1.1697,1.1694,1.1694,30653.4,136
2025-07-14 13:18:00,1.1695,1.1696,1.1691,1.1696,27422.2,111
2025-07-14 13:20:00,1.1696,1.1697,1.1694,1.1694,39361.1,130
2025-07-14 13:22:00,1.1694,1.1696,1.1692,1.1694,26993.1,98
2025-07-14 13:24:00,1.1694,1.1695,1.1691,1.1692,23297.6,87
2025-07-14 13:26:00,1.1692,1.1694,1.1691,1.1694,45117.1,99
2025-07-14 13:28:00,1.1694,1.1695,1.169,1.1691,46074.1,106
2025-07-14 13:30:00,1.1691,1.1691,1.1688,1.1688,58917.100000000006,98
2025-07-14 13:32:00,1.1688,1.169,1.1688,1.1689,79083.70000000001,52
2025-07-14 13:34:00,1.169,1.1692,1.1688,1.1691,53949.4,109
2025-07-14 13:36:00,1.1691,1.1693,1.1689,1.1692,25035.3,67
2025-07-14 13:38:00,1.1692,1.1693,1.1689,1.1691,37064.2,81
2025-07-14 13:40:00,1.1692,1.1693,1.1689,1.1691,20818.1,67
2025-07-14 13:42:00,1.1692,1.1694,1.169,1.1693,31922.3,95
2025-07-14 13:44:00,1.1693,1.1693,1.1689,1.1692,28120.4,99
2025-07-14 13:46:00,1.1693,1.1694,1.1691,1.1694,37533.799999999996,82
2025-07-14 13:48:00,1.1692,1.1696,1.1691,1.1696,74444.0,188
2025-07-14 13:50:00,1.1696,1.1698,1.1694,1.1694,51266.2,87
2025-07-14 13:52:00,1.1693,1.1696,1.1693,1.1693,26588.7,66
2025-07-14 13:54:00,1.1694,1.1696,1.1693,1.1695,39990.2,115
2025-07-14 13:56:00,1.1695,1.1695,1.1692,1.1693,41743.8,113
2025-07-14 13:58:00,1.1693,1.1694,1.1692,1.1694,22237.0,64
2025-07-14 14:00:00,1.1694,1.1694,1.1691,1.1694,124856.7,95
2025-07-14 14:02:00,1.1694,1.1694,1.1689,1.1692,67544.5,135
2025-07-14 14:04:00,1.1693,1.1694,1.1691,1.1691,42679.3,99
2025-07-14 14:06:00,1.1691,1.1694,1.1691,1.1692,50832.9,105
2025-07-14 14:08:00,1.1692,1.1694,1.1691,1.1694,17278.1,80
2025-07-14 14:10:00,1.1693,1.1695,1.1693,1.1694,20468.3,91
2025-07-14 14:12:00,1.1694,1.1697,1.1694,1.1694,25118.0,84
2025-07-14 14:14:00,1.1695,1.1697,1.1694,1.1694,23430.5,83
2025-07-14 14:16:00,1.1694,1.1699,1.1694,1.1698,21531.5,65
2025-07-14 14:18:00,1.1698,1.17,1.1696,1.1699,33595.0,69
2025-07-14 14:20:00,1.1698,1.1699,1.1696,1.1698,35073.6,81
2025-07-14 14:22:00,1.1698,1.1699,1.1697,1.1697,15051.7,71
2025-07-14 14:24:00,1.1699,1.17,1.1694,1.1694,49786.8,150
2025-07-14 14:26:00,1.1696,1.1697,1.1693,1.1694,59446.8,140
2025-07-14 14:28:00,1.1695,1.1697,1.1693,1.1697,40960.6,114
2025-07-14 14:30:00,1.1696,1.1697,1.1692,1.1692,42973.9,137
2025-07-14 14:32:00,1.1693,1.1696,1.1692,1.1694,49568.0,126
2025-07-14 14:34:00,1.1695,1.1697,1.1694,1.1695,143114.8,252
2025-07-14 14:36:00,1.1696,1.1697,1.1689,1.1689,166116.3,246
2025-07-14 14:38:00,1.169,1.1693,1.1689,1.1691,56400.3,123
2025-07-14 14:40:00,1.1692,1.1694,1.169,1.1691,68502.9,135
2025-07-14 14:42:00,1.1691,1.1694,1.169,1.1694,116755.0,145
2025-07-14 14:44:00,1.1693,1.1694,1.1691,1.1692,126634.6,199
2025-07-14 14:46:00,1.1692,1.1695,1.1691,1.1694,108780.40000000001,194
2025-07-14 14:48:00,1.1695,1.1696,1.1693,1.1695,98379.8,164
2025-07-14 14:50:00,1.1693,1.1694,1.169,1.1692,134940.2,141
2025-07-14 14:52:00,1.1691,1.1693,1.1687,1.1689,61303.7,124
2025-07-14 14:54:00,1.1688,1.1693,1.1687,1.1693,55563.7,130
2025-07-14 14:56:00,1.1692,1.1693,1.169,1.1693,46942.0,89
2025-07-14 14:58:00,1.1693,1.1693,1.169,1.1692,33374.3,80
2025-07-14 15:00:00,1.1692,1.1693,1.1689,1.169,33829.6,92
2025-07-14 15:02:00,1.169,1.1692,1.1689,1.1691,30055.6,64
2025-07-14 15:04:00,1.169,1.169,1.1687,1.1689,35323.2,94
2025-07-14 15:06:00,1.1689,1.169,1.1685,1.1689,56417.5,212
2025-07-14 15:08:00,1.1689,1.1692,1.1688,1.1691,40737.4,109
2025-07-14 15:10:00,1.1691,1.1693,1.1689,1.1693,45060.8,108
2025-07-14 15:12:00,1.1694,1.1695,1.1691,1.1693,56130.9,115
2025-07-14 15:14:00,1.1693,1.1695,1.1691,1.1693,47140.5,122
2025-07-14 15:16:00,1.1694,1.1696,1.1693,1.1696,101536.8,227
2025-07-14 15:18:00,1.1696,1.1698,1.1694,1.1697,51954.0,164
2025-07-14 15:20:00,1.1697,1.1697,1.1693,1.1695,40710.4,101
2025-07-14 15:22:00,1.1696,1.1698,1.1694,1.1695,50682.4,148
2025-07-14 15:24:00,1.1696,1.1697,1.1694,1.1695,27941.7,92
2025-07-14 15:26:00,1.1695,1.1697,1.1693,1.1695,53866.8,117
2025-07-14 15:28:00,1.1696,1.17,1.1695,1.1698,71149.4,175
2025-07-14 15:30:00,1.1699,1.17,1.1697,1.1698,89222.1,240
2025-07-14 15:32:00,1.1699,1.1701,1.1698,1.17,57727.8,187
2025-07-14 15:34:00,1.17,1.1704,1.1699,1.1702,69372.8,150
2025-07-14 15:36:00,1.17,1.1706,1.17,1.1704,46270.3,125
2025-07-14 15:38:00,1.1705,1.1707,1.1704,1.1705,22544.9,86
2025-07-14 15:40:00,1.1705,1.1708,1.1704,1.1705,35659.4,112
2025-07-14 15:42:00,1.1705,1.1707,1.1704,1.1706,58992.2,155
2025-07-14 15:44:00,1.1704,1.1705,1.1699,1.17,87081.7,241
2025-07-14 15:46:00,1.1701,1.1702,1.1697,1.1698,76088.3,261
2025-07-14 15:48:00,1.1699,1.1699,1.1692,1.1693,110181.7,337
2025-07-14 15:50:00,1.1693,1.1695,1.1691,1.1691,72419.7,173
2025-07-14 15:52:00,1.1691,1.1693,1.1689,1.1693,114759.9,315
2025-07-14 15:54:00,1.1693,1.1693,1.1684,1.1685,124339.0,388
2025-07-14 15:56:00,1.1685,1.1689,1.1685,1.1688,273183.8,239
2025-07-14 15:58:00,1.1687,1.169,1.1686,1.1688,534877.1,462
2025-07-14 16:00:00,1.1688,1.1688,1.1685,1.1687,134388.8,191
2025-07-14 16:02:00,1.1685,1.169,1.1684,1.1686,198493.6,248
2025-07-14 16:04:00,1.1688,1.1689,1.1683,1.1687,53047.2,135
2025-07-14 16:06:00,1.1685,1.1687,1.1684,1.1686,53941.3,117
2025-07-14 16:08:00,1.1686,1.1686,1.1682,1.1684,46295.3,125
2025-07-14 16:10:00,1.1682,1.1683,1.1679,1.1681,81986.8,229
2025-07-14 16:12:00,1.1681,1.1684,1.1679,1.1682,85789.2,177
2025-07-14 16:14:00,1.1681,1.1684,1.168,1.1682,55049.9,134
2025-07-14 16:16:00,1.1682,1.1684,1.1678,1.1679,47255.8,150
2025-07-14 16:18:00,1.1679,1.1681,1.1677,1.168,42333.2,114
2025-07-14 16:20:00,1.1679,1.1679,1.1677,1.1678,83440.6,196
2025-07-14 16:22:00,1.1679,1.1681,1.1676,1.168,129723.59999999999,287
2025-07-14 16:24:00,1.168,1.168,1.1676,1.1676,41188.6,147
2025-07-14 16:26:00,1.1676,1.1678,1.1676,1.1678,32740.8,144
2025-07-14 16:28:00,1.1677,1.1679,1.1676,1.1678,48609.8,134
2025-07-14 16:30:00,1.1679,1.1679,1.1673,1.1677,47297.1,157
2025-07-14 16:32:00,1.1675,1.1679,1.1675,1.1677,15946.8,56
2025-07-14 16:34:00,1.1679,1.168,1.1676,1.1677,57467.1,141
2025-07-14 16:36:00,1.1676,1.168,1.1676,1.168,14513.1,57
2025-07-14 16:38:00,1.1679,1.1679,1.1677,1.1677,31185.399999999998,71
2025-07-14 16:40:00,1.1678,1.1681,1.1677,1.1678,60597.2,110
2025-07-14 16:42:00,1.1678,1.1678,1.1675,1.1677,19989.9,77
2025-07-14 16:44:00,1.1676,1.1679,1.1675,1.1679,38686.0,119
2025-07-14 16:46:00,1.168,1.1681,1.1678,1.168,28693.4,102
2025-07-14 16:48:00,1.168,1.168,1.1678,1.1678,26272.3,175
2025-07-14 16:50:00,1.1678,1.1683,1.1676,1.1682,66683.3,188
2025-07-14 16:52:00,1.168,1.1682,1.1679,1.168,36748.2,124
2025-07-14 16:54:00,1.168,1.1681,1.1678,1.168,32364.7,105
2025-07-14 16:56:00,1.168,1.168,1.1677,1.168,35829.4,107
2025-07-14 16:58:00,1.168,1.1682,1.1677,1.1678,29507.2,107
2025-07-14 17:00:00,1.1679,1.1682,1.1677,1.1681,36111.7,192
2025-07-14 17:02:00,1.168,1.1682,1.1679,1.1682,29983.5,144
2025-07-14 17:04:00,1.168,1.1682,1.1679,1.168,19957.0,86
2025-07-14 17:06:00,1.1679,1.168,1.1677,1.1679,27790.600000000002,91
2025-07-14 17:08:00,1.1677,1.1682,1.1677,1.1678,25692.5,86
2025-07-14 17:10:00,1.1678,1.1681,1.1677,1.1677,35324.0,122
2025-07-14 17:12:00,1.1679,1.168,1.1677,1.1678,12523.5,67
2025-07-14 17:14:00,1.168,1.1681,1.1678,1.1679,12769.0,70
2025-07-14 17:16:00,1.1681,1.1683,1.1679,1.1682,102311.7,94
2025-07-14 17:18:00,1.1681,1.1681,1.1678,1.168,17538.1,57
2025-07-14 17:20:00,1.168,1.1682,1.1678,1.168,20785.6,76
2025-07-14 17:22:00,1.168,1.1681,1.1679,1.168,9057.9,56
2025-07-14 17:24:00,1.168,1.168,1.1677,1.1679,19850.4,68
2025-07-14 17:26:00,1.1678,1.1679,1.1677,1.1679,23178.7,63
2025-07-14 17:28:00,1.1678,1.168,1.1677,1.168,27730.4,74
2025-07-14 17:30:00,1.168,1.168,1.1679,1.168,5549.3,39
2025-07-14 17:32:00,1.168,1.1681,1.1679,1.1681,18442.8,75
2025-07-14 17:34:00,1.1681,1.1682,1.168,1.1682,13345.5,75
2025-07-14 17:36:00,1.1682,1.1682,1.1679,1.1681,23758.9,115
2025-07-14 17:38:00,1.1681,1.1681,1.1678,1.1681,37627.4,114
2025-07-14 17:40:00,1.1679,1.1681,1.1678,1.1679,38242.0,156
2025-07-14 17:42:00,1.1679,1.168,1.1678,1.1678,9909.5,46
2025-07-14 17:44:00,1.168,1.168,1.1677,1.1678,15808.0,69
2025-07-14 17:46:00,1.1678,1.1678,1.1676,1.1678,27755.7,78
2025-07-14 17:48:00,1.1678,1.1678,1.1676,1.1677,14321.1,70
2025-07-14 17:50:00,1.1676,1.1677,1.1675,1.1676,71675.1,163
2025-07-14 17:52:00,1.1677,1.1679,1.1676,1.1677,15747.1,66
2025-07-14 17:54:00,1.1678,1.1678,1.1677,1.1678,8583.8,53
2025-07-14 17:56:00,1.1678,1.1678,1.1677,1.1678,19751.1,62
2025-07-14 17:58:00,1.1678,1.1678,1.1677,1.1678,14244.0,45
2025-07-14 18:00:00,1.1677,1.168,1.1677,1.168,22196.1,78
2025-07-14 18:02:00,1.168,1.1682,1.1678,1.168,27375.7,119
2025-07-14 18:04:00,1.1681,1.1681,1.168,1.1681,7343.599999999999,32
2025-07-14 18:06:00,1.1681,1.1682,1.1679,1.1682,21869.5,54
2025-07-14 18:08:00,1.168,1.1683,1.168,1.1682,19066.9,90
2025-07-14 18:10:00,1.1682,1.1682,1.1678,1.168,24817.3,98
2025-07-14 18:12:00,1.1679,1.1681,1.1678,1.1681,17252.2,81
2025-07-14 18:14:00,1.1679,1.1682,1.1679,1.1681,17499.5,69
2025-07-14 18:16:00,1.168,1.1681,1.1679,1.1679,16438.3,70
2025-07-14 18:18:00,1.1681,1.1681,1.1679,1.1681,7785.5,49
2025-07-14 18:20:00,1.168,1.1682,1.168,1.1682,10477.2,48
2025-07-14 18:22:00,1.168,1.1682,1.168,1.168,20244.7,103
2025-07-14 18:24:00,1.168,1.1683,1.1679,1.1681,18967.7,128
2025-07-14 18:26:00,1.1682,1.1683,1.1682,1.1683,10854.5,57
2025-07-14 18:28:00,1.1683,1.1684,1.1682,1.1683,7033.2,43
2025-07-14 18:30:00,1.1684,1.1685,1.1682,1.1682,19140.6,71
2025-07-14 18:32:00,1.1683,1.1683,1.1682,1.1683,9896.8,36
2025-07-14 18:34:00,1.1683,1.1687,1.1682,1.1687,14093.6,53
2025-07-14 18:36:00,1.1687,1.1688,1.1685,1.1686,34752.0,221
2025-07-14 18:38:00,1.1688,1.1688,1.1686,1.1688,17518.4,74
2025-07-14 18:40:00,1.1687,1.1688,1.1685,1.1686,18103.0,54
2025-07-14 18:42:00,1.1686,1.1686,1.1685,1.1686,28496.6,81
2025-07-14 18:44:00,1.1685,1.1686,1.1684,1.1686,18345.1,64
2025-07-14 18:46:00,1.1686,1.1689,1.1685,1.1689,15433.1,69
2025-07-14 18:48:00,1.1689,1.1689,1.1687,1.1687,23804.9,114
2025-07-14 18:50:00,1.1688,1.1688,1.1686,1.1687,20750.2,76
2025-07-14 18:52:00,1.1687,1.169,1.1685,1.1689,38080.4,113
2025-07-14 18:54:00,1.1688,1.169,1.1688,1.169,12115.7,73
2025-07-14 18:56:00,1.169,1.1691,1.1689,1.169,20916.1,72
2025-07-14 18:58:00,1.169,1.1692,1.169,1.169,14083.1,62
2025-07-14 19:00:00,1.169,1.1693,1.169,1.1692,36689.2,99
2025-07-14 19:02:00,1.1691,1.1693,1.1689,1.1691,26052.7,88
2025-07-14 19:04:00,1.1689,1.1691,1.1687,1.169,26597.2,76
2025-07-14 19:06:00,1.1689,1.1691,1.1688,1.1689,14965.4,54
2025-07-14 19:08:00,1.1688,1.169,1.1687,1.1687,13208.4,54
2025-07-14 19:10:00,1.1689,1.169,1.1687,1.169,20901.2,79
2025-07-14 19:12:00,1.1688,1.1691,1.1687,1.169,28120.6,81
2025-07-14 19:14:00,1.1689,1.169,1.1688,1.1689,10973.5,54
2025-07-14 19:16:00,1.1689,1.1689,1.1688,1.1689,26885.0,67
2025-07-14 19:18:00,1.1689,1.169,1.1688,1.169,16052.300000000001,56
2025-07-14 19:20:00,1.1689,1.169,1.1688,1.1688,14316.2,47
2025-07-14 19:22:00,1.1688,1.169,1.1687,1.169,12373.800000000001,45
2025-07-14 19:24:00,1.169,1.169,1.1688,1.1689,20423.5,52
2025-07-14 19:26:00,1.169,1.169,1.1689,1.169,23194.100000000002,67
2025-07-14 19:28:00,1.169,1.1691,1.1689,1.169,16794.7,47
2025-07-14 19:30:00,1.169,1.1691,1.1689,1.169,12891.5,37
2025-07-14 19:32:00,1.169,1.169,1.1688,1.169,28076.2,53
2025-07-14 19:34:00,1.1689,1.1691,1.1688,1.169,32997.9,83
2025-07-14 19:36:00,1.169,1.1691,1.1689,1.1689,20889.7,74
2025-07-14 19:38:00,1.169,1.1691,1.1688,1.1688,16954.1,50
2025-07-14 19:40:00,1.1689,1.169,1.1688,1.1689,13459.5,58
2025-07-14 19:42:00,1.1689,1.1689,1.1687,1.1689,21676.8,76
2025-07-14 19:44:00,1.1688,1.1689,1.1687,1.1688,19814.6,61
2025-07-14 19:46:00,1.1688,1.1688,1.1687,1.1687,19212.6,56
2025-07-14 19:48:00,1.1688,1.1689,1.1687,1.1688,22808.0,58
2025-07-14 19:50:00,1.1688,1.1688,1.1684,1.1688,43802.0,138
2025-07-14 19:52:00,1.1688,1.1688,1.1687,1.1688,18698.9,42
2025-07-14 19:54:00,1.1687,1.1688,1.1687,1.1688,12792.9,38
2025-07-14 19:56:00,1.1687,1.1689,1.1687,1.1689,15534.8,46
2025-07-14 19:58:00,1.1689,1.1691,1.1687,1.1689,18567.8,79
2025-07-14 20:00:00,1.1689,1.1691,1.1688,1.1689,42174.3,81
2025-07-14 20:02:00,1.169,1.1691,1.1689,1.1689,35308.6,64
2025-07-14 20:04:00,1.1691,1.1692,1.1689,1.1692,12852.3,55
2025-07-14 20:06:00,1.1692,1.1692,1.169,1.1691,24236.6,136
2025-07-14 20:08:00,1.1691,1.1692,1.169,1.1692,19016.0,53
2025-07-14 20:10:00,1.1692,1.1692,1.1688,1.169,36771.8,99
2025-07-14 20:12:00,1.169,1.1692,1.1689,1.1692,24010.2,64
2025-07-14 20:14:00,1.169,1.1692,1.1688,1.169,36429.2,81
2025-07-14 20:16:00,1.169,1.1691,1.1687,1.169,48513.4,201
2025-07-14 20:18:00,1.1689,1.1691,1.1688,1.169,28159.1,70
2025-07-14 20:20:00,1.1691,1.1691,1.169,1.1691,20473.8,61
2025-07-14 20:22:00,1.1691,1.1691,1.1689,1.169,29579.5,89
2025-07-14 20:24:00,1.1689,1.169,1.1689,1.169,13240.3,51
2025-07-14 20:26:00,1.169,1.1691,1.1688,1.169,29180.7,78
2025-07-14 20:28:00,1.1689,1.1691,1.1689,1.1691,21216.7,60
2025-07-14 20:30:00,1.169,1.1692,1.1689,1.169,22164.5,74
2025-07-14 20:32:00,1.1689,1.1691,1.1688,1.1689,13718.4,55
2025-07-14 20:34:00,1.1688,1.169,1.1688,1.169,8738.7,38
2025-07-14 20:36:00,1.169,1.169,1.1688,1.1688,10979.5,29
2025-07-14 20:38:00,1.169,1.169,1.1688,1.1688,6956.900000000001,33
2025-07-14 20:40:00,1.1688,1.1689,1.1687,1.1689,7718.8,62
2025-07-14 20:42:00,1.1689,1.1689,1.1686,1.1689,16090.9,73
2025-07-14 20:44:00,1.1688,1.1689,1.1686,1.1688,66690.4,141
2025-07-14 20:46:00,1.1687,1.1688,1.1686,1.1688,7422.8,31
2025-07-14 20:48:00,1.1688,1.1688,1.1686,1.1687,11006.1,35
2025-07-14 20:50:00,1.1687,1.1687,1.1684,1.1685,14409.7,61
2025-07-14 20:52:00,1.1685,1.1685,1.1683,1.1683,15682.8,42
2025-07-14 20:54:00,1.1683,1.1685,1.1682,1.1683,13406.3,49
2025-07-14 20:56:00,1.1684,1.1684,1.1681,1.1682,40221.1,193
2025-07-14 20:58:00,1.1683,1.1685,1.168,1.1684,29046.7,87
2025-07-14 21:00:00,1.1685,1.1688,1.1684,1.1688,10558.1,38
2025-07-14 21:02:00,1.1686,1.1688,1.1686,1.1688,14067.4,36
2025-07-14 21:04:00,1.1688,1.1688,1.1687,1.1688,5079.2,22
2025-07-14 21:06:00,1.1687,1.1688,1.1687,1.1687,9245.6,35
2025-07-14 21:08:00,1.1687,1.1687,1.1683,1.1683,786099.0,331
2025-07-14 21:10:00,1.1683,1.1684,1.1681,1.1683,19207.4,72
2025-07-14 21:12:00,1.1681,1.1683,1.1681,1.1682,13182.1,51
2025-07-14 21:14:00,1.1682,1.1682,1.1679,1.168,47737.5,300
2025-07-14 21:16:00,1.168,1.1681,1.1679,1.1681,10603.9,67
2025-07-14 21:18:00,1.168,1.1682,1.1679,1.1681,13551.4,80
2025-07-14 21:20:00,1.1682,1.1683,1.1681,1.1682,16947.2,49
2025-07-14 21:22:00,1.1682,1.1684,1.1682,1.1684,13334.4,39
2025-07-14 21:24:00,1.1684,1.1686,1.1683,1.1686,10922.2,44
2025-07-14 21:26:00,1.1686,1.1686,1.1683,1.1685,14895.1,59
2025-07-14 21:28:00,1.1683,1.1685,1.1682,1.1683,12624.0,44
2025-07-14 21:30:00,1.1682,1.1686,1.1682,1.1683,25219.1,67
2025-07-14 21:32:00,1.1684,1.1688,1.1683,1.1686,18959.4,59
2025-07-14 21:34:00,1.1686,1.1689,1.1686,1.1687,7867.0,39
2025-07-14 21:36:00,1.1689,1.1689,1.1686,1.1686,10933.9,57
2025-07-14 21:38:00,1.1686,1.1688,1.1685,1.1685,21435.9,72
2025-07-14 21:40:00,1.1687,1.1687,1.1684,1.1685,9776.4,77
2025-07-14 21:42:00,1.1685,1.1686,1.1683,1.1684,19483.9,81
2025-07-14 21:44:00,1.1684,1.1685,1.1683,1.1684,7808.3,37
2025-07-14 21:46:00,1.1685,1.1685,1.1683,1.1683,17334.4,54
2025-07-14 21:48:00,1.1683,1.1686,1.1683,1.1685,9041.8,36
2025-07-14 21:50:00,1.1685,1.1686,1.1683,1.1685,12144.300000000001,48
2025-07-14 21:52:00,1.1684,1.1685,1.1682,1.1682,9790.4,30
2025-07-14 21:54:00,1.1683,1.1684,1.1682,1.1682,11416.2,53
2025-07-14 21:56:00,1.1682,1.1684,1.1682,1.1683,10601.6,59
2025-07-14 21:58:00,1.1684,1.1685,1.1683,1.1685,10307.6,62
2025-07-14 22:00:00,1.1685,1.1687,1.1684,1.1686,15729.2,71
2025-07-14 22:02:00,1.1685,1.1686,1.1685,1.1686,10532.2,41
2025-07-14 22:04:00,1.1685,1.1686,1.1684,1.1684,12935.8,56
2025-07-14 22:06:00,1.1685,1.1686,1.1684,1.1685,13313.8,50
2025-07-14 22:08:00,1.1685,1.1686,1.1685,1.1686,5782.1,38
2025-07-14 22:10:00,1.1686,1.1686,1.1685,1.1686,3703.0,26
2025-07-14 22:12:00,1.1686,1.1687,1.1685,1.1687,16579.9,58
2025-07-14 22:14:00,1.1686,1.1687,1.1684,1.1684,9457.1,43
2025-07-14 22:16:00,1.1684,1.1685,1.1683,1.1683,8251.8,46
2025-07-14 22:18:00,1.1685,1.1687,1.1684,1.1685,21757.5,56
2025-07-14 22:20:00,1.1685,1.1686,1.1685,1.1685,6492.5,32
2025-07-14 22:22:00,1.1686,1.1686,1.1685,1.1685,8580.7,35
2025-07-14 22:24:00,1.1686,1.1686,1.1684,1.1686,16866.1,55
2025-07-14 22:26:00,1.1686,1.1687,1.1685,1.1687,5330.9,25
2025-07-14 22:28:00,1.1686,1.1687,1.1684,1.1684,11719.0,45
2025-07-14 22:30:00,1.1684,1.1685,1.1684,1.1685,6640.099999999999,36
2025-07-14 22:32:00,1.1685,1.1685,1.1684,1.1685,9694.0,36
2025-07-14 22:34:00,1.1685,1.1685,1.1684,1.1685,5223.7,23
2025-07-14 22:36:00,1.1685,1.1686,1.1684,1.1686,3866.1000000000004,20
2025-07-14 22:38:00,1.1686,1.1687,1.1685,1.1686,3145.8999999999996,20
2025-07-14 22:40:00,1.1686,1.1687,1.1685,1.1687,4626.5,25
2025-07-14 22:42:00,1.1687,1.1687,1.1685,1.1686,16071.4,24
2025-07-14 22:44:00,1.1685,1.1686,1.1684,1.1685,13268.9,40
2025-07-14 22:46:00,1.1686,1.1686,1.1683,1.1685,5457.4,20
2025-07-14 22:48:00,1.1685,1.1687,1.1683,1.1687,3808.2,19
2025-07-14 22:50:00,1.1687,1.1687,1.1685,1.1686,2254.1,23
2025-07-14 22:52:00,1.1686,1.1687,1.1685,1.1686,6795.3,25
2025-07-14 22:54:00,1.1688,1.1688,1.1686,1.1688,6808.1,22
2025-07-14 22:56:00,1.1688,1.1688,1.1686,1.1687,4594.4,21
2025-07-14 22:58:00,1.1685,1.1687,1.1685,1.1685,3599.3,17
2025-07-14 23:00:00,1.1687,1.1687,1.1684,1.1684,11588.1,27
2025-07-14 23:02:00,1.1685,1.1686,1.1684,1.1686,7136.8,29
2025-07-14 23:04:00,1.1686,1.1686,1.1684,1.1685,10153.9,31
2025-07-14 23:06:00,1.1684,1.1685,1.1683,1.1685,6999.6,19
2025-07-14 23:08:00,1.1684,1.1686,1.1684,1.1684,2884.5,17
2025-07-14 23:10:00,1.1686,1.1686,1.1684,1.1684,4008.3,22
2025-07-14 23:12:00,1.1686,1.1686,1.1683,1.1683,2467.2999999999997,25
2025-07-14 23:14:00,1.1683,1.1684,1.1682,1.1684,5926.3,27
2025-07-14 23:16:00,1.1684,1.1684,1.1682,1.1682,5114.1,25
2025-07-14 23:18:00,1.1682,1.1683,1.168,1.1681,21821.7,66
2025-07-14 23:20:00,1.1681,1.1681,1.1679,1.1679,2399.1,18
2025-07-14 23:22:00,1.1681,1.1681,1.1679,1.168,6192.9,31
2025-07-14 23:24:00,1.1681,1.1682,1.168,1.1682,4608.6,21
2025-07-14 23:26:00,1.1681,1.1682,1.1681,1.1681,8900.4,26
2025-07-14 23:28:00,1.1682,1.1682,1.1681,1.1681,6058.700000000001,26
2025-07-14 23:30:00,1.1681,1.1681,1.1678,1.1678,4678.8,38
2025-07-14 23:32:00,1.1678,1.1679,1.1677,1.1677,4316.5,29
2025-07-14 23:34:00,1.1678,1.1678,1.1676,1.1678,6856.3,34
2025-07-14 23:36:00,1.1678,1.1678,1.1676,1.1677,4928.4,24
2025-07-14 23:38:00,1.1677,1.1677,1.1676,1.1676,4471.4,26
2025-07-14 23:40:00,1.1677,1.1677,1.1675,1.1675,11588.400000000001,45
2025-07-14 23:42:00,1.1676,1.1677,1.1675,1.1676,3683.9,20
2025-07-14 23:44:00,1.1676,1.1677,1.1676,1.1677,2380.4,22
2025-07-14 23:46:00,1.1676,1.1677,1.1676,1.1677,3566.0,26
2025-07-14 23:48:00,1.1677,1.1677,1.1676,1.1677,3415.0,34
2025-07-14 23:50:00,1.1676,1.1678,1.1676,1.1678,5655.8,18
2025-07-14 23:52:00,1.1678,1.1679,1.1677,1.1679,3658.4,23
2025-07-14 23:54:00,1.1677,1.1679,1.1677,1.1677,2554.7,14
2025-07-14 23:56:00,1.1677,1.1679,1.1676,1.1677,11292.199999999999,41
2025-07-14 23:58:00,1.1677,1.1678,1.1677,1.1678,4284.3,22
2025-07-15 00:00:00,1.1677,1.1678,1.1676,1.1677,17830.8,72
2025-07-15 00:02:00,1.1677,1.1682,1.1676,1.1681,56081.6,65
2025-07-15 00:04:00,1.1681,1.1682,1.168,1.168,9239.9,49
2025-07-15 00:06:00,1.1681,1.1681,1.168,1.168,30081.8,72
2025-07-15 00:08:00,1.168,1.1682,1.168,1.168,3373.7000000000003,19
2025-07-15 00:10:00,1.1681,1.1681,1.168,1.1681,7307.599999999999,18
2025-07-15 00:12:00,1.168,1.1681,1.168,1.168,7796.7,20
2025-07-15 00:14:00,1.1681,1.1683,1.1681,1.1682,12522.7,28
2025-07-15 00:16:00,1.1683,1.1684,1.1682,1.1683,4934.5,21
2025-07-15 00:18:00,1.1683,1.1684,1.1682,1.1684,2040.3,14
2025-07-15 00:20:00,1.1683,1.1683,1.1682,1.1683,5524.6,22
2025-07-15 00:22:00,1.1683,1.1683,1.1682,1.1683,5254.2,29
2025-07-15 00:24:00,1.1682,1.1685,1.1682,1.1685,5587.9,25
2025-07-15 00:26:00,1.1685,1.1686,1.1684,1.1685,4309.1,20
2025-07-15 00:28:00,1.1686,1.1688,1.1685,1.1687,11735.199999999999,32
2025-07-15 00:30:00,1.1688,1.1688,1.1686,1.1688,21600.1,178
2025-07-15 00:32:00,1.1687,1.1688,1.1685,1.1686,14393.4,49
2025-07-15 00:34:00,1.1685,1.1687,1.1685,1.1686,13305.4,30
2025-07-15 00:36:00,1.1685,1.1686,1.1684,1.1684,28079.1,432
2025-07-15 00:38:00,1.1685,1.1685,1.1684,1.1684,1922.4,21
2025-07-15 00:40:00,1.1684,1.1685,1.1684,1.1685,12367.300000000001,35
2025-07-15 00:42:00,1.1684,1.1685,1.1683,1.1684,31312.6,56
2025-07-15 00:44:00,1.1683,1.1685,1.1683,1.1685,15857.0,39
2025-07-15 00:46:00,1.1685,1.1685,1.1683,1.1684,16553.3,57
2025-07-15 00:48:00,1.1683,1.1685,1.1683,1.1684,13307.7,33
2025-07-15 00:50:00,1.1683,1.1684,1.1683,1.1684,5992.6,17
2025-07-15 00:52:00,1.1684,1.1684,1.1683,1.1683,6265.3,20
2025-07-15 00:54:00,1.1683,1.1684,1.1682,1.1682,9366.0,22
2025-07-15 00:56:00,1.1683,1.1685,1.1682,1.1685,11487.3,24
2025-07-15 00:58:00,1.1685,1.1685,1.1682,1.1682,9717.2,27
2025-07-15 01:00:00,1.1683,1.1683,1.168,1.1681,27788.7,158
2025-07-15 01:02:00,1.1681,1.1681,1.1678,1.1678,12598.2,44
2025-07-15 01:04:00,1.1678,1.1679,1.1677,1.1678,19699.8,38
2025-07-15 01:06:00,1.1678,1.1678,1.1675,1.1676,9645.2,22
2025-07-15 01:08:00,1.1676,1.1678,1.1676,1.1678,26925.0,53
2025-07-15 01:10:00,1.1678,1.168,1.1677,1.1678,21596.800000000003,20
2025-07-15 01:12:00,1.1678,1.1679,1.1678,1.1679,20362.0,22
2025-07-15 01:14:00,1.1679,1.1679,1.1678,1.1679,15328.3,52
2025-07-15 01:16:00,1.1678,1.1681,1.1678,1.1678,6441.2,15
2025-07-15 01:18:00,1.168,1.168,1.1679,1.1679,10897.0,24
2025-07-15 01:20:00,1.1679,1.1681,1.1678,1.1681,52185.7,78
2025-07-15 01:22:00,1.168,1.1681,1.1679,1.168,43669.7,64
2025-07-15 01:24:00,1.168,1.1681,1.1679,1.1679,31434.6,53
2025-07-15 01:26:00,1.1679,1.168,1.1678,1.168,29885.9,30
2025-07-15 01:28:00,1.168,1.168,1.1679,1.168,17544.6,14
2025-07-15 01:30:00,1.1679,1.168,1.1677,1.1679,13488.800000000001,46
2025-07-15 01:32:00,1.1679,1.1679,1.1678,1.1679,31916.6,32
2025-07-15 01:34:00,1.1677,1.1679,1.1676,1.1677,63222.5,81
2025-07-15 01:36:00,1.1678,1.1679,1.1677,1.1678,23033.4,27
2025-07-15 01:38:00,1.1678,1.1678,1.1677,1.1678,16037.7,19
2025-07-15 01:40:00,1.1678,1.168,1.1678,1.1679,5522.4,17
2025-07-15 01:42:00,1.1678,1.168,1.1676,1.1678,20483.3,35
2025-07-15 01:44:00,1.1677,1.1679,1.1677,1.1679,18211.8,49
2025-07-15 01:46:00,1.1679,1.1681,1.1678,1.168,5369.9,29
2025-07-15 01:48:00,1.168,1.1682,1.168,1.168,6563.5,23
2025-07-15 01:50:00,1.168,1.1681,1.168,1.1681,15578.2,41
2025-07-15 01:52:00,1.1682,1.1683,1.1681,1.1682,24802.7,68
2025-07-15 01:54:00,1.1682,1.1682,1.1681,1.1681,12355.6,26
2025-07-15 01:56:00,1.1681,1.1681,1.1678,1.1678,7671.9,32
2025-07-15 01:58:00,1.1678,1.1679,1.1676,1.1677,117621.8,139
2025-07-15 02:00:00,1.1677,1.1679,1.1676,1.1677,66559.8,200
2025-07-15 02:02:00,1.1678,1.1678,1.1676,1.1676,13717.300000000001,29
2025-07-15 02:04:00,1.1676,1.1677,1.1675,1.1676,9978.9,29
2025-07-15 02:06:00,1.1675,1.1677,1.1675,1.1676,21720.2,31
2025-07-15 02:08:00,1.1677,1.1678,1.1676,1.1677,11742.5,21
2025-07-15 02:10:00,1.1677,1.1678,1.1677,1.1677,1495.0,7
2025-07-15 02:12:00,1.1678,1.1678,1.1677,1.1677,5937.0,19
2025-07-15 02:14:00,1.1678,1.1678,1.1677,1.1677,16855.4,22
2025-07-15 02:16:00,1.1677,1.1678,1.1676,1.1676,24679.5,98
2025-07-15 02:18:00,1.1676,1.1679,1.1676,1.1678,71716.6,88
2025-07-15 02:20:00,1.1679,1.1679,1.1678,1.1679,13493.4,29
2025-07-15 02:22:00,1.1679,1.1681,1.1679,1.168,23089.7,50
2025-07-15 02:24:00,1.1681,1.1681,1.168,1.168,15271.1,50
2025-07-15 02:26:00,1.168,1.1681,1.1679,1.1679,19821.2,35
2025-07-15 02:28:00,1.1679,1.168,1.1679,1.1679,51377.5,51
2025-07-15 02:30:00,1.168,1.1683,1.168,1.1682,51798.2,212
2025-07-15 02:32:00,1.1683,1.1683,1.1681,1.1683,17345.6,45
2025-07-15 02:34:00,1.1683,1.1683,1.1682,1.1683,13221.2,41
2025-07-15 02:36:00,1.1683,1.1683,1.1682,1.1683,17598.6,44
2025-07-15 02:38:00,1.1682,1.1684,1.1682,1.1683,5993.9,25
2025-07-15 02:40:00,1.1684,1.1684,1.1682,1.1683,17163.3,40
2025-07-15 02:42:00,1.1683,1.1683,1.1681,1.1682,20529.2,35
2025-07-15 02:44:00,1.1682,1.1682,1.168,1.1681,14517.9,38
2025-07-15 02:46:00,1.1681,1.1681,1.1679,1.168,15050.7,30
2025-07-15 02:48:00,1.168,1.1683,1.168,1.1683,11889.4,21
2025-07-15 02:50:00,1.1683,1.1683,1.1682,1.1683,6065.8,22
2025-07-15 02:52:00,1.1683,1.1683,1.1682,1.1683,5727.0,24
2025-07-15 02:54:00,1.1682,1.1683,1.1681,1.1682,13862.1,33
2025-07-15 02:56:00,1.1682,1.1683,1.1682,1.1683,4249.8,18
2025-07-15 02:58:00,1.1683,1.1683,1.1682,1.1682,6327.4,20
2025-07-15 03:00:00,1.1683,1.1683,1.1682,1.1682,7650.599999999999,26
2025-07-15 03:02:00,1.1682,1.1683,1.1682,1.1683,15694.8,35
2025-07-15 03:04:00,1.1682,1.1684,1.1682,1.1683,89103.2,143
2025-07-15 03:06:00,1.1684,1.1685,1.1682,1.1684,24102.7,51
2025-07-15 03:08:00,1.1684,1.1684,1.1681,1.1683,19336.4,59
2025-07-15 03:10:00,1.1681,1.1682,1.1679,1.1679,58269.3,182
2025-07-15 03:12:00,1.1679,1.1682,1.1679,1.168,15452.5,54
2025-07-15 03:14:00,1.168,1.1681,1.168,1.168,8671.7,39
2025-07-15 03:16:00,1.1681,1.1681,1.1679,1.1681,40820.6,121
2025-07-15 03:18:00,1.1681,1.1685,1.168,1.1684,41211.7,77
2025-07-15 03:20:00,1.1684,1.1685,1.1681,1.1683,26756.1,90
2025-07-15 03:22:00,1.1682,1.1685,1.1681,1.1685,30061.5,53
2025-07-15 03:24:00,1.1685,1.1686,1.1684,1.1686,9634.4,27
2025-07-15 03:26:00,1.1686,1.1686,1.1684,1.1685,4274.0,24
2025-07-15 03:28:00,1.1684,1.1685,1.1683,1.1684,25237.0,44
2025-07-15 03:30:00,1.1684,1.1685,1.1682,1.1684,10414.4,33
2025-07-15 03:32:00,1.1682,1.1684,1.1682,1.1683,22350.6,43
2025-07-15 03:34:00,1.1683,1.1683,1.1681,1.1682,17206.7,22
2025-07-15 03:36:00,1.1682,1.1683,1.1681,1.1682,41379.4,40
2025-07-15 03:38:00,1.1682,1.1683,1.1681,1.1682,34592.5,68
2025-07-15 03:40:00,1.1683,1.1685,1.1682,1.1685,28322.3,61
2025-07-15 03:42:00,1.1684,1.1687,1.1684,1.1687,6279.5,19
2025-07-15 03:44:00,1.1687,1.1687,1.1687,1.1687,4733.4,8
2025-07-15 03:46:00,1.1686,1.1687,1.1684,1.1685,19893.600000000002,51
2025-07-15 03:48:00,1.1684,1.1685,1.1683,1.1684,13845.2,37
2025-07-15 03:50:00,1.1684,1.1684,1.1682,1.1684,3752.7000000000003,19
2025-07-15 03:52:00,1.1684,1.1684,1.1682,1.1684,2808.4,9
2025-07-15 03:54:00,1.1682,1.1683,1.1682,1.1683,4731.1,21
2025-07-15 03:56:00,1.1683,1.1684,1.1683,1.1684,13602.0,33
2025-07-15 03:58:00,1.1684,1.1684,1.1683,1.1684,713.2,8
2025-07-15 04:00:00,1.1684,1.1684,1.1683,1.1684,6886.4,20
2025-07-15 04:02:00,1.1684,1.1684,1.1683,1.1683,5777.6,26
2025-07-15 04:04:00,1.1684,1.1685,1.1683,1.1684,6415.700000000001,22
2025-07-15 04:06:00,1.1684,1.1685,1.1682,1.1685,15906.2,48
2025-07-15 04:08:00,1.1685,1.1685,1.1681,1.1683,69571.9,165
2025-07-15 04:10:00,1.1683,1.1687,1.1682,1.1687,42702.5,105
2025-07-15 04:12:00,1.1687,1.1689,1.1685,1.1687,13339.9,41
2025-07-15 04:14:00,1.1687,1.1687,1.1684,1.1684,13265.8,36
2025-07-15 04:16:00,1.1685,1.1686,1.1683,1.1683,16991.1,47
2025-07-15 04:18:00,1.1683,1.1684,1.1682,1.1683,24273.7,62
2025-07-15 04:20:00,1.1683,1.1683,1.1681,1.1681,21326.0,67
2025-07-15 04:22:00,1.1681,1.1683,1.1681,1.1682,81416.7,108
2025-07-15 04:24:00,1.1683,1.1684,1.1682,1.1682,36025.7,87
2025-07-15 04:26:00,1.1682,1.1684,1.1682,1.1683,11621.9,32
2025-07-15 04:28:00,1.1682,1.1683,1.1682,1.1683,7612.9,24
2025-07-15 04:30:00,1.1683,1.1683,1.1682,1.1683,10263.7,35
2025-07-15 04:32:00,1.1682,1.1683,1.1682,1.1682,5452.2,25
2025-07-15 04:34:00,1.1682,1.1683,1.1681,1.1681,8789.9,24
2025-07-15 04:36:00,1.1683,1.1683,1.1681,1.1681,5275.9,26
2025-07-15 04:38:00,1.1682,1.1682,1.1681,1.1681,5809.1,28
2025-07-15 04:40:00,1.1682,1.1682,1.168,1.1681,10139.3,37
2025-07-15 04:42:00,1.168,1.1681,1.168,1.168,5349.6,20
2025-07-15 04:44:00,1.1681,1.1682,1.168,1.1681,21238.2,73
2025-07-15 04:46:00,1.1681,1.1682,1.1681,1.1681,6963.1,26
2025-07-15 04:48:00,1.1682,1.1682,1.1681,1.1681,20450.4,29
2025-07-15 04:50:00,1.1681,1.1683,1.1681,1.1682,1853.6,14
2025-07-15 04:52:00,1.1682,1.1682,1.1681,1.1682,19870.1,32
2025-07-15 04:54:00,1.1682,1.1683,1.1681,1.1683,6746.8,22
2025-07-15 04:56:00,1.1681,1.1682,1.168,1.1682,28179.2,47
2025-07-15 04:58:00,1.1682,1.1682,1.1682,1.1682,987.1,8
2025-07-15 05:00:00,1.1682,1.1683,1.1681,1.1682,12007.5,25
2025-07-15 05:02:00,1.1682,1.1683,1.1682,1.1682,17200.2,31
2025-07-15 05:04:00,1.1683,1.1684,1.1682,1.1683,11880.4,31
2025-07-15 05:06:00,1.1684,1.1684,1.1681,1.1684,56582.8,66
2025-07-15 05:08:00,1.1684,1.1685,1.1683,1.1685,42865.0,53
2025-07-15 05:10:00,1.1685,1.1686,1.1684,1.1685,12521.3,29
2025-07-15 05:12:00,1.1685,1.1685,1.1684,1.1685,10674.2,31
2025-07-15 05:14:00,1.1685,1.1685,1.1684,1.1684,13218.7,29
2025-07-15 05:16:00,1.1685,1.1685,1.1682,1.1684,16124.5,42
2025-07-15 05:18:00,1.1683,1.1684,1.1683,1.1684,6991.9,25
2025-07-15 05:20:00,1.1683,1.1684,1.1683,1.1684,10890.8,43
2025-07-15 05:22:00,1.1683,1.1686,1.1683,1.1686,12168.1,25
2025-07-15 05:24:00,1.1686,1.1686,1.1685,1.1685,7112.0,29
2025-07-15 05:26:00,1.1685,1.1686,1.1684,1.1685,7064.7,39
2025-07-15 05:28:00,1.1684,1.1685,1.1682,1.1682,24061.1,106
2025-07-15 05:30:00,1.1682,1.1683,1.1682,1.1682,6578.1,30
2025-07-15 05:32:00,1.1683,1.1684,1.1681,1.1683,44897.8,71
2025-07-15 05:34:00,1.1682,1.1683,1.1681,1.1681,19861.8,70
2025-07-15 05:36:00,1.1682,1.1682,1.168,1.1682,29575.5,57
2025-07-15 05:38:00,1.1682,1.1685,1.1681,1.1685,21860.9,70
2025-07-15 05:40:00,1.1684,1.1687,1.1684,1.1687,25503.0,76
2025-07-15 05:42:00,1.1687,1.1687,1.1686,1.1687,16569.7,39
2025-07-15 05:44:00,1.1686,1.1686,1.1685,1.1685,14276.2,34
2025-07-15 05:46:00,1.1686,1.1687,1.1685,1.1685,12240.2,42
2025-07-15 05:48:00,1.1686,1.1687,1.1685,1.1687,8501.7,29
2025-07-15 05:50:00,1.1686,1.1687,1.1686,1.1686,17798.4,61
2025-07-15 05:52:00,1.1686,1.1686,1.1685,1.1685,20246.8,67
2025-07-15 05:54:00,1.1685,1.1687,1.1685,1.1687,32152.6,63
2025-07-15 05:56:00,1.1687,1.1689,1.1687,1.1689,11577.5,40
2025-07-15 05:58:00,1.1689,1.1689,1.1687,1.1688,9792.0,31
2025-07-15 06:00:00,1.1687,1.1687,1.1686,1.1687,9037.9,41
2025-07-15 06:02:00,1.1686,1.1687,1.1685,1.1687,27758.9,46
2025-07-15 06:04:00,1.1686,1.1687,1.1686,1.1686,19277.8,63
2025-07-15 06:06:00,1.1686,1.1691,1.1686,1.1689,44565.5,105
2025-07-15 06:08:00,1.1689,1.1689,1.1687,1.1688,30808.300000000003,62
2025-07-15 06:10:00,1.1688,1.1689,1.1687,1.1689,32466.3,49
2025-07-15 06:12:00,1.1689,1.169,1.1688,1.1689,28439.0,60
2025-07-15 06:14:00,1.169,1.1691,1.1689,1.169,14986.4,41
2025-07-15 06:16:00,1.1689,1.169,1.1688,1.1689,80329.2,84
2025-07-15 06:18:00,1.1688,1.1689,1.1687,1.1689,62219.3,206
2025-07-15 06:20:00,1.1689,1.1691,1.1688,1.169,27007.0,38
2025-07-15 06:22:00,1.169,1.169,1.169,1.169,13601.5,35
2025-07-15 06:24:00,1.169,1.169,1.1689,1.169,16002.5,49
2025-07-15 06:26:00,1.169,1.169,1.1689,1.169,18367.6,49
2025-07-15 06:28:00,1.169,1.169,1.1688,1.1689,16035.699999999999,39
2025-07-15 06:30:00,1.1689,1.1689,1.1687,1.1688,31298.2,50
2025-07-15 06:32:00,1.1689,1.1689,1.1688,1.1688,14933.3,43
2025-07-15 06:34:00,1.1689,1.1689,1.1687,1.1689,20274.1,62
2025-07-15 06:36:00,1.1689,1.1689,1.1687,1.1688,20641.4,53
2025-07-15 06:38:00,1.1688,1.1688,1.1686,1.1687,21206.1,41
2025-07-15 06:40:00,1.1687,1.1689,1.1686,1.1687,29098.4,68
2025-07-15 06:42:00,1.1686,1.1688,1.1686,1.1687,22749.0,37
2025-07-15 06:44:00,1.1687,1.1687,1.1686,1.1686,13761.1,36
2025-07-15 06:46:00,1.1687,1.1687,1.1685,1.1686,42893.1,80
2025-07-15 06:48:00,1.1686,1.1687,1.1685,1.1686,35661.8,76
2025-07-15 06:50:00,1.1687,1.1687,1.1685,1.1687,39255.5,90
2025-07-15 06:52:00,1.1687,1.1687,1.1685,1.1686,21457.3,68
2025-07-15 06:54:00,1.1686,1.1686,1.1681,1.1681,14471.800000000001,80
2025-07-15 06:56:00,1.1681,1.1684,1.1681,1.1684,31183.3,66
2025-07-15 06:58:00,1.1684,1.1684,1.1682,1.1683,13738.7,61
2025-07-15 07:00:00,1.1683,1.1684,1.1683,1.1683,30052.4,76
2025-07-15 07:02:00,1.1683,1.1683,1.1681,1.1681,30069.2,84
2025-07-15 07:04:00,1.1681,1.1682,1.168,1.168,29091.899999999998,48
2025-07-15 07:06:00,1.168,1.1681,1.1679,1.168,15058.8,68
2025-07-15 07:08:00,1.1679,1.168,1.1677,1.1678,39587.6,91
2025-07-15 07:10:00,1.1678,1.1678,1.1677,1.1678,30601.3,63
2025-07-15 07:12:00,1.1678,1.1682,1.1678,1.1681,32788.8,92
2025-07-15 07:14:00,1.168,1.1682,1.168,1.1681,24137.399999999998,71
2025-07-15 07:16:00,1.1681,1.1682,1.168,1.1681,53661.6,69
2025-07-15 07:18:00,1.1681,1.1683,1.168,1.1682,39016.9,85
2025-07-15 07:20:00,1.1683,1.1685,1.1682,1.1685,27338.9,91
2025-07-15 07:22:00,1.1685,1.1691,1.1684,1.1689,33669.7,117
2025-07-15 07:24:00,1.1691,1.1691,1.1687,1.1689,36746.9,59
2025-07-15 07:26:00,1.169,1.1691,1.1689,1.1691,34682.3,88
2025-07-15 07:28:00,1.1691,1.1691,1.1689,1.1689,21961.4,71
2025-07-15 07:30:00,1.1689,1.1691,1.1688,1.1691,25070.5,87
2025-07-15 07:32:00,1.1692,1.1695,1.169,1.1693,45908.9,103
2025-07-15 07:34:00,1.1693,1.1694,1.1692,1.1692,20933.4,72
2025-07-15 07:36:00,1.1694,1.1694,1.1692,1.1692,6509.3,21
2025-07-15 07:38:00,1.1692,1.1696,1.1692,1.1695,17972.4,47
2025-07-15 07:40:00,1.1695,1.1699,1.1695,1.1698,34448.1,62
2025-07-15 07:42:00,1.17,1.17,1.1697,1.1698,27315.9,53
2025-07-15 07:44:00,1.1698,1.17,1.1697,1.1699,37714.1,80
2025-07-15 07:46:00,1.1699,1.1699,1.1697,1.1699,29082.7,66
2025-07-15 07:48:00,1.1699,1.1699,1.1693,1.1694,55202.9,126
2025-07-15 07:50:00,1.1695,1.1696,1.1694,1.1694,17733.3,69
2025-07-15 07:52:00,1.1694,1.1695,1.1692,1.1693,47592.2,68
2025-07-15 07:54:00,1.1693,1.1697,1.1692,1.1695,63028.9,102
2025-07-15 07:56:00,1.1696,1.1698,1.1696,1.1698,31137.3,68
2025-07-15 07:58:00,1.1698,1.17,1.1696,1.1696,33832.7,86
2025-07-15 08:00:00,1.1697,1.1697,1.1696,1.1696,18764.4,55
2025-07-15 08:02:00,1.1696,1.1697,1.1693,1.1697,45116.5,158
2025-07-15 08:04:00,1.1697,1.1698,1.1696,1.1697,20341.4,51
2025-07-15 08:06:00,1.1697,1.1698,1.1696,1.1698,39344.9,79
2025-07-15 08:08:00,1.1698,1.1698,1.1696,1.1697,33065.0,87
2025-07-15 08:10:00,1.1696,1.1698,1.1696,1.1697,28638.3,55
2025-07-15 08:12:00,1.1698,1.1699,1.1697,1.1699,103280.3,102
2025-07-15 08:14:00,1.1699,1.1699,1.1697,1.1699,17925.4,60
2025-07-15 08:16:00,1.1699,1.1699,1.1698,1.1698,38523.0,86
2025-07-15 08:18:00,1.1699,1.17,1.1697,1.1697,55058.2,109
2025-07-15 08:20:00,1.1698,1.1698,1.1696,1.1698,64760.0,134
2025-07-15 08:22:00,1.1698,1.1698,1.1696,1.1698,25061.8,72
2025-07-15 08:24:00,1.1698,1.1699,1.1696,1.1698,13751.7,52
2025-07-15 08:26:00,1.1698,1.17,1.1698,1.1699,22772.9,55
2025-07-15 08:28:00,1.1699,1.1699,1.1698,1.1699,19240.7,43
2025-07-15 08:30:00,1.1699,1.17,1.1698,1.1699,29886.0,142
2025-07-15 08:32:00,1.17,1.17,1.1698,1.1699,42611.0,49
2025-07-15 08:34:00,1.1699,1.1699,1.1698,1.1698,20662.3,48
2025-07-15 08:36:00,1.1699,1.1699,1.1698,1.1699,8281.0,27
2025-07-15 08:38:00,1.1699,1.1699,1.1697,1.1698,21937.8,109
2025-07-15 08:40:00,1.1698,1.1698,1.1694,1.1695,25742.8,91
2025-07-15 08:42:00,1.1695,1.1695,1.1693,1.1695,19387.4,45
2025-07-15 08:44:00,1.1695,1.1696,1.1694,1.1696,32383.5,65
2025-07-15 08:46:00,1.1696,1.1697,1.1695,1.1697,114745.7,144
2025-07-15 08:48:00,1.1697,1.1698,1.1696,1.1697,25824.0,64
2025-07-15 08:50:00,1.1697,1.1699,1.1696,1.1697,21024.8,67
2025-07-15 08:52:00,1.1697,1.1697,1.1696,1.1696,14520.6,55
2025-07-15 08:54:00,1.1696,1.17,1.1696,1.1699,32397.3,85
2025-07-15 08:56:00,1.1698,1.17,1.1698,1.1699,38111.7,75
2025-07-15 08:58:00,1.17,1.17,1.1699,1.1699,13209.5,46
2025-07-15 09:00:00,1.1699,1.1699,1.1697,1.1697,17177.1,51
2025-07-15 09:02:00,1.1697,1.1699,1.1697,1.1697,27212.399999999998,71
2025-07-15 09:04:00,1.1698,1.1698,1.1697,1.1698,22142.2,99
2025-07-15 09:06:00,1.1698,1.1703,1.1697,1.1701,63482.1,140
2025-07-15 09:08:00,1.1702,1.1702,1.17,1.1701,50969.4,81
2025-07-15 09:10:00,1.17,1.17,1.1697,1.1698,31276.5,74
2025-07-15 09:12:00,1.1698,1.1699,1.1696,1.1697,18545.8,75
2025-07-15 09:14:00,1.1697,1.1699,1.1696,1.1698,44736.5,102
2025-07-15 09:16:00,1.1698,1.1698,1.1696,1.1697,38231.3,95
2025-07-15 09:18:00,1.1696,1.1697,1.1692,1.1692,35879.5,111
2025-07-15 09:20:00,1.1691,1.1692,1.169,1.169,31089.7,117
2025-07-15 09:22:00,1.169,1.169,1.1686,1.1686,36196.3,91
2025-07-15 09:24:00,1.1687,1.1687,1.1685,1.1685,21250.9,48
2025-07-15 09:26:00,1.1686,1.1689,1.1685,1.1689,36286.1,67
2025-07-15 09:28:00,1.1688,1.1689,1.1688,1.1689,15980.0,43
2025-07-15 09:30:00,1.1689,1.1691,1.1689,1.169,31370.8,49
2025-07-15 09:32:00,1.1689,1.169,1.1688,1.169,49036.6,97
2025-07-15 09:34:00,1.1689,1.169,1.1688,1.169,43468.7,93
2025-07-15 09:36:00,1.1689,1.169,1.1688,1.169,44359.4,218
2025-07-15 09:38:00,1.169,1.1692,1.169,1.1691,24145.7,56
2025-07-15 09:40:00,1.1692,1.1693,1.1689,1.169,52016.0,98
2025-07-15 09:42:00,1.1691,1.1691,1.1689,1.169,37214.7,67
2025-07-15 09:44:00,1.1689,1.169,1.1687,1.1687,29680.0,65
2025-07-15 09:46:00,1.1689,1.1689,1.1687,1.1689,21703.0,50
2025-07-15 09:48:00,1.1689,1.169,1.1688,1.1688,22942.5,64
2025-07-15 09:50:00,1.1687,1.1689,1.1687,1.1688,20157.2,61
2025-07-15 09:52:00,1.1687,1.1688,1.1686,1.1686,26347.1,77
2025-07-15 09:54:00,1.1686,1.1689,1.1686,1.1687,23554.5,68
2025-07-15 09:56:00,1.1689,1.1689,1.1687,1.1688,22407.4,67
2025-07-15 09:58:00,1.1688,1.1691,1.1688,1.1691,37097.3,82
2025-07-15 10:00:00,1.169,1.1692,1.1688,1.1692,37746.9,92
2025-07-15 10:02:00,1.1692,1.1694,1.1692,1.1693,36100.3,74
2025-07-15 10:04:00,1.1692,1.1693,1.1691,1.1691,8912.7,41
2025-07-15 10:06:00,1.1692,1.1692,1.1689,1.1689,28311.3,72
2025-07-15 10:08:00,1.169,1.1691,1.1689,1.169,44088.5,119
2025-07-15 10:10:00,1.1689,1.1692,1.1689,1.1689,28361.899999999998,88
2025-07-15 10:12:00,1.169,1.169,1.1689,1.1689,12970.1,38
2025-07-15 10:14:00,1.1689,1.1689,1.1687,1.1687,22618.9,57
2025-07-15 10:16:00,1.1687,1.1688,1.1686,1.1687,17379.9,62
2025-07-15 10:18:00,1.1688,1.1688,1.1686,1.1687,52449.4,118
2025-07-15 10:20:00,1.1687,1.1687,1.1681,1.1685,119166.8,248
2025-07-15 10:22:00,1.1684,1.1686,1.1683,1.1685,47770.1,56
2025-07-15 10:24:00,1.1685,1.1686,1.1684,1.1684,17867.0,48
2025-07-15 10:26:00,1.1685,1.1685,1.1684,1.1684,40823.0,94
2025-07-15 10:28:00,1.1684,1.1685,1.1683,1.1684,24144.1,64
2025-07-15 10:30:00,1.1685,1.1685,1.1683,1.1683,37577.0,227
2025-07-15 10:32:00,1.1684,1.1685,1.1683,1.1683,39063.799999999996,200
2025-07-15 10:34:00,1.1683,1.1684,1.1682,1.1682,46747.5,66
2025-07-15 10:36:00,1.1682,1.1684,1.1682,1.1683,36397.4,104
2025-07-15 10:38:00,1.1683,1.1684,1.1681,1.1682,93917.59999999999,142
2025-07-15 10:40:00,1.1682,1.1682,1.1681,1.1682,35888.2,134
2025-07-15 10:42:00,1.1682,1.1683,1.168,1.1683,81122.9,129
2025-07-15 10:44:00,1.1683,1.1686,1.1682,1.1685,28941.5,61
2025-07-15 10:46:00,1.1685,1.1686,1.1685,1.1685,26381.9,54
2025-07-15 10:48:00,1.1686,1.1686,1.1684,1.1684,20502.8,57
2025-07-15 10:50:00,1.1685,1.1686,1.1684,1.1686,25011.6,138
2025-07-15 10:52:00,1.1686,1.1687,1.1685,1.1687,25321.3,77
2025-07-15 10:54:00,1.1687,1.1687,1.1685,1.1686,32107.4,67
2025-07-15 10:56:00,1.1685,1.1687,1.1685,1.1686,52669.1,71
2025-07-15 10:58:00,1.1686,1.1688,1.1686,1.1686,28882.5,85
2025-07-15 11:00:00,1.1686,1.1687,1.1685,1.1685,11723.4,48
2025-07-15 11:02:00,1.1686,1.1687,1.1685,1.1686,25235.0,78
2025-07-15 11:04:00,1.1687,1.1687,1.1684,1.1685,22516.6,68
2025-07-15 11:06:00,1.1685,1.1686,1.1683,1.1684,82019.2,149
2025-07-15 11:08:00,1.1684,1.1685,1.1682,1.1683,68587.7,221
2025-07-15 11:10:00,1.1682,1.1683,1.1679,1.1679,28821.3,102
2025-07-15 11:12:00,1.168,1.1681,1.1677,1.1679,36948.6,99
2025-07-15 11:14:00,1.1679,1.1679,1.1677,1.1679,14411.1,59
2025-07-15 11:16:00,1.1678,1.168,1.1678,1.168,32376.9,76
2025-07-15 11:18:00,1.168,1.168,1.1679,1.1679,21182.4,70
2025-07-15 11:20:00,1.168,1.168,1.1678,1.1678,24579.3,95
2025-07-15 11:22:00,1.1678,1.1679,1.1676,1.1677,54367.9,75
2025-07-15 11:24:00,1.1678,1.1678,1.1677,1.1678,24133.9,52
2025-07-15 11:26:00,1.1677,1.1677,1.1676,1.1676,60338.4,183
2025-07-15 11:28:00,1.1676,1.1678,1.1676,1.1676,27651.8,72
2025-07-15 11:30:00,1.1676,1.1677,1.1674,1.1676,120820.6,321
2025-07-15 11:32:00,1.1675,1.1676,1.1674,1.1676,46112.4,97
2025-07-15 11:34:00,1.1676,1.1677,1.1675,1.1676,33713.9,130
2025-07-15 11:36:00,1.1677,1.1677,1.1674,1.1674,33765.9,67
2025-07-15 11:38:00,1.1675,1.1675,1.1674,1.1675,14047.5,38
2025-07-15 11:40:00,1.1675,1.1675,1.1674,1.1674,10217.8,38
2025-07-15 11:42:00,1.1675,1.1675,1.1674,1.1675,20797.3,25
2025-07-15 11:44:00,1.1675,1.1675,1.1672,1.1672,30742.899999999998,84
2025-07-15 11:46:00,1.1673,1.1673,1.1672,1.1673,14379.5,35
2025-07-15 11:48:00,1.1673,1.1674,1.1672,1.1673,55664.1,323
2025-07-15 11:50:00,1.1673,1.1676,1.1673,1.1675,24519.4,65
2025-07-15 11:52:00,1.1674,1.1676,1.1674,1.1675,22361.7,79
2025-07-15 11:54:00,1.1676,1.1676,1.1673,1.1673,33960.2,90
2025-07-15 11:56:00,1.1673,1.1675,1.1672,1.1674,20220.6,65
2025-07-15 11:58:00,1.1673,1.1675,1.1672,1.1674,33501.4,89
2025-07-15 12:00:00,1.1675,1.1675,1.1672,1.1674,44303.5,120
2025-07-15 12:02:00,1.1673,1.1673,1.1671,1.1671,9050.1,39
2025-07-15 12:04:00,1.1671,1.1672,1.167,1.1671,31860.4,94
2025-07-15 12:06:00,1.1671,1.1672,1.167,1.167,24483.8,55
2025-07-15 12:08:00,1.167,1.1672,1.1668,1.1668,34417.3,150
2025-07-15 12:10:00,1.1668,1.167,1.1668,1.167,34296.4,82
2025-07-15 12:12:00,1.167,1.1671,1.1669,1.167,15386.5,43
2025-07-15 12:14:00,1.167,1.1671,1.167,1.167,13667.3,46
2025-07-15 12:16:00,1.1671,1.1671,1.1668,1.1669,22101.4,53
2025-07-15 12:18:00,1.167,1.1673,1.1669,1.1672,22275.8,89
2025-07-15 12:20:00,1.1673,1.1673,1.167,1.1671,39853.9,132
2025-07-15 12:22:00,1.1672,1.1674,1.167,1.1671,35337.9,114
2025-07-15 12:24:00,1.1671,1.1672,1.167,1.1671,23566.7,47
2025-07-15 12:26:00,1.167,1.1671,1.1668,1.1668,83211.0,210
2025-07-15 12:28:00,1.1668,1.167,1.1667,1.1667,15735.9,57
2025-07-15 12:30:00,1.1669,1.169,1.1666,1.1686,170518.8,560
2025-07-15 12:32:00,1.1686,1.1688,1.1682,1.1683,85664.5,273
2025-07-15 12:34:00,1.1683,1.1693,1.1683,1.1684,67370.6,199
2025-07-15 12:36:00,1.1684,1.1685,1.1677,1.1678,41582.6,90
2025-07-15 12:38:00,1.1678,1.1678,1.1667,1.1667,24025.4,89
2025-07-15 12:40:00,1.1668,1.167,1.1666,1.1668,51090.1,170
2025-07-15 12:42:00,1.1669,1.1673,1.1667,1.1673,79115.8,143
2025-07-15 12:44:00,1.1672,1.1672,1.1669,1.167,81685.8,130
2025-07-15 12:46:00,1.1672,1.1673,1.1668,1.167,47765.3,109
2025-07-15 12:48:00,1.167,1.1673,1.167,1.1672,42923.6,109
2025-07-15 12:50:00,1.1673,1.1674,1.1671,1.1671,27926.4,63
2025-07-15 12:52:00,1.1673,1.1679,1.1671,1.1678,34813.4,127
2025-07-15 12:54:00,1.1679,1.1685,1.1677,1.1682,35407.8,127
2025-07-15 12:56:00,1.1683,1.1686,1.1682,1.1682,42332.9,124
2025-07-15 12:58:00,1.1682,1.1683,1.168,1.168,44633.1,106
2025-07-15 13:00:00,1.1681,1.1681,1.1677,1.1679,31581.7,119
2025-07-15 13:02:00,1.1679,1.1681,1.1679,1.168,23591.2,56
2025-07-15 13:04:00,1.1679,1.168,1.1677,1.1678,40381.4,98
2025-07-15 13:06:00,1.1677,1.1678,1.1676,1.1677,56778.9,131
2025-07-15 13:08:00,1.1677,1.1677,1.1672,1.1672,80776.59999999999,144
2025-07-15 13:10:00,1.1672,1.1673,1.1668,1.1673,50114.3,137
2025-07-15 13:12:00,1.1673,1.1678,1.1673,1.1678,35611.8,74
2025-07-15 13:14:00,1.1678,1.1678,1.1672,1.1672,78104.1,263
2025-07-15 13:16:00,1.1672,1.1673,1.167,1.1672,83714.0,205
2025-07-15 13:18:00,1.1672,1.1673,1.1666,1.1666,41002.3,122
2025-07-15 13:20:00,1.1667,1.1669,1.1665,1.1668,30272.600000000002,89
2025-07-15 13:22:00,1.1668,1.1669,1.1664,1.1669,59570.1,172
2025-07-15 13:24:00,1.1669,1.167,1.1667,1.1668,27841.8,79
2025-07-15 13:26:00,1.1668,1.167,1.1666,1.1668,39572.0,106
2025-07-15 13:28:00,1.1669,1.1671,1.1668,1.167,20960.2,119
2025-07-15 13:30:00,1.1669,1.1671,1.1666,1.1668,37483.2,119
2025-07-15 13:32:00,1.1668,1.167,1.1663,1.1663,65804.0,166
2025-07-15 13:34:00,1.1664,1.1664,1.1648,1.1648,152282.2,345
2025-07-15 13:36:00,1.1648,1.1655,1.1647,1.1654,67505.6,129
2025-07-15 13:38:00,1.1654,1.1656,1.1652,1.1653,69351.8,104
2025-07-15 13:40:00,1.1652,1.1654,1.1649,1.1654,52866.4,127
2025-07-15 13:42:00,1.1653,1.1654,1.165,1.1653,60473.0,212
2025-07-15 13:44:00,1.1652,1.1654,1.165,1.1651,77537.5,235
2025-07-15 13:46:00,1.1651,1.1653,1.1648,1.1649,61551.3,146
2025-07-15 13:48:00,1.1648,1.1653,1.1648,1.1652,57236.5,127
2025-07-15 13:50:00,1.1652,1.1653,1.1647,1.1647,64115.0,131
2025-07-15 13:52:00,1.1648,1.1649,1.1645,1.1646,75006.1,189
2025-07-15 13:54:00,1.1645,1.1646,1.1643,1.1644,47777.6,97
2025-07-15 13:56:00,1.1644,1.1646,1.1642,1.1645,96537.3,167
2025-07-15 13:58:00,1.1645,1.1646,1.1643,1.1645,89304.1,193
2025-07-15 14:00:00,1.1645,1.1646,1.1635,1.1636,85177.3,199
2025-07-15 14:02:00,1.1636,1.1638,1.1633,1.1635,96341.8,204
2025-07-15 14:04:00,1.1635,1.1637,1.1632,1.1636,64557.3,151
2025-07-15 14:06:00,1.1636,1.1643,1.1635,1.1638,65915.8,167
2025-07-15 14:08:00,1.1639,1.1639,1.1634,1.1637,78891.8,155
2025-07-15 14:10:00,1.1637,1.1639,1.1635,1.1638,71695.7,171
2025-07-15 14:12:00,1.1637,1.1638,1.1633,1.1636,67511.6,228
2025-07-15 14:14:00,1.1637,1.164,1.1636,1.164,57555.2,110
2025-07-15 14:16:00,1.1639,1.164,1.1637,1.1637,82436.1,116
2025-07-15 14:18:00,1.1637,1.1639,1.1635,1.1637,52953.2,124
2025-07-15 14:20:00,1.1636,1.1637,1.1633,1.1635,47809.9,138
2025-07-15 14:22:00,1.1634,1.1635,1.1628,1.1629,50293.1,124
2025-07-15 14:24:00,1.1629,1.1629,1.1626,1.1628,46953.9,110
2025-07-15 14:26:00,1.1628,1.1629,1.1624,1.1625,50969.8,131
2025-07-15 14:28:00,1.1625,1.1627,1.1624,1.1625,41206.2,105
2025-07-15 14:30:00,1.1625,1.1628,1.1623,1.1623,107496.0,133
2025-07-15 14:32:00,1.1623,1.1624,1.1619,1.1621,32901.3,119
2025-07-15 14:34:00,1.1621,1.1625,1.162,1.1622,64516.4,126
2025-07-15 14:36:00,1.1623,1.1623,1.1619,1.1621,59348.7,124
2025-07-15 14:38:00,1.1622,1.1627,1.1621,1.1627,41003.4,109
2025-07-15 14:40:00,1.1626,1.1629,1.1623,1.1625,48369.6,107
2025-07-15 14:42:00,1.1625,1.1626,1.1621,1.1622,58777.0,115
2025-07-15 14:44:00,1.1621,1.1622,1.162,1.1621,30122.2,74
2025-07-15 14:46:00,1.1621,1.1623,1.162,1.1622,35469.3,74
2025-07-15 14:48:00,1.1623,1.1623,1.162,1.1622,35272.3,111
2025-07-15 14:50:00,1.1622,1.1623,1.1618,1.1619,63009.3,131
2025-07-15 14:52:00,1.162,1.1623,1.1618,1.1623,132365.4,172
2025-07-15 14:54:00,1.1622,1.1623,1.1621,1.1623,60723.9,90
2025-07-15 14:56:00,1.1623,1.1624,1.162,1.1621,124166.6,207
2025-07-15 14:58:00,1.1621,1.1625,1.1621,1.1623,40837.7,115
2025-07-15 15:00:00,1.1624,1.1624,1.1621,1.1622,77445.8,144
2025-07-15 15:02:00,1.1622,1.1622,1.1619,1.162,37672.4,84
2025-07-15 15:04:00,1.162,1.1622,1.1618,1.1621,39411.9,104
2025-07-15 15:06:00,1.1621,1.1621,1.1618,1.1621,79344.5,135
2025-07-15 15:08:00,1.162,1.1623,1.162,1.1622,51486.1,99
2025-07-15 15:10:00,1.1621,1.1623,1.162,1.1621,27966.8,61
2025-07-15 15:12:00,1.162,1.1621,1.1618,1.162,59313.7,83
2025-07-15 15:14:00,1.1619,1.1619,1.1617,1.1618,59319.8,131
2025-07-15 15:16:00,1.1619,1.1619,1.1616,1.1617,22883.6,80
2025-07-15 15:18:00,1.1618,1.1618,1.1614,1.1614,31917.9,76
2025-07-15 15:20:00,1.1615,1.1615,1.1613,1.1614,67106.4,112
2025-07-15 15:22:00,1.1615,1.1615,1.1613,1.1615,43793.7,85
2025-07-15 15:24:00,1.1614,1.1615,1.1612,1.1614,59131.6,103
2025-07-15 15:26:00,1.1613,1.1619,1.1612,1.1619,73267.7,131
2025-07-15 15:28:00,1.162,1.162,1.1615,1.1616,83733.4,142
2025-07-15 15:30:00,1.1615,1.1616,1.1612,1.1614,75364.0,138
2025-07-15 15:32:00,1.1613,1.1613,1.1609,1.161,39783.5,127
2025-07-15 15:34:00,1.1609,1.161,1.1607,1.1608,29432.8,121
2025-07-15 15:36:00,1.1608,1.1609,1.1605,1.1609,69687.5,145
2025-07-15 15:38:00,1.1609,1.161,1.1607,1.1609,143737.30000000002,196
2025-07-15 15:40:00,1.1609,1.1611,1.1609,1.161,37554.1,88
2025-07-15 15:42:00,1.161,1.1613,1.1609,1.1613,37583.1,99
2025-07-15 15:44:00,1.1612,1.1614,1.1612,1.1612,48614.5,132
2025-07-15 15:46:00,1.1612,1.1614,1.1611,1.1613,61868.6,123
2025-07-15 15:48:00,1.1612,1.1618,1.1612,1.1617,46712.8,144
2025-07-15 15:50:00,1.1617,1.1618,1.1614,1.1615,62808.4,96
2025-07-15 15:52:00,1.1615,1.1616,1.1613,1.1616,40903.0,94
2025-07-15 15:54:00,1.1616,1.1617,1.1615,1.1616,32603.2,72
2025-07-15 15:56:00,1.1617,1.162,1.1615,1.1619,29049.3,75
2025-07-15 15:58:00,1.162,1.1621,1.1619,1.162,26108.4,55
2025-07-15 16:00:00,1.162,1.1622,1.162,1.1621,16910.3,62
2025-07-15 16:02:00,1.1621,1.1623,1.1619,1.162,44968.7,167
2025-07-15 16:04:00,1.1619,1.1619,1.1617,1.1619,35728.7,121
2025-07-15 16:06:00,1.1619,1.1619,1.1615,1.1615,21611.2,54
2025-07-15 16:08:00,1.1615,1.1615,1.1612,1.1613,47664.6,113
2025-07-15 16:10:00,1.1614,1.1615,1.1613,1.1615,18960.4,78
2025-07-15 16:12:00,1.1614,1.1614,1.1612,1.1612,44835.0,103
2025-07-15 16:14:00,1.1613,1.1614,1.1612,1.1614,27839.3,70
2025-07-15 16:16:00,1.1614,1.1617,1.1614,1.1617,27455.4,58
2025-07-15 16:18:00,1.1616,1.1618,1.1614,1.1615,27074.0,76
2025-07-15 16:20:00,1.1614,1.1616,1.1611,1.1613,90089.7,144
2025-07-15 16:22:00,1.1612,1.1613,1.161,1.1611,29965.8,73
2025-07-15 16:24:00,1.1611,1.1611,1.1609,1.1609,22158.5,76
2025-07-15 16:26:00,1.1609,1.1609,1.1608,1.1608,32634.5,124
2025-07-15 16:28:00,1.1608,1.1609,1.1607,1.1608,34514.2,77
2025-07-15 16:30:00,1.1609,1.1609,1.1607,1.1609,13792.300000000001,29
2025-07-15 16:32:00,1.1608,1.1609,1.1606,1.1607,19017.3,50
2025-07-15 16:34:00,1.1607,1.1608,1.1606,1.1608,15916.4,54
2025-07-15 16:36:00,1.1608,1.1608,1.1604,1.1605,28389.9,87
2025-07-15 16:38:00,1.1605,1.1605,1.1603,1.1605,34877.6,74
2025-07-15 16:40:00,1.1604,1.1606,1.1603,1.1606,84501.5,117
2025-07-15 16:42:00,1.1606,1.1606,1.1603,1.1605,26171.3,57
2025-07-15 16:44:00,1.1604,1.1605,1.1603,1.1604,43547.8,106
2025-07-15 16:46:00,1.1603,1.1605,1.1602,1.1604,39049.9,83
2025-07-15 16:48:00,1.1605,1.1605,1.1602,1.1602,20030.2,86
2025-07-15 16:50:00,1.1603,1.1603,1.1601,1.1602,40357.4,107
2025-07-15 16:52:00,1.1602,1.1604,1.1602,1.1602,84321.8,123
2025-07-15 16:54:00,1.1603,1.1604,1.1601,1.1604,21900.4,69
2025-07-15 16:56:00,1.1603,1.1604,1.1601,1.1601,28252.5,136
2025-07-15 16:58:00,1.1602,1.1602,1.1599,1.1602,42594.7,120
2025-07-15 17:00:00,1.1603,1.1604,1.1601,1.1601,30034.1,89
2025-07-15 17:02:00,1.1602,1.1602,1.16,1.16,14629.5,66
2025-07-15 17:04:00,1.16,1.1602,1.1599,1.1601,32227.4,72
2025-07-15 17:06:00,1.1602,1.1602,1.1599,1.1601,21751.1,68
2025-07-15 17:08:00,1.1601,1.1601,1.1599,1.1599,26573.2,86
2025-07-15 17:10:00,1.1598,1.1601,1.1598,1.16,24932.7,86
2025-07-15 17:12:00,1.1601,1.1603,1.16,1.1602,21411.0,51
2025-07-15 17:14:00,1.1602,1.1603,1.16,1.16,22387.2,75
2025-07-15 17:16:00,1.1602,1.1602,1.16,1.1601,26372.8,77
2025-07-15 17:18:00,1.1601,1.1605,1.16,1.1603,42525.8,84
2025-07-15 17:20:00,1.1603,1.1605,1.1603,1.1605,35954.9,87
2025-07-15 17:22:00,1.1605,1.1605,1.1604,1.1604,39532.4,125
2025-07-15 17:24:00,1.1604,1.1606,1.1604,1.1604,18087.5,83
2025-07-15 17:26:00,1.1604,1.1605,1.16,1.1601,31515.3,85
2025-07-15 17:28:00,1.16,1.1601,1.1599,1.16,46058.8,117
2025-07-15 17:30:00,1.16,1.1602,1.1599,1.1601,31536.3,87
2025-07-15 17:32:00,1.1601,1.1602,1.16,1.1601,22048.7,65
2025-07-15 17:34:00,1.1601,1.1602,1.16,1.1602,25594.3,82
2025-07-15 17:36:00,1.1601,1.1603,1.1601,1.1602,20391.9,65
2025-07-15 17:38:00,1.1602,1.1604,1.1601,1.1602,33194.1,116
2025-07-15 17:40:00,1.1602,1.1603,1.1601,1.1602,41521.6,140
2025-07-15 17:42:00,1.1602,1.1603,1.16,1.1601,37680.3,78
2025-07-15 17:44:00,1.1601,1.1603,1.1601,1.1601,55768.8,106
2025-07-15 17:46:00,1.1602,1.1604,1.1601,1.1603,37792.9,114
2025-07-15 17:48:00,1.1602,1.1603,1.1601,1.1602,36850.4,101
2025-07-15 17:50:00,1.1601,1.1602,1.16,1.16,20358.2,90
2025-07-15 17:52:00,1.1601,1.1602,1.16,1.1602,27222.1,84
2025-07-15 17:54:00,1.1601,1.1603,1.1601,1.1602,32458.9,153
2025-07-15 17:56:00,1.1602,1.1602,1.16,1.1601,32321.3,77
2025-07-15 17:58:00,1.1601,1.1602,1.16,1.1602,27162.3,75
2025-07-15 18:00:00,1.1602,1.1603,1.1601,1.1602,33655.6,93
2025-07-15 18:02:00,1.1603,1.1604,1.16,1.1602,181606.30000000002,169
2025-07-15 18:04:00,1.1602,1.1603,1.1601,1.1603,48059.6,89
2025-07-15 18:06:00,1.1603,1.1604,1.1602,1.1604,39614.9,110
2025-07-15 18:08:00,1.1603,1.1606,1.1603,1.1606,33204.4,93
2025-07-15 18:10:00,1.1606,1.1607,1.1604,1.1607,33399.2,44
2025-07-15 18:12:00,1.1606,1.1607,1.1606,1.1607,15053.0,40
2025-07-15 18:14:00,1.1607,1.1608,1.1606,1.1606,18872.0,45
2025-07-15 18:16:00,1.1606,1.1608,1.1606,1.1607,19103.0,52
2025-07-15 18:18:00,1.1608,1.1608,1.1605,1.1606,34158.7,74
2025-07-15 18:20:00,1.1605,1.1605,1.1604,1.1605,19728.1,53
2025-07-15 18:22:00,1.1604,1.1606,1.1604,1.1605,24159.6,47
2025-07-15 18:24:00,1.1605,1.1606,1.1604,1.1605,26217.3,64
2025-07-15 18:26:00,1.1604,1.1606,1.1604,1.1605,56285.5,166
2025-07-15 18:28:00,1.1604,1.1605,1.1603,1.1604,25539.2,71
2025-07-15 18:30:00,1.1603,1.1606,1.1603,1.1604,40172.9,113
2025-07-15 18:32:00,1.1605,1.1606,1.1604,1.1604,66763.4,203
2025-07-15 18:34:00,1.1605,1.1606,1.1604,1.1604,40139.3,112
2025-07-15 18:36:00,1.1605,1.1606,1.1603,1.1605,58510.1,168
2025-07-15 18:38:00,1.1604,1.1607,1.1604,1.1606,44000.3,122
2025-07-15 18:40:00,1.1607,1.1608,1.1606,1.1606,22443.1,81
2025-07-15 18:42:00,1.1606,1.1607,1.1605,1.1606,17671.4,68
2025-07-15 18:44:00,1.1607,1.1609,1.1606,1.1607,46214.8,94
2025-07-15 18:46:00,1.1607,1.161,1.1607,1.1608,32438.9,85
2025-07-15 18:48:00,1.1608,1.161,1.1608,1.1609,19769.9,76
2025-07-15 18:50:00,1.1609,1.161,1.1608,1.1609,30946.3,53
2025-07-15 18:52:00,1.1609,1.1609,1.1607,1.1608,24253.399999999998,57
2025-07-15 18:54:00,1.1607,1.1609,1.1607,1.1607,18625.8,61
2025-07-15 18:56:00,1.1609,1.161,1.1607,1.161,24582.2,86
2025-07-15 18:58:00,1.1609,1.161,1.1608,1.1608,26957.9,77
2025-07-15 19:00:00,1.1608,1.1609,1.1608,1.1608,30791.100000000002,96
2025-07-15 19:02:00,1.1608,1.1609,1.1607,1.1607,20645.0,64
2025-07-15 19:04:00,1.1607,1.1609,1.1607,1.1607,33209.0,90
2025-07-15 19:06:00,1.1607,1.1609,1.1607,1.1609,21780.6,77
2025-07-15 19:08:00,1.1609,1.1609,1.1606,1.1607,18563.9,101
2025-07-15 19:10:00,1.1608,1.1608,1.1606,1.1607,23312.0,88
2025-07-15 19:12:00,1.1606,1.1608,1.1605,1.1606,30042.7,86
2025-07-15 19:14:00,1.1606,1.1606,1.1604,1.1605,16018.1,64
2025-07-15 19:16:00,1.1605,1.1606,1.1604,1.1605,20233.8,61
2025-07-15 19:18:00,1.1605,1.1606,1.1605,1.1606,10612.6,48
2025-07-15 19:20:00,1.1606,1.1607,1.1604,1.1604,35807.0,106
2025-07-15 19:22:00,1.1604,1.1606,1.1603,1.1604,26590.1,169
2025-07-15 19:24:00,1.1604,1.1605,1.1603,1.1605,16311.9,81
2025-07-15 19:26:00,1.1604,1.1606,1.1603,1.1604,25751.7,91
2025-07-15 19:28:00,1.1604,1.1606,1.1604,1.1605,14020.0,57
2025-07-15 19:30:00,1.1605,1.1606,1.1604,1.1606,20484.9,84
2025-07-15 19:32:00,1.1606,1.1606,1.1603,1.1606,27324.5,110
2025-07-15 19:34:00,1.1606,1.1606,1.1604,1.1605,10499.6,47
2025-07-15 19:36:00,1.1604,1.1606,1.1604,1.1606,26847.3,71
2025-07-15 19:38:00,1.1606,1.1607,1.1605,1.1605,33321.8,125
2025-07-15 19:40:00,1.1605,1.1606,1.1604,1.1605,36544.8,77
2025-07-15 19:42:00,1.1605,1.1607,1.1605,1.1606,43802.0,94
2025-07-15 19:44:00,1.1606,1.1606,1.1603,1.1605,33700.3,82
2025-07-15 19:46:00,1.1603,1.1604,1.1603,1.1604,13549.9,56
2025-07-15 19:48:00,1.1604,1.1604,1.1602,1.1603,17627.3,79
2025-07-15 19:50:00,1.1602,1.1605,1.1602,1.1603,14192.6,44
2025-07-15 19:52:00,1.1603,1.1604,1.1603,1.1603,15747.0,41
2025-07-15 19:54:00,1.1604,1.1606,1.1604,1.1606,20665.1,46
2025-07-15 19:56:00,1.1605,1.1606,1.1604,1.1604,22839.5,61
2025-07-15 19:58:00,1.1605,1.1605,1.1603,1.1605,28125.7,73
2025-07-15 20:00:00,1.1604,1.1606,1.1604,1.1606,33644.0,72
2025-07-15 20:02:00,1.1607,1.1608,1.1606,1.1607,21971.9,63
2025-07-15 20:04:00,1.1607,1.1608,1.1606,1.1608,36651.7,75
2025-07-15 20:06:00,1.1608,1.1609,1.1606,1.1608,28985.9,47
2025-07-15 20:08:00,1.1608,1.1608,1.1606,1.1607,21440.2,59
2025-07-15 20:10:00,1.1607,1.1608,1.1607,1.1608,15604.6,54
2025-07-15 20:12:00,1.1608,1.1608,1.1606,1.1608,6261.299999999999,17
2025-07-15 20:14:00,1.1608,1.1609,1.1606,1.1609,26907.2,52
2025-07-15 20:16:00,1.1609,1.1609,1.1606,1.1607,26233.8,64
2025-07-15 20:18:00,1.1607,1.1608,1.1606,1.1607,13689.7,67
2025-07-15 20:20:00,1.1608,1.1608,1.1607,1.1607,17728.5,50
2025-07-15 20:22:00,1.1608,1.1608,1.1606,1.1608,26818.9,67
2025-07-15 20:24:00,1.1607,1.1608,1.1606,1.1608,22632.1,65
2025-07-15 20:26:00,1.1608,1.1609,1.1607,1.1608,21300.0,60
2025-07-15 20:28:00,1.1607,1.1609,1.1606,1.1607,31454.3,116
2025-07-15 20:30:00,1.1608,1.1609,1.1607,1.1609,23909.6,61
2025-07-15 20:32:00,1.1608,1.1609,1.1607,1.1607,53330.9,71
2025-07-15 20:34:00,1.1608,1.1609,1.1607,1.1608,8630.6,38
2025-07-15 20:36:00,1.1608,1.1609,1.1607,1.1609,14806.3,62
2025-07-15 20:38:00,1.1609,1.161,1.1608,1.161,11345.0,58
2025-07-15 20:40:00,1.1609,1.161,1.1608,1.1608,9909.0,51
2025-07-15 20:42:00,1.1608,1.161,1.1608,1.161,12977.6,46
2025-07-15 20:44:00,1.1609,1.161,1.1608,1.1608,19680.6,75
2025-07-15 20:46:00,1.1609,1.1609,1.1607,1.1609,13412.5,50
2025-07-15 20:48:00,1.1607,1.1609,1.1607,1.1608,10555.4,53
2025-07-15 20:50:00,1.1609,1.161,1.1607,1.1608,12381.9,45
2025-07-15 20:52:00,1.1609,1.1609,1.1607,1.1608,12150.3,51
2025-07-15 20:54:00,1.1608,1.161,1.1608,1.161,4780.0,23
2025-07-15 20:56:00,1.161,1.1611,1.1609,1.161,6868.6,31
2025-07-15 20:58:00,1.161,1.161,1.1607,1.1607,31921.1,38
2025-07-15 21:00:00,1.1608,1.161,1.1608,1.161,10926.1,39
2025-07-15 21:02:00,1.1611,1.1611,1.1609,1.161,15501.9,34
2025-07-15 21:04:00,1.161,1.161,1.1607,1.1608,7269.8,27
2025-07-15 21:06:00,1.1607,1.1608,1.1607,1.1608,5600.0,28
2025-07-15 21:08:00,1.1608,1.1608,1.1607,1.1607,8534.5,33
2025-07-15 21:10:00,1.1608,1.1608,1.1607,1.1608,11236.5,41
2025-07-15 21:12:00,1.1608,1.1608,1.1607,1.1608,7336.2,28
2025-07-15 21:14:00,1.1608,1.1608,1.1606,1.1608,6284.0,39
2025-07-15 21:16:00,1.1608,1.1608,1.1606,1.1606,9825.7,36
2025-07-15 21:18:00,1.1607,1.1608,1.1607,1.1608,7815.0,39
2025-07-15 21:20:00,1.1608,1.1608,1.1607,1.1608,7381.0,33
2025-07-15 21:22:00,1.1608,1.1609,1.1607,1.1608,10247.3,49
2025-07-15 21:24:00,1.1609,1.1609,1.1607,1.1607,13137.0,72
2025-07-15 21:26:00,1.1609,1.1609,1.1607,1.1607,6537.6,51
2025-07-15 21:28:00,1.1608,1.1608,1.1607,1.1608,3827.6,28
2025-07-15 21:30:00,1.1608,1.1609,1.1607,1.1609,13040.5,43
2025-07-15 21:32:00,1.1608,1.1609,1.1607,1.1608,16376.4,66
2025-07-15 21:34:00,1.1609,1.1609,1.1608,1.1608,7281.2,31
2025-07-15 21:36:00,1.1609,1.1609,1.1607,1.1609,16950.5,47
2025-07-15 21:38:00,1.1609,1.1609,1.1607,1.1609,13777.1,49
2025-07-15 21:40:00,1.1609,1.161,1.1607,1.1609,25636.8,104
2025-07-15 21:42:00,1.1609,1.161,1.1608,1.1608,16879.8,80
2025-07-15 21:44:00,1.1609,1.161,1.1608,1.1608,37846.2,77
2025-07-15 21:46:00,1.1609,1.161,1.1608,1.1609,18058.8,70
2025-07-15 21:48:00,1.1608,1.1609,1.1608,1.1609,5962.0,41
2025-07-15 21:50:00,1.1608,1.1609,1.1608,1.1609,5764.8,35
2025-07-15 21:52:00,1.1608,1.1609,1.1607,1.1608,53575.1,46
2025-07-15 21:54:00,1.1608,1.1609,1.1605,1.1607,114752.8,53
2025-07-15 21:56:00,1.1609,1.1609,1.1607,1.1609,16278.800000000001,48
2025-07-15 21:58:00,1.1609,1.1609,1.1607,1.1607,8417.4,32
2025-07-15 22:00:00,1.1608,1.1609,1.1605,1.1608,76252.2,116
2025-07-15 22:02:00,1.1608,1.1609,1.1606,1.1607,15319.0,59
2025-07-15 22:04:00,1.1607,1.1608,1.1607,1.1608,49215.1,57
2025-07-15 22:06:00,1.1607,1.1608,1.1607,1.1608,5921.2,24
2025-07-15 22:08:00,1.1607,1.1608,1.1607,1.1608,13034.8,32
2025-07-15 22:10:00,1.1607,1.1609,1.1607,1.1608,19953.1,57
2025-07-15 22:12:00,1.1609,1.1609,1.1608,1.1608,10752.5,42
2025-07-15 22:14:00,1.1609,1.161,1.1607,1.1609,28832.9,72
2025-07-15 22:16:00,1.1608,1.161,1.1608,1.161,20305.5,50
2025-07-15 22:18:00,1.161,1.161,1.1609,1.161,15915.300000000001,45
2025-07-15 22:20:00,1.161,1.161,1.1608,1.1609,6696.9,41
2025-07-15 22:22:00,1.161,1.161,1.1609,1.161,21705.3,49
2025-07-15 22:24:00,1.1609,1.161,1.1609,1.1609,3706.8,30
2025-07-15 22:26:00,1.1609,1.161,1.1609,1.161,3852.1,26
2025-07-15 22:28:00,1.1609,1.161,1.1609,1.1609,11837.6,24
2025-07-15 22:30:00,1.161,1.161,1.1609,1.161,6411.2,14
2025-07-15 22:32:00,1.161,1.161,1.1609,1.161,5009.2,22
2025-07-15 22:34:00,1.1609,1.1611,1.1609,1.1611,12135.5,20
2025-07-15 22:36:00,1.1611,1.1611,1.161,1.1611,17461.1,25
2025-07-15 22:38:00,1.1611,1.1612,1.1611,1.1611,56621.6,23
2025-07-15 22:40:00,1.1611,1.1611,1.1609,1.1609,9232.0,39
2025-07-15 22:42:00,1.161,1.1611,1.1609,1.1611,28521.9,66
2025-07-15 22:44:00,1.1611,1.1612,1.1611,1.1612,56587.6,49
2025-07-15 22:46:00,1.1612,1.1613,1.1611,1.1612,63759.49999999999,32
2025-07-15 22:48:00,1.1611,1.1612,1.161,1.1611,16180.9,33
2025-07-15 22:50:00,1.1611,1.1612,1.161,1.1612,15023.1,27
2025-07-15 22:52:00,1.1612,1.1612,1.1611,1.1612,23776.8,52
2025-07-15 22:54:00,1.1611,1.1612,1.1611,1.1611,15565.4,24
2025-07-15 22:56:00,1.1612,1.1613,1.1611,1.1611,11461.6,48
2025-07-15 22:58:00,1.1612,1.1613,1.1611,1.1613,7616.8,40
2025-07-15 23:00:00,1.1612,1.1614,1.1611,1.1611,71380.6,156
2025-07-15 23:02:00,1.1611,1.1613,1.161,1.1612,50974.1,93
2025-07-15 23:04:00,1.1611,1.1613,1.1611,1.1613,24505.399999999998,90
2025-07-15 23:06:00,1.1612,1.1612,1.1611,1.1611,17602.600000000002,44
2025-07-15 23:08:00,1.1612,1.1613,1.1611,1.1613,23130.2,56
2025-07-15 23:10:00,1.1612,1.1614,1.1612,1.1612,24012.8,83
2025-07-15 23:12:00,1.1612,1.1613,1.1611,1.1612,19058.7,48
2025-07-15 23:14:00,1.1613,1.1614,1.1611,1.1612,31002.1,43
2025-07-15 23:16:00,1.1612,1.1614,1.1612,1.1612,12051.8,44
2025-07-15 23:18:00,1.1612,1.1614,1.1612,1.1613,8087.5,41
2025-07-15 23:20:00,1.1614,1.1615,1.1614,1.1614,15637.2,49
2025-07-15 23:22:00,1.1614,1.1615,1.1613,1.1615,18650.3,45
2025-07-15 23:24:00,1.1614,1.1617,1.1614,1.1616,35127.2,73
2025-07-15 23:26:00,1.1616,1.1616,1.1614,1.1614,28033.6,55
2025-07-15 23:28:00,1.1614,1.1616,1.1613,1.1613,27483.0,69
2025-07-15 23:30:00,1.1614,1.1615,1.1613,1.1613,10611.4,28
2025-07-15 23:32:00,1.1614,1.1615,1.1613,1.1613,13236.0,37
2025-07-15 23:34:00,1.1613,1.1614,1.1613,1.1614,12167.5,42
2025-07-15 23:36:00,1.1615,1.1616,1.1613,1.1615,9853.0,24
2025-07-15 23:38:00,1.1615,1.1615,1.1614,1.1615,11274.6,25
2025-07-15 23:40:00,1.1614,1.1615,1.1613,1.1613,18622.2,51
2025-07-15 23:42:00,1.1614,1.1614,1.1613,1.1614,6701.4,41
2025-07-15 23:44:00,1.1613,1.1614,1.1613,1.1613,9418.0,42
2025-07-15 23:46:00,1.1613,1.1613,1.1612,1.1613,36481.5,39
2025-07-15 23:48:00,1.1612,1.1613,1.1612,1.1613,4244.599999999999,31
2025-07-15 23:50:00,1.1612,1.1613,1.1612,1.1612,4064.1,26
2025-07-15 23:52:00,1.1613,1.1614,1.1612,1.1614,11397.1,39
2025-07-15 23:54:00,1.1614,1.1614,1.1613,1.1613,9089.3,38
2025-07-15 23:56:00,1.1613,1.1615,1.1612,1.1614,6482.9,24
2025-07-15 23:58:00,1.1614,1.1615,1.1613,1.1613,4584.8,25
2025-07-16 00:00:00,1.1613,1.1615,1.1613,1.1614,18494.6,87
2025-07-16 00:02:00,1.1613,1.1614,1.1613,1.1614,6949.8,29
2025-07-16 00:04:00,1.1614,1.1614,1.1612,1.1613,23820.5,105
2025-07-16 00:06:00,1.1613,1.1614,1.1612,1.1613,9970.9,31
2025-07-16 00:08:00,1.1613,1.1614,1.1612,1.1613,10500.6,41
2025-07-16 00:10:00,1.1613,1.1613,1.161,1.161,24612.9,93
2025-07-16 00:12:00,1.161,1.1611,1.1609,1.1609,21946.4,110
2025-07-16 00:14:00,1.1609,1.1611,1.1608,1.1611,12480.4,57
2025-07-16 00:16:00,1.1611,1.1611,1.1609,1.1611,4689.2,39
2025-07-16 00:18:00,1.161,1.1611,1.161,1.1611,4180.900000000001,16
2025-07-16 00:20:00,1.161,1.1611,1.1609,1.1611,8773.8,29
2025-07-16 00:22:00,1.161,1.1611,1.1609,1.1611,4942.3,25
2025-07-16 00:24:00,1.161,1.1613,1.1609,1.1613,15598.3,37
2025-07-16 00:26:00,1.1613,1.1614,1.1612,1.1612,11712.9,50
2025-07-16 00:28:00,1.1614,1.1614,1.1612,1.1613,16292.0,53
2025-07-16 00:30:00,1.1614,1.1614,1.1611,1.1611,40238.8,218
2025-07-16 00:32:00,1.1612,1.1614,1.1612,1.1612,17919.3,46
2025-07-16 00:34:00,1.1613,1.1613,1.1612,1.1612,32593.9,56
2025-07-16 00:36:00,1.1613,1.1616,1.1612,1.1616,15142.6,37
2025-07-16 00:38:00,1.1617,1.1619,1.1615,1.1619,18645.8,49
2025-07-16 00:40:00,1.1618,1.162,1.1617,1.1618,23382.8,58
2025-07-16 00:42:00,1.1618,1.162,1.1618,1.162,16686.3,49
2025-07-16 00:44:00,1.162,1.1621,1.1619,1.162,9235.699999999999,32
2025-07-16 00:46:00,1.162,1.1621,1.1618,1.162,23127.6,74
2025-07-16 00:48:00,1.162,1.1621,1.1617,1.1618,23551.3,210
2025-07-16 00:50:00,1.1618,1.1619,1.1617,1.1618,11632.7,57
2025-07-16 00:52:00,1.1618,1.1621,1.1617,1.162,11121.300000000001,24
2025-07-16 00:54:00,1.162,1.162,1.1615,1.1617,59018.1,369
2025-07-16 00:56:00,1.1616,1.1617,1.1616,1.1616,13298.1,38
2025-07-16 00:58:00,1.1617,1.1617,1.1615,1.1616,6083.2,22
2025-07-16 01:00:00,1.1616,1.1616,1.1615,1.1615,18410.1,116
2025-07-16 01:02:00,1.1615,1.1616,1.1614,1.1615,19708.5,38
2025-07-16 01:04:00,1.1615,1.1615,1.1614,1.1614,22246.2,31
2025-07-16 01:06:00,1.1615,1.1616,1.1614,1.1615,10796.4,40
2025-07-16 01:08:00,1.1616,1.1616,1.1615,1.1615,9027.1,32
2025-07-16 01:10:00,1.1616,1.1617,1.1615,1.1617,14644.300000000001,37
2025-07-16 01:12:00,1.1616,1.1618,1.1616,1.1618,15366.7,50
2025-07-16 01:14:00,1.1618,1.1619,1.1617,1.1618,18868.9,55
2025-07-16 01:16:00,1.1617,1.1618,1.1617,1.1618,8312.5,29
2025-07-16 01:18:00,1.1617,1.1619,1.1617,1.1619,2860.1,16
2025-07-16 01:20:00,1.1619,1.162,1.1618,1.1618,5970.900000000001,21
2025-07-16 01:22:00,1.1619,1.1621,1.1619,1.1621,3113.5,20
2025-07-16 01:24:00,1.162,1.1621,1.1619,1.162,14377.800000000001,44
2025-07-16 01:26:00,1.162,1.162,1.1619,1.162,3995.4,22
2025-07-16 01:28:00,1.162,1.162,1.1618,1.1618,14299.4,31
2025-07-16 01:30:00,1.1619,1.162,1.1618,1.162,7287.2,37
2025-07-16 01:32:00,1.162,1.1621,1.1619,1.162,15232.7,40
2025-07-16 01:34:00,1.1619,1.1622,1.1619,1.1621,6598.1,31
2025-07-16 01:36:00,1.1621,1.1622,1.162,1.1622,5023.9,32
2025-07-16 01:38:00,1.1621,1.1622,1.162,1.1621,10144.3,31
2025-07-16 01:40:00,1.1622,1.1622,1.162,1.1621,3145.1000000000004,11
2025-07-16 01:42:00,1.1622,1.1622,1.162,1.162,8653.0,33
2025-07-16 01:44:00,1.162,1.1621,1.1619,1.1621,17753.6,48
2025-07-16 01:46:00,1.162,1.1621,1.1619,1.1619,4711.4,26
2025-07-16 01:48:00,1.162,1.162,1.1618,1.162,9485.9,28
2025-07-16 01:50:00,1.162,1.1622,1.162,1.1622,13305.3,62
2025-07-16 01:52:00,1.1622,1.1622,1.1621,1.1621,4437.2,25
2025-07-16 01:54:00,1.1621,1.1622,1.1621,1.1621,10057.1,28
2025-07-16 01:56:00,1.1621,1.1622,1.162,1.1621,19395.6,31
2025-07-16 01:58:00,1.1621,1.1622,1.162,1.1621,14118.8,33
2025-07-16 02:00:00,1.1621,1.1622,1.1619,1.162,24847.3,114
2025-07-16 02:02:00,1.1619,1.162,1.1618,1.1619,15683.8,56
2025-07-16 02:04:00,1.1618,1.162,1.1617,1.1618,16867.2,32
2025-07-16 02:06:00,1.1618,1.1618,1.1617,1.1618,35545.5,97
2025-07-16 02:08:00,1.1618,1.1619,1.1617,1.1617,19188.8,19
2025-07-16 02:10:00,1.1618,1.1618,1.1617,1.1617,7621.0,24
2025-07-16 02:12:00,1.1617,1.1618,1.1617,1.1617,14238.3,31
2025-07-16 02:14:00,1.1617,1.1619,1.1617,1.1618,12983.1,41
2025-07-16 02:16:00,1.1618,1.1619,1.1617,1.1617,23693.7,60
2025-07-16 02:18:00,1.1618,1.1619,1.1616,1.1619,35379.9,90
2025-07-16 02:20:00,1.1619,1.1619,1.1618,1.1618,9782.7,47
2025-07-16 02:22:00,1.1618,1.1619,1.1617,1.1617,15136.3,50
2025-07-16 02:24:00,1.1617,1.1617,1.1616,1.1616,2765.0,14
2025-07-16 02:26:00,1.1617,1.1617,1.1616,1.1617,9190.9,27
2025-07-16 02:28:00,1.1617,1.1617,1.1616,1.1617,12025.6,25
2025-07-16 02:30:00,1.1617,1.1617,1.1615,1.1616,54847.2,252
2025-07-16 02:32:00,1.1616,1.1617,1.1615,1.1617,9867.3,33
2025-07-16 02:34:00,1.1617,1.1617,1.1616,1.1617,10313.6,33
2025-07-16 02:36:00,1.1616,1.1617,1.1615,1.1616,21015.2,49
2025-07-16 02:38:00,1.1616,1.1617,1.1615,1.1616,30461.9,101
2025-07-16 02:40:00,1.1616,1.1617,1.1614,1.1616,17677.6,70
2025-07-16 02:42:00,1.1616,1.1618,1.1616,1.1616,15995.6,42
2025-07-16 02:44:00,1.1617,1.1617,1.1616,1.1617,7009.4,22
2025-07-16 02:46:00,1.1617,1.1617,1.1615,1.1615,4132.5,13
2025-07-16 02:48:00,1.1616,1.1617,1.1615,1.1617,6767.5,33
2025-07-16 02:50:00,1.1617,1.1617,1.1616,1.1616,7162.2,20
2025-07-16 02:52:00,1.1616,1.1616,1.1616,1.1616,2975.5,16
2025-07-16 02:54:00,1.1616,1.1617,1.1615,1.1617,5561.6,18
2025-07-16 02:56:00,1.1616,1.1616,1.1615,1.1615,3456.0,18
2025-07-16 02:58:00,1.1615,1.1616,1.1615,1.1615,9604.6,37
2025-07-16 03:00:00,1.1615,1.1618,1.1615,1.1617,6826.2,29
2025-07-16 03:02:00,1.1617,1.1619,1.1617,1.1619,9718.6,48
2025-07-16 03:04:00,1.1619,1.162,1.1619,1.1619,3902.9,23
2025-07-16 03:06:00,1.1619,1.162,1.1619,1.1619,6268.4,29
2025-07-16 03:08:00,1.1619,1.162,1.1618,1.1618,10756.0,42
2025-07-16 03:10:00,1.1619,1.162,1.1618,1.1619,13806.8,38
2025-07-16 03:12:00,1.1619,1.162,1.1619,1.1619,3197.3,15
2025-07-16 03:14:00,1.162,1.162,1.1619,1.162,1811.9999999999998,10
2025-07-16 03:16:00,1.1619,1.1621,1.1619,1.1621,2328.8,6
2025-07-16 03:18:00,1.162,1.1621,1.162,1.1621,3405.4,11
2025-07-16 03:20:00,1.162,1.1621,1.162,1.1621,949.9,7
2025-07-16 03:22:00,1.1621,1.1622,1.162,1.1622,4782.7,26
2025-07-16 03:24:00,1.1622,1.1622,1.1621,1.1622,9120.7,22
2025-07-16 03:26:00,1.1622,1.1622,1.1622,1.1622,4258.0,14
2025-07-16 03:28:00,1.1623,1.1623,1.1621,1.1622,7964.5,41
2025-07-16 03:30:00,1.1622,1.1622,1.1621,1.1622,3021.2,25
2025-07-16 03:32:00,1.1621,1.1622,1.162,1.162,2878.7,13
2025-07-16 03:34:00,1.1621,1.1621,1.1619,1.1619,1716.7,9
2025-07-16 03:36:00,1.1619,1.1619,1.1617,1.1617,5446.599999999999,38
2025-07-16 03:38:00,1.1617,1.1619,1.1617,1.1619,10540.3,25
2025-07-16 03:40:00,1.1619,1.1619,1.1617,1.1617,4454.5,24
2025-07-16 03:42:00,1.1617,1.1618,1.1616,1.1618,5001.9,17
2025-07-16 03:44:00,1.1617,1.1617,1.1616,1.1616,10507.0,28
2025-07-16 03:46:00,1.1617,1.1618,1.1613,1.1613,8770.2,33
2025-07-16 03:48:00,1.1614,1.1615,1.1614,1.1615,3830.9,23
2025-07-16 03:50:00,1.1614,1.1615,1.1614,1.1615,4969.6,25
2025-07-16 03:52:00,1.1615,1.1617,1.1615,1.1616,2078.0,17
2025-07-16 03:54:00,1.1616,1.1617,1.1616,1.1616,9399.9,23
2025-07-16 03:56:00,1.1616,1.1617,1.1616,1.1617,8346.9,35
2025-07-16 03:58:00,1.1617,1.1618,1.1616,1.1616,5023.2,21
2025-07-16 04:00:00,1.1617,1.1619,1.1617,1.1617,24956.4,31
2025-07-16 04:02:00,1.1618,1.1619,1.1616,1.1617,18951.8,31
2025-07-16 04:04:00,1.1617,1.1618,1.1617,1.1618,3894.7,22
2025-07-16 04:06:00,1.1618,1.1619,1.1618,1.1619,8382.0,17
2025-07-16 04:08:00,1.1619,1.1619,1.1618,1.1619,3906.7,18
2025-07-16 04:10:00,1.1618,1.1619,1.1618,1.1619,8004.0,32
2025-07-16 04:12:00,1.1618,1.1619,1.1618,1.1619,11065.9,31
2025-07-16 04:14:00,1.1619,1.1619,1.1617,1.1617,10028.4,29
2025-07-16 04:16:00,1.1617,1.1619,1.1617,1.1619,6654.9,26
2025-07-16 04:18:00,1.1619,1.1619,1.1617,1.1617,7548.7,16
2025-07-16 04:20:00,1.1617,1.1618,1.1617,1.1617,4014.2,31
2025-07-16 04:22:00,1.1618,1.1618,1.1617,1.1618,2446.8,20
2025-07-16 04:24:00,1.1619,1.1619,1.1618,1.1619,3513.4,21
2025-07-16 04:26:00,1.1619,1.1621,1.1618,1.1621,5778.1,25
2025-07-16 04:28:00,1.1621,1.1621,1.162,1.1621,3787.8,13
2025-07-16 04:30:00,1.1621,1.1621,1.162,1.162,2597.8,11
2025-07-16 04:32:00,1.162,1.1621,1.162,1.162,3876.1,17
2025-07-16 04:34:00,1.1621,1.1621,1.162,1.1621,8713.7,32
2025-07-16 04:36:00,1.1621,1.1622,1.1621,1.1622,13837.9,41
2025-07-16 04:38:00,1.1622,1.1622,1.1621,1.1622,7716.2,37
2025-07-16 04:40:00,1.1622,1.1623,1.1621,1.1623,9180.1,37
2025-07-16 04:42:00,1.1622,1.1623,1.1621,1.1622,3924.4,14
2025-07-16 04:44:00,1.1621,1.1622,1.162,1.1621,4381.5,14
2025-07-16 04:46:00,1.1621,1.1622,1.162,1.1622,6376.7,25
2025-07-16 04:48:00,1.1621,1.1624,1.1621,1.1623,11588.1,51
2025-07-16 04:50:00,1.1623,1.1624,1.1622,1.1623,10078.3,40
2025-07-16 04:52:00,1.1623,1.1625,1.1622,1.1624,9766.8,38
2025-07-16 04:54:00,1.1625,1.1625,1.1623,1.1624,7259.0,22
2025-07-16 04:56:00,1.1624,1.1624,1.1623,1.1624,5661.8,17
2025-07-16 04:58:00,1.1623,1.1624,1.1623,1.1623,3289.0,13
2025-07-16 05:00:00,1.1624,1.1624,1.1623,1.1623,13858.0,22
2025-07-16 05:02:00,1.1624,1.1624,1.1622,1.1623,21830.899999999998,55
2025-07-16 05:04:00,1.1623,1.1624,1.1622,1.1622,21637.1,71
2025-07-16 05:06:00,1.1623,1.1624,1.1622,1.1623,19111.0,52
2025-07-16 05:08:00,1.1623,1.1624,1.1622,1.1624,14270.9,35
2025-07-16 05:10:00,1.1623,1.1624,1.1622,1.1622,16047.3,33
2025-07-16 05:12:00,1.1623,1.1623,1.1621,1.1621,36966.7,56
2025-07-16 05:14:00,1.1621,1.1623,1.1621,1.1622,5909.5,28
2025-07-16 05:16:00,1.1622,1.1622,1.1622,1.1622,2276.1,14
2025-07-16 05:18:00,1.1622,1.1625,1.1622,1.1623,7862.2,25
2025-07-16 05:20:00,1.1623,1.1625,1.1623,1.1624,10926.7,25
2025-07-16 05:22:00,1.1624,1.1624,1.1622,1.1623,10638.5,44
2025-07-16 05:24:00,1.1622,1.1623,1.1621,1.1621,4737.4,24
2025-07-16 05:26:00,1.1621,1.1624,1.1621,1.1623,4778.5,20
2025-07-16 05:28:00,1.1622,1.1623,1.1622,1.1622,12018.9,32
2025-07-16 05:30:00,1.1623,1.1623,1.1621,1.1622,5178.2,18
2025-07-16 05:32:00,1.1621,1.1623,1.1621,1.1623,4387.6,17
2025-07-16 05:34:00,1.1623,1.1623,1.1621,1.1623,20019.2,30
2025-07-16 05:36:00,1.1623,1.1623,1.1622,1.1623,6607.4,26
2025-07-16 05:38:00,1.1623,1.1623,1.162,1.1621,10358.3,26
2025-07-16 05:40:00,1.162,1.1622,1.1619,1.1621,20121.6,84
2025-07-16 05:42:00,1.1621,1.1623,1.1621,1.1623,13501.0,75
2025-07-16 05:44:00,1.1622,1.1624,1.1622,1.1622,17502.5,32
2025-07-16 05:46:00,1.1622,1.1624,1.1622,1.1622,24081.8,61
2025-07-16 05:48:00,1.1622,1.1623,1.1621,1.1622,97609.9,89
2025-07-16 05:50:00,1.1622,1.1623,1.1622,1.1623,44622.7,44
2025-07-16 05:52:00,1.1622,1.1623,1.1622,1.1623,13136.1,42
2025-07-16 05:54:00,1.1623,1.1624,1.1623,1.1623,8876.4,24
2025-07-16 05:56:00,1.1623,1.1624,1.1622,1.1623,11599.6,29
2025-07-16 05:58:00,1.1623,1.1623,1.1622,1.1622,10098.9,26
2025-07-16 06:00:00,1.1623,1.1625,1.1623,1.1624,32573.2,110
2025-07-16 06:02:00,1.1624,1.1625,1.1622,1.1624,21512.3,48
2025-07-16 06:04:00,1.1624,1.1626,1.1624,1.1625,12040.1,48
2025-07-16 06:06:00,1.1626,1.1626,1.1624,1.1625,56383.8,133
2025-07-16 06:08:00,1.1625,1.1627,1.1624,1.1624,20162.3,42
2025-07-16 06:10:00,1.1625,1.1627,1.1624,1.1627,12028.2,32
2025-07-16 06:12:00,1.1627,1.1627,1.1624,1.1625,20349.2,45
2025-07-16 06:14:00,1.1625,1.1626,1.1623,1.1624,16156.1,37
2025-07-16 06:16:00,1.1625,1.1627,1.1623,1.1625,81501.9,115
2025-07-16 06:18:00,1.1625,1.1627,1.1624,1.1626,26491.6,41
2025-07-16 06:20:00,1.1626,1.1627,1.1625,1.1627,21298.0,43
2025-07-16 06:22:00,1.1625,1.1627,1.1624,1.1624,16255.0,40
2025-07-16 06:24:00,1.1624,1.1626,1.1624,1.1624,12317.5,43
2025-07-16 06:26:00,1.1624,1.1626,1.1623,1.1625,25958.2,83
2025-07-16 06:28:00,1.1624,1.1626,1.1623,1.1626,23120.3,71
2025-07-16 06:30:00,1.1624,1.1626,1.1623,1.1624,21372.9,59
2025-07-16 06:32:00,1.1624,1.1625,1.1624,1.1624,19038.8,43
2025-07-16 06:34:00,1.1626,1.1626,1.1622,1.1622,12293.300000000001,55
2025-07-16 06:36:00,1.1623,1.1623,1.1621,1.1623,17314.9,40
2025-07-16 06:38:00,1.1623,1.1625,1.1622,1.1624,21179.3,58
2025-07-16 06:40:00,1.1624,1.1626,1.1623,1.1626,24772.0,56
2025-07-16 06:42:00,1.1626,1.1628,1.1626,1.1626,71814.9,63
2025-07-16 06:44:00,1.1626,1.1627,1.1624,1.1624,22068.6,55
2025-07-16 06:46:00,1.1624,1.1625,1.1622,1.1623,51974.0,112
2025-07-16 06:48:00,1.1624,1.1624,1.1622,1.1622,11587.2,54
2025-07-16 06:50:00,1.1622,1.1623,1.1621,1.1621,42393.1,91
2025-07-16 06:52:00,1.1622,1.1623,1.1621,1.1622,31051.2,103
2025-07-16 06:54:00,1.1622,1.1622,1.1621,1.1622,15687.9,42
2025-07-16 06:56:00,1.1621,1.1622,1.1621,1.1622,85963.5,286
2025-07-16 06:58:00,1.1621,1.1627,1.1621,1.1626,84245.5,182
2025-07-16 07:00:00,1.1627,1.1628,1.1626,1.1627,39518.9,84
2025-07-16 07:02:00,1.1627,1.1629,1.1626,1.1627,33719.9,72
2025-07-16 07:04:00,1.1627,1.1628,1.1625,1.1625,15142.6,64
2025-07-16 07:06:00,1.1625,1.1628,1.1625,1.1626,50685.0,132
2025-07-16 07:08:00,1.1627,1.1627,1.1626,1.1626,14409.699999999999,66
2025-07-16 07:10:00,1.1626,1.1627,1.1626,1.1627,12407.4,43
2025-07-16 07:12:00,1.1626,1.1626,1.1623,1.1625,36302.6,92
2025-07-16 07:14:00,1.1624,1.1626,1.1622,1.1625,20153.6,46
2025-07-16 07:16:00,1.1626,1.1626,1.1624,1.1626,22345.5,50
2025-07-16 07:18:00,1.1625,1.1628,1.1625,1.1626,29159.3,74
2025-07-16 07:20:00,1.1627,1.1628,1.1625,1.1627,24992.6,62
2025-07-16 07:22:00,1.1626,1.1627,1.1625,1.1625,18383.5,47
2025-07-16 07:24:00,1.1626,1.1627,1.1623,1.1623,31049.6,78
2025-07-16 07:26:00,1.1624,1.1626,1.1622,1.1624,42506.6,86
2025-07-16 07:28:00,1.1624,1.1625,1.1623,1.1625,39454.9,79
2025-07-16 07:30:00,1.1623,1.1625,1.1623,1.1625,59901.5,111
2025-07-16 07:32:00,1.1625,1.1625,1.1623,1.1623,21994.6,55
2025-07-16 07:34:00,1.1622,1.1622,1.1619,1.1622,27158.0,66
2025-07-16 07:36:00,1.1621,1.1622,1.1618,1.162,29939.9,67
2025-07-16 07:38:00,1.1621,1.1621,1.1618,1.1618,19962.5,56
2025-07-16 07:40:00,1.1618,1.1618,1.1615,1.1617,42087.2,100
2025-07-16 07:42:00,1.1617,1.1617,1.1615,1.1617,20609.4,52
2025-07-16 07:44:00,1.1617,1.1619,1.1616,1.1619,18906.1,59
2025-07-16 07:46:00,1.1617,1.1618,1.1616,1.1617,17739.2,49
2025-07-16 07:48:00,1.1616,1.1617,1.1613,1.1615,36705.2,86
2025-07-16 07:50:00,1.1615,1.1618,1.1613,1.1618,31705.5,87
2025-07-16 07:52:00,1.1618,1.1618,1.1616,1.1616,20945.7,74
2025-07-16 07:54:00,1.1617,1.1619,1.1616,1.1618,38906.2,100
2025-07-16 07:56:00,1.1618,1.1618,1.1616,1.1618,29065.3,75
2025-07-16 07:58:00,1.1617,1.1621,1.1616,1.162,54410.6,101
2025-07-16 08:00:00,1.1621,1.1621,1.1619,1.1621,13166.5,29
2025-07-16 08:02:00,1.1621,1.1623,1.162,1.1622,26439.8,55
2025-07-16 08:04:00,1.1621,1.1623,1.1621,1.1623,23134.6,65
2025-07-16 08:06:00,1.1623,1.1623,1.1621,1.1621,17531.8,54
2025-07-16 08:08:00,1.1621,1.1622,1.1619,1.1619,20204.6,57
2025-07-16 08:10:00,1.1619,1.1625,1.1619,1.1624,22211.7,69
2025-07-16 08:12:00,1.1624,1.1625,1.1622,1.1624,22863.1,46
2025-07-16 08:14:00,1.1625,1.1626,1.1623,1.1624,22479.3,77
2025-07-16 08:16:00,1.1624,1.1625,1.1622,1.1623,28187.6,64
2025-07-16 08:18:00,1.1624,1.1624,1.1622,1.1623,41991.0,71
2025-07-16 08:20:00,1.1623,1.1623,1.1622,1.1622,21476.9,66
2025-07-16 08:22:00,1.1623,1.1624,1.1621,1.1622,36640.4,91
2025-07-16 08:24:00,1.1623,1.1623,1.162,1.1622,14072.0,54
2025-07-16 08:26:00,1.1621,1.1624,1.1621,1.1624,21567.0,67
2025-07-16 08:28:00,1.1623,1.1624,1.1622,1.1623,21420.7,57
2025-07-16 08:30:00,1.1623,1.1624,1.1622,1.1624,31261.5,170
2025-07-16 08:32:00,1.1623,1.1624,1.1623,1.1624,10117.4,48
2025-07-16 08:34:00,1.1624,1.1624,1.1623,1.1624,14805.9,48
2025-07-16 08:36:00,1.1624,1.1625,1.1623,1.1624,23710.5,63
2025-07-16 08:38:00,1.1624,1.1625,1.1623,1.1624,30099.2,69
2025-07-16 08:40:00,1.1624,1.1626,1.1623,1.1625,42175.5,112
2025-07-16 08:42:00,1.1625,1.1628,1.1625,1.1626,28804.2,118
2025-07-16 08:44:00,1.1627,1.1627,1.1625,1.1625,32348.5,86
2025-07-16 08:46:00,1.1625,1.1627,1.1625,1.1627,18504.5,90
2025-07-16 08:48:00,1.1626,1.1627,1.1624,1.1624,29373.7,137
2025-07-16 08:50:00,1.1624,1.1625,1.1622,1.1624,41591.2,156
2025-07-16 08:52:00,1.1623,1.1624,1.1621,1.1623,53171.2,90
2025-07-16 08:54:00,1.1622,1.1624,1.1622,1.1624,30050.8,70
2025-07-16 08:56:00,1.1623,1.1625,1.1623,1.1625,19469.4,63
2025-07-16 08:58:00,1.1625,1.1627,1.1624,1.1626,39170.8,58
2025-07-16 09:00:00,1.1626,1.1627,1.1625,1.1627,26913.8,83
2025-07-16 09:02:00,1.1627,1.1627,1.1624,1.1625,42885.1,93
2025-07-16 09:04:00,1.1624,1.1625,1.1623,1.1623,42069.8,112
2025-07-16 09:06:00,1.1623,1.1625,1.1622,1.1624,24520.7,53
2025-07-16 09:08:00,1.1624,1.1624,1.1622,1.1623,17493.2,86
2025-07-16 09:10:00,1.1622,1.1623,1.1621,1.1621,15554.6,51
2025-07-16 09:12:00,1.1623,1.1623,1.162,1.162,17186.2,48
2025-07-16 09:14:00,1.1621,1.1622,1.162,1.1621,17241.8,50
2025-07-16 09:16:00,1.1622,1.1622,1.1619,1.1619,21430.5,56
2025-07-16 09:18:00,1.1619,1.1621,1.1619,1.162,26439.5,134
2025-07-16 09:20:00,1.162,1.1622,1.162,1.1621,16192.6,78
2025-07-16 09:22:00,1.1621,1.1622,1.162,1.162,29859.3,72
2025-07-16 09:24:00,1.162,1.1621,1.1617,1.1619,30365.3,68
2025-07-16 09:26:00,1.1619,1.1619,1.1617,1.1619,27700.1,51
2025-07-16 09:28:00,1.1618,1.1619,1.1616,1.1618,26499.8,67
2025-07-16 09:30:00,1.1618,1.1619,1.1615,1.1616,44372.8,93
2025-07-16 09:32:00,1.1616,1.1618,1.1616,1.1616,37495.7,95
2025-07-16 09:34:00,1.1617,1.1618,1.1616,1.1617,42188.7,164
2025-07-16 09:36:00,1.1616,1.1618,1.1615,1.1616,54566.4,276
2025-07-16 09:38:00,1.1615,1.1617,1.1615,1.1617,52605.2,124
2025-07-16 09:40:00,1.1617,1.1619,1.1616,1.1617,31254.5,80
2025-07-16 09:42:00,1.1617,1.1619,1.1617,1.1618,43740.7,135
2025-07-16 09:44:00,1.1618,1.162,1.1618,1.1619,39402.8,100
2025-07-16 09:46:00,1.162,1.1622,1.1618,1.162,93852.6,282
2025-07-16 09:48:00,1.1619,1.162,1.1617,1.1618,39487.6,92
2025-07-16 09:50:00,1.1618,1.1619,1.1617,1.1619,37627.1,79
2025-07-16 09:52:00,1.1618,1.1619,1.1614,1.1614,36575.8,92
2025-07-16 09:54:00,1.1614,1.1615,1.1613,1.1615,46495.8,116
2025-07-16 09:56:00,1.1614,1.1617,1.1614,1.1614,24887.2,86
2025-07-16 09:58:00,1.1615,1.1616,1.1614,1.1616,13104.7,41
2025-07-16 10:00:00,1.1616,1.1619,1.1615,1.1615,54388.7,193
2025-07-16 10:02:00,1.1615,1.1616,1.1613,1.1615,28812.8,94
2025-07-16 10:04:00,1.1614,1.1616,1.1613,1.1616,35168.5,70
2025-07-16 10:06:00,1.1614,1.1618,1.1614,1.1616,34392.4,108
2025-07-16 10:08:00,1.1616,1.1617,1.1615,1.1615,41084.8,100
2025-07-16 10:10:00,1.1615,1.1616,1.1613,1.1613,19760.9,66
2025-07-16 10:12:00,1.1614,1.1614,1.1612,1.1613,14916.5,60
2025-07-16 10:14:00,1.1613,1.1615,1.1613,1.1613,46214.7,183
2025-07-16 10:16:00,1.1613,1.1614,1.1611,1.1613,36722.2,98
2025-07-16 10:18:00,1.1613,1.1613,1.1609,1.161,28285.2,79
2025-07-16 10:20:00,1.161,1.1612,1.161,1.1611,20449.9,113
2025-07-16 10:22:00,1.1612,1.1613,1.161,1.1612,31038.6,179
2025-07-16 10:24:00,1.1612,1.1614,1.1611,1.1613,32942.7,121
2025-07-16 10:26:00,1.1613,1.1614,1.1612,1.1614,25839.7,113
2025-07-16 10:28:00,1.1614,1.1615,1.1613,1.1614,34146.3,110
2025-07-16 10:30:00,1.1614,1.1616,1.1613,1.1614,37291.3,114
2025-07-16 10:32:00,1.1614,1.1617,1.1614,1.1617,30402.6,100
2025-07-16 10:34:00,1.1616,1.1618,1.1615,1.1616,36047.5,72
2025-07-16 10:36:00,1.1617,1.1618,1.1616,1.1616,31755.899999999998,85
2025-07-16 10:38:00,1.1616,1.1617,1.1614,1.1615,22775.9,70
2025-07-16 10:40:00,1.1615,1.1618,1.1614,1.1617,22305.6,69
2025-07-16 10:42:00,1.1617,1.1618,1.1616,1.1616,29091.2,62
2025-07-16 10:44:00,1.1616,1.1618,1.1616,1.1617,30110.9,65
2025-07-16 10:46:00,1.1618,1.1618,1.1617,1.1618,36711.9,103
2025-07-16 10:48:00,1.1618,1.1618,1.1617,1.1618,26596.2,79
2025-07-16 10:50:00,1.1618,1.1618,1.1615,1.1616,49638.0,193
2025-07-16 10:52:00,1.1617,1.1617,1.1615,1.1616,29486.3,95
2025-07-16 10:54:00,1.1616,1.1617,1.1615,1.1615,42527.5,147
2025-07-16 10:56:00,1.1615,1.1617,1.1615,1.1615,26251.6,61
2025-07-16 10:58:00,1.1615,1.1616,1.1615,1.1615,21409.7,67
2025-07-16 11:00:00,1.1616,1.1617,1.1615,1.1616,32383.7,108
2025-07-16 11:02:00,1.1617,1.1617,1.1616,1.1617,44815.9,106
2025-07-16 11:04:00,1.1616,1.1617,1.1615,1.1616,23903.8,85
2025-07-16 11:06:00,1.1616,1.1617,1.1615,1.1617,34214.6,93
2025-07-16 11:08:00,1.1616,1.1617,1.1616,1.1617,36102.9,132
2025-07-16 11:10:00,1.1617,1.1617,1.1615,1.1617,31467.8,93
2025-07-16 11:12:00,1.1617,1.1617,1.1615,1.1617,32151.5,73
2025-07-16 11:14:00,1.1617,1.1617,1.1616,1.1616,31405.7,67
2025-07-16 11:16:00,1.1617,1.1617,1.1615,1.1615,19525.4,67
2025-07-16 11:18:00,1.1616,1.1617,1.1615,1.1616,29643.6,70
2025-07-16 11:20:00,1.1616,1.1617,1.1614,1.1614,27686.2,100
2025-07-16 11:22:00,1.1616,1.1616,1.1614,1.1616,13353.3,57
2025-07-16 11:24:00,1.1616,1.1616,1.1612,1.1613,37826.2,119
2025-07-16 11:26:00,1.1613,1.1615,1.1612,1.1615,29393.8,88
2025-07-16 11:28:00,1.1614,1.1615,1.1613,1.1613,15380.4,65
2025-07-16 11:30:00,1.1613,1.1614,1.1612,1.1612,20644.4,89
2025-07-16 11:32:00,1.1612,1.1613,1.161,1.1612,35159.3,142
2025-07-16 11:34:00,1.1612,1.1614,1.1611,1.1613,16340.8,70
2025-07-16 11:36:00,1.1613,1.1613,1.1609,1.1611,15991.1,63
2025-07-16 11:38:00,1.161,1.1612,1.1608,1.161,19587.0,90
2025-07-16 11:40:00,1.161,1.161,1.1606,1.1608,20577.5,93
2025-07-16 11:42:00,1.1609,1.161,1.1607,1.161,10711.3,63
2025-07-16 11:44:00,1.161,1.1611,1.1608,1.1611,15924.5,85
2025-07-16 11:46:00,1.161,1.1612,1.1607,1.1607,21537.2,109
2025-07-16 11:48:00,1.1608,1.161,1.1607,1.1608,24568.6,122
2025-07-16 11:50:00,1.1609,1.1615,1.1606,1.1608,48976.1,178
2025-07-16 11:52:00,1.1607,1.161,1.1606,1.1607,22711.0,93
2025-07-16 11:54:00,1.1607,1.1609,1.1606,1.1606,16641.7,72
2025-07-16 11:56:00,1.1606,1.1607,1.1599,1.16,15474.5,105
2025-07-16 11:58:00,1.1601,1.1602,1.1598,1.1601,19815.1,83
2025-07-16 12:00:00,1.1601,1.1603,1.16,1.16,15857.8,75
2025-07-16 12:02:00,1.16,1.1603,1.1598,1.1599,33124.1,143
2025-07-16 12:04:00,1.1599,1.1605,1.1599,1.1604,15946.5,112
2025-07-16 12:06:00,1.1604,1.1606,1.1604,1.1605,12337.8,72
2025-07-16 12:08:00,1.1605,1.1605,1.1601,1.1602,26383.6,114
2025-07-16 12:10:00,1.1601,1.1603,1.1599,1.1601,30803.8,126
2025-07-16 12:12:00,1.1602,1.1602,1.16,1.1601,17858.2,82
2025-07-16 12:14:00,1.1601,1.1602,1.1599,1.1599,47067.4,197
2025-07-16 12:16:00,1.1599,1.1601,1.1598,1.1599,11834.4,90
2025-07-16 12:18:00,1.1599,1.16,1.1596,1.1596,22320.1,70
2025-07-16 12:20:00,1.1596,1.1597,1.1593,1.1594,27645.6,136
2025-07-16 12:22:00,1.1594,1.1596,1.1592,1.1595,17174.3,100
2025-07-16 12:24:00,1.1595,1.1595,1.1593,1.1593,20016.3,78
2025-07-16 12:26:00,1.1592,1.1593,1.159,1.1591,27384.0,74
2025-07-16 12:28:00,1.1591,1.1593,1.1589,1.1592,27628.3,134
2025-07-16 12:30:00,1.1593,1.1608,1.1591,1.1601,137261.7,346
2025-07-16 12:32:00,1.16,1.1605,1.1598,1.1603,65254.4,266
2025-07-16 12:34:00,1.1605,1.1611,1.1605,1.1607,98283.4,229
2025-07-16 12:36:00,1.1608,1.161,1.1607,1.1609,52289.7,139
2025-07-16 12:38:00,1.1609,1.1612,1.1607,1.1609,38215.6,106
2025-07-16 12:40:00,1.1609,1.161,1.1603,1.161,60862.8,113
2025-07-16 12:42:00,1.1609,1.1612,1.1608,1.161,75057.7,217
2025-07-16 12:44:00,1.1609,1.1611,1.1607,1.1607,31615.2,95
2025-07-16 12:46:00,1.1606,1.161,1.1606,1.1606,49905.4,92
2025-07-16 12:48:00,1.1606,1.1607,1.1604,1.1605,30249.4,91
2025-07-16 12:50:00,1.1606,1.1608,1.1602,1.1604,66851.2,137
2025-07-16 12:52:00,1.1604,1.1605,1.1601,1.1601,23691.899999999998,63
2025-07-16 12:54:00,1.1602,1.1603,1.1599,1.16,36670.6,85
2025-07-16 12:56:00,1.16,1.1601,1.1592,1.1593,46802.3,188
2025-07-16 12:58:00,1.1594,1.1598,1.1593,1.1596,24827.9,54
2025-07-16 13:00:00,1.1596,1.1598,1.1595,1.1597,215148.8,244
2025-07-16 13:02:00,1.1597,1.1598,1.1594,1.1597,294588.9,222
2025-07-16 13:04:00,1.1598,1.1599,1.1596,1.1598,19833.8,53
2025-07-16 13:06:00,1.1598,1.1602,1.1598,1.1599,55160.7,162
2025-07-16 13:08:00,1.1598,1.16,1.1596,1.1597,38323.3,67
2025-07-16 13:10:00,1.1597,1.1597,1.1593,1.1594,38137.1,70
2025-07-16 13:12:00,1.1594,1.1594,1.159,1.1591,28315.0,77
2025-07-16 13:14:00,1.159,1.1593,1.159,1.1592,43942.4,119
2025-07-16 13:16:00,1.1592,1.1592,1.1589,1.159,37667.3,94
2025-07-16 13:18:00,1.1589,1.1592,1.1587,1.1588,20494.9,73
2025-07-16 13:20:00,1.1588,1.1591,1.1582,1.1583,36793.8,125
2025-07-16 13:22:00,1.1583,1.1585,1.1581,1.1585,44569.4,85
2025-07-16 13:24:00,1.1585,1.1587,1.1583,1.1584,45187.3,113
2025-07-16 13:26:00,1.1583,1.1586,1.1582,1.1582,21802.3,97
2025-07-16 13:28:00,1.1583,1.1583,1.158,1.1582,29120.600000000002,78
2025-07-16 13:30:00,1.158,1.1582,1.1579,1.158,18920.0,53
2025-07-16 13:32:00,1.1581,1.1583,1.1578,1.1579,44897.9,107
2025-07-16 13:34:00,1.1579,1.1579,1.1575,1.1576,43363.1,108
2025-07-16 13:36:00,1.1576,1.1578,1.1575,1.1575,41652.2,79
2025-07-16 13:38:00,1.1575,1.1576,1.1572,1.1573,51473.5,155
2025-07-16 13:40:00,1.1573,1.1579,1.1572,1.1579,46439.4,102
2025-07-16 13:42:00,1.1579,1.158,1.1575,1.1575,47258.0,103
2025-07-16 13:44:00,1.1576,1.158,1.1575,1.1578,35229.1,74
2025-07-16 13:46:00,1.1577,1.158,1.1576,1.1576,34012.2,74
2025-07-16 13:48:00,1.1577,1.1577,1.1567,1.1567,41514.7,104
2025-07-16 13:50:00,1.1567,1.1569,1.1565,1.1566,49230.2,129
2025-07-16 13:52:00,1.1566,1.1571,1.1565,1.1569,33386.0,56
2025-07-16 13:54:00,1.1569,1.1572,1.1569,1.157,34835.2,90
2025-07-16 13:56:00,1.157,1.1573,1.1569,1.1573,36018.2,78
2025-07-16 13:58:00,1.1573,1.1575,1.1571,1.1574,42330.3,90
2025-07-16 14:00:00,1.1574,1.1578,1.1574,1.1577,27587.9,71
2025-07-16 14:02:00,1.1577,1.1578,1.1575,1.1578,27525.4,57
2025-07-16 14:04:00,1.1577,1.158,1.1576,1.1577,44123.2,87
2025-07-16 14:06:00,1.1576,1.1578,1.1576,1.1577,28529.4,77
2025-07-16 14:08:00,1.1578,1.1579,1.1576,1.1579,53342.1,92
2025-07-16 14:10:00,1.1578,1.1578,1.1575,1.1577,35556.4,86
2025-07-16 14:12:00,1.1576,1.1576,1.1574,1.1576,38855.9,88
2025-07-16 14:14:00,1.1576,1.1576,1.1573,1.1573,31054.9,86
2025-07-16 14:16:00,1.1573,1.1575,1.1571,1.1572,36163.4,117
2025-07-16 14:18:00,1.1573,1.1574,1.1572,1.1572,24182.5,52
2025-07-16 14:20:00,1.1573,1.1575,1.1572,1.1575,34720.8,73
2025-07-16 14:22:00,1.1574,1.1575,1.1572,1.1572,24986.6,43
2025-07-16 14:24:00,1.1572,1.1575,1.1572,1.1574,34531.6,63
2025-07-16 14:26:00,1.1574,1.1575,1.1571,1.1573,19431.3,41
2025-07-16 14:28:00,1.1572,1.1574,1.1571,1.1574,36616.6,56
2025-07-16 14:30:00,1.1573,1.1575,1.1572,1.1574,78355.6,143
2025-07-16 14:32:00,1.1574,1.1575,1.157,1.1573,65532.8,157
2025-07-16 14:34:00,1.1573,1.1573,1.1569,1.1571,31644.4,86
2025-07-16 14:36:00,1.157,1.1572,1.1569,1.157,30341.1,94
2025-07-16 14:38:00,1.1569,1.1571,1.1568,1.1568,28623.8,58
2025-07-16 14:40:00,1.1568,1.1569,1.1568,1.1569,14226.800000000001,36
2025-07-16 14:42:00,1.157,1.1571,1.1569,1.1571,18003.4,56
2025-07-16 14:44:00,1.1571,1.1578,1.1571,1.1576,50367.8,92
2025-07-16 14:46:00,1.1576,1.1577,1.1575,1.1577,29052.1,80
2025-07-16 14:48:00,1.1577,1.1577,1.1572,1.1573,83695.3,123
2025-07-16 14:50:00,1.1573,1.1575,1.157,1.1573,113578.8,229
2025-07-16 14:52:00,1.1573,1.1578,1.1572,1.1576,25274.5,82
2025-07-16 14:54:00,1.1577,1.1596,1.1577,1.1585,362018.4,835
2025-07-16 14:56:00,1.1586,1.1604,1.1586,1.1604,282617.2,776
2025-07-16 14:58:00,1.1604,1.1604,1.1595,1.1596,79428.9,208
2025-07-16 15:00:00,1.1596,1.1602,1.1594,1.1595,63455.1,177
2025-07-16 15:02:00,1.1594,1.1613,1.1594,1.1613,91168.8,260
2025-07-16 15:04:00,1.1613,1.1618,1.1611,1.1617,172152.2,280
2025-07-16 15:06:00,1.1618,1.1618,1.161,1.1612,110442.1,234
2025-07-16 15:08:00,1.1613,1.1618,1.1613,1.1614,62501.5,96
2025-07-16 15:10:00,1.1614,1.1624,1.1614,1.1622,74567.5,133
2025-07-16 15:12:00,1.1622,1.1624,1.1618,1.162,26539.8,83
2025-07-16 15:14:00,1.162,1.1624,1.162,1.1623,67279.8,165
2025-07-16 15:16:00,1.1623,1.168,1.1623,1.168,997125.0,2764
2025-07-16 15:18:00,1.168,1.1684,1.1661,1.1663,336518.3,843
2025-07-16 15:20:00,1.1665,1.1679,1.1665,1.1672,118193.4,266
2025-07-16 15:22:00,1.1671,1.1681,1.1669,1.1674,90249.4,213
2025-07-16 15:24:00,1.1673,1.1687,1.1667,1.1686,175521.1,350
2025-07-16 15:26:00,1.1686,1.169,1.1681,1.1681,70044.9,195
2025-07-16 15:28:00,1.1681,1.1689,1.1679,1.1688,68073.4,170
2025-07-16 15:30:00,1.1687,1.1715,1.1682,1.1706,206733.8,570
2025-07-16 15:32:00,1.1706,1.1712,1.1701,1.1701,129039.6,249
2025-07-16 15:34:00,1.1701,1.1701,1.1688,1.1691,79473.6,200
2025-07-16 15:36:00,1.169,1.17,1.1688,1.1688,165999.7,301
2025-07-16 15:38:00,1.1689,1.1698,1.1687,1.1697,150929.5,308
2025-07-16 15:40:00,1.1698,1.1709,1.1697,1.1699,50985.9,165
2025-07-16 15:42:00,1.1698,1.17,1.1686,1.169,48891.3,99
2025-07-16 15:44:00,1.169,1.1691,1.1686,1.169,74071.2,189
2025-07-16 15:46:00,1.1689,1.169,1.1674,1.1675,42253.1,144
2025-07-16 15:48:00,1.1674,1.168,1.167,1.168,55912.9,161
2025-07-16 15:50:00,1.168,1.1682,1.1672,1.1672,58364.5,105
2025-07-16 15:52:00,1.1672,1.1673,1.1665,1.167,118805.3,159
2025-07-16 15:54:00,1.1672,1.1677,1.1621,1.1623,599977.3,1865
2025-07-16 15:56:00,1.1622,1.1632,1.1618,1.1631,389541.9,719
2025-07-16 15:58:00,1.1631,1.1634,1.1625,1.1629,76482.9,182
2025-07-16 16:00:00,1.1629,1.1632,1.1625,1.1625,87175.4,222
2025-07-16 16:02:00,1.1627,1.1628,1.1618,1.1624,140631.4,354
2025-07-16 16:04:00,1.1624,1.1636,1.1624,1.1636,89382.7,236
2025-07-16 16:06:00,1.1634,1.1644,1.163,1.1643,131850.2,290
2025-07-16 16:08:00,1.1642,1.1644,1.1635,1.1637,74227.6,156
2025-07-16 16:10:00,1.1639,1.1645,1.1639,1.1644,62417.2,155
2025-07-16 16:12:00,1.1645,1.1655,1.1643,1.1644,68205.8,188
2025-07-16 16:14:00,1.1644,1.1649,1.1641,1.1643,47326.3,122
2025-07-16 16:16:00,1.1642,1.1644,1.1636,1.1637,43593.2,124
2025-07-16 16:18:00,1.1637,1.1641,1.1637,1.164,42398.8,106
2025-07-16 16:20:00,1.164,1.164,1.1632,1.1637,53363.7,133
2025-07-16 16:22:00,1.1636,1.1643,1.1634,1.1637,53392.0,130
2025-07-16 16:24:00,1.1638,1.1644,1.1638,1.1643,81224.4,211
2025-07-16 16:26:00,1.1644,1.1647,1.1637,1.1639,47801.0,122
2025-07-16 16:28:00,1.164,1.164,1.1635,1.1637,67858.2,167
2025-07-16 16:30:00,1.1636,1.1642,1.1634,1.164,79728.8,211
2025-07-16 16:32:00,1.164,1.164,1.1634,1.1638,59497.2,153
2025-07-16 16:34:00,1.1637,1.1637,1.1629,1.1631,46785.9,99
2025-07-16 16:36:00,1.1632,1.1633,1.1629,1.1632,27772.5,78
2025-07-16 16:38:00,1.1632,1.1634,1.1629,1.1631,76299.7,132
2025-07-16 16:40:00,1.1632,1.1633,1.1629,1.1631,34424.4,70
2025-07-16 16:42:00,1.163,1.1632,1.1628,1.163,47107.7,131
2025-07-16 16:44:00,1.163,1.1634,1.163,1.1631,59101.5,158
2025-07-16 16:46:00,1.1631,1.1638,1.1631,1.1638,70810.7,136
2025-07-16 16:48:00,1.1639,1.1645,1.1638,1.1645,59982.6,144
2025-07-16 16:50:00,1.1644,1.1646,1.1643,1.1643,30301.5,84
2025-07-16 16:52:00,1.1643,1.1643,1.1635,1.1636,70073.90000000001,101
2025-07-16 16:54:00,1.1637,1.1643,1.1637,1.1639,35804.2,97
2025-07-16 16:56:00,1.164,1.1642,1.1637,1.1639,58949.1,131
2025-07-16 16:58:00,1.1638,1.164,1.1637,1.1639,24579.7,72
2025-07-16 17:00:00,1.164,1.1643,1.1639,1.164,45733.4,114
2025-07-16 17:02:00,1.164,1.1642,1.1638,1.1642,104692.7,147
2025-07-16 17:04:00,1.1641,1.1641,1.1637,1.1639,39868.4,85
2025-07-16 17:06:00,1.1638,1.1648,1.1637,1.1648,58223.7,243
2025-07-16 17:08:00,1.1648,1.1653,1.1648,1.1649,66987.8,121
2025-07-16 17:10:00,1.165,1.1651,1.1648,1.165,45191.1,99
2025-07-16 17:12:00,1.165,1.1653,1.1648,1.1651,39460.1,108
2025-07-16 17:14:00,1.1653,1.1653,1.1646,1.1648,41224.6,107
2025-07-16 17:16:00,1.1648,1.1651,1.1647,1.1649,79985.5,121
2025-07-16 17:18:00,1.1649,1.1654,1.1649,1.1653,106165.5,168
2025-07-16 17:20:00,1.1654,1.1654,1.165,1.1651,101694.5,171
2025-07-16 17:22:00,1.165,1.1655,1.1649,1.1654,48153.700000000004,117
2025-07-16 17:24:00,1.1655,1.1657,1.1652,1.1654,205933.19999999998,240
2025-07-16 17:26:00,1.1654,1.1658,1.1651,1.1657,101353.0,262
2025-07-16 17:28:00,1.1656,1.1656,1.1651,1.1652,73888.0,164
2025-07-16 17:30:00,1.1652,1.1655,1.165,1.1652,67177.7,118
2025-07-16 17:32:00,1.1651,1.1651,1.1649,1.165,24960.2,54
2025-07-16 17:34:00,1.165,1.1653,1.165,1.1652,25490.3,63
2025-07-16 17:36:00,1.1652,1.1656,1.1651,1.1655,43044.3,115
2025-07-16 17:38:00,1.1654,1.1655,1.1652,1.1652,62321.6,100
2025-07-16 17:40:00,1.1652,1.1653,1.165,1.1652,22045.7,58
2025-07-16 17:42:00,1.1651,1.1653,1.165,1.1653,38548.2,76
2025-07-16 17:44:00,1.1653,1.1653,1.1649,1.1651,39035.3,101
2025-07-16 17:46:00,1.165,1.1651,1.1649,1.165,23792.1,63
2025-07-16 17:48:00,1.1651,1.1659,1.1651,1.1658,20317.2,76
2025-07-16 17:50:00,1.1658,1.1659,1.1649,1.165,30776.8,109
2025-07-16 17:52:00,1.165,1.1651,1.1645,1.1645,106207.8,227
2025-07-16 17:54:00,1.1646,1.1647,1.1641,1.1641,43877.4,140
2025-07-16 17:56:00,1.1642,1.1643,1.1638,1.1642,27876.1,91
2025-07-16 17:58:00,1.1641,1.1644,1.1641,1.1644,32738.9,59
2025-07-16 18:00:00,1.1644,1.1645,1.1642,1.1645,48850.8,128
2025-07-16 18:02:00,1.1645,1.1646,1.1641,1.1642,59064.299999999996,162
2025-07-16 18:04:00,1.1642,1.1642,1.1639,1.1642,59799.6,135
2025-07-16 18:06:00,1.1641,1.1644,1.1641,1.1644,36730.1,136
2025-07-16 18:08:00,1.1644,1.1644,1.1642,1.1643,29472.0,61
2025-07-16 18:10:00,1.1643,1.1643,1.1639,1.164,22800.8,70
2025-07-16 18:12:00,1.164,1.1641,1.1638,1.164,31308.3,58
2025-07-16 18:14:00,1.164,1.1643,1.1639,1.1642,32857.4,102
2025-07-16 18:16:00,1.1642,1.1644,1.1641,1.1642,35257.6,65
2025-07-16 18:18:00,1.1641,1.1643,1.164,1.1641,42352.0,115
2025-07-16 18:20:00,1.1641,1.1642,1.164,1.164,28012.4,84
2025-07-16 18:22:00,1.164,1.1642,1.164,1.1641,30707.0,86
2025-07-16 18:24:00,1.1641,1.1643,1.1641,1.1641,28124.7,86
2025-07-16 18:26:00,1.1641,1.1643,1.164,1.1641,46346.9,118
2025-07-16 18:28:00,1.1642,1.1642,1.164,1.1641,29799.9,80
2025-07-16 18:30:00,1.1641,1.1643,1.164,1.1641,35367.4,81
2025-07-16 18:32:00,1.1643,1.1643,1.1639,1.1641,37624.2,111
2025-07-16 18:34:00,1.1641,1.1641,1.1639,1.1639,50499.6,120
2025-07-16 18:36:00,1.1641,1.1641,1.1638,1.1639,40408.4,115
2025-07-16 18:38:00,1.1639,1.164,1.1637,1.1638,30579.7,72
2025-07-16 18:40:00,1.1638,1.1638,1.1635,1.1636,34153.0,68
2025-07-16 18:42:00,1.1637,1.1638,1.1634,1.1635,141777.0,311
2025-07-16 18:44:00,1.1635,1.1636,1.1635,1.1635,43777.299999999996,164
2025-07-16 18:46:00,1.1635,1.1637,1.1635,1.1637,53284.4,91
2025-07-16 18:48:00,1.1636,1.1637,1.1635,1.1635,75096.0,198
2025-07-16 18:50:00,1.1635,1.1639,1.1635,1.1636,82335.7,203
2025-07-16 18:52:00,1.1636,1.1639,1.1635,1.1635,60435.299999999996,152
2025-07-16 18:54:00,1.1635,1.1635,1.163,1.163,55139.5,184
2025-07-16 18:56:00,1.1631,1.1633,1.163,1.1632,49705.0,103
2025-07-16 18:58:00,1.1633,1.1633,1.163,1.1631,35193.3,113
2025-07-16 19:00:00,1.1631,1.1635,1.163,1.1634,52337.0,138
2025-07-16 19:02:00,1.1633,1.1634,1.1628,1.1628,37116.4,90
2025-07-16 19:04:00,1.1629,1.1629,1.1625,1.1626,37670.9,107
2025-07-16 19:06:00,1.1626,1.1629,1.1626,1.1627,30460.7,96
2025-07-16 19:08:00,1.1627,1.163,1.1626,1.1629,48451.2,87
2025-07-16 19:10:00,1.163,1.163,1.1627,1.1628,52088.6,100
2025-07-16 19:12:00,1.1628,1.1629,1.1626,1.1628,41232.3,106
2025-07-16 19:14:00,1.1628,1.1628,1.1624,1.1624,20818.2,59
2025-07-16 19:16:00,1.1624,1.1626,1.1622,1.1623,41230.8,128
2025-07-16 19:18:00,1.1623,1.1627,1.1622,1.1626,31804.8,94
2025-07-16 19:20:00,1.1626,1.1628,1.1625,1.1627,35946.8,91
2025-07-16 19:22:00,1.1627,1.1628,1.1625,1.1626,28804.9,65
2025-07-16 19:24:00,1.1626,1.163,1.1626,1.163,30607.0,75
2025-07-16 19:26:00,1.1629,1.1631,1.1629,1.1631,29488.7,83
2025-07-16 19:28:00,1.163,1.1632,1.1629,1.163,24366.9,62
2025-07-16 19:30:00,1.1631,1.1632,1.1629,1.163,65455.1,164
2025-07-16 19:32:00,1.163,1.1633,1.163,1.1633,60243.0,156
2025-07-16 19:34:00,1.1631,1.1632,1.163,1.1631,53018.9,115
2025-07-16 19:36:00,1.1632,1.1634,1.1631,1.1633,49516.5,122
2025-07-16 19:38:00,1.1634,1.1634,1.1631,1.1632,25913.1,67
2025-07-16 19:40:00,1.1632,1.1633,1.1631,1.1633,13672.8,66
2025-07-16 19:42:00,1.1633,1.1633,1.1631,1.1632,15878.4,50
2025-07-16 19:44:00,1.1632,1.1636,1.1631,1.1635,47324.9,109
2025-07-16 19:46:00,1.1635,1.1637,1.1635,1.1636,11805.6,40
2025-07-16 19:48:00,1.1636,1.1637,1.1635,1.1636,7440.6,39
2025-07-16 19:50:00,1.1635,1.1637,1.1634,1.1637,24819.4,62
2025-07-16 19:52:00,1.1637,1.1639,1.1637,1.1638,35875.5,89
2025-07-16 19:54:00,1.1638,1.1639,1.1635,1.1638,46710.7,134
2025-07-16 19:56:00,1.1638,1.1641,1.1637,1.1638,38927.2,92
2025-07-16 19:58:00,1.1638,1.1639,1.1635,1.1636,45048.3,104
2025-07-16 20:00:00,1.1638,1.1638,1.1634,1.1637,53790.7,144
2025-07-16 20:02:00,1.1635,1.1641,1.1635,1.1641,37628.1,112
2025-07-16 20:04:00,1.1641,1.1643,1.1639,1.1642,30941.0,99
2025-07-16 20:06:00,1.1641,1.1644,1.1641,1.1641,45419.7,111
2025-07-16 20:08:00,1.1642,1.1643,1.164,1.164,62509.8,139
2025-07-16 20:10:00,1.164,1.1644,1.164,1.1641,64436.9,151
2025-07-16 20:12:00,1.1641,1.1645,1.1641,1.1644,83354.8,121
2025-07-16 20:14:00,1.1644,1.1645,1.1642,1.1642,26155.6,62
2025-07-16 20:16:00,1.1642,1.1646,1.1642,1.1645,21068.4,59
2025-07-16 20:18:00,1.1645,1.1647,1.1643,1.1645,51471.2,121
2025-07-16 20:20:00,1.1645,1.1646,1.1643,1.1645,30584.9,89
2025-07-16 20:22:00,1.1645,1.1646,1.1643,1.1646,55837.7,129
2025-07-16 20:24:00,1.1645,1.1646,1.1643,1.1644,69620.1,206
2025-07-16 20:26:00,1.1644,1.1646,1.1642,1.1643,56567.1,89
2025-07-16 20:28:00,1.1643,1.1644,1.1642,1.1643,65969.6,141
2025-07-16 20:30:00,1.1643,1.1644,1.1641,1.1644,81124.0,279
2025-07-16 20:32:00,1.1644,1.1644,1.1639,1.1641,97972.6,153
2025-07-16 20:34:00,1.164,1.1642,1.164,1.164,50413.7,130
2025-07-16 20:36:00,1.1641,1.1641,1.1639,1.1639,45088.3,76
2025-07-16 20:38:00,1.1639,1.1641,1.1639,1.164,32875.3,79
2025-07-16 20:40:00,1.1641,1.1643,1.1639,1.1642,52036.6,93
2025-07-16 20:42:00,1.1643,1.1644,1.1642,1.1643,31585.9,53
2025-07-16 20:44:00,1.1643,1.1645,1.1642,1.1645,68984.5,125
2025-07-16 20:46:00,1.1644,1.1645,1.1643,1.1644,65969.0,104
2025-07-16 20:48:00,1.1644,1.1645,1.1642,1.1643,106291.7,120
2025-07-16 20:50:00,1.1643,1.1644,1.1642,1.1644,36996.4,77
2025-07-16 20:52:00,1.1644,1.1647,1.1643,1.1646,27056.9,74
2025-07-16 20:54:00,1.1646,1.1648,1.1645,1.1646,99861.5,199
2025-07-16 20:56:00,1.1645,1.1647,1.1645,1.1647,40176.1,107
2025-07-16 20:58:00,1.1646,1.1647,1.1645,1.1647,31385.4,83
2025-07-16 21:00:00,1.1646,1.1648,1.1646,1.1648,63634.9,97
2025-07-16 21:02:00,1.1647,1.1648,1.1646,1.1646,86569.9,168
2025-07-16 21:04:00,1.1646,1.1648,1.1646,1.1647,52584.3,142
2025-07-16 21:06:00,1.1647,1.1648,1.1646,1.1646,37325.9,86
2025-07-16 21:08:00,1.1646,1.1647,1.1645,1.1647,42223.7,77
2025-07-16 21:10:00,1.1647,1.1647,1.1646,1.1647,45140.5,79
2025-07-16 21:12:00,1.1647,1.1647,1.1644,1.1645,61384.4,138
2025-07-16 21:14:00,1.1645,1.1646,1.1644,1.1645,51416.4,128
2025-07-16 21:16:00,1.1645,1.1645,1.1643,1.1643,41640.1,65
2025-07-16 21:18:00,1.1644,1.1645,1.1643,1.1644,46253.9,89
2025-07-16 21:20:00,1.1644,1.1645,1.1643,1.1645,46374.6,69
2025-07-16 21:22:00,1.1643,1.1645,1.1643,1.1644,23409.5,103
2025-07-16 21:24:00,1.1645,1.1645,1.1643,1.1645,19705.8,66
2025-07-16 21:26:00,1.1645,1.1645,1.1643,1.1643,24678.0,60
2025-07-16 21:28:00,1.1642,1.1644,1.1642,1.1644,16886.6,46
2025-07-16 21:30:00,1.1644,1.1644,1.1641,1.1643,57914.5,181
2025-07-16 21:32:00,1.1643,1.1643,1.1641,1.1641,41964.0,154
2025-07-16 21:34:00,1.1642,1.1643,1.164,1.1642,42846.2,156
2025-07-16 21:36:00,1.1642,1.1644,1.1641,1.1642,62704.200000000004,191
2025-07-16 21:38:00,1.1644,1.1644,1.1642,1.1643,33968.4,122
2025-07-16 21:40:00,1.1644,1.1645,1.1642,1.1643,28864.1,72
2025-07-16 21:42:00,1.1643,1.1644,1.1642,1.1642,26066.0,61
2025-07-16 21:44:00,1.1642,1.1643,1.1641,1.1643,28794.7,72
2025-07-16 21:46:00,1.1641,1.1643,1.1641,1.1642,30193.4,75
2025-07-16 21:48:00,1.1643,1.1643,1.1641,1.1643,40195.5,56
2025-07-16 21:50:00,1.1643,1.1644,1.1642,1.1643,24765.2,84
2025-07-16 21:52:00,1.1643,1.1643,1.1642,1.1642,14587.3,55
2025-07-16 21:54:00,1.1643,1.1644,1.1642,1.1643,16725.100000000002,40
2025-07-16 21:56:00,1.1643,1.1643,1.1642,1.1642,17514.8,53
2025-07-16 21:58:00,1.1643,1.1643,1.1641,1.1642,33178.5,94
2025-07-16 22:00:00,1.1642,1.1645,1.164,1.1644,32181.3,79
2025-07-16 22:02:00,1.1645,1.1646,1.1643,1.1645,12537.4,43
2025-07-16 22:04:00,1.1645,1.1647,1.1644,1.1644,35451.7,68
2025-07-16 22:06:00,1.1644,1.1645,1.1643,1.1644,25866.8,69
2025-07-16 22:08:00,1.1644,1.1644,1.1642,1.1644,40897.8,151
2025-07-16 22:10:00,1.1644,1.1646,1.1642,1.1645,25802.5,40
2025-07-16 22:12:00,1.1645,1.1647,1.1645,1.1645,21704.7,57
2025-07-16 22:14:00,1.1646,1.1647,1.1645,1.1647,13093.2,41
2025-07-16 22:16:00,1.1647,1.1647,1.1644,1.1644,28905.1,65
2025-07-16 22:18:00,1.1645,1.1645,1.1643,1.1644,16699.6,47
2025-07-16 22:20:00,1.1644,1.1645,1.1643,1.1644,22627.5,35
2025-07-16 22:22:00,1.1644,1.1644,1.1641,1.1643,25335.2,81
2025-07-16 22:24:00,1.1642,1.1643,1.1641,1.1643,13094.9,48
2025-07-16 22:26:00,1.1642,1.1644,1.1642,1.1642,16087.5,55
2025-07-16 22:28:00,1.1642,1.1642,1.1641,1.1641,34232.7,142
2025-07-16 22:30:00,1.1642,1.1645,1.1641,1.1643,76081.1,82
2025-07-16 22:32:00,1.1643,1.1644,1.1642,1.1642,32398.1,57
2025-07-16 22:34:00,1.1643,1.1643,1.1639,1.164,17543.3,46
2025-07-16 22:36:00,1.164,1.1641,1.1639,1.1641,21179.5,102
2025-07-16 22:38:00,1.1641,1.1642,1.164,1.1641,29368.2,68
2025-07-16 22:40:00,1.164,1.1641,1.1639,1.1641,20103.0,59
2025-07-16 22:42:00,1.1641,1.1641,1.1639,1.1641,10401.3,42
2025-07-16 22:44:00,1.164,1.1641,1.1639,1.1641,6970.7,41
2025-07-16 22:46:00,1.164,1.1641,1.1639,1.1639,21657.2,74
2025-07-16 22:48:00,1.1639,1.164,1.1638,1.1639,9956.9,46
2025-07-16 22:50:00,1.1639,1.1641,1.1638,1.1639,23037.9,64
2025-07-16 22:52:00,1.1639,1.164,1.1638,1.1639,18913.9,46
2025-07-16 22:54:00,1.164,1.164,1.1639,1.1639,12354.199999999999,47
2025-07-16 22:56:00,1.164,1.1641,1.164,1.1641,21825.2,46
2025-07-16 22:58:00,1.1641,1.1641,1.164,1.1641,13564.8,42
2025-07-16 23:00:00,1.1641,1.1643,1.164,1.1642,17980.7,52
2025-07-16 23:02:00,1.1643,1.1643,1.1641,1.1642,16812.7,63
2025-07-16 23:04:00,1.1642,1.1643,1.1641,1.1642,33049.2,97
2025-07-16 23:06:00,1.1642,1.1642,1.164,1.1641,22822.5,56
2025-07-16 23:08:00,1.1641,1.1641,1.164,1.1641,12297.0,32
2025-07-16 23:10:00,1.1641,1.1643,1.1641,1.1643,23799.2,41
2025-07-16 23:12:00,1.1643,1.1643,1.1642,1.1643,7840.400000000001,33
2025-07-16 23:14:00,1.1643,1.1643,1.1642,1.1643,9163.8,32
2025-07-16 23:16:00,1.1643,1.1643,1.1641,1.1642,23160.5,72
2025-07-16 23:18:00,1.1642,1.1644,1.1641,1.1642,35112.8,79
2025-07-16 23:20:00,1.1643,1.1643,1.1642,1.1643,8961.9,42
2025-07-16 23:22:00,1.1644,1.1644,1.1643,1.1643,12401.4,37
2025-07-16 23:24:00,1.1643,1.1644,1.1643,1.1644,6413.7,37
2025-07-16 23:26:00,1.1643,1.1643,1.1642,1.1642,8408.7,24
2025-07-16 23:28:00,1.1643,1.1643,1.1641,1.1641,19481.9,37
2025-07-16 23:30:00,1.1642,1.1642,1.1639,1.1641,86924.8,418
2025-07-16 23:32:00,1.164,1.1641,1.1639,1.1639,10135.1,67
2025-07-16 23:34:00,1.164,1.164,1.1639,1.1639,5347.5,23
2025-07-16 23:36:00,1.164,1.164,1.1639,1.164,26431.4,79
2025-07-16 23:38:00,1.164,1.164,1.1637,1.1638,23549.9,127
2025-07-16 23:40:00,1.1638,1.1638,1.1636,1.1638,13039.6,52
2025-07-16 23:42:00,1.1637,1.1638,1.1634,1.1635,13488.6,43
2025-07-16 23:44:00,1.1635,1.1636,1.1634,1.1635,9036.4,37
2025-07-16 23:46:00,1.1636,1.1637,1.1635,1.1636,4118.7,31
2025-07-16 23:48:00,1.1637,1.1637,1.1635,1.1636,9775.4,33
2025-07-16 23:50:00,1.1635,1.1636,1.1634,1.1635,9907.9,36
2025-07-16 23:52:00,1.1634,1.1635,1.1632,1.1633,32787.3,61
2025-07-16 23:54:00,1.1634,1.1634,1.1633,1.1633,33997.2,46
2025-07-16 23:56:00,1.1634,1.1635,1.1633,1.1634,18522.1,32
2025-07-16 23:58:00,1.1634,1.1635,1.1633,1.1634,8104.0,30
2025-07-17 00:00:00,1.1634,1.1636,1.1632,1.1632,15400.1,61
2025-07-17 00:02:00,1.1632,1.1633,1.163,1.1631,13809.6,35
2025-07-17 00:04:00,1.1631,1.1634,1.1631,1.1632,17690.2,32
2025-07-17 00:06:00,1.1632,1.1633,1.1632,1.1632,4832.7,27
2025-07-17 00:08:00,1.1632,1.1634,1.1632,1.1632,19826.9,48
2025-07-17 00:10:00,1.1632,1.1633,1.1632,1.1632,9857.8,27
2025-07-17 00:12:00,1.1632,1.1632,1.1629,1.1632,11446.2,26
2025-07-17 00:14:00,1.1632,1.1632,1.1631,1.1631,5425.0,26
2025-07-17 00:16:00,1.1631,1.1632,1.163,1.1631,3118.5,21
2025-07-17 00:18:00,1.1631,1.1632,1.1629,1.1631,3757.2999999999997,19
2025-07-17 00:20:00,1.1629,1.163,1.1628,1.1629,12133.5,35
2025-07-17 00:22:00,1.1629,1.163,1.1628,1.163,4581.7,19
2025-07-17 00:24:00,1.1629,1.163,1.1628,1.1628,5168.400000000001,23
2025-07-17 00:26:00,1.1629,1.163,1.1629,1.1629,14039.5,69
2025-07-17 00:28:00,1.1629,1.1629,1.1627,1.1628,6141.4,29
2025-07-17 00:30:00,1.1628,1.1628,1.1626,1.1628,37549.2,201
2025-07-17 00:32:00,1.1627,1.1628,1.1626,1.1627,9363.9,34
2025-07-17 00:34:00,1.1627,1.1627,1.1625,1.1625,9038.2,27
2025-07-17 00:36:00,1.1624,1.1624,1.162,1.162,63623.0,164
2025-07-17 00:38:00,1.1621,1.1622,1.1619,1.162,14585.1,22
2025-07-17 00:40:00,1.162,1.1622,1.162,1.1621,6377.1,17
2025-07-17 00:42:00,1.1621,1.1623,1.162,1.1623,26642.100000000002,49
2025-07-17 00:44:00,1.1623,1.1623,1.1622,1.1623,2904.2,18
2025-07-17 00:46:00,1.1623,1.1624,1.1622,1.1622,12029.9,17
2025-07-17 00:48:00,1.1622,1.1622,1.162,1.1621,14613.0,24
2025-07-17 00:50:00,1.1621,1.1622,1.1621,1.1622,11196.3,36
2025-07-17 00:52:00,1.1623,1.1624,1.1622,1.1623,10212.5,25
2025-07-17 00:54:00,1.1623,1.1624,1.162,1.1622,4262.4,18
2025-07-17 00:56:00,1.1621,1.1624,1.1621,1.1624,7580.8,25
2025-07-17 00:58:00,1.1624,1.1625,1.1623,1.1624,9352.5,22
2025-07-17 01:00:00,1.1625,1.1626,1.1624,1.1625,15230.4,128
2025-07-17 01:02:00,1.1624,1.1626,1.1622,1.1623,17113.4,59
2025-07-17 01:04:00,1.1623,1.1624,1.1622,1.1622,12920.2,36
2025-07-17 01:06:00,1.1621,1.1623,1.162,1.1623,48201.0,50
2025-07-17 01:08:00,1.1623,1.1623,1.1622,1.1622,1759.3999999999999,14
2025-07-17 01:10:00,1.1622,1.1624,1.1622,1.1623,3849.1,20
2025-07-17 01:12:00,1.1623,1.1624,1.1622,1.1622,10533.9,30
2025-07-17 01:14:00,1.1623,1.1624,1.1621,1.1623,13002.5,46
2025-07-17 01:16:00,1.1624,1.1626,1.1623,1.1625,40475.700000000004,30
2025-07-17 01:18:00,1.1625,1.1626,1.1623,1.1623,15761.800000000001,44
2025-07-17 01:20:00,1.1624,1.1624,1.1622,1.1622,11227.800000000001,35
2025-07-17 01:22:00,1.1623,1.1623,1.1621,1.1621,36999.3,67
2025-07-17 01:24:00,1.1622,1.1622,1.1621,1.1621,3906.8,19
2025-07-17 01:26:00,1.1621,1.1622,1.1621,1.1621,9183.8,34
2025-07-17 01:28:00,1.1622,1.1622,1.1621,1.1622,4894.0,17
2025-07-17 01:30:00,1.1621,1.1622,1.1619,1.1621,20920.2,46
2025-07-17 01:32:00,1.1621,1.1622,1.1619,1.1621,28806.8,80
2025-07-17 01:34:00,1.1619,1.1621,1.1619,1.1621,32149.2,60
2025-07-17 01:36:00,1.162,1.1621,1.162,1.162,9621.1,38
2025-07-17 01:38:00,1.162,1.1621,1.1619,1.1621,23511.0,58
2025-07-17 01:40:00,1.162,1.1621,1.162,1.1621,9930.6,51
2025-07-17 01:42:00,1.1621,1.1621,1.162,1.1621,36188.0,37
2025-07-17 01:44:00,1.1621,1.1624,1.162,1.1624,28052.600000000002,63
2025-07-17 01:46:00,1.1624,1.1625,1.1622,1.1624,81366.1,182
2025-07-17 01:48:00,1.1623,1.1626,1.1622,1.1623,95180.7,249
2025-07-17 01:50:00,1.1622,1.1625,1.1622,1.1625,29028.7,68
2025-07-17 01:52:00,1.1625,1.1628,1.1624,1.1628,14274.800000000001,31
2025-07-17 01:54:00,1.1627,1.1628,1.1627,1.1628,11860.5,24
2025-07-17 01:56:00,1.1629,1.163,1.1629,1.163,3840.3,21
2025-07-17 01:58:00,1.163,1.1631,1.1629,1.1631,10917.6,22
2025-07-17 02:00:00,1.1631,1.1631,1.1628,1.1629,24076.9,100
2025-07-17 02:02:00,1.1628,1.1629,1.1627,1.1628,11324.4,31
2025-07-17 02:04:00,1.1629,1.1629,1.1627,1.1627,10715.0,31
2025-07-17 02:06:00,1.1628,1.1628,1.1628,1.1628,2370.1,9
2025-07-17 02:08:00,1.1628,1.1628,1.1628,1.1628,1883.6,11
2025-07-17 02:10:00,1.1628,1.1628,1.1628,1.1628,1502.3000000000002,6
2025-07-17 02:12:00,1.1627,1.1628,1.1627,1.1628,2781.9,8
2025-07-17 02:14:00,1.1627,1.1628,1.1624,1.1626,36705.1,59
2025-07-17 02:16:00,1.1626,1.1626,1.1623,1.1624,7444.2,18
2025-07-17 02:18:00,1.1623,1.1624,1.1623,1.1624,17062.8,92
2025-07-17 02:20:00,1.1624,1.1624,1.1623,1.1624,5219.3,14
2025-07-17 02:22:00,1.1623,1.1624,1.1623,1.1624,21582.8,69
2025-07-17 02:24:00,1.1624,1.1625,1.1623,1.1625,13457.199999999999,29
2025-07-17 02:26:00,1.1625,1.1627,1.1625,1.1626,31858.3,26
2025-07-17 02:28:00,1.1625,1.1626,1.1625,1.1625,4597.9,19
2025-07-17 02:30:00,1.1626,1.1627,1.1625,1.1627,39356.6,222
2025-07-17 02:32:00,1.1627,1.1628,1.1626,1.1628,7515.3,25
2025-07-17 02:34:00,1.1628,1.1628,1.1627,1.1628,4877.2,16
2025-07-17 02:36:00,1.1628,1.1628,1.1627,1.1627,13196.699999999999,36
2025-07-17 02:38:00,1.1627,1.1627,1.1626,1.1627,6088.4,21
2025-07-17 02:40:00,1.1627,1.1627,1.1626,1.1627,11293.099999999999,18
2025-07-17 02:42:00,1.1627,1.1627,1.1626,1.1626,4771.3,13
2025-07-17 02:44:00,1.1626,1.1626,1.1625,1.1626,7709.8,25
2025-07-17 02:46:00,1.1625,1.1625,1.1624,1.1624,7742.3,23
2025-07-17 02:48:00,1.1624,1.1624,1.1621,1.1622,12878.6,49
2025-07-17 02:50:00,1.1622,1.1622,1.1621,1.1622,2048.8,10
2025-07-17 02:52:00,1.1622,1.1623,1.1622,1.1623,14305.0,60
2025-07-17 02:54:00,1.1623,1.1623,1.1622,1.1622,1661.8,10
2025-07-17 02:56:00,1.1622,1.1622,1.1621,1.1621,7045.2,11
2025-07-17 02:58:00,1.1622,1.1622,1.1621,1.1622,1806.6,13
2025-07-17 03:00:00,1.1621,1.1622,1.1621,1.1621,5173.3,21
2025-07-17 03:02:00,1.1621,1.1622,1.1618,1.1619,32907.4,94
2025-07-17 03:04:00,1.1619,1.1619,1.1617,1.1618,9945.6,26
2025-07-17 03:06:00,1.1619,1.162,1.1618,1.1618,4207.4,23
2025-07-17 03:08:00,1.1618,1.1619,1.1618,1.1618,3815.4,23
2025-07-17 03:10:00,1.1618,1.1619,1.1616,1.1619,7038.7,39
2025-07-17 03:12:00,1.1618,1.1619,1.1618,1.1618,7293.8,19
2025-07-17 03:14:00,1.1619,1.1619,1.1617,1.1618,9011.9,40
2025-07-17 03:16:00,1.1618,1.1619,1.1617,1.1619,20254.4,26
2025-07-17 03:18:00,1.1619,1.162,1.1617,1.1619,24699.0,67
2025-07-17 03:20:00,1.1619,1.162,1.1618,1.1619,3738.7,20
2025-07-17 03:22:00,1.1619,1.1619,1.1618,1.1618,4389.2,21
2025-07-17 03:24:00,1.1619,1.162,1.1618,1.1619,10633.800000000001,13
2025-07-17 03:26:00,1.162,1.162,1.1619,1.162,7037.9,33
2025-07-17 03:28:00,1.162,1.1621,1.162,1.1621,19710.6,50
2025-07-17 03:30:00,1.1621,1.1622,1.162,1.1621,12343.6,32
2025-07-17 03:32:00,1.1621,1.1621,1.162,1.162,14917.5,53
2025-07-17 03:34:00,1.162,1.1621,1.162,1.162,13264.5,38
2025-07-17 03:36:00,1.162,1.1621,1.1619,1.162,20098.1,47
2025-07-17 03:38:00,1.162,1.162,1.1618,1.1619,22960.9,39
2025-07-17 03:40:00,1.162,1.162,1.1618,1.1619,22963.9,31
2025-07-17 03:42:00,1.1619,1.162,1.1618,1.1619,11614.8,24
2025-07-17 03:44:00,1.1619,1.1621,1.1618,1.162,9070.9,28
2025-07-17 03:46:00,1.162,1.162,1.1619,1.162,7316.0,20
2025-07-17 03:48:00,1.162,1.162,1.162,1.162,4272.8,13
2025-07-17 03:50:00,1.162,1.1622,1.162,1.162,5228.8,14
2025-07-17 03:52:00,1.1621,1.1621,1.162,1.162,5691.900000000001,21
2025-07-17 03:54:00,1.1621,1.1622,1.162,1.1622,10170.5,20
2025-07-17 03:56:00,1.1622,1.1623,1.1622,1.1623,3362.5,16
2025-07-17 03:58:00,1.1623,1.1624,1.1622,1.1624,12764.800000000001,21
2025-07-17 04:00:00,1.1624,1.1624,1.1622,1.1622,5871.099999999999,28
2025-07-17 04:02:00,1.1624,1.1624,1.1622,1.1622,3173.4,24
2025-07-17 04:04:00,1.1624,1.1624,1.1622,1.1624,4495.3,30
2025-07-17 04:06:00,1.1624,1.1624,1.1621,1.1621,13278.0,41
2025-07-17 04:08:00,1.1621,1.1621,1.162,1.1621,6733.5,24
2025-07-17 04:10:00,1.1621,1.1621,1.1619,1.162,8683.3,45
2025-07-17 04:12:00,1.1621,1.1621,1.162,1.162,7471.2,44
2025-07-17 04:14:00,1.1621,1.1621,1.162,1.162,6994.9,26
2025-07-17 04:16:00,1.162,1.1622,1.162,1.162,3519.3,41
2025-07-17 04:18:00,1.162,1.1621,1.1619,1.162,7876.9,34
2025-07-17 04:20:00,1.1621,1.1622,1.162,1.1621,9461.699999999999,33
2025-07-17 04:22:00,1.162,1.1622,1.162,1.162,5681.4,10
2025-07-17 04:24:00,1.162,1.162,1.162,1.162,3663.0,9
2025-07-17 04:26:00,1.162,1.1621,1.1619,1.1619,11351.0,21
2025-07-17 04:28:00,1.1619,1.1621,1.1619,1.162,5871.1,12
2025-07-17 04:30:00,1.1621,1.1622,1.162,1.162,22802.3,53
2025-07-17 04:32:00,1.162,1.1622,1.162,1.1621,22402.3,24
2025-07-17 04:34:00,1.1622,1.1622,1.1621,1.1621,6894.8,24
2025-07-17 04:36:00,1.1621,1.1622,1.1621,1.1621,5481.7,23
2025-07-17 04:38:00,1.1621,1.1623,1.1621,1.1622,8325.6,38
2025-07-17 04:40:00,1.1623,1.1623,1.1622,1.1622,5372.6,27
2025-07-17 04:42:00,1.1622,1.1623,1.1621,1.1621,6103.3,21
2025-07-17 04:44:00,1.1622,1.1623,1.1622,1.1622,2524.7,13
2025-07-17 04:46:00,1.1622,1.1623,1.1622,1.1622,13826.0,75
2025-07-17 04:48:00,1.1624,1.1624,1.1622,1.1622,6710.6,34
2025-07-17 04:50:00,1.1622,1.1622,1.162,1.1622,12817.6,31
2025-07-17 04:52:00,1.1623,1.1625,1.1622,1.1622,11193.0,34
2025-07-17 04:54:00,1.1622,1.1623,1.1621,1.1621,5848.6,29
2025-07-17 04:56:00,1.1621,1.1623,1.1621,1.1621,10236.8,39
2025-07-17 04:58:00,1.1621,1.1624,1.1621,1.1623,11884.4,35
2025-07-17 05:00:00,1.1623,1.1624,1.1623,1.1624,11758.7,37
2025-07-17 05:02:00,1.1623,1.1624,1.1623,1.1623,3737.7,33
2025-07-17 05:04:00,1.1624,1.1625,1.1623,1.1623,20087.7,53
2025-07-17 05:06:00,1.1624,1.1625,1.1624,1.1624,5392.1,32
2025-07-17 05:08:00,1.1625,1.1626,1.1624,1.1625,14317.1,31
2025-07-17 05:10:00,1.1624,1.1626,1.1624,1.1625,11799.2,43
2025-07-17 05:12:00,1.1626,1.1627,1.1624,1.1626,28122.7,53
2025-07-17 05:14:00,1.1626,1.1628,1.1626,1.1627,6745.7,39
2025-07-17 05:16:00,1.1626,1.1628,1.1626,1.1627,6971.4,22
2025-07-17 05:18:00,1.1627,1.1627,1.1626,1.1626,2106.7,10
2025-07-17 05:20:00,1.1626,1.1627,1.1626,1.1626,9315.3,23
2025-07-17 05:22:00,1.1626,1.1626,1.1624,1.1624,8744.9,24
2025-07-17 05:24:00,1.1624,1.1625,1.1623,1.1624,6576.8,31
2025-07-17 05:26:00,1.1624,1.1624,1.1623,1.1624,6373.900000000001,31
2025-07-17 05:28:00,1.1624,1.1627,1.1624,1.1626,22164.3,61
2025-07-17 05:30:00,1.1626,1.1627,1.1624,1.1625,17367.9,44
2025-07-17 05:32:00,1.1626,1.1627,1.1624,1.1627,16455.4,62
2025-07-17 05:34:00,1.1627,1.1627,1.1625,1.1626,31316.7,70
2025-07-17 05:36:00,1.1625,1.1627,1.1624,1.1624,27212.1,59
2025-07-17 05:38:00,1.1625,1.1626,1.1624,1.1625,10336.1,42
2025-07-17 05:40:00,1.1625,1.1626,1.1624,1.1625,12958.8,29
2025-07-17 05:42:00,1.1626,1.1626,1.1624,1.1625,9316.800000000001,26
2025-07-17 05:44:00,1.1626,1.1626,1.1625,1.1625,47048.7,50
2025-07-17 05:46:00,1.1626,1.1626,1.1624,1.1624,49929.1,70
2025-07-17 05:48:00,1.1623,1.1624,1.1623,1.1623,22410.3,38
2025-07-17 05:50:00,1.1623,1.1624,1.1623,1.1623,13924.3,21
2025-07-17 05:52:00,1.1622,1.1625,1.1622,1.1624,17210.0,60
2025-07-17 05:54:00,1.1624,1.1624,1.1618,1.1618,22349.7,74
2025-07-17 05:56:00,1.1618,1.162,1.1618,1.1618,29437.6,82
2025-07-17 05:58:00,1.1618,1.162,1.1617,1.1617,20738.4,56
2025-07-17 06:00:00,1.1617,1.1618,1.1614,1.1615,36370.5,104
2025-07-17 06:02:00,1.1615,1.1617,1.1612,1.1614,29802.7,78
2025-07-17 06:04:00,1.1613,1.1615,1.1613,1.1614,23336.5,70
2025-07-17 06:06:00,1.1614,1.1616,1.1613,1.1615,45220.8,71
2025-07-17 06:08:00,1.1615,1.1616,1.1615,1.1616,25208.2,71
2025-07-17 06:10:00,1.1615,1.1616,1.1613,1.1614,35546.9,56
2025-07-17 06:12:00,1.1614,1.1615,1.1612,1.1612,25004.5,56
2025-07-17 06:14:00,1.1612,1.1612,1.1609,1.161,204642.5,160
2025-07-17 06:16:00,1.1609,1.161,1.1607,1.1608,26483.0,67
2025-07-17 06:18:00,1.1608,1.1608,1.1602,1.1602,24780.0,67
2025-07-17 06:20:00,1.1602,1.1602,1.1593,1.1595,55718.8,194
2025-07-17 06:22:00,1.1594,1.1595,1.1584,1.1586,67088.2,169
2025-07-17 06:24:00,1.1585,1.1588,1.1585,1.1587,44245.7,124
2025-07-17 06:26:00,1.1587,1.1588,1.1585,1.1587,15150.7,57
2025-07-17 06:28:00,1.1587,1.1589,1.1585,1.1585,29791.6,76
2025-07-17 06:30:00,1.1585,1.1585,1.1581,1.1584,34159.6,104
2025-07-17 06:32:00,1.1584,1.1588,1.1583,1.1583,39241.8,103
2025-07-17 06:34:00,1.1583,1.1583,1.1577,1.1578,37001.9,79
2025-07-17 06:36:00,1.1577,1.158,1.1576,1.1579,42758.3,89
2025-07-17 06:38:00,1.1578,1.1584,1.1578,1.1583,32634.6,96
2025-07-17 06:40:00,1.1584,1.1586,1.1581,1.1582,34740.2,105
2025-07-17 06:42:00,1.1582,1.1583,1.1581,1.1582,16713.8,44
2025-07-17 06:44:00,1.1582,1.1582,1.158,1.1582,14210.9,45
2025-07-17 06:46:00,1.1581,1.1582,1.158,1.1582,18114.4,58
2025-07-17 06:48:00,1.1582,1.1582,1.1579,1.1582,28705.2,57
2025-07-17 06:50:00,1.1582,1.1584,1.1582,1.1583,36802.5,86
2025-07-17 06:52:00,1.1583,1.1585,1.1583,1.1584,62736.700000000004,84
2025-07-17 06:54:00,1.1585,1.1586,1.1584,1.1584,21606.1,88
2025-07-17 06:56:00,1.1584,1.1585,1.1582,1.1583,18702.1,57
2025-07-17 06:58:00,1.1583,1.1586,1.1583,1.1585,26643.2,67
2025-07-17 07:00:00,1.1585,1.1585,1.158,1.1583,33033.6,95
2025-07-17 07:02:00,1.158,1.1581,1.1578,1.158,31205.0,87
2025-07-17 07:04:00,1.1579,1.1581,1.1577,1.1577,32221.2,97
2025-07-17 07:06:00,1.1577,1.1578,1.1576,1.1578,40167.6,79
2025-07-17 07:08:00,1.1579,1.1585,1.1579,1.1584,43167.4,108
2025-07-17 07:10:00,1.1585,1.1587,1.1584,1.1587,18281.4,80
2025-07-17 07:12:00,1.1587,1.1589,1.1584,1.1589,50488.5,97
2025-07-17 07:14:00,1.1588,1.1589,1.1587,1.1588,22401.9,55
2025-07-17 07:16:00,1.1587,1.1589,1.1587,1.1589,26124.8,58
2025-07-17 07:18:00,1.1589,1.1589,1.1586,1.1587,63608.1,87
2025-07-17 07:20:00,1.1587,1.1588,1.1584,1.1585,24469.9,63
2025-07-17 07:22:00,1.1584,1.1588,1.1584,1.1588,19815.2,71
2025-07-17 07:24:00,1.1587,1.1591,1.1586,1.159,17989.3,53
2025-07-17 07:26:00,1.159,1.1593,1.159,1.1592,25510.1,76
2025-07-17 07:28:00,1.1593,1.1594,1.1591,1.1594,14831.2,42
2025-07-17 07:30:00,1.1594,1.1594,1.1591,1.1593,27005.4,65
2025-07-17 07:32:00,1.1593,1.1596,1.1592,1.1594,27942.3,63
2025-07-17 07:34:00,1.1594,1.1595,1.1593,1.1594,22631.3,63
2025-07-17 07:36:00,1.1594,1.1596,1.1593,1.1595,21291.1,53
2025-07-17 07:38:00,1.1595,1.1596,1.1593,1.1593,23508.5,60
2025-07-17 07:40:00,1.1593,1.1594,1.159,1.159,74826.2,198
2025-07-17 07:42:00,1.159,1.1593,1.159,1.1593,49635.2,163
2025-07-17 07:44:00,1.1592,1.1597,1.1592,1.1597,35955.2,91
2025-07-17 07:46:00,1.1596,1.1598,1.1595,1.1596,34650.1,92
2025-07-17 07:48:00,1.1595,1.1596,1.1594,1.1595,36392.9,104
2025-07-17 07:50:00,1.1596,1.1596,1.1593,1.1594,28050.9,72
2025-07-17 07:52:00,1.1593,1.1595,1.1592,1.1593,25989.2,79
2025-07-17 07:54:00,1.1593,1.1594,1.159,1.159,29991.1,125
2025-07-17 07:56:00,1.159,1.1592,1.1589,1.159,75429.9,138
2025-07-17 07:58:00,1.1589,1.1591,1.1589,1.159,27833.3,52
2025-07-17 08:00:00,1.1591,1.1592,1.159,1.1591,51522.9,84
2025-07-17 08:02:00,1.1591,1.1592,1.1589,1.1591,29244.8,72
2025-07-17 08:04:00,1.1591,1.1594,1.159,1.1593,21408.4,71
2025-07-17 08:06:00,1.1594,1.1594,1.1592,1.1594,16869.6,58
2025-07-17 08:08:00,1.1593,1.1595,1.1592,1.1593,13026.9,39
2025-07-17 08:10:00,1.1592,1.1595,1.1592,1.1594,19153.2,53
2025-07-17 08:12:00,1.1595,1.1596,1.1593,1.1596,26180.3,68
2025-07-17 08:14:00,1.1596,1.1598,1.1595,1.1597,28662.0,48
2025-07-17 08:16:00,1.1597,1.1598,1.1596,1.1598,43419.0,90
2025-07-17 08:18:00,1.1598,1.1598,1.1596,1.1598,18691.0,48
2025-07-17 08:20:00,1.1597,1.1598,1.1596,1.1598,22557.0,64
2025-07-17 08:22:00,1.1598,1.1599,1.1597,1.1598,81447.40000000001,354
2025-07-17 08:24:00,1.1598,1.1599,1.1597,1.1597,44496.9,107
2025-07-17 08:26:00,1.1597,1.1601,1.1597,1.16,83848.2,118
2025-07-17 08:28:00,1.1601,1.1602,1.1599,1.1601,16005.0,49
2025-07-17 08:30:00,1.1602,1.1605,1.1601,1.1604,52934.2,193
2025-07-17 08:32:00,1.1603,1.1607,1.1603,1.1607,170884.9,267
2025-07-17 08:34:00,1.1606,1.1607,1.1603,1.1604,28117.1,81
2025-07-17 08:36:00,1.1603,1.1604,1.16,1.1601,45465.1,98
2025-07-17 08:38:00,1.1601,1.1602,1.16,1.1601,78394.6,91
2025-07-17 08:40:00,1.1602,1.1604,1.1601,1.1603,24224.9,51
2025-07-17 08:42:00,1.1602,1.1604,1.1601,1.1603,26987.5,55
2025-07-17 08:44:00,1.1602,1.1603,1.16,1.1602,23905.8,80
2025-07-17 08:46:00,1.1601,1.1602,1.1598,1.16,12090.6,47
2025-07-17 08:48:00,1.16,1.16,1.1599,1.16,9513.3,39
2025-07-17 08:50:00,1.16,1.1601,1.1599,1.16,20869.3,51
2025-07-17 08:52:00,1.16,1.1602,1.1599,1.16,57284.7,85
2025-07-17 08:54:00,1.1599,1.1601,1.1599,1.16,32762.5,80
2025-07-17 08:56:00,1.1601,1.1603,1.1599,1.1601,252602.8,557
2025-07-17 08:58:00,1.1602,1.1603,1.1601,1.1602,40954.6,80
2025-07-17 09:00:00,1.1602,1.1606,1.1602,1.1605,55049.8,88
2025-07-17 09:02:00,1.1604,1.1605,1.1601,1.1602,57986.0,106
2025-07-17 09:04:00,1.1602,1.1604,1.1602,1.1604,60680.1,199
2025-07-17 09:06:00,1.1602,1.1603,1.16,1.1601,44601.4,83
2025-07-17 09:08:00,1.1601,1.1603,1.16,1.1601,48397.4,118
2025-07-17 09:10:00,1.1601,1.1603,1.16,1.1601,51729.4,89
2025-07-17 09:12:00,1.1602,1.1602,1.16,1.1601,35679.7,66
2025-07-17 09:14:00,1.16,1.1603,1.1599,1.16,74688.9,115
2025-07-17 09:16:00,1.16,1.1601,1.1599,1.16,71985.3,152
2025-07-17 09:18:00,1.1601,1.1602,1.16,1.16,39370.5,82
2025-07-17 09:20:00,1.1601,1.1601,1.1598,1.16,67637.2,199
2025-07-17 09:22:00,1.1601,1.1601,1.1599,1.16,53076.7,128
2025-07-17 09:24:00,1.1599,1.16,1.1598,1.1598,75355.59999999999,159
2025-07-17 09:26:00,1.1599,1.16,1.1598,1.1598,48637.1,100
2025-07-17 09:28:00,1.1599,1.1599,1.1596,1.1596,115887.7,244
2025-07-17 09:30:00,1.1597,1.1598,1.1594,1.1598,100926.5,274
2025-07-17 09:32:00,1.1598,1.16,1.1595,1.1599,53839.3,128
2025-07-17 09:34:00,1.1599,1.16,1.1595,1.1596,48285.5,138
2025-07-17 09:36:00,1.1596,1.1597,1.1595,1.1597,66996.8,99
2025-07-17 09:38:00,1.1597,1.1599,1.1596,1.1598,40087.5,84
2025-07-17 09:40:00,1.1599,1.1599,1.1597,1.1598,30229.5,62
2025-07-17 09:42:00,1.1598,1.16,1.1598,1.1599,34114.8,81
2025-07-17 09:44:00,1.1599,1.1599,1.1596,1.1596,43252.0,61
2025-07-17 09:46:00,1.1596,1.1598,1.1596,1.1597,54085.9,114
2025-07-17 09:48:00,1.1597,1.1598,1.1594,1.1594,46970.9,97
2025-07-17 09:50:00,1.1594,1.1594,1.1593,1.1593,33217.0,62
2025-07-17 09:52:00,1.1594,1.1597,1.1592,1.1592,161422.2,107
2025-07-17 09:54:00,1.1593,1.1596,1.1592,1.1593,70125.7,121
2025-07-17 09:56:00,1.1593,1.1593,1.1591,1.1591,35570.9,99
2025-07-17 09:58:00,1.1592,1.1592,1.159,1.1592,17910.8,72
2025-07-17 10:00:00,1.1591,1.1592,1.159,1.1591,28118.1,77
2025-07-17 10:02:00,1.159,1.1592,1.1589,1.159,29057.8,87
2025-07-17 10:04:00,1.159,1.1591,1.1589,1.159,19424.4,82
2025-07-17 10:06:00,1.159,1.1592,1.1589,1.1591,85609.7,170
2025-07-17 10:08:00,1.1591,1.1592,1.159,1.159,52797.2,99
2025-07-17 10:10:00,1.159,1.1592,1.1589,1.1589,41596.6,116
2025-07-17 10:12:00,1.1589,1.159,1.1586,1.1587,139998.6,113
2025-07-17 10:14:00,1.1588,1.1588,1.1585,1.1585,37240.1,72
2025-07-17 10:16:00,1.1585,1.1587,1.1585,1.1586,40460.5,76
2025-07-17 10:18:00,1.1586,1.1588,1.1585,1.1587,51611.4,121
2025-07-17 10:20:00,1.1587,1.1588,1.1585,1.1586,40806.1,73
2025-07-17 10:22:00,1.1586,1.1588,1.1585,1.1587,101265.7,108
2025-07-17 10:24:00,1.1588,1.1588,1.1586,1.1587,29275.8,89
2025-07-17 10:26:00,1.1587,1.159,1.1587,1.1589,16453.8,78
2025-07-17 10:28:00,1.159,1.159,1.1587,1.159,25237.3,101
2025-07-17 10:30:00,1.1589,1.159,1.1587,1.1587,15229.6,65
2025-07-17 10:32:00,1.1587,1.1589,1.1585,1.1588,22720.0,78
2025-07-17 10:34:00,1.1586,1.1588,1.1586,1.1586,20534.6,67
2025-07-17 10:36:00,1.1586,1.1589,1.1586,1.1588,12076.3,45
2025-07-17 10:38:00,1.1588,1.1593,1.1588,1.1593,45007.3,112
2025-07-17 10:40:00,1.1593,1.1593,1.159,1.1591,33144.4,103
2025-07-17 10:42:00,1.1591,1.1592,1.1589,1.1589,35678.5,64
2025-07-17 10:44:00,1.159,1.159,1.1588,1.1589,27162.4,47
2025-07-17 10:46:00,1.1589,1.159,1.1588,1.1588,38734.6,98
2025-07-17 10:48:00,1.1589,1.1591,1.1588,1.1589,27736.6,84
2025-07-17 10:50:00,1.159,1.1591,1.1588,1.1588,26438.3,66
2025-07-17 10:52:00,1.1589,1.1589,1.1587,1.1587,16846.3,59
2025-07-17 10:54:00,1.1587,1.1588,1.1586,1.1588,50435.8,79
2025-07-17 10:56:00,1.1586,1.1588,1.1586,1.1587,27629.5,57
2025-07-17 10:58:00,1.1588,1.1589,1.1587,1.1588,29227.6,79
2025-07-17 11:00:00,1.1588,1.159,1.1587,1.1588,36476.9,87
2025-07-17 11:02:00,1.1589,1.1591,1.1588,1.159,13415.7,48
2025-07-17 11:04:00,1.1591,1.1591,1.1589,1.159,10019.7,37
2025-07-17 11:06:00,1.159,1.159,1.1588,1.1588,14539.9,38
2025-07-17 11:08:00,1.1588,1.159,1.1588,1.159,20306.8,51
2025-07-17 11:10:00,1.1589,1.159,1.1588,1.1588,21827.0,78
2025-07-17 11:12:00,1.1589,1.1589,1.1587,1.1588,53095.0,116
2025-07-17 11:14:00,1.1588,1.1589,1.1588,1.1589,34462.0,73
2025-07-17 11:16:00,1.1589,1.1591,1.1588,1.1589,53734.9,117
2025-07-17 11:18:00,1.159,1.159,1.1588,1.1589,69389.1,83
2025-07-17 11:20:00,1.1589,1.159,1.1586,1.1586,37164.5,86
2025-07-17 11:22:00,1.1587,1.1587,1.1585,1.1585,44309.5,99
2025-07-17 11:24:00,1.1585,1.1586,1.1583,1.1584,20562.7,48
2025-07-17 11:26:00,1.1583,1.1584,1.1582,1.1582,29315.8,52
2025-07-17 11:28:00,1.1583,1.1583,1.1581,1.1582,17484.2,60
2025-07-17 11:30:00,1.1581,1.1583,1.158,1.1582,108946.6,316
2025-07-17 11:32:00,1.1583,1.1584,1.1582,1.1582,77720.9,334
2025-07-17 11:34:00,1.1582,1.1584,1.1582,1.1583,67551.5,129
2025-07-17 11:36:00,1.1583,1.1584,1.1582,1.1584,30827.8,88
2025-07-17 11:38:00,1.1583,1.1584,1.1582,1.1582,36333.0,78
2025-07-17 11:40:00,1.1582,1.1584,1.1582,1.1582,29067.1,78
2025-07-17 11:42:00,1.1583,1.1583,1.158,1.1581,18240.3,48
2025-07-17 11:44:00,1.1581,1.1582,1.1579,1.1581,31936.7,113
2025-07-17 11:46:00,1.158,1.1581,1.1578,1.158,32493.4,69
2025-07-17 11:48:00,1.1581,1.1581,1.1577,1.1578,28410.6,106
2025-07-17 11:50:00,1.1577,1.1578,1.1575,1.1575,12549.5,68
2025-07-17 11:52:00,1.1576,1.1576,1.1575,1.1576,16026.4,48
2025-07-17 11:54:00,1.1576,1.1577,1.1576,1.1577,17863.5,50
2025-07-17 11:56:00,1.1576,1.1577,1.1574,1.1576,19858.7,47
2025-07-17 11:58:00,1.1576,1.1578,1.1575,1.1578,8840.5,30
2025-07-17 12:00:00,1.1579,1.1581,1.1578,1.1581,16161.8,59
2025-07-17 12:02:00,1.158,1.1581,1.1578,1.1578,23325.0,53
2025-07-17 12:04:00,1.1578,1.1579,1.1576,1.1576,34980.0,97
2025-07-17 12:06:00,1.1577,1.1579,1.1575,1.1579,88455.2,337
2025-07-17 12:08:00,1.1579,1.1582,1.1579,1.1581,52573.9,139
2025-07-17 12:10:00,1.158,1.1584,1.158,1.1582,56265.1,160
2025-07-17 12:12:00,1.1582,1.1587,1.1582,1.1587,33341.1,84
2025-07-17 12:14:00,1.1586,1.1587,1.1584,1.1585,54815.9,125
2025-07-17 12:16:00,1.1585,1.1588,1.1583,1.1588,77620.7,86
2025-07-17 12:18:00,1.1587,1.1588,1.1586,1.1587,25784.4,69
2025-07-17 12:20:00,1.1587,1.1587,1.1584,1.1586,47289.2,124
2025-07-17 12:22:00,1.1585,1.1587,1.1584,1.1586,37779.9,84
2025-07-17 12:24:00,1.1585,1.1586,1.1583,1.1584,42111.7,99
2025-07-17 12:26:00,1.1585,1.1585,1.1582,1.1583,17032.5,48
2025-07-17 12:28:00,1.1584,1.1584,1.1581,1.1581,35855.3,58
2025-07-17 12:30:00,1.1582,1.1582,1.1567,1.1574,152803.4,356
2025-07-17 12:32:00,1.1574,1.1576,1.1572,1.1575,161000.6,358
2025-07-17 12:34:00,1.1575,1.1577,1.1574,1.1574,52396.2,101
2025-07-17 12:36:00,1.1574,1.158,1.1574,1.158,52279.2,282
2025-07-17 12:38:00,1.1579,1.1583,1.1579,1.1582,43430.9,250
2025-07-17 12:40:00,1.1582,1.1584,1.1579,1.1582,83696.5,216
2025-07-17 12:42:00,1.1582,1.1586,1.1581,1.1585,62540.1,349
2025-07-17 12:44:00,1.1584,1.1586,1.1583,1.1584,51700.1,141
2025-07-17 12:46:00,1.1585,1.159,1.1585,1.1589,38345.7,127
2025-07-17 12:48:00,1.1589,1.1592,1.1589,1.159,43252.9,148
2025-07-17 12:50:00,1.159,1.1594,1.1589,1.1592,35223.9,111
2025-07-17 12:52:00,1.1593,1.1593,1.1589,1.1592,47392.5,107
2025-07-17 12:54:00,1.1592,1.1592,1.1589,1.1591,19958.3,58
2025-07-17 12:56:00,1.1591,1.1592,1.1589,1.1591,67556.6,96
2025-07-17 12:58:00,1.1591,1.1593,1.159,1.159,41885.2,96
2025-07-17 13:00:00,1.1591,1.1593,1.1589,1.1589,26082.0,77
2025-07-17 13:02:00,1.1589,1.1592,1.1589,1.1591,35514.3,74
2025-07-17 13:04:00,1.1591,1.1595,1.159,1.1595,42203.0,232
2025-07-17 13:06:00,1.1595,1.16,1.1594,1.1598,99625.4,364
2025-07-17 13:08:00,1.1599,1.16,1.1598,1.1599,23585.8,76
2025-07-17 13:10:00,1.16,1.16,1.1597,1.1598,23016.2,67
2025-07-17 13:12:00,1.1598,1.1598,1.1595,1.1597,28831.8,76
2025-07-17 13:14:00,1.1596,1.1597,1.1594,1.1596,62535.9,87
2025-07-17 13:16:00,1.1596,1.1597,1.1594,1.1595,42256.1,100
2025-07-17 13:18:00,1.1595,1.1596,1.1593,1.1594,53254.799999999996,115
2025-07-17 13:20:00,1.1593,1.1593,1.1589,1.159,31692.8,149
2025-07-17 13:22:00,1.1589,1.1591,1.1587,1.1591,37081.1,87
2025-07-17 13:24:00,1.1591,1.1591,1.1588,1.1589,20287.3,49
2025-07-17 13:26:00,1.1588,1.159,1.1587,1.159,52392.299999999996,68
2025-07-17 13:28:00,1.159,1.1591,1.1589,1.1591,71882.5,69
2025-07-17 13:30:00,1.159,1.1591,1.159,1.1591,22550.9,64
2025-07-17 13:32:00,1.1591,1.1592,1.1589,1.1591,100897.9,157
2025-07-17 13:34:00,1.1591,1.1591,1.1588,1.1588,47844.6,73
2025-07-17 13:36:00,1.1589,1.1592,1.1588,1.1592,73216.7,137
2025-07-17 13:38:00,1.1592,1.1592,1.1589,1.1592,57632.299999999996,137
2025-07-17 13:40:00,1.1592,1.1596,1.1592,1.1595,42717.7,140
2025-07-17 13:42:00,1.1594,1.1597,1.1594,1.1596,25725.7,64
2025-07-17 13:44:00,1.1597,1.1597,1.1591,1.1592,82483.3,186
2025-07-17 13:46:00,1.1593,1.1597,1.1592,1.1595,155850.7,321
2025-07-17 13:48:00,1.1594,1.1595,1.159,1.159,80661.5,114
2025-07-17 13:50:00,1.159,1.159,1.1589,1.1589,63866.200000000004,91
2025-07-17 13:52:00,1.159,1.159,1.1585,1.1587,53636.9,106
2025-07-17 13:54:00,1.1587,1.1587,1.1583,1.1586,34150.2,83
2025-07-17 13:56:00,1.1586,1.1592,1.1585,1.1592,22200.7,90
2025-07-17 13:58:00,1.1592,1.1592,1.1588,1.159,317065.5,264
2025-07-17 14:00:00,1.1589,1.159,1.1586,1.1588,33881.6,111
2025-07-17 14:02:00,1.1587,1.1592,1.1586,1.1591,31475.7,72
2025-07-17 14:04:00,1.1591,1.1591,1.1586,1.1587,33560.2,82
2025-07-17 14:06:00,1.1586,1.1587,1.1584,1.1584,12522.2,48
2025-07-17 14:08:00,1.1584,1.1585,1.1582,1.1585,20106.5,50
2025-07-17 14:10:00,1.1585,1.1587,1.1585,1.1585,10623.0,48
2025-07-17 14:12:00,1.1585,1.1588,1.1584,1.1587,72221.4,194
2025-07-17 14:14:00,1.1587,1.1588,1.1584,1.1586,53611.5,107
2025-07-17 14:16:00,1.1586,1.1589,1.1584,1.1589,17891.7,68
2025-07-17 14:18:00,1.1589,1.1591,1.1589,1.159,36351.5,69
2025-07-17 14:20:00,1.1591,1.1593,1.1591,1.1592,35599.2,71
2025-07-17 14:22:00,1.1592,1.1593,1.1591,1.1593,10838.5,40
2025-07-17 14:24:00,1.1593,1.1593,1.1591,1.1592,20248.3,56
2025-07-17 14:26:00,1.1592,1.1592,1.159,1.1592,29347.5,64
2025-07-17 14:28:00,1.1592,1.1594,1.159,1.1592,21301.5,44
2025-07-17 14:30:00,1.1593,1.1593,1.1588,1.1588,44805.8,80
2025-07-17 14:32:00,1.1588,1.1588,1.1584,1.1586,38386.8,107
2025-07-17 14:34:00,1.1585,1.1589,1.1585,1.1589,43707.0,84
2025-07-17 14:36:00,1.1588,1.1592,1.1588,1.1591,44222.7,102
2025-07-17 14:38:00,1.1591,1.1592,1.159,1.159,30067.9,76
2025-07-17 14:40:00,1.159,1.1593,1.1589,1.1591,26198.3,81
2025-07-17 14:42:00,1.1591,1.1593,1.1591,1.1591,24254.4,89
2025-07-17 14:44:00,1.1591,1.1592,1.1589,1.159,23680.1,65
2025-07-17 14:46:00,1.159,1.159,1.1587,1.1589,24593.8,45
2025-07-17 14:48:00,1.159,1.1593,1.159,1.159,42463.8,94
2025-07-17 14:50:00,1.1591,1.1591,1.1586,1.1587,47916.7,131
2025-07-17 14:52:00,1.1587,1.159,1.1586,1.1588,27796.2,86
2025-07-17 14:54:00,1.1589,1.1591,1.1588,1.159,24796.0,58
2025-07-17 14:56:00,1.159,1.1591,1.1588,1.1589,43472.6,111
2025-07-17 14:58:00,1.1589,1.159,1.1588,1.1588,33167.3,87
2025-07-17 15:00:00,1.1588,1.1589,1.1586,1.1587,45821.0,125
2025-07-17 15:02:00,1.1586,1.1589,1.1586,1.1588,40558.2,88
2025-07-17 15:04:00,1.1588,1.1589,1.1586,1.1588,56367.9,119
2025-07-17 15:06:00,1.1587,1.1589,1.1586,1.1588,54078.4,102
2025-07-17 15:08:00,1.1588,1.159,1.1587,1.159,30314.8,81
2025-07-17 15:10:00,1.1588,1.1592,1.1588,1.159,41662.2,130
2025-07-17 15:12:00,1.1588,1.1591,1.1588,1.1591,23782.1,76
2025-07-17 15:14:00,1.1591,1.1591,1.1587,1.1587,61542.5,125
2025-07-17 15:16:00,1.1588,1.159,1.1587,1.159,24357.9,66
2025-07-17 15:18:00,1.159,1.159,1.1589,1.1589,15163.2,34
2025-07-17 15:20:00,1.159,1.1591,1.1586,1.1586,25505.2,107
2025-07-17 15:22:00,1.1588,1.1589,1.1586,1.1587,23639.2,77
2025-07-17 15:24:00,1.1587,1.1589,1.1587,1.1589,17133.3,56
2025-07-17 15:26:00,1.1589,1.159,1.1588,1.1589,15459.300000000001,64
2025-07-17 15:28:00,1.159,1.1594,1.1589,1.1593,35415.2,102
2025-07-17 15:30:00,1.1594,1.1594,1.1591,1.1591,19137.4,65
2025-07-17 15:32:00,1.1591,1.1594,1.159,1.1594,22322.0,73
2025-07-17 15:34:00,1.1594,1.1594,1.1591,1.1593,18268.5,63
2025-07-17 15:36:00,1.1593,1.1593,1.1591,1.1593,23509.9,87
2025-07-17 15:38:00,1.1593,1.1594,1.1592,1.1594,17528.0,50
2025-07-17 15:40:00,1.1593,1.1597,1.1593,1.1595,20490.9,92
2025-07-17 15:42:00,1.1596,1.1597,1.1595,1.1596,20445.5,78
2025-07-17 15:44:00,1.1597,1.1597,1.1596,1.1596,62043.0,54
2025-07-17 15:46:00,1.1596,1.1597,1.1595,1.1596,73737.1,145
2025-07-17 15:48:00,1.1597,1.1597,1.1595,1.1595,28859.7,92
2025-07-17 15:50:00,1.1596,1.1599,1.1595,1.1598,23584.1,63
2025-07-17 15:52:00,1.1599,1.16,1.1597,1.16,26501.9,84
2025-07-17 15:54:00,1.1599,1.1602,1.1599,1.1599,27264.8,75
2025-07-17 15:56:00,1.1598,1.1599,1.1595,1.1596,37210.2,88
2025-07-17 15:58:00,1.1596,1.1596,1.1593,1.1595,23539.6,73
2025-07-17 16:00:00,1.1594,1.1598,1.1594,1.1596,26915.4,70
2025-07-17 16:02:00,1.1595,1.1597,1.1595,1.1596,16600.3,47
2025-07-17 16:04:00,1.1597,1.1597,1.1596,1.1596,7849.3,38
2025-07-17 16:06:00,1.1596,1.1597,1.1595,1.1595,17634.3,71
2025-07-17 16:08:00,1.1595,1.1597,1.1595,1.1596,9558.0,43
2025-07-17 16:10:00,1.1597,1.1598,1.1594,1.1595,51517.9,106
2025-07-17 16:12:00,1.1595,1.1596,1.1593,1.1594,66754.6,209
2025-07-17 16:14:00,1.1594,1.1596,1.1594,1.1594,10771.2,57
2025-07-17 16:16:00,1.1595,1.1596,1.1592,1.1595,45243.0,187
2025-07-17 16:18:00,1.1595,1.1596,1.1595,1.1595,11149.5,45
2025-07-17 16:20:00,1.1596,1.1599,1.1595,1.1597,74407.3,96
2025-07-17 16:22:00,1.1597,1.1598,1.1597,1.1598,12527.4,53
2025-07-17 16:24:00,1.1597,1.1598,1.1596,1.1597,21122.7,60
2025-07-17 16:26:00,1.1598,1.1598,1.1595,1.1595,15714.5,38
2025-07-17 16:28:00,1.1597,1.16,1.1595,1.1597,34191.1,144
2025-07-17 16:30:00,1.1597,1.1597,1.1594,1.1594,34019.0,138
2025-07-17 16:32:00,1.1595,1.1597,1.1593,1.1596,47389.4,139
2025-07-17 16:34:00,1.1596,1.1598,1.1596,1.1596,29845.1,101
2025-07-17 16:36:00,1.1596,1.1597,1.1593,1.1594,28466.2,75
2025-07-17 16:38:00,1.1594,1.1594,1.1585,1.1585,66254.4,148
2025-07-17 16:40:00,1.1585,1.1587,1.1584,1.1587,71492.0,171
2025-07-17 16:42:00,1.1587,1.1589,1.1586,1.1587,46699.3,134
2025-07-17 16:44:00,1.1588,1.1588,1.1584,1.1585,30674.0,106
2025-07-17 16:46:00,1.1585,1.1587,1.1584,1.1584,14352.699999999999,65
2025-07-17 16:48:00,1.1585,1.1587,1.1584,1.1586,14995.2,72
2025-07-17 16:50:00,1.1587,1.1587,1.1585,1.1586,43559.5,95
2025-07-17 16:52:00,1.1586,1.1587,1.1584,1.1584,28821.7,93
2025-07-17 16:54:00,1.1585,1.1586,1.1582,1.1584,31807.5,105
2025-07-17 16:56:00,1.1585,1.1586,1.1583,1.1584,24797.6,70
2025-07-17 16:58:00,1.1584,1.1587,1.1583,1.1586,33124.9,98
2025-07-17 17:00:00,1.1586,1.1588,1.1585,1.1588,15471.3,60
2025-07-17 17:02:00,1.1587,1.1588,1.1585,1.1586,28692.8,79
2025-07-17 17:04:00,1.1587,1.1587,1.1585,1.1586,27400.2,59
2025-07-17 17:06:00,1.1586,1.1589,1.1585,1.1588,24008.899999999998,55
2025-07-17 17:08:00,1.1588,1.159,1.1588,1.1589,22391.2,68
2025-07-17 17:10:00,1.159,1.1592,1.1589,1.1591,26523.0,86
2025-07-17 17:12:00,1.1591,1.1591,1.1588,1.1589,14789.2,53
2025-07-17 17:14:00,1.1589,1.159,1.1588,1.1589,22983.4,84
2025-07-17 17:16:00,1.1589,1.159,1.1588,1.1588,15973.4,65
2025-07-17 17:18:00,1.1588,1.1591,1.1588,1.1589,29394.3,71
2025-07-17 17:20:00,1.159,1.159,1.1587,1.1588,33408.8,93
2025-07-17 17:22:00,1.1587,1.1588,1.1586,1.1588,24373.6,68
2025-07-17 17:24:00,1.1587,1.1588,1.1586,1.1586,33351.8,119
2025-07-17 17:26:00,1.1586,1.1588,1.1585,1.1586,26617.4,84
2025-07-17 17:28:00,1.1586,1.1588,1.1586,1.1588,47165.8,102
2025-07-17 17:30:00,1.1587,1.1588,1.1586,1.1588,13186.3,75
2025-07-17 17:32:00,1.1587,1.1588,1.1587,1.1588,17337.3,75
2025-07-17 17:34:00,1.1587,1.1588,1.1585,1.1585,13070.6,48
2025-07-17 17:36:00,1.1585,1.1586,1.1584,1.1584,17559.1,55
2025-07-17 17:38:00,1.1583,1.1584,1.1582,1.1584,16987.6,49
2025-07-17 17:40:00,1.1583,1.1584,1.1581,1.1582,37297.5,80
2025-07-17 17:42:00,1.1583,1.1584,1.1582,1.1584,21258.1,51
2025-07-17 17:44:00,1.1583,1.1586,1.1583,1.1586,26742.7,65
2025-07-17 17:46:00,1.1584,1.1585,1.1583,1.1584,26116.8,61
2025-07-17 17:48:00,1.1584,1.1585,1.1582,1.1583,48559.5,165
2025-07-17 17:50:00,1.1585,1.1585,1.1583,1.1584,12983.5,52
2025-07-17 17:52:00,1.1584,1.1585,1.1583,1.1585,23090.0,65
2025-07-17 17:54:00,1.1584,1.1586,1.1584,1.1585,21705.9,70
2025-07-17 17:56:00,1.1585,1.1586,1.1583,1.1583,75895.0,125
2025-07-17 17:58:00,1.1584,1.1586,1.1584,1.1584,28787.4,51
2025-07-17 18:00:00,1.1586,1.1587,1.1585,1.1586,75297.2,88
2025-07-17 18:02:00,1.1585,1.1586,1.1583,1.1583,26562.4,92
2025-07-17 18:04:00,1.1583,1.1584,1.1583,1.1583,16875.0,56
2025-07-17 18:06:00,1.1583,1.1584,1.1582,1.1583,41532.4,63
2025-07-17 18:08:00,1.1582,1.1586,1.1581,1.1585,44383.3,101
2025-07-17 18:10:00,1.1585,1.1586,1.1585,1.1585,28045.5,65
2025-07-17 18:12:00,1.1585,1.1586,1.1585,1.1586,14514.2,57
2025-07-17 18:14:00,1.1586,1.1586,1.1585,1.1586,42485.5,73
2025-07-17 18:16:00,1.1585,1.1586,1.1583,1.1584,14022.9,48
2025-07-17 18:18:00,1.1584,1.1585,1.1582,1.1583,25050.7,62
2025-07-17 18:20:00,1.1583,1.1584,1.1581,1.1582,84656.6,125
2025-07-17 18:22:00,1.1582,1.1584,1.1582,1.1584,125455.2,160
2025-07-17 18:24:00,1.1584,1.1584,1.1582,1.1584,60794.5,80
2025-07-17 18:26:00,1.1583,1.1584,1.1582,1.1582,43087.0,93
2025-07-17 18:28:00,1.1583,1.1584,1.1582,1.1584,44872.2,83
2025-07-17 18:30:00,1.1585,1.1585,1.1584,1.1584,47911.2,85
2025-07-17 18:32:00,1.1584,1.1585,1.1583,1.1584,34514.9,72
2025-07-17 18:34:00,1.1584,1.1584,1.1583,1.1583,22182.4,70
2025-07-17 18:36:00,1.1584,1.1585,1.1583,1.1584,20843.0,45
2025-07-17 18:38:00,1.1584,1.1586,1.1584,1.1586,18996.5,48
2025-07-17 18:40:00,1.1586,1.1587,1.1585,1.1586,35822.3,62
2025-07-17 18:42:00,1.1587,1.1587,1.1586,1.1587,17677.2,77
2025-07-17 18:44:00,1.1586,1.1587,1.1584,1.1586,44233.9,107
2025-07-17 18:46:00,1.1584,1.1586,1.1584,1.1585,10860.0,48
2025-07-17 18:48:00,1.1584,1.1585,1.1582,1.1582,7289.8,42
2025-07-17 18:50:00,1.1582,1.1584,1.1582,1.1582,23733.9,48
2025-07-17 18:52:00,1.1583,1.1583,1.1582,1.1582,116076.7,125
2025-07-17 18:54:00,1.1582,1.1584,1.1581,1.1583,78517.3,107
2025-07-17 18:56:00,1.1582,1.1583,1.1582,1.1583,29954.3,90
2025-07-17 18:58:00,1.1583,1.1584,1.1582,1.1583,27041.0,86
2025-07-17 19:00:00,1.1583,1.1585,1.1583,1.1585,25485.5,77
2025-07-17 19:02:00,1.1584,1.1586,1.1584,1.1586,19420.8,50
2025-07-17 19:04:00,1.1586,1.1587,1.1585,1.1587,26988.6,60
2025-07-17 19:06:00,1.1587,1.159,1.1586,1.1589,23611.3,66
2025-07-17 19:08:00,1.159,1.159,1.1589,1.1589,30594.300000000003,83
2025-07-17 19:10:00,1.1589,1.1592,1.1589,1.1591,16764.4,61
2025-07-17 19:12:00,1.1592,1.1592,1.1591,1.1591,24543.0,56
2025-07-17 19:14:00,1.1591,1.1592,1.1591,1.1592,13467.699999999999,60
2025-07-17 19:16:00,1.1591,1.1595,1.1591,1.1594,40929.3,110
2025-07-17 19:18:00,1.1594,1.1595,1.1594,1.1595,31690.1,85
2025-07-17 19:20:00,1.1595,1.1596,1.1593,1.1594,33181.9,90
2025-07-17 19:22:00,1.1593,1.1596,1.1593,1.1596,26670.8,86
2025-07-17 19:24:00,1.1595,1.1596,1.1594,1.1595,31599.2,88
2025-07-17 19:26:00,1.1596,1.1596,1.1593,1.1593,27613.5,53
2025-07-17 19:28:00,1.1593,1.1595,1.1593,1.1594,17131.0,61
2025-07-17 19:30:00,1.1593,1.1596,1.1593,1.1594,51979.5,94
2025-07-17 19:32:00,1.1594,1.1597,1.1593,1.1597,27264.8,95
2025-07-17 19:34:00,1.1597,1.1598,1.1595,1.1597,58420.5,121
2025-07-17 19:36:00,1.1597,1.1599,1.1597,1.1598,26739.100000000002,90
2025-07-17 19:38:00,1.1597,1.1598,1.1596,1.1596,35318.3,100
2025-07-17 19:40:00,1.1597,1.1599,1.1596,1.1597,40013.7,96
2025-07-17 19:42:00,1.1597,1.1598,1.1597,1.1598,27088.9,78
2025-07-17 19:44:00,1.1598,1.1598,1.1596,1.1597,57245.1,133
2025-07-17 19:46:00,1.1598,1.1599,1.1596,1.1597,33511.3,123
2025-07-17 19:48:00,1.1597,1.1598,1.1595,1.1595,56390.5,119
2025-07-17 19:50:00,1.1594,1.1598,1.1594,1.1596,34264.7,98
2025-07-17 19:52:00,1.1596,1.1599,1.1596,1.1598,36209.8,77
2025-07-17 19:54:00,1.1598,1.1599,1.1597,1.1598,36792.7,115
2025-07-17 19:56:00,1.1598,1.1598,1.1595,1.1596,53390.2,186
2025-07-17 19:58:00,1.1596,1.1599,1.1596,1.1598,34080.3,79
2025-07-17 20:00:00,1.1597,1.1601,1.1596,1.16,49475.2,123
2025-07-17 20:02:00,1.16,1.1602,1.1599,1.16,45084.4,84
2025-07-17 20:04:00,1.16,1.1601,1.1597,1.1599,174922.3,261
2025-07-17 20:06:00,1.16,1.1601,1.1599,1.16,78028.9,155
2025-07-17 20:08:00,1.16,1.1601,1.1598,1.16,51951.2,110
2025-07-17 20:10:00,1.1599,1.16,1.1598,1.16,27908.3,82
2025-07-17 20:12:00,1.1599,1.16,1.1598,1.16,49448.2,124
2025-07-17 20:14:00,1.16,1.1601,1.1599,1.1601,30139.9,73
2025-07-17 20:16:00,1.16,1.1601,1.1598,1.1599,85672.4,153
2025-07-17 20:18:00,1.1599,1.1601,1.1599,1.16,24929.8,76
2025-07-17 20:20:00,1.1601,1.1602,1.16,1.16,65042.6,143
2025-07-17 20:22:00,1.16,1.1601,1.16,1.16,17509.3,63
2025-07-17 20:24:00,1.16,1.1601,1.1598,1.1598,34233.8,88
2025-07-17 20:26:00,1.16,1.16,1.1598,1.1599,36000.3,94
2025-07-17 20:28:00,1.1598,1.1599,1.1595,1.1596,32018.0,63
2025-07-17 20:30:00,1.1595,1.1597,1.1595,1.1597,29296.4,67
2025-07-17 20:32:00,1.1597,1.1597,1.1595,1.1597,31230.3,58
2025-07-17 20:34:00,1.1597,1.1597,1.1595,1.1597,20657.7,61
2025-07-17 20:36:00,1.1597,1.1597,1.1595,1.1595,9556.800000000001,51
2025-07-17 20:38:00,1.1595,1.1598,1.1595,1.1598,31475.3,63
2025-07-17 20:40:00,1.1597,1.16,1.1597,1.1599,47446.700000000004,81
2025-07-17 20:42:00,1.1599,1.16,1.1597,1.1598,27166.5,64
2025-07-17 20:44:00,1.1597,1.16,1.1597,1.1599,15136.0,57
2025-07-17 20:46:00,1.1599,1.16,1.1598,1.16,26743.7,65
2025-07-17 20:48:00,1.16,1.16,1.1597,1.1597,17872.7,54
2025-07-17 20:50:00,1.1598,1.16,1.1597,1.1598,25411.1,57
2025-07-17 20:52:00,1.1598,1.16,1.1598,1.1598,10993.6,31
2025-07-17 20:54:00,1.1598,1.16,1.1598,1.1599,22542.8,49
2025-07-17 20:56:00,1.1599,1.16,1.1598,1.16,12534.4,40
2025-07-17 20:58:00,1.16,1.1601,1.1598,1.16,28945.5,68
2025-07-17 21:00:00,1.1599,1.1601,1.1598,1.1601,33512.6,104
2025-07-17 21:02:00,1.1601,1.1601,1.1599,1.16,24368.3,80
2025-07-17 21:04:00,1.16,1.16,1.1598,1.16,47257.3,108
2025-07-17 21:06:00,1.1601,1.1601,1.1596,1.1598,161629.7,268
2025-07-17 21:08:00,1.1598,1.16,1.1597,1.1598,73725.7,106
2025-07-17 21:10:00,1.1597,1.16,1.1596,1.1598,190273.5,208
2025-07-17 21:12:00,1.1598,1.1602,1.1598,1.1602,70107.7,173
2025-07-17 21:14:00,1.1601,1.1603,1.1601,1.1601,40699.1,91
2025-07-17 21:16:00,1.1601,1.1604,1.1601,1.1603,153373.1,186
2025-07-17 21:18:00,1.1603,1.1605,1.1602,1.1604,180701.5,215
2025-07-17 21:20:00,1.1602,1.1606,1.1602,1.1606,135185.7,184
2025-07-17 21:22:00,1.1606,1.1608,1.1604,1.1608,127757.40000000001,161
2025-07-17 21:24:00,1.1607,1.1608,1.1604,1.1607,80564.8,137
2025-07-17 21:26:00,1.1607,1.161,1.1607,1.1609,171257.8,208
2025-07-17 21:28:00,1.1608,1.161,1.1607,1.1607,84643.3,136
2025-07-17 21:30:00,1.1607,1.161,1.1606,1.1608,57590.9,187
2025-07-17 21:32:00,1.1607,1.1609,1.1606,1.1608,15435.2,75
2025-07-17 21:34:00,1.1607,1.1609,1.1606,1.1607,40398.0,123
2025-07-17 21:36:00,1.1608,1.1613,1.1607,1.161,123260.8,303
2025-07-17 21:38:00,1.1608,1.161,1.1606,1.1608,40620.4,102
2025-07-17 21:40:00,1.1608,1.1609,1.1606,1.1607,17742.6,53
2025-07-17 21:42:00,1.1608,1.161,1.1606,1.1608,52491.8,87
2025-07-17 21:44:00,1.1608,1.161,1.1607,1.1609,64827.299999999996,111
2025-07-17 21:46:00,1.1608,1.161,1.1608,1.1608,30482.1,64
2025-07-17 21:48:00,1.161,1.161,1.1608,1.1608,27628.8,131
2025-07-17 21:50:00,1.1608,1.1611,1.1608,1.1609,131368.8,161
2025-07-17 21:52:00,1.1609,1.1612,1.1608,1.1609,155691.1,241
2025-07-17 21:54:00,1.161,1.1611,1.1606,1.1608,79041.5,129
2025-07-17 21:56:00,1.1607,1.161,1.1607,1.1609,49424.7,97
2025-07-17 21:58:00,1.161,1.1611,1.1609,1.161,31798.2,73
2025-07-17 22:00:00,1.1611,1.1615,1.1611,1.1614,62399.200000000004,108
2025-07-17 22:02:00,1.1614,1.1615,1.1606,1.1609,101773.7,576
2025-07-17 22:04:00,1.1609,1.1612,1.1608,1.1611,57780.6,196
2025-07-17 22:06:00,1.1611,1.1612,1.161,1.161,37006.3,115
2025-07-17 22:08:00,1.1611,1.1613,1.161,1.1612,30753.0,79
2025-07-17 22:10:00,1.1612,1.1615,1.1611,1.1613,60681.6,199
2025-07-17 22:12:00,1.1613,1.1614,1.1612,1.1613,34427.7,82
2025-07-17 22:14:00,1.1614,1.1615,1.1613,1.1613,27435.6,96
2025-07-17 22:16:00,1.1614,1.1615,1.1613,1.1614,24269.4,70
2025-07-17 22:18:00,1.1615,1.1615,1.1614,1.1614,33182.5,75
2025-07-17 22:20:00,1.1614,1.1615,1.1612,1.1613,62648.9,186
2025-07-17 22:22:00,1.1613,1.1615,1.1613,1.1614,34369.1,95
2025-07-17 22:24:00,1.1614,1.1615,1.1612,1.1612,37837.8,136
2025-07-17 22:26:00,1.1613,1.1615,1.1613,1.1613,24690.5,107
2025-07-17 22:28:00,1.1614,1.1615,1.1613,1.1614,7864.3,65
2025-07-17 22:30:00,1.1614,1.1618,1.1614,1.1618,25255.1,119
2025-07-17 22:32:00,1.1618,1.1623,1.1618,1.1622,38755.9,102
2025-07-17 22:34:00,1.1623,1.1623,1.1621,1.1621,24378.1,76
2025-07-17 22:36:00,1.1621,1.1625,1.1621,1.1625,27101.1,72
2025-07-17 22:38:00,1.1625,1.1626,1.1623,1.1625,20404.0,80
2025-07-17 22:40:00,1.1625,1.1626,1.1622,1.1623,20932.7,65
2025-07-17 22:42:00,1.1623,1.1629,1.1623,1.1628,37987.8,141
2025-07-17 22:44:00,1.1628,1.1628,1.1626,1.1627,24616.3,84
2025-07-17 22:46:00,1.1627,1.1633,1.1627,1.1633,60857.7,114
2025-07-17 22:48:00,1.1632,1.1633,1.1632,1.1632,55901.1,112
2025-07-17 22:50:00,1.1632,1.1632,1.1627,1.1628,48789.9,137
2025-07-17 22:52:00,1.1628,1.163,1.1625,1.1627,44128.6,139
2025-07-17 22:54:00,1.1628,1.1628,1.1625,1.1626,24842.3,55
2025-07-17 22:56:00,1.1626,1.1627,1.1625,1.1627,14079.2,45
2025-07-17 22:58:00,1.1627,1.1629,1.1626,1.1628,10417.0,47
2025-07-17 23:00:00,1.1629,1.1629,1.1625,1.1627,15584.6,56
2025-07-17 23:02:00,1.1626,1.1629,1.1626,1.1628,19004.4,83
2025-07-17 23:04:00,1.1628,1.163,1.1627,1.1629,18742.7,45
2025-07-17 23:06:00,1.163,1.163,1.1626,1.1628,29010.7,58
2025-07-17 23:08:00,1.1629,1.163,1.1628,1.1629,12637.300000000001,46
2025-07-17 23:10:00,1.163,1.163,1.1629,1.163,33936.2,54
2025-07-17 23:12:00,1.163,1.163,1.1628,1.1628,24678.2,73
2025-07-17 23:14:00,1.1627,1.1628,1.1624,1.1626,54674.299999999996,206
2025-07-17 23:16:00,1.1626,1.1627,1.1624,1.1626,22149.600000000002,75
2025-07-17 23:18:00,1.1626,1.163,1.1625,1.1628,44688.1,110
2025-07-17 23:20:00,1.1629,1.1629,1.1625,1.1626,67545.1,174
2025-07-17 23:22:00,1.1626,1.1628,1.1625,1.1627,49699.5,92
2025-07-17 23:24:00,1.1627,1.1628,1.1624,1.1627,31548.2,98
2025-07-17 23:26:00,1.1628,1.1628,1.1627,1.1627,51429.9,66
2025-07-17 23:28:00,1.1628,1.1628,1.1625,1.1626,16489.0,45
2025-07-17 23:30:00,1.1625,1.1628,1.1625,1.1628,46724.5,80
2025-07-17 23:32:00,1.1626,1.1628,1.1625,1.1627,18293.6,54
2025-07-17 23:34:00,1.1626,1.1627,1.1626,1.1626,18982.0,63
2025-07-17 23:36:00,1.1627,1.1627,1.1626,1.1627,16557.4,57
2025-07-17 23:38:00,1.1627,1.1627,1.1626,1.1626,11914.4,45
2025-07-17 23:40:00,1.1627,1.1627,1.1626,1.1627,16822.9,51
2025-07-17 23:42:00,1.1627,1.1628,1.1626,1.1628,16230.1,35
2025-07-17 23:44:00,1.1627,1.1628,1.1625,1.1626,19518.7,51
2025-07-17 23:46:00,1.1626,1.1626,1.1624,1.1625,18909.3,63
2025-07-17 23:48:00,1.1626,1.1627,1.1625,1.1626,9764.0,32
2025-07-17 23:50:00,1.1625,1.1625,1.1622,1.1625,35328.4,106
2025-07-17 23:52:00,1.1623,1.1625,1.1623,1.1624,6175.6,24
2025-07-17 23:54:00,1.1624,1.1625,1.1623,1.1623,10065.3,36
2025-07-17 23:56:00,1.1624,1.1626,1.1624,1.1625,10537.5,50
2025-07-17 23:58:00,1.1625,1.1626,1.1623,1.1624,16974.9,51
2025-07-18 00:00:00,1.1624,1.1626,1.1623,1.1626,11088.7,62
2025-07-18 00:02:00,1.1626,1.1628,1.1625,1.1628,9299.7,41
2025-07-18 00:04:00,1.1627,1.1629,1.1627,1.1628,10564.6,39
2025-07-18 00:06:00,1.1628,1.1631,1.1627,1.163,65084.9,92
2025-07-18 00:08:00,1.1629,1.1629,1.1626,1.1626,18652.3,57
2025-07-18 00:10:00,1.1626,1.1628,1.1625,1.1627,33885.2,65
2025-07-18 00:12:00,1.1627,1.1627,1.1626,1.1627,15658.6,63
2025-07-18 00:14:00,1.1626,1.1628,1.1626,1.1628,13618.2,29
2025-07-18 00:16:00,1.1627,1.1632,1.1625,1.163,73706.8,66
2025-07-18 00:18:00,1.1629,1.1629,1.1628,1.1628,9741.3,24
2025-07-18 00:20:00,1.1629,1.1632,1.1629,1.1632,14253.4,57
2025-07-18 00:22:00,1.1632,1.1633,1.163,1.163,4810.6,22
2025-07-18 00:24:00,1.163,1.1632,1.163,1.163,8646.6,32
2025-07-18 00:26:00,1.163,1.1631,1.1629,1.163,27657.8,47
2025-07-18 00:28:00,1.1631,1.1631,1.1629,1.1631,13947.7,35
2025-07-18 00:30:00,1.163,1.1633,1.163,1.1632,20848.2,210
2025-07-18 00:32:00,1.1632,1.1633,1.1627,1.1627,80498.6,101
2025-07-18 00:34:00,1.163,1.163,1.1628,1.163,18978.0,80
2025-07-18 00:36:00,1.163,1.1633,1.1629,1.1631,16887.4,61
2025-07-18 00:38:00,1.1633,1.1633,1.1631,1.1633,24278.3,47
2025-07-18 00:40:00,1.1633,1.1634,1.1631,1.1633,19487.4,44
2025-07-18 00:42:00,1.1632,1.1633,1.163,1.1631,13212.4,43
2025-07-18 00:44:00,1.1631,1.1631,1.1629,1.163,32795.7,71
2025-07-18 00:46:00,1.1631,1.1632,1.1629,1.1631,63848.4,122
2025-07-18 00:48:00,1.1631,1.1632,1.1629,1.163,24770.0,83
2025-07-18 00:50:00,1.1631,1.1632,1.163,1.1631,26437.3,71
2025-07-18 00:52:00,1.1631,1.1632,1.1628,1.1629,19877.5,76
2025-07-18 00:54:00,1.163,1.163,1.1627,1.1628,31818.7,116
2025-07-18 00:56:00,1.1629,1.1629,1.1627,1.1629,23378.1,54
2025-07-18 00:58:00,1.1629,1.163,1.1627,1.163,28197.3,82
2025-07-18 01:00:00,1.163,1.1632,1.1629,1.1631,47749.7,175
2025-07-18 01:02:00,1.1631,1.1632,1.1629,1.1631,35685.4,74
2025-07-18 01:04:00,1.163,1.1633,1.163,1.1633,18477.5,73
2025-07-18 01:06:00,1.1632,1.1659,1.1631,1.1634,746211.9,818
2025-07-18 01:08:00,1.1634,1.1639,1.1631,1.1633,328914.6,261
2025-07-18 01:10:00,1.1634,1.1646,1.1633,1.1635,230706.1,233
2025-07-18 01:12:00,1.1635,1.1648,1.1634,1.1635,375783.7,1014
2025-07-18 01:14:00,1.1636,1.1637,1.1632,1.1632,42636.7,204
2025-07-18 01:16:00,1.1632,1.1635,1.163,1.1631,26208.5,162
2025-07-18 01:18:00,1.1633,1.1635,1.163,1.1633,33659.7,145
2025-07-18 01:20:00,1.1633,1.1636,1.1632,1.1635,78702.2,171
2025-07-18 01:22:00,1.1635,1.1637,1.1632,1.1633,90240.5,175
2025-07-18 01:24:00,1.1634,1.1634,1.163,1.1631,58129.3,161
2025-07-18 01:26:00,1.1631,1.1633,1.1629,1.1629,47983.7,159
2025-07-18 01:28:00,1.1631,1.1633,1.1629,1.1631,31353.2,90
2025-07-18 01:30:00,1.1631,1.1632,1.163,1.163,12713.1,44
2025-07-18 01:32:00,1.163,1.1635,1.163,1.1634,68420.6,56
2025-07-18 01:34:00,1.1635,1.1635,1.1632,1.1632,29315.6,125
2025-07-18 01:36:00,1.1632,1.1632,1.163,1.1632,22249.7,42
2025-07-18 01:38:00,1.1632,1.1634,1.1632,1.1632,41653.2,80
2025-07-18 01:40:00,1.1632,1.1635,1.1631,1.1635,73763.5,230
2025-07-18 01:42:00,1.1634,1.1635,1.1633,1.1634,32422.399999999998,106
2025-07-18 01:44:00,1.1634,1.1635,1.1633,1.1634,17261.4,38
2025-07-18 01:46:00,1.1634,1.1635,1.1633,1.1634,60158.6,148
2025-07-18 01:48:00,1.1635,1.1641,1.1635,1.164,70088.7,106
2025-07-18 01:50:00,1.164,1.1641,1.1639,1.164,20969.0,68
2025-07-18 01:52:00,1.164,1.1641,1.1639,1.1641,30226.7,70
2025-07-18 01:54:00,1.164,1.1641,1.1638,1.1639,33304.3,95
2025-07-18 01:56:00,1.164,1.164,1.1639,1.1639,6485.3,19
2025-07-18 01:58:00,1.1639,1.164,1.1638,1.164,6118.0,29
2025-07-18 02:00:00,1.1639,1.1639,1.1636,1.1637,25607.6,84
2025-07-18 02:02:00,1.1637,1.1638,1.1635,1.1635,22151.600000000002,86
2025-07-18 02:04:00,1.1635,1.1636,1.1634,1.1635,14290.4,75
2025-07-18 02:06:00,1.1635,1.1635,1.1633,1.1633,30727.3,79
2025-07-18 02:08:00,1.1634,1.1634,1.1633,1.1634,6158.200000000001,15
2025-07-18 02:10:00,1.1634,1.1635,1.1633,1.1635,11646.5,27
2025-07-18 02:12:00,1.1635,1.1636,1.1634,1.1635,13706.2,35
2025-07-18 02:14:00,1.1635,1.1636,1.1635,1.1635,15334.1,36
2025-07-18 02:16:00,1.1634,1.1636,1.1632,1.1632,24677.2,47
2025-07-18 02:18:00,1.1634,1.1634,1.163,1.1633,17864.4,43
2025-07-18 02:20:00,1.1632,1.1634,1.1632,1.1634,19072.1,42
2025-07-18 02:22:00,1.1633,1.1634,1.1633,1.1633,20493.0,38
2025-07-18 02:24:00,1.1633,1.1634,1.1632,1.1632,15279.7,34
2025-07-18 02:26:00,1.1632,1.1633,1.1632,1.1632,6301.1,22
2025-07-18 02:28:00,1.1632,1.1633,1.1632,1.1633,3250.7000000000003,30
2025-07-18 02:30:00,1.1633,1.1636,1.1633,1.1634,42634.2,276
2025-07-18 02:32:00,1.1634,1.1635,1.1633,1.1634,19853.0,36
2025-07-18 02:34:00,1.1634,1.1635,1.1634,1.1634,16897.2,39
2025-07-18 02:36:00,1.1634,1.1635,1.1633,1.1633,26712.2,69
2025-07-18 02:38:00,1.1634,1.1634,1.1633,1.1634,12255.4,58
2025-07-18 02:40:00,1.1633,1.1636,1.1633,1.1636,29967.8,98
2025-07-18 02:42:00,1.1636,1.1636,1.1634,1.1634,18598.3,37
2025-07-18 02:44:00,1.1635,1.1636,1.1634,1.1635,6155.599999999999,43
2025-07-18 02:46:00,1.1636,1.1636,1.1634,1.1634,9629.0,28
2025-07-18 02:48:00,1.1636,1.1637,1.1635,1.1637,12466.1,41
2025-07-18 02:50:00,1.1636,1.1638,1.1636,1.1637,24320.3,80
2025-07-18 02:52:00,1.1636,1.1637,1.1636,1.1636,2063.7999999999997,16
2025-07-18 02:54:00,1.1636,1.1637,1.1636,1.1637,5109.6,24
2025-07-18 02:56:00,1.1637,1.1637,1.1636,1.1636,4585.9,14
2025-07-18 02:58:00,1.1637,1.1637,1.1636,1.1636,8647.5,35
2025-07-18 03:00:00,1.1636,1.1637,1.1635,1.1636,17435.3,75
2025-07-18 03:02:00,1.1636,1.1637,1.1636,1.1637,10712.6,71
2025-07-18 03:04:00,1.1637,1.1637,1.1636,1.1636,4614.4,24
2025-07-18 03:06:00,1.1637,1.1639,1.1636,1.1637,19036.6,148
2025-07-18 03:08:00,1.1637,1.1638,1.1637,1.1637,4837.1,33
2025-07-18 03:10:00,1.1638,1.1638,1.1636,1.1636,19890.2,86
2025-07-18 03:12:00,1.1638,1.1638,1.1636,1.1637,17055.2,121
2025-07-18 03:14:00,1.1638,1.164,1.1637,1.164,7296.5,25
2025-07-18 03:16:00,1.164,1.164,1.1637,1.1637,13676.2,43
2025-07-18 03:18:00,1.1636,1.1638,1.1636,1.1637,31036.4,69
2025-07-18 03:20:00,1.1636,1.1637,1.1635,1.1636,13900.3,66
2025-07-18 03:22:00,1.1636,1.1636,1.1632,1.1634,12394.8,35
2025-07-18 03:24:00,1.1633,1.1634,1.1633,1.1634,10699.1,48
2025-07-18 03:26:00,1.1634,1.1634,1.1632,1.1633,4655.7,30
2025-07-18 03:28:00,1.1633,1.1635,1.1631,1.1632,88508.3,50
2025-07-18 03:30:00,1.1632,1.1634,1.1631,1.1634,107200.0,197
2025-07-18 03:32:00,1.1634,1.1636,1.1634,1.1634,27134.1,68
2025-07-18 03:34:00,1.1634,1.1634,1.1632,1.1632,14202.0,31
2025-07-18 03:36:00,1.1632,1.1633,1.1631,1.1632,18607.9,47
2025-07-18 03:38:00,1.1632,1.1633,1.1631,1.1631,6577.4,20
2025-07-18 03:40:00,1.1631,1.1633,1.163,1.163,10711.699999999999,65
2025-07-18 03:42:00,1.1631,1.1632,1.1629,1.163,17827.0,47
2025-07-18 03:44:00,1.163,1.1632,1.1629,1.163,10385.5,25
2025-07-18 03:46:00,1.163,1.1632,1.163,1.1631,17504.8,34
2025-07-18 03:48:00,1.1631,1.1632,1.1629,1.1629,24730.0,54
2025-07-18 03:50:00,1.163,1.1631,1.1628,1.1628,44869.8,62
2025-07-18 03:52:00,1.1629,1.163,1.1628,1.1628,9457.3,27
2025-07-18 03:54:00,1.1628,1.163,1.1626,1.1626,18582.899999999998,44
2025-07-18 03:56:00,1.1627,1.1628,1.1625,1.1626,6167.4,29
2025-07-18 03:58:00,1.1626,1.1629,1.1626,1.1628,11380.0,62
2025-07-18 04:00:00,1.1628,1.1628,1.1626,1.1626,10894.0,47
2025-07-18 04:02:00,1.1626,1.1627,1.1625,1.1625,18467.2,53
2025-07-18 04:04:00,1.1626,1.1627,1.1625,1.1627,9759.2,38
2025-07-18 04:06:00,1.1627,1.1629,1.1626,1.1629,14111.5,40
2025-07-18 04:08:00,1.1629,1.1631,1.1628,1.163,6877.7,29
2025-07-18 04:10:00,1.163,1.1631,1.1628,1.1628,15706.2,48
2025-07-18 04:12:00,1.1628,1.1631,1.1627,1.1631,26481.1,67
2025-07-18 04:14:00,1.1628,1.163,1.1628,1.1629,22070.6,62
2025-07-18 04:16:00,1.163,1.163,1.1629,1.163,7941.7,21
2025-07-18 04:18:00,1.163,1.163,1.1628,1.1629,14196.5,61
2025-07-18 04:20:00,1.1629,1.163,1.1627,1.1628,9531.5,44
2025-07-18 04:22:00,1.1628,1.1629,1.1627,1.1628,18772.2,54
2025-07-18 04:24:00,1.1627,1.1628,1.1626,1.1628,11339.5,44
2025-07-18 04:26:00,1.1627,1.1628,1.1626,1.1627,10448.0,60
2025-07-18 04:28:00,1.1626,1.1626,1.1622,1.1623,14477.9,54
2025-07-18 04:30:00,1.1623,1.1624,1.1622,1.1624,10088.8,65
2025-07-18 04:32:00,1.1623,1.1624,1.1622,1.1624,7033.6,37
2025-07-18 04:34:00,1.1622,1.1625,1.1622,1.1624,11141.0,37
2025-07-18 04:36:00,1.1624,1.1625,1.1623,1.1625,12918.199999999999,43
2025-07-18 04:38:00,1.1625,1.1625,1.1623,1.1623,5940.4,33
2025-07-18 04:40:00,1.1625,1.1626,1.1623,1.1625,24839.8,102
2025-07-18 04:42:00,1.1626,1.1627,1.1624,1.1625,33680.8,115
2025-07-18 04:44:00,1.1626,1.1626,1.1623,1.1623,29535.6,74
2025-07-18 04:46:00,1.1623,1.1625,1.1622,1.1624,36557.0,129
2025-07-18 04:48:00,1.1624,1.1627,1.1624,1.1627,15479.199999999999,46
2025-07-18 04:50:00,1.1626,1.1626,1.1624,1.1625,20976.5,59
2025-07-18 04:52:00,1.1625,1.1627,1.1624,1.1626,15294.8,50
2025-07-18 04:54:00,1.1626,1.1629,1.1626,1.1627,25160.9,88
2025-07-18 04:56:00,1.1627,1.1629,1.1626,1.1627,22751.8,53
2025-07-18 04:58:00,1.1627,1.1628,1.1625,1.1626,18708.5,52
2025-07-18 05:00:00,1.1626,1.1626,1.1623,1.1623,37490.3,76
2025-07-18 05:02:00,1.1623,1.1627,1.1623,1.1624,43920.9,68
2025-07-18 05:04:00,1.1625,1.1625,1.1622,1.1624,38493.6,113
2025-07-18 05:06:00,1.1624,1.1629,1.1623,1.1628,62539.2,108
2025-07-18 05:08:00,1.1628,1.163,1.1624,1.1627,117076.8,278
2025-07-18 05:10:00,1.1629,1.1629,1.1623,1.1624,70185.5,191
2025-07-18 05:12:00,1.1624,1.1625,1.1622,1.1623,44931.9,121
2025-07-18 05:14:00,1.1624,1.1625,1.1622,1.1623,67919.2,275
2025-07-18 05:16:00,1.1623,1.1624,1.1622,1.1623,32648.7,96
2025-07-18 05:18:00,1.1624,1.1624,1.1621,1.1622,31413.6,93
2025-07-18 05:20:00,1.1623,1.1624,1.1622,1.1623,28904.6,107
2025-07-18 05:22:00,1.1623,1.1624,1.1621,1.1622,39668.1,136
2025-07-18 05:24:00,1.1623,1.1623,1.1618,1.162,68994.5,312
2025-07-18 05:26:00,1.162,1.1621,1.1618,1.162,24145.9,102
2025-07-18 05:28:00,1.1619,1.162,1.1618,1.1619,21304.3,74
2025-07-18 05:30:00,1.1619,1.1619,1.1616,1.1617,21385.6,93
2025-07-18 05:32:00,1.1616,1.1618,1.1615,1.1617,29396.6,67
2025-07-18 05:34:00,1.1617,1.1618,1.1615,1.1617,32433.1,93
2025-07-18 05:36:00,1.1617,1.1617,1.1615,1.1616,21780.2,69
2025-07-18 05:38:00,1.1617,1.1617,1.1614,1.1614,55804.6,159
2025-07-18 05:40:00,1.1614,1.1616,1.1614,1.1616,48288.0,87
2025-07-18 05:42:00,1.1616,1.1619,1.1615,1.1618,39132.7,95
2025-07-18 05:44:00,1.1619,1.162,1.1617,1.1617,34778.0,104
2025-07-18 05:46:00,1.1617,1.1618,1.1616,1.1618,33457.799999999996,67
2025-07-18 05:48:00,1.1617,1.1621,1.1617,1.1619,39598.7,73
2025-07-18 05:50:00,1.1619,1.162,1.1617,1.1619,28672.9,70
2025-07-18 05:52:00,1.1617,1.1619,1.1617,1.1618,22906.3,72
2025-07-18 05:54:00,1.1617,1.1619,1.1616,1.1617,17891.9,76
2025-07-18 05:56:00,1.1618,1.162,1.1617,1.1619,30042.600000000002,69
2025-07-18 05:58:00,1.1619,1.162,1.1617,1.1619,51307.8,116
2025-07-18 06:00:00,1.1618,1.1619,1.1617,1.1617,23713.7,63
2025-07-18 06:02:00,1.1618,1.1618,1.1615,1.1615,63259.1,151
2025-07-18 06:04:00,1.1615,1.1616,1.1613,1.1613,61652.2,176
2025-07-18 06:06:00,1.1614,1.1619,1.1613,1.1617,206858.5,288
2025-07-18 06:08:00,1.1616,1.1617,1.1615,1.1617,72700.6,155
2025-07-18 06:10:00,1.1617,1.1617,1.1614,1.1615,70667.6,132
2025-07-18 06:12:00,1.1615,1.1617,1.1614,1.1616,63414.0,174
2025-07-18 06:14:00,1.1617,1.1619,1.1615,1.1619,65318.5,146
2025-07-18 06:16:00,1.1619,1.162,1.1617,1.1619,71853.1,165
2025-07-18 06:18:00,1.1618,1.1619,1.1618,1.1618,29448.5,67
2025-07-18 06:20:00,1.1619,1.162,1.1618,1.1619,135565.1,152
2025-07-18 06:22:00,1.1619,1.1619,1.1617,1.1618,42090.2,87
2025-07-18 06:24:00,1.1618,1.1618,1.1616,1.1618,23872.7,65
2025-07-18 06:26:00,1.1618,1.1618,1.1616,1.1617,28838.7,79
2025-07-18 06:28:00,1.1617,1.1617,1.1615,1.1616,28841.2,51
2025-07-18 06:30:00,1.1616,1.1619,1.1616,1.1619,52302.9,125
2025-07-18 06:32:00,1.1619,1.1621,1.1619,1.162,83184.5,154
2025-07-18 06:34:00,1.162,1.1621,1.1618,1.1618,31178.8,138
2025-07-18 06:36:00,1.162,1.1622,1.1619,1.1621,69830.0,198
2025-07-18 06:38:00,1.162,1.1621,1.162,1.1621,39660.6,58
2025-07-18 06:40:00,1.162,1.1621,1.1616,1.1616,45241.6,188
2025-07-18 06:42:00,1.1617,1.1617,1.1615,1.1617,41837.1,135
2025-07-18 06:44:00,1.1615,1.1617,1.1615,1.1616,54658.0,295
2025-07-18 06:46:00,1.1615,1.1617,1.1615,1.1616,32697.2,79
2025-07-18 06:48:00,1.1615,1.1616,1.1614,1.1615,21585.7,77
2025-07-18 06:50:00,1.1615,1.1616,1.1613,1.1614,71748.9,269
2025-07-18 06:52:00,1.1614,1.1617,1.1614,1.1617,47279.4,173
2025-07-18 06:54:00,1.1617,1.1617,1.1614,1.1614,37106.6,83
2025-07-18 06:56:00,1.1615,1.1617,1.1614,1.1616,28700.0,86
2025-07-18 06:58:00,1.1616,1.1618,1.1616,1.1616,63993.1,111
2025-07-18 07:00:00,1.1618,1.1621,1.1617,1.162,34405.4,83
2025-07-18 07:02:00,1.1621,1.1621,1.1619,1.162,36237.4,142
2025-07-18 07:04:00,1.162,1.1625,1.162,1.1624,42644.4,138
2025-07-18 07:06:00,1.1623,1.1628,1.1623,1.1627,35008.8,76
2025-07-18 07:08:00,1.1626,1.1627,1.1625,1.1627,31067.1,57
2025-07-18 07:10:00,1.1627,1.1627,1.1623,1.1624,45676.700000000004,124
2025-07-18 07:12:00,1.1623,1.1624,1.1619,1.1621,69559.7,200
2025-07-18 07:14:00,1.162,1.1624,1.1618,1.1622,142047.3,499
2025-07-18 07:16:00,1.1623,1.1626,1.1622,1.1625,112289.4,618
2025-07-18 07:18:00,1.1625,1.1625,1.1621,1.1623,46718.5,103
2025-07-18 07:20:00,1.1623,1.1623,1.162,1.1621,50759.0,92
2025-07-18 07:22:00,1.1621,1.1628,1.162,1.1621,183447.3,187
2025-07-18 07:24:00,1.1621,1.1622,1.1618,1.1618,47914.1,118
2025-07-18 07:26:00,1.1618,1.1622,1.1617,1.1622,52498.4,150
2025-07-18 07:28:00,1.1622,1.1623,1.1621,1.1621,26547.6,86
2025-07-18 07:30:00,1.1622,1.1625,1.1621,1.1624,39347.4,108
2025-07-18 07:32:00,1.1623,1.1625,1.1621,1.1624,51254.5,126
2025-07-18 07:34:00,1.1625,1.1626,1.1623,1.1626,39871.9,108
2025-07-18 07:36:00,1.1624,1.1625,1.1622,1.1623,70562.7,169
2025-07-18 07:38:00,1.1623,1.1624,1.1622,1.1623,41215.2,112
2025-07-18 07:40:00,1.1623,1.1628,1.1623,1.1628,158829.8,222
2025-07-18 07:42:00,1.1626,1.1628,1.1623,1.1625,42472.1,90
2025-07-18 07:44:00,1.1624,1.1625,1.1622,1.1624,57381.6,127
2025-07-18 07:46:00,1.1624,1.1624,1.1621,1.1621,52419.9,59
2025-07-18 07:48:00,1.162,1.1622,1.162,1.162,50407.2,86
2025-07-18 07:50:00,1.1621,1.1623,1.162,1.1622,50743.1,98
2025-07-18 07:52:00,1.1621,1.1622,1.1619,1.162,44806.1,124
2025-07-18 07:54:00,1.162,1.1625,1.162,1.1624,74176.0,378
2025-07-18 07:56:00,1.1624,1.1629,1.1623,1.1628,90152.2,218
2025-07-18 07:58:00,1.1627,1.1629,1.1624,1.1628,96490.3,287
2025-07-18 08:00:00,1.1628,1.1634,1.1625,1.1633,105997.2,306
2025-07-18 08:02:00,1.1632,1.1634,1.1631,1.1634,90432.2,173
2025-07-18 08:04:00,1.1634,1.1635,1.1633,1.1634,96768.7,168
2025-07-18 08:06:00,1.1634,1.1637,1.1634,1.1635,47404.1,93
2025-07-18 08:08:00,1.1637,1.1638,1.1635,1.1636,66147.0,156
2025-07-18 08:10:00,1.1635,1.164,1.1635,1.164,50970.7,117
2025-07-18 08:12:00,1.1639,1.164,1.1635,1.1635,50205.3,170
2025-07-18 08:14:00,1.1635,1.1637,1.1635,1.1636,25037.6,84
2025-07-18 08:16:00,1.1635,1.1636,1.1635,1.1636,50187.0,112
2025-07-18 08:18:00,1.1635,1.1637,1.1634,1.1637,26135.2,92
2025-07-18 08:20:00,1.1637,1.1638,1.1636,1.1637,26730.6,104
2025-07-18 08:22:00,1.1638,1.1639,1.1637,1.1638,28675.6,116
2025-07-18 08:24:00,1.1638,1.1638,1.1637,1.1637,16058.400000000001,44
2025-07-18 08:26:00,1.1637,1.1639,1.1637,1.1638,17615.1,56
2025-07-18 08:28:00,1.1639,1.1639,1.1636,1.1638,195117.7,168
2025-07-18 08:30:00,1.1638,1.1641,1.1638,1.1639,79082.9,225
2025-07-18 08:32:00,1.1639,1.1642,1.1638,1.1642,74520.3,161
2025-07-18 08:34:00,1.1642,1.1644,1.1639,1.1641,84869.7,252
2025-07-18 08:36:00,1.1641,1.1643,1.1638,1.1643,70059.3,219
2025-07-18 08:38:00,1.1642,1.1644,1.164,1.1643,72928.0,144
2025-07-18 08:40:00,1.1642,1.1645,1.1641,1.1641,101419.2,254
2025-07-18 08:42:00,1.1643,1.1644,1.1639,1.1644,80780.7,184
2025-07-18 08:44:00,1.1644,1.1645,1.1642,1.1645,121937.9,274
2025-07-18 08:46:00,1.1645,1.1647,1.1644,1.1646,42811.9,133
2025-07-18 08:48:00,1.1646,1.1648,1.1644,1.1646,62696.3,143
2025-07-18 08:50:00,1.1646,1.1648,1.1645,1.1646,35943.3,150
2025-07-18 08:52:00,1.1646,1.1646,1.1641,1.1642,61272.9,103
2025-07-18 08:54:00,1.1641,1.1643,1.164,1.1642,131653.6,358
2025-07-18 08:56:00,1.1642,1.1643,1.164,1.164,49551.5,180
2025-07-18 08:58:00,1.1641,1.1641,1.164,1.1641,33169.0,60
2025-07-18 09:00:00,1.1641,1.1641,1.1637,1.1638,71129.6,97
2025-07-18 09:02:00,1.1638,1.1638,1.1637,1.1637,29762.1,98
2025-07-18 09:04:00,1.1638,1.1639,1.1637,1.1638,46901.4,133
2025-07-18 09:06:00,1.1638,1.1641,1.1638,1.1641,53618.8,103
2025-07-18 09:08:00,1.1641,1.1641,1.164,1.1641,30878.6,109
2025-07-18 09:10:00,1.1641,1.1643,1.164,1.1641,52260.7,158
2025-07-18 09:12:00,1.1641,1.1644,1.1641,1.1643,58923.9,207
2025-07-18 09:14:00,1.1643,1.1645,1.1642,1.1644,53885.2,127
2025-07-18 09:16:00,1.1644,1.1645,1.1641,1.1642,57283.5,168
2025-07-18 09:18:00,1.1641,1.1642,1.164,1.164,115581.8,116
2025-07-18 09:20:00,1.1641,1.1642,1.164,1.1641,36344.9,93
2025-07-18 09:22:00,1.1641,1.1642,1.1639,1.1641,48219.8,97
2025-07-18 09:24:00,1.164,1.1641,1.1636,1.164,45739.4,148
2025-07-18 09:26:00,1.1639,1.164,1.1638,1.1638,18704.8,82
2025-07-18 09:28:00,1.1638,1.1639,1.1636,1.1637,30776.1,120
2025-07-18 09:30:00,1.1638,1.1641,1.1635,1.1635,92321.3,157
2025-07-18 09:32:00,1.1635,1.1637,1.1635,1.1636,39256.9,90
2025-07-18 09:34:00,1.1636,1.1637,1.1635,1.1636,38997.0,132
2025-07-18 09:36:00,1.1636,1.1638,1.1636,1.1637,34340.9,110
2025-07-18 09:38:00,1.1637,1.1638,1.1636,1.1638,32206.7,95
2025-07-18 09:40:00,1.1637,1.1639,1.1637,1.1639,44886.9,124
2025-07-18 09:42:00,1.1638,1.1639,1.1637,1.1637,19931.7,75
2025-07-18 09:44:00,1.1638,1.1638,1.1637,1.1637,16299.8,54
2025-07-18 09:46:00,1.1637,1.1638,1.1636,1.1636,28703.3,68
2025-07-18 09:48:00,1.1638,1.1638,1.1635,1.1635,22715.2,71
2025-07-18 09:50:00,1.1636,1.1636,1.1633,1.1635,15110.3,68
2025-07-18 09:52:00,1.1635,1.1635,1.1633,1.1634,20592.6,79
2025-07-18 09:54:00,1.1634,1.1635,1.1632,1.1632,32789.8,68
2025-07-18 09:56:00,1.1633,1.1634,1.1632,1.1633,36438.1,61
2025-07-18 09:58:00,1.1633,1.1633,1.1632,1.1632,16186.2,30
2025-07-18 10:00:00,1.1632,1.1633,1.1631,1.1632,40875.4,102
2025-07-18 10:02:00,1.1632,1.1632,1.1631,1.1631,9944.6,33
2025-07-18 10:04:00,1.1631,1.1633,1.1631,1.1632,12321.2,50
2025-07-18 10:06:00,1.1632,1.1633,1.1631,1.1631,8813.8,31
2025-07-18 10:08:00,1.1631,1.1632,1.1631,1.1632,15008.7,47
2025-07-18 10:10:00,1.1632,1.1633,1.1631,1.1631,11913.1,37
2025-07-18 10:12:00,1.1632,1.1633,1.1631,1.1632,48552.3,72
2025-07-18 10:14:00,1.1632,1.1633,1.1631,1.1631,18074.8,40
2025-07-18 10:16:00,1.1632,1.1633,1.1631,1.1633,20643.0,58
2025-07-18 10:18:00,1.1634,1.1634,1.1632,1.1633,20368.0,46
2025-07-18 10:20:00,1.1633,1.1633,1.163,1.1631,38192.3,85
2025-07-18 10:22:00,1.1631,1.1631,1.1629,1.163,64915.2,112
2025-07-18 10:24:00,1.163,1.1631,1.1629,1.163,41220.3,43
2025-07-18 10:26:00,1.1629,1.1631,1.1629,1.1631,19561.1,48
2025-07-18 10:28:00,1.1631,1.1634,1.163,1.1634,50878.1,89
2025-07-18 10:30:00,1.1634,1.1635,1.1633,1.1635,10822.300000000001,32
2025-07-18 10:32:00,1.1636,1.1638,1.1636,1.1638,17122.0,66
2025-07-18 10:34:00,1.1637,1.1638,1.1636,1.1637,12956.0,46
2025-07-18 10:36:00,1.1637,1.1637,1.1634,1.1635,12883.0,41
2025-07-18 10:38:00,1.1635,1.1636,1.1634,1.1634,18141.9,59
2025-07-18 10:40:00,1.1635,1.1635,1.1634,1.1634,16572.8,60
2025-07-18 10:42:00,1.1634,1.1638,1.1634,1.1638,35539.6,104
2025-07-18 10:44:00,1.1637,1.1638,1.1636,1.1636,37991.5,102
2025-07-18 10:46:00,1.1636,1.1637,1.1634,1.1635,18682.4,69
2025-07-18 10:48:00,1.1635,1.1636,1.1634,1.1634,14614.800000000001,63
2025-07-18 10:50:00,1.1634,1.1637,1.1634,1.1636,23394.9,71
2025-07-18 10:52:00,1.1636,1.1637,1.1635,1.1637,10043.6,39
2025-07-18 10:54:00,1.1636,1.1637,1.1632,1.1633,15694.9,58
2025-07-18 10:56:00,1.1633,1.1634,1.1633,1.1633,15522.4,32
2025-07-18 10:58:00,1.1634,1.1635,1.1633,1.1633,11948.1,48
2025-07-18 11:00:00,1.1633,1.1635,1.1633,1.1633,40341.6,98
2025-07-18 11:02:00,1.1633,1.1635,1.1633,1.1634,16001.5,48
2025-07-18 11:04:00,1.1635,1.1637,1.1633,1.1636,33676.3,118
2025-07-18 11:06:00,1.1636,1.1638,1.1636,1.1637,18363.6,79
2025-07-18 11:08:00,1.1637,1.1639,1.1637,1.1638,25942.7,96
2025-07-18 11:10:00,1.1639,1.1641,1.1638,1.1641,20831.7,71
2025-07-18 11:12:00,1.164,1.1641,1.1639,1.164,27419.0,93
2025-07-18 11:14:00,1.164,1.164,1.1638,1.1639,18635.4,82
2025-07-18 11:16:00,1.164,1.164,1.1637,1.1638,24703.1,72
2025-07-18 11:18:00,1.1638,1.1639,1.1637,1.1637,32024.8,110
2025-07-18 11:20:00,1.1638,1.1639,1.1637,1.1637,35597.3,127
2025-07-18 11:22:00,1.1639,1.1639,1.1637,1.1639,31093.3,109
2025-07-18 11:24:00,1.1639,1.164,1.1637,1.1639,43319.2,85
2025-07-18 11:26:00,1.1638,1.164,1.1637,1.1638,23918.5,75
2025-07-18 11:28:00,1.1638,1.164,1.1637,1.1637,34698.8,100
2025-07-18 11:30:00,1.1638,1.164,1.1638,1.164,24443.2,93
2025-07-18 11:32:00,1.164,1.1641,1.1639,1.164,29400.3,80
2025-07-18 11:34:00,1.164,1.1641,1.1639,1.164,11886.1,73
2025-07-18 11:36:00,1.1641,1.1641,1.164,1.1641,8972.7,56
2025-07-18 11:38:00,1.164,1.1641,1.1639,1.1641,41976.2,63
2025-07-18 11:40:00,1.1641,1.1641,1.164,1.1641,12930.4,46
2025-07-18 11:42:00,1.1641,1.1642,1.1639,1.164,23438.2,62
2025-07-18 11:44:00,1.164,1.164,1.1639,1.1639,32955.1,120
2025-07-18 11:46:00,1.1639,1.1641,1.1637,1.1638,34754.6,69
2025-07-18 11:48:00,1.1638,1.164,1.1638,1.1638,22052.2,74
2025-07-18 11:50:00,1.1639,1.1641,1.1638,1.1639,32938.9,110
2025-07-18 11:52:00,1.1639,1.164,1.1637,1.1637,53513.3,79
2025-07-18 11:54:00,1.1638,1.1638,1.1634,1.1634,66572.7,108
2025-07-18 11:56:00,1.1634,1.1636,1.1633,1.1635,87765.0,69
2025-07-18 11:58:00,1.1636,1.1639,1.1636,1.1639,26496.5,90
2025-07-18 12:00:00,1.1639,1.1641,1.1636,1.164,22715.9,84
2025-07-18 12:02:00,1.1641,1.1642,1.1639,1.1639,27177.6,64
2025-07-18 12:04:00,1.1639,1.1642,1.1639,1.164,34557.0,97
2025-07-18 12:06:00,1.1641,1.1644,1.164,1.1641,45275.4,120
2025-07-18 12:08:00,1.1641,1.1643,1.1641,1.1643,14546.2,50
2025-07-18 12:10:00,1.1643,1.1644,1.1642,1.1643,18203.5,55
2025-07-18 12:12:00,1.1644,1.1649,1.1642,1.1649,23550.8,73
2025-07-18 12:14:00,1.1647,1.1649,1.1646,1.1646,97031.3,107
2025-07-18 12:16:00,1.1648,1.1648,1.1645,1.1646,19377.7,65
2025-07-18 12:18:00,1.1646,1.1648,1.1645,1.1647,30364.4,100
2025-07-18 12:20:00,1.1647,1.1648,1.1644,1.1646,16929.3,63
2025-07-18 12:22:00,1.1646,1.1649,1.1645,1.1649,24874.6,109
2025-07-18 12:24:00,1.165,1.165,1.1646,1.1647,49827.0,124
2025-07-18 12:26:00,1.1647,1.1647,1.1643,1.1644,30036.3,62
2025-07-18 12:28:00,1.1643,1.1645,1.1642,1.1644,26127.8,70
2025-07-18 12:30:00,1.1644,1.1646,1.1642,1.1645,44621.5,92
2025-07-18 12:32:00,1.1646,1.1646,1.1641,1.1641,80523.1,135
2025-07-18 12:34:00,1.1641,1.1643,1.1639,1.164,70544.8,129
2025-07-18 12:36:00,1.164,1.1643,1.1639,1.1641,54856.0,138
2025-07-18 12:38:00,1.164,1.1643,1.1638,1.1643,36816.1,105
2025-07-18 12:40:00,1.1642,1.1645,1.1642,1.1644,31404.3,81
2025-07-18 12:42:00,1.1643,1.1646,1.1643,1.1646,65522.5,86
2025-07-18 12:44:00,1.1646,1.1646,1.1644,1.1646,48015.9,95
2025-07-18 12:46:00,1.1644,1.1646,1.1643,1.1645,55341.4,87
2025-07-18 12:48:00,1.1645,1.1646,1.1643,1.1644,45968.2,113
2025-07-18 12:50:00,1.1645,1.1646,1.1644,1.1644,50028.5,80
2025-07-18 12:52:00,1.1645,1.1647,1.1644,1.1647,49890.7,105
2025-07-18 12:54:00,1.1647,1.1647,1.1644,1.1644,13754.800000000001,68
2025-07-18 12:56:00,1.1645,1.1647,1.1643,1.1647,49245.4,84
2025-07-18 12:58:00,1.1647,1.1648,1.1645,1.1648,33013.9,137
2025-07-18 13:00:00,1.1649,1.1649,1.1644,1.1645,55837.9,175
2025-07-18 13:02:00,1.1645,1.1646,1.1641,1.1643,28360.8,119
2025-07-18 13:04:00,1.1642,1.1646,1.1642,1.1645,166438.8,333
2025-07-18 13:06:00,1.1645,1.1647,1.1643,1.1644,48003.8,170
2025-07-18 13:08:00,1.1644,1.1646,1.1643,1.1643,35570.6,95
2025-07-18 13:10:00,1.1643,1.1646,1.1642,1.1642,33245.4,105
2025-07-18 13:12:00,1.1642,1.1645,1.164,1.1645,43917.0,141
2025-07-18 13:14:00,1.1645,1.1647,1.1644,1.1647,28634.1,85
2025-07-18 13:16:00,1.1645,1.1648,1.1645,1.1647,31376.8,71
2025-07-18 13:18:00,1.1647,1.1649,1.1646,1.1648,40496.2,95
2025-07-18 13:20:00,1.1648,1.1652,1.1648,1.1652,32143.4,85
2025-07-18 13:22:00,1.1651,1.1654,1.1649,1.1654,16966.8,56
2025-07-18 13:24:00,1.1653,1.1657,1.1653,1.1656,24764.2,98
2025-07-18 13:26:00,1.1656,1.1659,1.1655,1.1657,24495.8,53
2025-07-18 13:28:00,1.1659,1.1659,1.1655,1.1657,28551.8,48
2025-07-18 13:30:00,1.1657,1.1657,1.1653,1.1653,52327.0,85
2025-07-18 13:32:00,1.1653,1.1655,1.1652,1.1652,41744.1,72
2025-07-18 13:34:00,1.1652,1.1655,1.1651,1.1654,34457.6,105
2025-07-18 13:36:00,1.1654,1.1655,1.1651,1.1652,28364.0,101
2025-07-18 13:38:00,1.1652,1.1652,1.1646,1.1646,82973.8,131
2025-07-18 13:40:00,1.1647,1.1649,1.1645,1.1648,57586.5,124
2025-07-18 13:42:00,1.1647,1.1648,1.1646,1.1648,28288.5,79
2025-07-18 13:44:00,1.1648,1.165,1.1647,1.1647,30273.9,105
2025-07-18 13:46:00,1.1647,1.1651,1.1646,1.1649,44372.7,117
2025-07-18 13:48:00,1.1648,1.1649,1.1646,1.1647,25460.7,72
2025-07-18 13:50:00,1.1648,1.165,1.1646,1.1646,56033.6,128
2025-07-18 13:52:00,1.1647,1.165,1.1646,1.1649,22216.6,74
2025-07-18 13:54:00,1.165,1.1653,1.1647,1.1651,26644.6,84
2025-07-18 13:56:00,1.1653,1.1657,1.1653,1.1657,27237.8,75
2025-07-18 13:58:00,1.1654,1.1659,1.1654,1.1657,16067.9,58
2025-07-18 14:00:00,1.1657,1.1659,1.1654,1.1654,38938.3,161
2025-07-18 14:02:00,1.1653,1.1658,1.1653,1.1654,19325.6,62
2025-07-18 14:04:00,1.1656,1.1658,1.1654,1.1657,30223.3,104
2025-07-18 14:06:00,1.1658,1.1661,1.1655,1.1656,30710.5,106
2025-07-18 14:08:00,1.1656,1.1656,1.1653,1.1653,43801.8,153
2025-07-18 14:10:00,1.1653,1.1655,1.1649,1.1649,43457.8,147
2025-07-18 14:12:00,1.1649,1.1651,1.1645,1.1646,39563.799999999996,188
2025-07-18 14:14:00,1.1646,1.1648,1.1644,1.1644,35389.2,113
2025-07-18 14:16:00,1.1645,1.1646,1.1641,1.1643,54016.9,204
2025-07-18 14:18:00,1.1643,1.1644,1.1641,1.1642,46427.2,107
2025-07-18 14:20:00,1.1644,1.1646,1.1642,1.1643,34880.1,151
2025-07-18 14:22:00,1.1643,1.1647,1.1643,1.1645,97492.9,239
2025-07-18 14:24:00,1.1645,1.1646,1.1642,1.1643,101650.6,220
2025-07-18 14:26:00,1.1645,1.1646,1.1641,1.1646,138787.6,199
2025-07-18 14:28:00,1.1646,1.1647,1.1644,1.1644,44542.6,104
2025-07-18 14:30:00,1.1645,1.1648,1.1644,1.1646,59387.4,178
2025-07-18 14:32:00,1.1646,1.1646,1.1642,1.1646,141520.7,253
2025-07-18 14:34:00,1.1646,1.1648,1.1645,1.1647,60397.2,168
2025-07-18 14:36:00,1.1647,1.1649,1.1643,1.1644,72715.1,181
2025-07-18 14:38:00,1.1644,1.1645,1.1642,1.1642,71436.6,162
2025-07-18 14:40:00,1.1642,1.1645,1.1642,1.1644,81887.5,205
2025-07-18 14:42:00,1.1645,1.1647,1.1644,1.1645,55775.8,146
2025-07-18 14:44:00,1.1645,1.1647,1.1644,1.1646,60914.8,109
2025-07-18 14:46:00,1.1647,1.1651,1.1646,1.1649,64553.8,133
2025-07-18 14:48:00,1.1649,1.1649,1.1646,1.1647,31596.5,78
2025-07-18 14:50:00,1.1647,1.1647,1.1642,1.1643,45384.1,110
2025-07-18 14:52:00,1.1643,1.1644,1.1641,1.1641,19461.8,52
2025-07-18 14:54:00,1.1642,1.1642,1.1638,1.1639,46081.299999999996,92
2025-07-18 14:56:00,1.1639,1.1641,1.1637,1.164,73900.6,130
2025-07-18 14:58:00,1.164,1.1642,1.1639,1.1642,39676.0,110
2025-07-18 15:00:00,1.1642,1.1642,1.1639,1.164,34740.6,79
2025-07-18 15:02:00,1.1642,1.1643,1.1639,1.1643,43239.700000000004,121
2025-07-18 15:04:00,1.1642,1.1643,1.164,1.164,15380.199999999999,54
2025-07-18 15:06:00,1.1641,1.1642,1.1638,1.1639,39074.4,97
2025-07-18 15:08:00,1.1639,1.1642,1.1638,1.1641,33200.2,87
2025-07-18 15:10:00,1.1643,1.1647,1.1643,1.1647,49000.9,127
2025-07-18 15:12:00,1.1647,1.1647,1.1642,1.1643,40426.1,113
2025-07-18 15:14:00,1.1643,1.1646,1.1641,1.1646,59260.0,152
2025-07-18 15:16:00,1.1646,1.1648,1.1643,1.1646,74093.0,127
2025-07-18 15:18:00,1.1647,1.165,1.1645,1.1649,112263.8,328
2025-07-18 15:20:00,1.1649,1.165,1.1647,1.165,82020.0,167
2025-07-18 15:22:00,1.165,1.1653,1.1649,1.165,104573.0,214
2025-07-18 15:24:00,1.165,1.1654,1.1645,1.1651,498368.1,1623
2025-07-18 15:26:00,1.1651,1.1654,1.165,1.1654,74030.7,158
2025-07-18 15:28:00,1.1653,1.1654,1.1653,1.1654,27407.0,64
2025-07-18 15:30:00,1.1654,1.1654,1.1649,1.1652,63035.8,109
2025-07-18 15:32:00,1.1652,1.1653,1.1652,1.1653,17428.2,66
2025-07-18 15:34:00,1.1653,1.1655,1.1651,1.1653,37922.2,106
2025-07-18 15:36:00,1.1655,1.1655,1.1652,1.1655,30460.600000000002,108
2025-07-18 15:38:00,1.1654,1.1655,1.1653,1.1653,45553.9,81
2025-07-18 15:40:00,1.1653,1.1654,1.1651,1.1651,80281.6,113
2025-07-18 15:42:00,1.1651,1.1652,1.1648,1.1649,85398.4,200
2025-07-18 15:44:00,1.165,1.1652,1.1648,1.1651,58690.3,142
2025-07-18 15:46:00,1.1652,1.1652,1.1648,1.1649,55031.7,106
2025-07-18 15:48:00,1.1649,1.1652,1.1647,1.1649,110124.6,211
2025-07-18 15:50:00,1.1648,1.1649,1.1646,1.1646,40957.6,118
2025-07-18 15:52:00,1.1647,1.1648,1.1646,1.1648,23682.0,59
2025-07-18 15:54:00,1.1647,1.1648,1.1645,1.1647,10029.7,58
2025-07-18 15:56:00,1.1645,1.1647,1.1642,1.1644,76088.3,246
2025-07-18 15:58:00,1.1642,1.1645,1.1642,1.1644,39698.4,110
2025-07-18 16:00:00,1.1645,1.1647,1.1643,1.1646,28197.1,83
2025-07-18 16:02:00,1.1646,1.1648,1.1644,1.1645,52197.1,136
2025-07-18 16:04:00,1.1645,1.1645,1.1643,1.1644,30227.100000000002,67
2025-07-18 16:06:00,1.1644,1.1646,1.1644,1.1646,21069.399999999998,66
2025-07-18 16:08:00,1.1645,1.1646,1.1641,1.1641,34018.8,122
2025-07-18 16:10:00,1.164,1.1643,1.164,1.1641,51737.9,135
2025-07-18 16:12:00,1.1641,1.1643,1.164,1.1643,24128.4,88
2025-07-18 16:14:00,1.1643,1.1643,1.1639,1.1639,23954.2,93
2025-07-18 16:16:00,1.164,1.1641,1.1637,1.1639,41986.9,87
2025-07-18 16:18:00,1.164,1.1642,1.1639,1.1641,56619.1,147
2025-07-18 16:20:00,1.1641,1.1643,1.1639,1.1639,53288.2,138
2025-07-18 16:22:00,1.1639,1.1639,1.1632,1.1633,61912.4,137
2025-07-18 16:24:00,1.1632,1.1633,1.1629,1.1631,58219.2,120
2025-07-18 16:26:00,1.1631,1.1632,1.1628,1.163,35263.6,114
2025-07-18 16:28:00,1.1632,1.1632,1.1629,1.1631,27724.3,79
2025-07-18 16:30:00,1.163,1.1635,1.163,1.1633,84866.0,96
2025-07-18 16:32:00,1.1632,1.1635,1.163,1.1635,204815.1,213
2025-07-18 16:34:00,1.1634,1.1635,1.1633,1.1633,18620.3,78
2025-07-18 16:36:00,1.1634,1.1634,1.1632,1.1633,66724.7,174
2025-07-18 16:38:00,1.1635,1.1635,1.1631,1.1631,27266.9,66
2025-07-18 16:40:00,1.1632,1.1633,1.1628,1.163,35822.0,112
2025-07-18 16:42:00,1.1629,1.1631,1.1628,1.163,35027.5,100
2025-07-18 16:44:00,1.1629,1.1632,1.1629,1.163,31403.2,91
2025-07-18 16:46:00,1.163,1.163,1.1626,1.1626,32715.0,143
2025-07-18 16:48:00,1.1626,1.1627,1.1624,1.1625,34346.6,84
2025-07-18 16:50:00,1.1625,1.1626,1.1622,1.1624,32603.4,108
2025-07-18 16:52:00,1.1624,1.1627,1.1624,1.1625,29309.6,81
2025-07-18 16:54:00,1.1626,1.1626,1.1623,1.1625,24355.6,68
2025-07-18 16:56:00,1.1625,1.1626,1.1623,1.1626,23585.1,67
2025-07-18 16:58:00,1.1625,1.1626,1.1623,1.1626,72908.9,141
2025-07-18 17:00:00,1.1626,1.1626,1.1624,1.1625,32286.1,105
2025-07-18 17:02:00,1.1626,1.1626,1.1623,1.1625,66812.9,95
2025-07-18 17:04:00,1.1625,1.1626,1.1624,1.1625,25216.6,83
2025-07-18 17:06:00,1.1626,1.1627,1.1625,1.1625,47515.0,73
2025-07-18 17:08:00,1.1625,1.1627,1.1625,1.1625,25237.6,88
2025-07-18 17:10:00,1.1625,1.1626,1.1623,1.1625,38929.2,131
2025-07-18 17:12:00,1.1625,1.1626,1.1624,1.1624,9592.2,19
2025-07-18 17:14:00,1.1624,1.1625,1.1622,1.1624,42153.4,77
2025-07-18 17:16:00,1.1624,1.1626,1.1623,1.1624,29950.0,77
2025-07-18 17:18:00,1.1624,1.1626,1.1624,1.1625,14559.0,45
2025-07-18 17:20:00,1.1625,1.1625,1.1624,1.1624,19166.2,35
2025-07-18 17:22:00,1.1622,1.1624,1.1621,1.1621,29526.399999999998,59
2025-07-18 17:24:00,1.1621,1.1624,1.162,1.1624,24090.9,68
2025-07-18 17:26:00,1.1624,1.1624,1.1622,1.1623,9313.1,61
2025-07-18 17:28:00,1.1623,1.1624,1.1622,1.1623,20714.2,63
2025-07-18 17:30:00,1.1623,1.1624,1.1621,1.1621,6310.0,24
2025-07-18 17:32:00,1.1622,1.1623,1.162,1.162,29652.9,79
2025-07-18 17:34:00,1.162,1.1622,1.1618,1.1622,69773.7,280
2025-07-18 17:36:00,1.1622,1.1622,1.1618,1.1618,21968.1,69
2025-07-18 17:38:00,1.1618,1.1619,1.1617,1.1618,12806.900000000001,39
2025-07-18 17:40:00,1.1617,1.162,1.1617,1.1619,27861.6,86
2025-07-18 17:42:00,1.1618,1.162,1.1617,1.162,31038.0,94
2025-07-18 17:44:00,1.1619,1.162,1.1618,1.1619,23912.0,92
2025-07-18 17:46:00,1.1618,1.1619,1.1617,1.1618,15097.6,74
2025-07-18 17:48:00,1.1618,1.162,1.1617,1.1619,34139.799999999996,67
2025-07-18 17:50:00,1.162,1.1622,1.1619,1.162,46189.7,112
2025-07-18 17:52:00,1.162,1.1623,1.162,1.1621,28138.0,94
2025-07-18 17:54:00,1.1621,1.1623,1.1621,1.1623,12543.7,48
2025-07-18 17:56:00,1.1623,1.1623,1.1622,1.1622,18130.5,75
2025-07-18 17:58:00,1.1622,1.1623,1.1621,1.1621,12995.6,50
2025-07-18 18:00:00,1.1621,1.1625,1.1621,1.1623,34044.5,70
2025-07-18 18:02:00,1.1624,1.1625,1.1623,1.1623,10788.2,47
2025-07-18 18:04:00,1.1623,1.1625,1.1621,1.1622,27416.1,69
2025-07-18 18:06:00,1.1622,1.1623,1.1621,1.1622,12360.4,49
2025-07-18 18:08:00,1.1623,1.1624,1.1621,1.1621,25295.6,71
2025-07-18 18:10:00,1.1621,1.1622,1.1621,1.1622,22716.0,50
2025-07-18 18:12:00,1.1622,1.1622,1.1619,1.1619,16231.4,58
2025-07-18 18:14:00,1.1621,1.1622,1.1619,1.1622,118923.8,168
2025-07-18 18:16:00,1.1622,1.1622,1.1619,1.1619,55369.7,109
2025-07-18 18:18:00,1.1619,1.1621,1.1618,1.1619,15547.0,40
2025-07-18 18:20:00,1.1619,1.1621,1.1619,1.162,29977.3,85
2025-07-18 18:22:00,1.1619,1.1622,1.1619,1.1621,54200.8,84
2025-07-18 18:24:00,1.1622,1.1626,1.1619,1.1621,192267.1,115
2025-07-18 18:26:00,1.1622,1.1623,1.162,1.1623,19812.1,63
2025-07-18 18:28:00,1.1623,1.1623,1.1621,1.1621,15850.3,58
2025-07-18 18:30:00,1.1622,1.1623,1.1621,1.1622,30784.1,56
2025-07-18 18:32:00,1.1622,1.1623,1.162,1.1621,13111.6,40
2025-07-18 18:34:00,1.1621,1.1622,1.162,1.1621,20765.7,57
2025-07-18 18:36:00,1.1621,1.1621,1.1618,1.1619,10163.0,49
2025-07-18 18:38:00,1.1619,1.162,1.1618,1.162,8563.3,54
2025-07-18 18:40:00,1.1619,1.1619,1.1617,1.1617,13281.5,58
2025-07-18 18:42:00,1.1617,1.1618,1.1616,1.1617,13116.8,41
2025-07-18 18:44:00,1.1617,1.162,1.1617,1.1618,6555.0,34
2025-07-18 18:46:00,1.1618,1.162,1.1618,1.1619,35247.8,59
2025-07-18 18:48:00,1.162,1.162,1.1619,1.162,14932.1,43
2025-07-18 18:50:00,1.1621,1.1622,1.162,1.162,28635.6,73
2025-07-18 18:52:00,1.162,1.1621,1.1619,1.1619,10375.6,48
2025-07-18 18:54:00,1.1619,1.1621,1.1619,1.1619,20734.5,87
2025-07-18 18:56:00,1.162,1.1621,1.1617,1.1618,50501.3,116
2025-07-18 18:58:00,1.1619,1.1621,1.1618,1.162,18015.8,68
2025-07-18 19:00:00,1.1619,1.162,1.1617,1.1619,25234.4,95
2025-07-18 19:02:00,1.1619,1.1619,1.1616,1.1619,90392.4,187
2025-07-18 19:04:00,1.1619,1.1619,1.1617,1.1619,65479.6,139
2025-07-18 19:06:00,1.1617,1.1619,1.1615,1.1616,67767.0,203
2025-07-18 19:08:00,1.1616,1.1618,1.1615,1.1618,49166.5,92
2025-07-18 19:10:00,1.1617,1.1618,1.1616,1.1618,38771.1,108
2025-07-18 19:12:00,1.1616,1.1618,1.1615,1.1616,45414.8,115
2025-07-18 19:14:00,1.1616,1.1617,1.1616,1.1616,7790.400000000001,37
2025-07-18 19:16:00,1.1617,1.1618,1.1616,1.1617,32344.3,119
2025-07-18 19:18:00,1.1618,1.1619,1.1617,1.1617,25961.8,62
2025-07-18 19:20:00,1.1617,1.1619,1.1617,1.1618,39545.9,117
2025-07-18 19:22:00,1.1618,1.1621,1.1618,1.1618,21881.2,56
2025-07-18 19:24:00,1.1619,1.162,1.1617,1.1619,31050.3,70
2025-07-18 19:26:00,1.1618,1.1619,1.1617,1.1619,18888.4,23
2025-07-18 19:28:00,1.1619,1.1619,1.1617,1.1618,7430.6,36
2025-07-18 19:30:00,1.1617,1.1619,1.1617,1.1617,14663.6,57
2025-07-18 19:32:00,1.1618,1.1619,1.1617,1.1618,17065.8,44
2025-07-18 19:34:00,1.1618,1.162,1.1618,1.1619,16819.9,44
2025-07-18 19:36:00,1.1618,1.162,1.1618,1.1618,15832.4,59
2025-07-18 19:38:00,1.1618,1.1619,1.1618,1.1619,19003.1,54
2025-07-18 19:40:00,1.1618,1.1618,1.1616,1.1617,11608.5,62
2025-07-18 19:42:00,1.1616,1.1618,1.1615,1.1618,20631.3,45
2025-07-18 19:44:00,1.1616,1.1619,1.1616,1.1617,16051.1,50
2025-07-18 19:46:00,1.1617,1.1619,1.1616,1.1616,37457.4,113
2025-07-18 19:48:00,1.1616,1.162,1.1616,1.1617,29678.6,96
2025-07-18 19:50:00,1.1616,1.1618,1.1616,1.1617,21773.2,67
2025-07-18 19:52:00,1.1617,1.1619,1.1616,1.1619,24915.9,84
2025-07-18 19:54:00,1.1619,1.162,1.1619,1.162,23180.4,55
2025-07-18 19:56:00,1.1619,1.1622,1.1618,1.1619,11474.6,52
2025-07-18 19:58:00,1.1619,1.1623,1.1619,1.1622,36110.9,75
2025-07-18 20:00:00,1.1621,1.1623,1.1621,1.1623,25447.100000000002,44
2025-07-18 20:02:00,1.1622,1.1623,1.1622,1.1622,38333.5,55
2025-07-18 20:04:00,1.1622,1.1623,1.1621,1.1621,19423.5,89
2025-07-18 20:06:00,1.1622,1.1624,1.1621,1.1624,64423.7,209
2025-07-18 20:08:00,1.1624,1.1626,1.1623,1.1623,88125.3,123
2025-07-18 20:10:00,1.1624,1.1626,1.1623,1.1625,37272.3,101
2025-07-18 20:12:00,1.1626,1.1628,1.1625,1.1627,27359.6,76
2025-07-18 20:14:00,1.1627,1.1627,1.1625,1.1626,26280.399999999998,60
2025-07-18 20:16:00,1.1626,1.1627,1.1625,1.1626,27010.899999999998,85
2025-07-18 20:18:00,1.1626,1.1627,1.1625,1.1626,33500.8,102
2025-07-18 20:20:00,1.1626,1.1627,1.1625,1.1626,17437.9,63
2025-07-18 20:22:00,1.1626,1.1626,1.1623,1.1624,63400.9,215
2025-07-18 20:24:00,1.1624,1.1631,1.1623,1.1629,180524.3,227
2025-07-18 20:26:00,1.1628,1.1629,1.1625,1.1627,146767.4,306
2025-07-18 20:28:00,1.1627,1.1628,1.1625,1.1627,103326.3,213
2025-07-18 20:30:00,1.1627,1.1628,1.1626,1.1626,85038.4,158
2025-07-18 20:32:00,1.1627,1.1627,1.1625,1.1627,109718.9,222
2025-07-18 20:34:00,1.1626,1.1629,1.1625,1.1626,140015.8,263
2025-07-18 20:36:00,1.1626,1.1629,1.1626,1.1626,72923.7,153
2025-07-18 20:38:00,1.1626,1.1628,1.1626,1.1628,59128.8,152
2025-07-18 20:40:00,1.1628,1.1629,1.1626,1.1627,57202.3,133
2025-07-18 20:42:00,1.1628,1.1629,1.1627,1.1629,101300.4,172
2025-07-18 20:44:00,1.1628,1.163,1.1628,1.163,34767.8,66
2025-07-18 20:46:00,1.163,1.163,1.1623,1.1624,93036.4,179
2025-07-18 20:48:00,1.1624,1.1624,1.162,1.1623,101100.8,332
2025-07-18 20:50:00,1.1623,1.1624,1.1619,1.1622,93017.8,155
2025-07-18 20:52:00,1.1622,1.1623,1.1619,1.1621,44312.8,71
2025-07-18 20:54:00,1.1623,1.1624,1.1621,1.1622,40099.6,74
2025-07-18 20:56:00,1.1622,1.1623,1.162,1.1623,29933.600000000002,58
2025-07-18 20:58:00,1.1624,1.1625,1.1622,1.1624,25465.5,66
2025-07-18 21:00:00,1.1623,1.1626,1.1623,1.1625,15807.300000000001,61
2025-07-18 21:02:00,1.1623,1.1625,1.1622,1.1623,41362.7,147
2025-07-18 21:04:00,1.1623,1.1625,1.1622,1.1623,31208.4,66
2025-07-18 21:06:00,1.1624,1.1626,1.1622,1.1624,29150.1,72
2025-07-18 21:08:00,1.1624,1.1626,1.1624,1.1626,25007.5,48
2025-07-18 21:10:00,1.1625,1.1626,1.1623,1.1624,18754.9,61
2025-07-18 21:12:00,1.1624,1.1626,1.1624,1.1626,11084.3,42
2025-07-18 21:14:00,1.1626,1.1626,1.1625,1.1626,9555.9,26
2025-07-18 21:16:00,1.1626,1.1627,1.1624,1.1625,13404.5,45
2025-07-18 21:18:00,1.1626,1.1627,1.1624,1.1624,27267.0,56
2025-07-18 21:20:00,1.1624,1.1626,1.1624,1.1625,19468.9,61
2025-07-18 21:22:00,1.1625,1.1626,1.1624,1.1626,24467.4,52
2025-07-18 21:24:00,1.1626,1.1626,1.1624,1.1626,15369.3,37
2025-07-18 21:26:00,1.1625,1.1626,1.1625,1.1626,10747.2,46
2025-07-18 21:28:00,1.1627,1.1627,1.1625,1.1625,9313.8,37
2025-07-18 21:30:00,1.1625,1.1626,1.1625,1.1625,11446.6,48
2025-07-18 21:32:00,1.1625,1.1628,1.1625,1.1625,37311.1,89
2025-07-18 21:34:00,1.1625,1.1626,1.1624,1.1624,4253.6,22
2025-07-18 21:36:00,1.1624,1.1626,1.1623,1.1626,19297.5,60
2025-07-18 21:38:00,1.1625,1.1626,1.1625,1.1625,4896.2,15
2025-07-18 21:40:00,1.1625,1.1626,1.1623,1.1623,7342.0,24
2025-07-18 21:42:00,1.1623,1.1625,1.1623,1.1623,17264.0,38
2025-07-18 21:44:00,1.1623,1.1625,1.1623,1.1625,5828.4,27
2025-07-18 21:46:00,1.1623,1.1625,1.1622,1.1623,14821.6,50
2025-07-18 21:48:00,1.1624,1.1626,1.1623,1.1623,12904.0,73
2025-07-18 21:50:00,1.1623,1.1624,1.1622,1.1623,12422.199999999999,48
2025-07-18 21:52:00,1.1624,1.1625,1.1623,1.1623,20172.2,47
2025-07-18 21:54:00,1.1623,1.1625,1.1623,1.1625,21675.0,70
2025-07-18 21:56:00,1.1625,1.1626,1.1624,1.1625,20956.2,64
2025-07-18 21:58:00,1.1625,1.1627,1.1624,1.1626,14007.1,60
2025-07-18 22:00:00,1.1625,1.1627,1.1623,1.1627,50939.2,67
2025-07-18 22:02:00,1.1627,1.1627,1.1625,1.1627,48660.799999999996,63
2025-07-18 22:04:00,1.1627,1.1627,1.1625,1.1625,20574.8,78
2025-07-18 22:06:00,1.1626,1.1627,1.1624,1.1624,17508.7,64
2025-07-18 22:08:00,1.1624,1.1626,1.1624,1.1624,21340.7,84
2025-07-18 22:10:00,1.1625,1.1626,1.1623,1.1623,17380.4,80
2025-07-18 22:12:00,1.1625,1.1625,1.1623,1.1624,10226.1,33
2025-07-18 22:14:00,1.1623,1.1626,1.1623,1.1626,11161.4,48
2025-07-18 22:16:00,1.1625,1.1626,1.1624,1.1626,13292.8,59
2025-07-18 22:18:00,1.1626,1.1626,1.1625,1.1625,7104.1,28
2025-07-18 22:20:00,1.1625,1.1626,1.1624,1.1624,8241.4,24
2025-07-18 22:22:00,1.1626,1.1626,1.1623,1.1626,22383.2,115
2025-07-18 22:24:00,1.1625,1.1626,1.1623,1.1625,56186.1,122
2025-07-18 22:26:00,1.1624,1.1627,1.1624,1.1626,25165.6,100
2025-07-18 22:28:00,1.1626,1.1627,1.1625,1.1626,9936.1,34
2025-07-18 22:30:00,1.1625,1.1626,1.1624,1.1624,27383.399999999998,141
2025-07-18 22:32:00,1.1625,1.1626,1.1624,1.1624,12701.7,19
2025-07-18 22:34:00,1.1624,1.1625,1.1624,1.1624,6100.8,24
2025-07-18 22:36:00,1.1624,1.1626,1.1624,1.1624,14155.8,66
2025-07-18 22:38:00,1.1625,1.1626,1.1624,1.1625,12599.3,44
2025-07-18 22:40:00,1.1624,1.1626,1.1624,1.1626,12395.6,49
2025-07-18 22:42:00,1.1625,1.1626,1.1624,1.1625,13013.5,49
2025-07-18 22:44:00,1.1625,1.1626,1.1624,1.1625,14495.199999999999,46
2025-07-18 22:46:00,1.1626,1.1627,1.1624,1.1625,27828.7,68
2025-07-18 22:48:00,1.1626,1.1627,1.1625,1.1626,19109.5,65
2025-07-18 22:50:00,1.1627,1.1627,1.1625,1.1625,57173.1,197
2025-07-18 22:52:00,1.1626,1.1626,1.1624,1.1625,12802.0,35
2025-07-18 22:54:00,1.1625,1.1627,1.1625,1.1626,10320.1,38
2025-07-18 22:56:00,1.1626,1.1627,1.1625,1.1625,7743.2,51
2025-07-18 22:58:00,1.1626,1.1627,1.1624,1.1625,19571.0,34
2025-07-18 23:00:00,1.1626,1.1627,1.1624,1.1625,18171.0,37
2025-07-18 23:02:00,1.1625,1.1626,1.1624,1.1625,51731.9,79
2025-07-18 23:04:00,1.1625,1.1627,1.1624,1.1624,15848.7,37
2025-07-18 23:06:00,1.1624,1.1626,1.1624,1.1625,11181.2,33
2025-07-18 23:08:00,1.1625,1.1626,1.1624,1.1625,13642.9,62
2025-07-18 23:10:00,1.1625,1.1627,1.1624,1.1625,11383.8,31
2025-07-18 23:12:00,1.1625,1.1627,1.1625,1.1626,15969.7,42
2025-07-18 23:14:00,1.1627,1.1627,1.1624,1.1625,19645.6,51
2025-07-18 23:16:00,1.1625,1.1626,1.1624,1.1624,19079.1,34
2025-07-18 23:18:00,1.1626,1.1626,1.1624,1.1625,8649.0,34
2025-07-18 23:20:00,1.1626,1.1626,1.1625,1.1625,6506.3,25
2025-07-18 23:22:00,1.1626,1.1626,1.1625,1.1625,8414.3,27
2025-07-18 23:24:00,1.1626,1.1627,1.1625,1.1626,15031.9,29
2025-07-18 23:26:00,1.1626,1.1627,1.1625,1.1626,10578.3,44
2025-07-18 23:28:00,1.1625,1.1627,1.1625,1.1625,12109.5,28
2025-07-18 23:30:00,1.1627,1.1627,1.1625,1.1627,3309.9,16
2025-07-18 23:32:00,1.1627,1.1627,1.1625,1.1625,9007.6,33
2025-07-18 23:34:00,1.1626,1.1627,1.1626,1.1627,5147.7,31
2025-07-18 23:36:00,1.1626,1.1627,1.1625,1.1626,7769.2,39
2025-07-18 23:38:00,1.1626,1.1627,1.1625,1.1627,12152.6,36
2025-07-18 23:40:00,1.1627,1.1627,1.1627,1.1627,821.4,4
2025-07-18 23:42:00,1.1627,1.1627,1.1625,1.1627,4650.0,12
2025-07-18 23:44:00,1.1627,1.1627,1.1625,1.1626,2263.4,16
2025-07-18 23:46:00,1.1627,1.1627,1.1625,1.1626,8575.099999999999,19
2025-07-18 23:48:00,1.1627,1.1627,1.1625,1.1625,25221.0,74
2025-07-18 23:50:00,1.1627,1.1627,1.1626,1.1626,6301.0,28
2025-07-18 23:52:00,1.1626,1.1627,1.1625,1.1625,7987.599999999999,37
2025-07-18 23:54:00,1.1625,1.1627,1.1625,1.1625,4895.1,22
2025-07-18 23:56:00,1.1626,1.1627,1.1625,1.1625,4351.8,30
2025-07-18 23:58:00,1.1625,1.1627,1.1625,1.1625,16444.0,25
2025-07-19 00:00:00,1.1626,1.1627,1.1625,1.1625,6772.9,37
2025-07-19 00:02:00,1.1625,1.1627,1.1625,1.1625,5508.2,34
2025-07-19 00:04:00,1.1627,1.1627,1.1625,1.1625,7630.0,44
2025-07-19 00:06:00,1.1625,1.1627,1.1625,1.1626,22975.2,97
2025-07-19 00:08:00,1.1625,1.1627,1.1624,1.1625,32383.7,70
2025-07-19 00:10:00,1.1626,1.1626,1.1624,1.1626,5242.7,25
2025-07-19 00:12:00,1.1624,1.1627,1.1624,1.1627,12588.3,41
2025-07-19 00:14:00,1.1626,1.1627,1.1625,1.1627,14617.0,29
2025-07-19 00:16:00,1.1627,1.1627,1.1625,1.1627,8223.7,39
2025-07-19 00:18:00,1.1627,1.1627,1.1625,1.1627,20824.0,95
2025-07-19 00:20:00,1.1625,1.1627,1.1625,1.1625,16257.7,31
2025-07-19 00:22:00,1.1626,1.1627,1.1625,1.1625,6017.3,42
2025-07-19 00:24:00,1.1627,1.1627,1.1625,1.1626,21601.2,32
2025-07-19 00:26:00,1.1626,1.1627,1.1625,1.1625,3824.1,16
2025-07-19 00:28:00,1.1627,1.1627,1.1625,1.1625,10568.699999999999,59
2025-07-19 00:30:00,1.1625,1.1627,1.1625,1.1626,26427.3,211
2025-07-19 00:32:00,1.1625,1.1628,1.1625,1.1627,77129.0,128
2025-07-19 00:34:00,1.1628,1.1628,1.1626,1.1626,25381.600000000002,31
2025-07-19 00:36:00,1.1626,1.1628,1.1626,1.1628,24443.5,37
2025-07-19 00:38:00,1.1626,1.1628,1.1626,1.1627,6696.2,25
2025-07-19 00:40:00,1.1628,1.1628,1.1626,1.1628,2149.2,23
2025-07-19 00:42:00,1.1628,1.1628,1.1626,1.1628,15070.7,54
2025-07-19 00:44:00,1.1627,1.1628,1.1626,1.1627,7720.7,43
2025-07-19 00:46:00,1.1627,1.1628,1.1626,1.1627,10277.1,42
2025-07-19 00:48:00,1.1626,1.1628,1.1626,1.1628,17750.9,71
2025-07-19 00:50:00,1.1627,1.1628,1.1626,1.1626,16207.2,34
2025-07-19 00:52:00,1.1626,1.1628,1.1626,1.1626,9002.0,45
2025-07-19 00:54:00,1.1628,1.1628,1.1626,1.1627,14786.0,49
2025-07-19 00:56:00,1.1628,1.1628,1.1626,1.1627,11834.7,44
2025-07-19 00:58:00,1.1628,1.1628,1.1626,1.1628,27637.3,117
2025-07-19 01:00:00,1.1628,1.1628,1.1626,1.1626,20230.5,101
2025-07-19 01:02:00,1.1626,1.1628,1.1626,1.1626,6747.8,38
2025-07-19 01:04:00,1.1627,1.1627,1.1626,1.1627,59743.3,250
2025-07-19 01:06:00,1.1626,1.1628,1.1626,1.1627,16824.7,32
2025-07-19 01:08:00,1.1627,1.1628,1.1626,1.1627,3897.6,26
2025-07-19 01:10:00,1.1627,1.1628,1.1626,1.1627,3554.8,19
2025-07-19 01:12:00,1.1626,1.1628,1.1626,1.1627,8096.8,31
2025-07-19 01:14:00,1.1626,1.1628,1.1626,1.1628,12601.2,34
2025-07-19 01:16:00,1.1626,1.1628,1.1626,1.1626,42068.1,55
2025-07-19 01:18:00,1.1626,1.1628,1.1626,1.1627,49117.0,66
2025-07-19 01:20:00,1.1626,1.1628,1.1626,1.1627,8795.9,30
2025-07-19 01:22:00,1.1627,1.1628,1.1627,1.1628,1055.5,11
2025-07-19 01:24:00,1.1627,1.1628,1.1626,1.1627,17427.3,56
2025-07-19 01:26:00,1.1628,1.1628,1.1626,1.1627,15789.6,37
2025-07-19 01:28:00,1.1626,1.1628,1.1626,1.1626,7033.9,23
2025-07-19 01:30:00,1.1627,1.1627,1.1626,1.1627,8249.6,23
2025-07-19 01:32:00,1.1627,1.1628,1.1626,1.1626,2790.7999999999997,30
2025-07-19 01:34:00,1.1626,1.1628,1.1626,1.1628,7790.4,21
2025-07-19 01:36:00,1.1627,1.1628,1.1627,1.1627,340.3,8
2025-07-19 01:38:00,1.1627,1.1628,1.1626,1.1627,3825.9,17
2025-07-19 01:40:00,1.1628,1.1628,1.1626,1.1626,8154.1,14
2025-07-19 01:42:00,1.1627,1.1628,1.1626,1.1628,5199.2,27
2025-07-19 01:44:00,1.1626,1.1628,1.1626,1.1626,1586.6,11
2025-07-19 01:46:00,1.1628,1.1628,1.1626,1.1627,5704.8,16
2025-07-19 01:48:00,1.1626,1.1628,1.1626,1.1627,7457.400000000001,18
2025-07-19 01:50:00,1.1627,1.1628,1.1626,1.1628,2449.7000000000003,14
2025-07-19 01:52:00,1.1628,1.1628,1.1626,1.1627,1237.6,9
2025-07-19 01:54:00,1.1626,1.1626,1.1625,1.1626,5564.700000000001,13
2025-07-19 01:56:00,1.1625,1.1626,1.1624,1.1625,2132.6,22
2025-07-19 01:58:00,1.1625,1.1625,1.1624,1.1625,2389.7,14
2025-07-19 02:00:00,1.1625,1.1626,1.1624,1.1625,12455.6,84
2025-07-19 02:02:00,1.1625,1.1626,1.1625,1.1626,4662.9,24
2025-07-19 02:04:00,1.1626,1.1626,1.1624,1.1626,15900.8,36
2025-07-19 02:06:00,1.1626,1.1626,1.1624,1.1625,4129.8,29
2025-07-19 02:08:00,1.1625,1.1626,1.1624,1.1625,2684.4,20
2025-07-19 02:10:00,1.1625,1.1626,1.1625,1.1625,4918.5,27
2025-07-19 02:12:00,1.1624,1.1625,1.1624,1.1625,3916.2,17
2025-07-19 02:14:00,1.1624,1.1626,1.1624,1.1626,5182.7,23
2025-07-19 02:16:00,1.1626,1.1626,1.1624,1.1625,6952.0,22
2025-07-19 02:18:00,1.1625,1.1627,1.1624,1.1625,25139.7,66
2025-07-19 02:20:00,1.1626,1.1626,1.1624,1.1626,13300.099999999999,24
2025-07-19 02:22:00,1.1626,1.1627,1.1625,1.1627,2775.0,19
2025-07-19 02:24:00,1.1627,1.1627,1.1625,1.1627,6825.7,17
2025-07-19 02:26:00,1.1627,1.1627,1.1626,1.1626,344.3,7
2025-07-19 02:28:00,1.1626,1.1627,1.1625,1.1626,11164.1,31
2025-07-19 02:30:00,1.1625,1.1627,1.1625,1.1627,40131.4,241
2025-07-19 02:32:00,1.1627,1.1627,1.1625,1.1627,11897.1,39
2025-07-19 02:34:00,1.1625,1.1627,1.1625,1.1627,9769.5,28
2025-07-19 02:36:00,1.1626,1.1627,1.1625,1.1627,23822.5,44
2025-07-19 02:38:00,1.1627,1.1627,1.1627,1.1627,6211.1,28
2025-07-19 02:40:00,1.1627,1.1627,1.1626,1.1627,5633.8,25
2025-07-19 02:42:00,1.1627,1.1627,1.1626,1.1626,8505.5,34
2025-07-19 02:44:00,1.1626,1.1627,1.1625,1.1627,44827.6,67
2025-07-19 02:46:00,1.1627,1.1627,1.1626,1.1626,7643.9,27
2025-07-19 02:48:00,1.1626,1.1626,1.1625,1.1626,8830.7,29
2025-07-19 02:50:00,1.1626,1.1626,1.1625,1.1626,6785.3,20
2025-07-19 02:52:00,1.1626,1.1626,1.1625,1.1626,8760.8,25
2025-07-19 02:54:00,1.1626,1.1627,1.1626,1.1627,77533.1,101
2025-07-19 02:56:00,1.1627,1.1627,1.1625,1.1627,7677.5,34
2025-07-19 02:58:00,1.1625,1.1627,1.1625,1.1627,13386.5,12
2025-07-19 03:00:00,1.1625,1.1627,1.1625,1.1626,5768.400000000001,26
2025-07-19 03:02:00,1.1625,1.1627,1.1625,1.1626,5125.7,27
2025-07-19 03:04:00,1.1625,1.1627,1.1625,1.1627,8581.699999999999,22
2025-07-19 03:06:00,1.1625,1.1627,1.1625,1.1627,7728.9,18
2025-07-19 03:08:00,1.1626,1.1627,1.1626,1.1626,13571.8,16
2025-07-19 03:10:00,1.1626,1.1627,1.1626,1.1627,2788.9,13
2025-07-19 03:12:00,1.1627,1.1628,1.1626,1.1626,22690.2,31
2025-07-19 03:14:00,1.1626,1.1629,1.1626,1.1628,16010.7,89
2025-07-19 03:16:00,1.1627,1.1627,1.1626,1.1626,3170.4,12
2025-07-19 03:18:00,1.1627,1.1627,1.1626,1.1627,4570.5,18
2025-07-19 03:20:00,1.1626,1.1628,1.1626,1.1627,2874.3,16
2025-07-19 03:22:00,1.1627,1.1627,1.1626,1.1626,5275.8,10
2025-07-19 03:24:00,1.1626,1.1628,1.1626,1.1626,10999.8,20
2025-07-19 03:26:00,1.1626,1.1626,1.1625,1.1625,3423.6,15
2025-07-19 03:28:00,1.1626,1.1626,1.1624,1.1625,6638.4,36
2025-07-19 03:30:00,1.1625,1.1626,1.1625,1.1625,7068.0,24
2025-07-19 03:32:00,1.1624,1.1626,1.1624,1.1626,5637.3,24
2025-07-19 03:34:00,1.1625,1.1626,1.1624,1.1626,9815.8,44
2025-07-19 03:36:00,1.1624,1.1626,1.1624,1.1624,56601.5,72
2025-07-19 03:38:00,1.1624,1.1627,1.1624,1.1625,8489.6,22
2025-07-19 03:40:00,1.1625,1.1625,1.1625,1.1625,2567.8,9
2025-07-19 03:42:00,1.1627,1.1627,1.1625,1.1625,10026.7,23
2025-07-19 03:44:00,1.1626,1.1627,1.1625,1.1625,6604.6,22
2025-07-19 03:46:00,1.1626,1.1627,1.1626,1.1626,6278.4,17
2025-07-19 03:48:00,1.1626,1.1627,1.1625,1.1626,5939.8,24
2025-07-19 03:50:00,1.1625,1.1627,1.1625,1.1625,23769.4,60
2025-07-19 03:52:00,1.1626,1.1626,1.1625,1.1626,5475.900000000001,24
2025-07-19 03:54:00,1.1626,1.1627,1.1625,1.1625,3469.7,14
2025-07-19 03:56:00,1.1627,1.1627,1.1625,1.1626,10671.9,40
2025-07-19 03:58:00,1.1626,1.1627,1.1626,1.1627,38756.200000000004,96
2025-07-19 04:00:00,1.1627,1.1627,1.1625,1.1625,10376.9,36
2025-07-19 04:02:00,1.1627,1.1627,1.1625,1.1625,2822.6,29
2025-07-19 04:04:00,1.1625,1.1627,1.1625,1.1627,9430.3,27
2025-07-19 04:06:00,1.1627,1.1627,1.1626,1.1626,21028.8,43
2025-07-19 04:08:00,1.1626,1.1627,1.1626,1.1627,12286.699999999999,37
2025-07-19 04:10:00,1.1627,1.1627,1.1626,1.1626,3166.2,25
2025-07-19 04:12:00,1.1626,1.1628,1.1626,1.1626,67120.9,92
2025-07-19 04:14:00,1.1628,1.1628,1.1626,1.1626,18488.4,40
2025-07-19 04:16:00,1.1626,1.1627,1.1626,1.1627,3515.1,16
2025-07-19 04:18:00,1.1626,1.1627,1.1626,1.1627,4400.6,17
2025-07-19 04:20:00,1.1627,1.1627,1.1626,1.1627,3977.1,20
2025-07-19 04:22:00,1.1626,1.1627,1.1626,1.1627,5802.299999999999,13
2025-07-19 04:24:00,1.1626,1.1627,1.1626,1.1627,2102.3,10
2025-07-19 04:26:00,1.1626,1.1627,1.1626,1.1626,12291.7,22
2025-07-19 04:28:00,1.1626,1.1627,1.1626,1.1626,2606.4,13
2025-07-19 04:30:00,1.1626,1.1627,1.1626,1.1626,12020.1,34
2025-07-19 04:32:00,1.1626,1.1627,1.1626,1.1627,7050.5,26
2025-07-19 04:34:00,1.1626,1.1627,1.1626,1.1627,21012.399999999998,74
2025-07-19 04:36:00,1.1626,1.1627,1.1626,1.1627,3386.6,22
2025-07-19 04:38:00,1.1626,1.1627,1.1626,1.1626,13926.8,41
2025-07-19 04:40:00,1.1627,1.1627,1.1626,1.1626,3656.9,21
2025-07-19 04:42:00,1.1626,1.1626,1.1626,1.1626,3075.2,28
2025-07-19 04:44:00,1.1626,1.1627,1.1626,1.1627,5653.8,39
2025-07-19 04:46:00,1.1626,1.1627,1.1625,1.1625,27257.6,49
2025-07-19 04:48:00,1.1625,1.1626,1.1625,1.1626,15359.9,82
2025-07-19 04:50:00,1.1626,1.1626,1.1625,1.1625,12991.4,63
2025-07-19 04:52:00,1.1625,1.1626,1.1625,1.1625,5359.4,22
2025-07-19 04:54:00,1.1625,1.1626,1.1625,1.1626,12011.5,36
2025-07-19 04:56:00,1.1625,1.1626,1.1625,1.1625,12323.9,27
2025-07-19 04:58:00,1.1625,1.1626,1.1625,1.1626,4164.1,18
2025-07-19 05:00:00,1.1626,1.1626,1.1625,1.1626,11046.4,36
2025-07-19 05:02:00,1.1625,1.1626,1.1625,1.1625,5653.6,26
2025-07-19 05:04:00,1.1625,1.1626,1.1625,1.1625,5446.8,26
2025-07-19 05:06:00,1.1625,1.1626,1.1625,1.1625,26513.8,57
2025-07-19 05:08:00,1.1626,1.1626,1.1625,1.1626,8390.199999999999,29
2025-07-19 05:10:00,1.1625,1.1626,1.1625,1.1625,4328.7,15
2025-07-19 05:12:00,1.1625,1.1627,1.1625,1.1625,8140.7,30
2025-07-19 05:14:00,1.1626,1.1626,1.1625,1.1626,3510.7999999999997,22
2025-07-19 05:16:00,1.1626,1.1626,1.1625,1.1626,9392.0,26
2025-07-19 05:18:00,1.1625,1.1626,1.1625,1.1625,7629.699999999999,23
2025-07-19 05:20:00,1.1625,1.1626,1.1625,1.1625,2947.7,15
2025-07-19 05:22:00,1.1625,1.1626,1.1625,1.1626,1637.3000000000002,13
2025-07-19 05:24:00,1.1626,1.1626,1.1625,1.1625,7683.0,9
2025-07-19 05:26:00,1.1625,1.1626,1.1624,1.1625,39694.299999999996,21
2025-07-19 05:28:00,1.1625,1.1626,1.1624,1.1624,3845.3,19
2025-07-19 05:30:00,1.1624,1.1624,1.1624,1.1624,819.4,7
2025-07-19 05:32:00,1.1624,1.1625,1.1624,1.1625,2157.9,16
2025-07-19 05:34:00,1.1625,1.1626,1.1624,1.1626,831.9000000000001,13
2025-07-19 05:36:00,1.1624,1.1626,1.1624,1.1624,3498.6,14
2025-07-19 05:38:00,1.1625,1.1627,1.1624,1.1625,33072.4,38
2025-07-19 05:40:00,1.1625,1.1626,1.1625,1.1625,3375.2,26
2025-07-19 05:42:00,1.1625,1.1626,1.1624,1.1625,6751.5,35
2025-07-19 05:44:00,1.1625,1.1626,1.1625,1.1625,1392.0,13
2025-07-19 05:46:00,1.1626,1.1626,1.1625,1.1626,11339.5,33
2025-07-19 05:48:00,1.1625,1.1626,1.1625,1.1626,2395.6,12
2025-07-19 05:50:00,1.1626,1.1626,1.1625,1.1626,11300.7,27
2025-07-19 05:52:00,1.1625,1.1626,1.1625,1.1626,5405.4,29
2025-07-19 05:54:00,1.1626,1.1626,1.1625,1.1625,4138.6,32
2025-07-19 05:56:00,1.1626,1.1626,1.1624,1.1624,11997.0,55
2025-07-19 05:58:00,1.1624,1.1625,1.1624,1.1624,6790.8,25
2025-07-19 06:00:00,1.1625,1.1625,1.1624,1.1625,23526.5,67
2025-07-19 06:02:00,1.1625,1.1625,1.1624,1.1625,26628.7,49
2025-07-19 06:04:00,1.1625,1.1625,1.1624,1.1625,22621.300000000003,36
2025-07-19 06:06:00,1.1624,1.1625,1.1623,1.1625,11204.7,35
2025-07-19 06:08:00,1.1625,1.1625,1.1623,1.1623,1236.3,12
2025-07-19 06:10:00,1.1625,1.1625,1.1624,1.1625,2309.9,11
2025-07-19 06:12:00,1.1624,1.1625,1.1624,1.1625,9531.3,19
2025-07-19 06:14:00,1.1625,1.1625,1.1623,1.1625,16641.4,29
2025-07-19 06:16:00,1.1625,1.1625,1.1623,1.1625,5713.7,34
2025-07-19 06:18:00,1.1623,1.1625,1.1623,1.1624,11189.800000000001,40
2025-07-19 06:20:00,1.1624,1.1625,1.1623,1.1625,8325.7,38
2025-07-19 06:22:00,1.1625,1.1625,1.1624,1.1624,4032.3,21
2025-07-19 06:24:00,1.1624,1.1625,1.1624,1.1625,15676.3,71
2025-07-19 06:26:00,1.1624,1.1625,1.1624,1.1624,11674.0,38
2025-07-19 06:28:00,1.1624,1.1625,1.1624,1.1625,9803.9,33
2025-07-19 06:30:00,1.1625,1.1625,1.1624,1.1625,13040.4,42
2025-07-19 06:32:00,1.1624,1.1625,1.1624,1.1625,20411.2,65
2025-07-19 06:34:00,1.1624,1.1625,1.1623,1.1625,23822.0,58
2025-07-19 06:36:00,1.1624,1.1626,1.1624,1.1625,4588.4,29
2025-07-19 06:38:00,1.1624,1.1626,1.1624,1.1626,11173.9,60
2025-07-19 06:40:00,1.1624,1.1626,1.1624,1.1625,8750.6,45
2025-07-19 06:42:00,1.1625,1.1626,1.1624,1.1625,15215.6,60
2025-07-19 06:44:00,1.1625,1.1626,1.1625,1.1625,15020.4,27
2025-07-19 06:46:00,1.1625,1.1626,1.1625,1.1626,11896.699999999999,41
2025-07-19 06:48:00,1.1625,1.1626,1.1625,1.1626,9210.5,31
2025-07-19 06:50:00,1.1626,1.1626,1.1625,1.1626,15033.9,36
2025-07-19 06:52:00,1.1625,1.1626,1.1625,1.1626,6967.400000000001,23
2025-07-19 06:54:00,1.1625,1.1627,1.1625,1.1625,18643.9,55
2025-07-19 06:56:00,1.1626,1.1627,1.1625,1.1625,6985.099999999999,46
2025-07-19 06:58:00,1.1625,1.1625,1.1624,1.1625,5570.3,20
2025-07-19 07:00:00,1.1624,1.1626,1.1624,1.1625,9372.3,39
2025-07-19 07:02:00,1.1625,1.1626,1.1624,1.1625,5318.8,34
2025-07-19 07:04:00,1.1626,1.1627,1.1624,1.1625,57036.1,82
2025-07-19 07:06:00,1.1626,1.1627,1.1625,1.1625,9169.3,36
2025-07-19 07:08:00,1.1625,1.1627,1.1625,1.1626,6943.0,28
2025-07-19 07:10:00,1.1625,1.1626,1.1624,1.1625,6523.099999999999,18
2025-07-19 07:12:00,1.1625,1.1626,1.1623,1.1625,7664.1,40
2025-07-19 07:14:00,1.1623,1.1625,1.1623,1.1625,4887.3,28
2025-07-19 07:16:00,1.1625,1.1626,1.1623,1.1625,8785.9,53
2025-07-19 07:18:00,1.1625,1.1626,1.1624,1.1626,23757.9,78
2025-07-19 07:20:00,1.1626,1.1627,1.1625,1.1627,12266.0,55
2025-07-19 07:22:00,1.1626,1.1627,1.1625,1.1625,9761.0,54
2025-07-19 07:24:00,1.1625,1.1627,1.1625,1.1625,7771.0,41
2025-07-19 07:26:00,1.1625,1.1627,1.1625,1.1626,13610.8,60
2025-07-19 07:28:00,1.1626,1.1627,1.1625,1.1625,10846.8,39
2025-07-19 07:30:00,1.1627,1.1627,1.1625,1.1626,5986.6,34
2025-07-19 07:32:00,1.1626,1.1627,1.1625,1.1625,11920.9,49
2025-07-19 07:34:00,1.1626,1.1627,1.1625,1.1625,11658.5,31
2025-07-19 07:36:00,1.1625,1.1627,1.1625,1.1627,34517.700000000004,55
2025-07-19 07:38:00,1.1627,1.1627,1.1625,1.1626,11829.5,36
2025-07-19 07:40:00,1.1625,1.1627,1.1625,1.1625,7583.4,29
2025-07-19 07:42:00,1.1626,1.1626,1.1625,1.1626,5410.3,40
2025-07-19 07:44:00,1.1625,1.1626,1.1625,1.1625,4844.6,39
2025-07-19 07:46:00,1.1626,1.1627,1.1625,1.1627,5518.900000000001,26
2025-07-19 07:48:00,1.1625,1.1627,1.1625,1.1626,20673.0,37
2025-07-19 07:50:00,1.1626,1.1626,1.1624,1.1624,10153.5,42
2025-07-19 07:52:00,1.1625,1.1626,1.1624,1.1626,5814.1,35
2025-07-19 07:54:00,1.1626,1.1626,1.1625,1.1625,6306.400000000001,21
2025-07-19 07:56:00,1.1625,1.1627,1.1625,1.1626,4947.0,24
2025-07-19 07:58:00,1.1626,1.1626,1.1624,1.1626,13755.3,36
2025-07-19 08:00:00,1.1626,1.1627,1.1625,1.1625,7648.2,42
2025-07-19 08:02:00,1.1626,1.1627,1.1625,1.1625,8980.9,31
2025-07-19 08:04:00,1.1625,1.1626,1.1625,1.1626,16306.699999999999,119
2025-07-19 08:06:00,1.1627,1.1628,1.1625,1.1628,11325.199999999999,41
2025-07-19 08:08:00,1.1628,1.1628,1.1627,1.1628,4421.3,30
2025-07-19 08:10:00,1.1627,1.1628,1.1626,1.1628,6522.9,26
2025-07-19 08:12:00,1.1627,1.1628,1.1625,1.1627,19989.0,44
2025-07-19 08:14:00,1.1627,1.1627,1.1625,1.1625,11160.9,30
2025-07-19 08:16:00,1.1625,1.1627,1.1625,1.1626,24818.9,48
2025-07-19 08:18:00,1.1627,1.1628,1.1626,1.1628,29314.3,90
2025-07-19 08:20:00,1.1627,1.1628,1.1626,1.1628,14199.7,48
2025-07-19 08:22:00,1.1627,1.1628,1.1626,1.1628,15404.6,30
2025-07-19 08:24:00,1.1628,1.1628,1.1627,1.1628,6429.9,37
2025-07-19 08:26:00,1.1628,1.1628,1.1627,1.1628,8803.7,24
2025-07-19 08:28:00,1.1628,1.1628,1.1627,1.1628,9348.6,30
2025-07-19 08:30:00,1.1628,1.1629,1.1627,1.1627,26027.6,149
2025-07-19 08:32:00,1.1627,1.1628,1.1626,1.1627,10001.5,33
2025-07-19 08:34:00,1.1627,1.1627,1.1626,1.1627,13206.9,26
2025-07-19 08:36:00,1.1627,1.1627,1.1626,1.1627,6819.0,25
2025-07-19 08:38:00,1.1627,1.1627,1.1626,1.1627,21151.0,56
2025-07-19 08:40:00,1.1627,1.1627,1.1626,1.1626,11518.0,31
2025-07-19 08:42:00,1.1627,1.1627,1.1626,1.1626,14741.199999999999,31
2025-07-19 08:44:00,1.1627,1.1627,1.1626,1.1627,6674.2,25
2025-07-19 08:46:00,1.1626,1.1627,1.1626,1.1627,8301.7,32
2025-07-19 08:48:00,1.1627,1.1627,1.1625,1.1626,44606.5,162
2025-07-19 08:50:00,1.1626,1.1627,1.1625,1.1627,23300.5,61
2025-07-19 08:52:00,1.1625,1.1627,1.1625,1.1627,9543.6,32
2025-07-19 08:54:00,1.1627,1.1627,1.1625,1.1625,9752.1,24
2025-07-19 08:56:00,1.1625,1.1627,1.1625,1.1626,16994.8,47
2025-07-19 08:58:00,1.1627,1.1627,1.1625,1.1625,21223.4,29
2025-07-19 09:00:00,1.1627,1.1627,1.1625,1.1627,9883.0,29
2025-07-19 09:02:00,1.1627,1.1627,1.1625,1.1625,17355.6,47
2025-07-19 09:04:00,1.1625,1.1627,1.1625,1.1625,13617.6,28
2025-07-19 09:06:00,1.1627,1.1627,1.1625,1.1625,10818.800000000001,34
2025-07-19 09:08:00,1.1627,1.1627,1.1625,1.1626,11689.4,49
2025-07-19 09:10:00,1.1625,1.1627,1.1625,1.1627,22546.5,51
2025-07-19 09:12:00,1.1625,1.1627,1.1624,1.1625,41311.0,172
2025-07-19 09:14:00,1.1625,1.1627,1.1625,1.1626,36307.700000000004,203
2025-07-19 09:16:00,1.1626,1.1626,1.1625,1.1626,5043.3,31
2025-07-19 09:18:00,1.1626,1.1628,1.1625,1.1627,13180.5,29
2025-07-19 09:20:00,1.1627,1.1628,1.1626,1.1627,5167.400000000001,44
2025-07-19 09:22:00,1.1628,1.1628,1.1626,1.1628,7142.5,31
2025-07-19 09:24:00,1.1626,1.1628,1.1626,1.1627,10641.099999999999,42
2025-07-19 09:26:00,1.1628,1.1628,1.1626,1.1628,10343.0,47
2025-07-19 09:28:00,1.1626,1.1628,1.1626,1.1628,5847.0,20
2025-07-19 09:30:00,1.1627,1.1628,1.1626,1.1627,7602.799999999999,38
2025-07-19 09:32:00,1.1626,1.1628,1.1626,1.1628,15712.8,70
2025-07-19 09:34:00,1.1627,1.1628,1.1626,1.1628,7899.8,32
2025-07-19 09:36:00,1.1628,1.1628,1.1626,1.1628,10322.699999999999,42
2025-07-19 09:38:00,1.1628,1.1628,1.1626,1.1628,9043.800000000001,25
2025-07-19 09:40:00,1.1628,1.1628,1.1626,1.1627,12395.2,49
2025-07-19 09:42:00,1.1626,1.1628,1.1626,1.1628,8335.5,35
2025-07-19 09:44:00,1.1627,1.1628,1.1627,1.1627,10989.4,63
2025-07-19 09:46:00,1.1627,1.1629,1.1627,1.1629,4549.1,42
2025-07-19 09:48:00,1.1629,1.1629,1.1627,1.1629,7099.5,43
2025-07-19 09:50:00,1.1627,1.1629,1.1627,1.1629,6473.0,33
2025-07-19 09:52:00,1.1629,1.1629,1.1626,1.1627,9544.199999999999,37
2025-07-19 09:54:00,1.1627,1.1627,1.1625,1.1626,8528.8,52
2025-07-19 09:56:00,1.1626,1.1627,1.1625,1.1626,21733.7,29
2025-07-19 09:58:00,1.1626,1.1628,1.1626,1.1628,4374.7,28
2025-07-19 10:00:00,1.1626,1.1628,1.1626,1.1626,12388.9,40
2025-07-19 10:02:00,1.1626,1.1628,1.1626,1.1627,22856.2,46
2025-07-19 10:04:00,1.1627,1.1628,1.1627,1.1628,22082.0,65
2025-07-19 10:06:00,1.1627,1.1628,1.1627,1.1628,20599.5,51
2025-07-19 10:08:00,1.1627,1.1628,1.1627,1.1628,4865.2,34
2025-07-19 10:10:00,1.1628,1.1628,1.1627,1.1627,10943.3,28
2025-07-19 10:12:00,1.1627,1.1628,1.1627,1.1627,13196.3,40
2025-07-19 10:14:00,1.1627,1.1628,1.1626,1.1627,4714.9,26
2025-07-19 10:16:00,1.1627,1.1628,1.1626,1.1626,12097.8,31
2025-07-19 10:18:00,1.1626,1.1628,1.1626,1.1626,6292.0,30
2025-07-19 10:20:00,1.1628,1.1628,1.1626,1.1627,7331.4,30
2025-07-19 10:22:00,1.1629,1.1629,1.1626,1.1626,20223.2,63
2025-07-19 10:24:00,1.1626,1.1628,1.1626,1.1626,46677.2,57
2025-07-19 10:26:00,1.1626,1.1627,1.1625,1.1625,3502.3,33
2025-07-19 10:28:00,1.1625,1.1627,1.1625,1.1627,9222.1,53
2025-07-19 10:30:00,1.1625,1.1627,1.1625,1.1627,2725.4,23
2025-07-19 10:32:00,1.1627,1.1627,1.1626,1.1627,9998.4,33
2025-07-19 10:34:00,1.1627,1.1627,1.1626,1.1627,804.5,10
2025-07-19 10:36:00,1.1627,1.1627,1.1626,1.1626,2235.9,15
2025-07-19 10:38:00,1.1626,1.1627,1.1626,1.1627,5478.8,34
2025-07-19 10:40:00,1.1626,1.1627,1.1625,1.1627,20393.5,68
2025-07-19 10:42:00,1.1625,1.1627,1.1625,1.1627,10421.7,49
2025-07-19 10:44:00,1.1626,1.1627,1.1625,1.1626,13505.5,40
2025-07-19 10:46:00,1.1626,1.1627,1.1625,1.1627,16027.8,29
2025-07-19 10:48:00,1.1627,1.1627,1.1625,1.1626,9169.0,53
2025-07-19 10:50:00,1.1626,1.1627,1.1626,1.1626,5767.6,27
2025-07-19 10:52:00,1.1626,1.1627,1.1625,1.1625,8838.4,47
2025-07-19 10:54:00,1.1627,1.1627,1.1625,1.1625,17539.7,91
2025-07-19 10:56:00,1.1627,1.1627,1.1625,1.1627,8542.9,24
2025-07-19 10:58:00,1.1626,1.1627,1.1625,1.1625,13502.1,35
2025-07-19 11:00:00,1.1627,1.1627,1.1625,1.1625,14144.800000000001,40
2025-07-19 11:02:00,1.1627,1.1627,1.1625,1.1627,10941.6,53
2025-07-19 11:04:00,1.1626,1.1627,1.1625,1.1627,19135.2,70
2025-07-19 11:06:00,1.1627,1.1627,1.1625,1.1627,8962.9,36
2025-07-19 11:08:00,1.1627,1.1627,1.1626,1.1627,4369.7,26
2025-07-19 11:10:00,1.1627,1.1627,1.1626,1.1627,9707.300000000001,39
2025-07-19 11:12:00,1.1626,1.1627,1.1625,1.1627,20899.1,58
2025-07-19 11:14:00,1.1627,1.1627,1.1624,1.1626,37515.9,158
2025-07-19 11:16:00,1.1625,1.1626,1.1624,1.1626,53471.8,164
2025-07-19 11:18:00,1.1625,1.1626,1.1624,1.1626,22577.0,64
2025-07-19 11:20:00,1.1626,1.1626,1.1624,1.1626,15896.6,36
2025-07-19 11:22:00,1.1626,1.1626,1.1624,1.1625,16277.8,47
2025-07-19 11:24:00,1.1625,1.1626,1.1624,1.1626,24963.6,68
2025-07-19 11:26:00,1.1625,1.1627,1.1624,1.1626,35294.0,75
2025-07-19 11:28:00,1.1627,1.1628,1.1625,1.1627,13232.3,49
2025-07-19 11:30:00,1.1628,1.1628,1.1626,1.1627,31287.8,51
2025-07-19 11:32:00,1.1628,1.1628,1.1626,1.1626,6758.3,48
2025-07-19 11:34:00,1.1627,1.1628,1.1626,1.1626,11704.3,37
2025-07-19 11:36:00,1.1628,1.1628,1.1626,1.1627,2547.3,17
2025-07-19 11:38:00,1.1627,1.1628,1.1626,1.1628,10576.2,35
2025-07-19 11:40:00,1.1628,1.1628,1.1626,1.1628,39237.0,44
2025-07-19 11:42:00,1.1628,1.1628,1.1626,1.1627,5054.9,26
2025-07-19 11:44:00,1.1626,1.1627,1.1626,1.1626,4719.6,33
2025-07-19 11:46:00,1.1627,1.1627,1.1625,1.1626,15186.1,45
2025-07-19 11:48:00,1.1626,1.1626,1.1625,1.1626,15993.9,45
2025-07-19 11:50:00,1.1626,1.1626,1.1625,1.1626,16918.0,71
2025-07-19 11:52:00,1.1625,1.1626,1.1625,1.1626,6088.1,25
2025-07-19 11:54:00,1.1626,1.1626,1.1624,1.1625,103750.2,192
2025-07-19 11:56:00,1.1625,1.1626,1.1625,1.1625,22321.6,71
2025-07-19 11:58:00,1.1626,1.1627,1.1625,1.1626,37114.4,141
2025-07-19 12:00:00,1.1626,1.1627,1.1625,1.1627,29863.0,73
2025-07-19 12:02:00,1.1626,1.1627,1.1625,1.1626,8847.4,41
2025-07-19 12:04:00,1.1627,1.1627,1.1625,1.1625,47437.2,117
2025-07-19 12:06:00,1.1627,1.1627,1.1625,1.1625,42596.5,44
2025-07-19 12:08:00,1.1625,1.1627,1.1625,1.1627,14371.2,43
2025-07-19 12:10:00,1.1627,1.1627,1.1626,1.1626,27313.8,75
2025-07-19 12:12:00,1.1626,1.1628,1.1626,1.1627,45881.2,68
2025-07-19 12:14:00,1.1627,1.1628,1.1626,1.1628,59557.7,64
2025-07-19 12:16:00,1.1628,1.1628,1.1626,1.1627,121198.9,110
2025-07-19 12:18:00,1.1627,1.1628,1.1626,1.1628,19372.5,60
2025-07-19 12:20:00,1.1627,1.1628,1.1626,1.1628,22141.5,31
2025-07-19 12:22:00,1.1626,1.1628,1.1626,1.1628,6017.4,20
2025-07-19 12:24:00,1.1627,1.1628,1.1626,1.1628,13295.0,29
2025-07-19 12:26:00,1.1626,1.1628,1.1626,1.1626,4184.8,22
2025-07-19 12:28:00,1.1626,1.1628,1.1626,1.1628,11950.9,28
2025-07-19 12:30:00,1.1626,1.1627,1.1626,1.1627,34377.2,31
2025-07-19 12:32:00,1.1626,1.1627,1.1626,1.1626,8334.3,34
2025-07-19 12:34:00,1.1627,1.1627,1.1626,1.1627,10557.8,36
2025-07-19 12:36:00,1.1626,1.1627,1.1626,1.1627,4560.3,24
2025-07-19 12:38:00,1.1627,1.1627,1.1626,1.1627,7261.8,23
2025-07-19 12:40:00,1.1627,1.1627,1.1626,1.1627,10732.0,38
2025-07-19 12:42:00,1.1627,1.1627,1.1626,1.1627,18720.2,49
2025-07-19 12:44:00,1.1627,1.1627,1.1626,1.1626,7339.5,34
2025-07-19 12:46:00,1.1627,1.1627,1.1626,1.1627,7099.9,32
2025-07-19 12:48:00,1.1627,1.1628,1.1626,1.1628,16566.7,61
2025-07-19 12:50:00,1.1627,1.1628,1.1626,1.1628,18029.8,52
2025-07-19 12:52:00,1.1626,1.1628,1.1626,1.1628,10348.3,28
2025-07-19 12:54:00,1.1626,1.1629,1.1626,1.1629,11067.4,44
2025-07-19 12:56:00,1.1629,1.1629,1.1627,1.1629,14639.800000000001,46
2025-07-19 12:58:00,1.1629,1.1629,1.1628,1.1629,5899.7,52
2025-07-19 13:00:00,1.1628,1.163,1.1628,1.1629,10612.699999999999,26
2025-07-19 13:02:00,1.1628,1.163,1.1628,1.1628,24482.1,63
2025-07-19 13:04:00,1.163,1.163,1.1628,1.1629,20403.4,35
2025-07-19 13:06:00,1.1628,1.1629,1.1628,1.1628,7549.4,32
2025-07-19 13:08:00,1.1627,1.1629,1.1626,1.1629,5492.4,24
2025-07-19 13:10:00,1.1629,1.1629,1.1627,1.1629,3756.9,20
2025-07-19 13:12:00,1.1629,1.163,1.1628,1.1629,14513.8,86
2025-07-19 13:14:00,1.1629,1.163,1.1628,1.163,9808.6,38
2025-07-19 13:16:00,1.163,1.163,1.1628,1.1629,7383.599999999999,31
2025-07-19 13:18:00,1.163,1.163,1.1629,1.1629,5853.3,34
2025-07-19 13:20:00,1.163,1.163,1.1628,1.1628,4794.7,31
2025-07-19 13:22:00,1.1628,1.1629,1.1628,1.1629,8234.7,33
2025-07-19 13:24:00,1.1628,1.1629,1.1628,1.1628,8473.3,31
2025-07-19 13:26:00,1.1629,1.1629,1.1628,1.1628,7471.2,47
2025-07-19 13:28:00,1.1629,1.1629,1.1627,1.1627,5150.0,39
2025-07-19 13:30:00,1.1629,1.1629,1.1627,1.1629,5112.6,28
2025-07-19 13:32:00,1.1629,1.1629,1.1628,1.1629,5250.9,21
2025-07-19 13:34:00,1.1629,1.1629,1.1629,1.1629,17345.7,25
2025-07-19 13:36:00,1.1629,1.1629,1.1627,1.1629,6606.2,28
2025-07-19 13:38:00,1.1629,1.1629,1.1628,1.1629,4407.1,24
2025-07-19 13:40:00,1.1629,1.1629,1.1628,1.1629,2962.3,19
2025-07-19 13:42:00,1.1628,1.1629,1.1627,1.1629,8513.1,15
2025-07-19 13:44:00,1.1629,1.1629,1.1628,1.1629,3113.6,21
2025-07-19 13:46:00,1.1629,1.163,1.1628,1.163,13418.1,45
2025-07-19 13:48:00,1.163,1.163,1.1628,1.1628,22638.399999999998,79
2025-07-19 13:50:00,1.1628,1.1629,1.1627,1.1629,21029.2,68
2025-07-19 13:52:00,1.1627,1.1629,1.1627,1.1628,9303.6,35
2025-07-19 13:54:00,1.1628,1.1629,1.1627,1.1628,30254.3,104
2025-07-19 13:56:00,1.1629,1.1629,1.1627,1.1627,15755.7,60
2025-07-19 13:58:00,1.1627,1.1629,1.1627,1.1628,22330.1,90
2025-07-19 14:00:00,1.1628,1.1629,1.1627,1.1628,15520.9,55
2025-07-19 14:02:00,1.1627,1.1629,1.1627,1.1629,2454.0,33
2025-07-19 14:04:00,1.1629,1.1629,1.1627,1.1627,8494.0,40
2025-07-19 14:06:00,1.1629,1.1629,1.1627,1.1628,40553.7,46
2025-07-19 14:08:00,1.1627,1.1629,1.1627,1.1627,26182.6,55
2025-07-19 14:10:00,1.1628,1.1628,1.1626,1.1628,10749.3,46
2025-07-19 14:12:00,1.1628,1.1628,1.1626,1.1626,15054.9,53
2025-07-19 14:14:00,1.1628,1.1628,1.1626,1.1627,9029.2,29
2025-07-19 14:16:00,1.1627,1.1628,1.1625,1.1627,73989.1,78
2025-07-19 14:18:00,1.1627,1.1628,1.1626,1.1627,6384.7,40
2025-07-19 14:20:00,1.1627,1.1628,1.1626,1.1626,7261.9,41
2025-07-19 14:22:00,1.1627,1.1628,1.1626,1.1628,3387.2000000000003,19
2025-07-19 14:24:00,1.1628,1.1629,1.1627,1.1629,8582.5,33
2025-07-19 14:26:00,1.1628,1.1629,1.1627,1.1627,50845.1,184
2025-07-19 14:28:00,1.1627,1.1629,1.1627,1.1627,24726.2,40
2025-07-19 14:30:00,1.1627,1.1628,1.1626,1.1627,13382.4,59
2025-07-19 14:32:00,1.1627,1.1627,1.1625,1.1627,17803.2,61
2025-07-19 14:34:00,1.1627,1.1628,1.1625,1.1628,8850.2,49
2025-07-19 14:36:00,1.1628,1.1628,1.1626,1.1627,31440.9,109
2025-07-19 14:38:00,1.1628,1.1628,1.1626,1.1626,20779.2,69
2025-07-19 14:40:00,1.1628,1.1628,1.1626,1.1626,14162.9,76
2025-07-19 14:42:00,1.1628,1.1628,1.1626,1.1627,34173.3,92
2025-07-19 14:44:00,1.1628,1.1628,1.1626,1.1627,23080.5,83
2025-07-19 14:46:00,1.1627,1.1628,1.1626,1.1627,25733.2,83
2025-07-19 14:48:00,1.1628,1.1628,1.1626,1.1628,12098.5,56
2025-07-19 14:50:00,1.1628,1.1628,1.1627,1.1628,10174.4,48
2025-07-19 14:52:00,1.1627,1.1628,1.1626,1.1628,17094.8,94
2025-07-19 14:54:00,1.1628,1.1628,1.1626,1.1628,14643.1,56
2025-07-19 14:56:00,1.1628,1.1628,1.1626,1.1626,11367.5,56
2025-07-19 14:58:00,1.1626,1.1628,1.1626,1.1626,21725.3,103
2025-07-19 15:00:00,1.1628,1.1628,1.1626,1.1627,11723.2,34
2025-07-19 15:02:00,1.1627,1.1628,1.1626,1.1628,6168.1,30
2025-07-19 15:04:00,1.1627,1.1628,1.1627,1.1628,17731.7,59
2025-07-19 15:06:00,1.1628,1.1629,1.1627,1.1629,15307.1,62
2025-07-19 15:08:00,1.1629,1.1629,1.1627,1.1628,30450.5,101
2025-07-19 15:10:00,1.1628,1.1629,1.1627,1.1629,22905.100000000002,70
2025-07-19 15:12:00,1.1629,1.1629,1.1627,1.1628,10570.6,43
2025-07-19 15:14:00,1.1628,1.1629,1.1627,1.1628,6377.1,39
2025-07-19 15:16:00,1.1627,1.1629,1.1627,1.1629,28122.6,85
2025-07-19 15:18:00,1.1627,1.1629,1.1627,1.1628,50577.700000000004,132
2025-07-19 15:20:00,1.1627,1.1629,1.1627,1.1628,13267.1,47
2025-07-19 15:22:00,1.1628,1.1629,1.1627,1.1627,8838.8,46
2025-07-19 15:24:00,1.1627,1.1628,1.1627,1.1627,9466.4,62
2025-07-19 15:26:00,1.1627,1.1628,1.1626,1.1627,18463.0,63
2025-07-19 15:28:00,1.1628,1.1628,1.1626,1.1626,14654.1,71
2025-07-19 15:30:00,1.1628,1.1628,1.1627,1.1628,13926.1,63
2025-07-19 15:32:00,1.1628,1.1628,1.1626,1.1628,11009.5,35
2025-07-19 15:34:00,1.1628,1.1628,1.1627,1.1627,9024.5,81
2025-07-19 15:36:00,1.1627,1.1628,1.1626,1.1626,12244.7,102
2025-07-19 15:38:00,1.1627,1.1628,1.1626,1.1627,13838.1,56
2025-07-19 15:40:00,1.1627,1.1627,1.1625,1.1625,8848.0,54
2025-07-19 15:42:00,1.1627,1.1629,1.1627,1.1628,17203.3,42
2025-07-19 15:44:00,1.1628,1.1629,1.1627,1.1629,8633.3,52
2025-07-19 15:46:00,1.1629,1.1629,1.1627,1.1627,13804.0,57
2025-07-19 15:48:00,1.1629,1.1629,1.1627,1.1628,10770.2,48
2025-07-19 15:50:00,1.163,1.163,1.1628,1.1628,10219.1,46
2025-07-19 15:52:00,1.1628,1.163,1.1628,1.1628,9968.6,26
2025-07-19 15:54:00,1.1628,1.163,1.1628,1.1628,5071.8,25
2025-07-19 15:56:00,1.1628,1.163,1.1628,1.1628,4718.3,25
2025-07-19 15:58:00,1.1628,1.1629,1.1626,1.1627,95468.7,199
2025-07-19 16:00:00,1.1629,1.1629,1.1627,1.1627,12037.0,44
2025-07-19 16:02:00,1.1627,1.1629,1.1627,1.1628,11082.3,51
2025-07-19 16:04:00,1.1627,1.163,1.1627,1.163,24585.1,101
2025-07-19 16:06:00,1.1629,1.163,1.1628,1.1628,10312.9,86
2025-07-19 16:08:00,1.1629,1.1631,1.1628,1.1629,8294.2,56
2025-07-19 16:10:00,1.1629,1.1631,1.1629,1.1629,16986.9,56
2025-07-19 16:12:00,1.1629,1.1631,1.1629,1.1629,10608.9,37
2025-07-19 16:14:00,1.1629,1.163,1.1628,1.163,7788.7,37
2025-07-19 16:16:00,1.163,1.163,1.1628,1.1629,10361.4,30
2025-07-19 16:18:00,1.1628,1.163,1.1628,1.163,14106.9,66
2025-07-19 16:20:00,1.163,1.163,1.1628,1.1628,12511.6,47
2025-07-19 16:22:00,1.163,1.163,1.1628,1.1629,10259.1,40
2025-07-19 16:24:00,1.1629,1.163,1.1628,1.1629,7646.8,35
2025-07-19 16:26:00,1.1629,1.1631,1.1629,1.1629,9861.7,45
2025-07-19 16:28:00,1.1631,1.1631,1.1629,1.1629,13090.9,46
2025-07-19 16:30:00,1.1629,1.1631,1.1629,1.1631,43186.2,61
2025-07-19 16:32:00,1.163,1.1631,1.1629,1.1629,22794.4,70
2025-07-19 16:34:00,1.163,1.1631,1.1629,1.1629,15502.2,65
2025-07-19 16:36:00,1.1629,1.163,1.1629,1.1629,14562.400000000001,37
2025-07-19 16:38:00,1.1629,1.163,1.1629,1.1629,1267.5,13
2025-07-19 16:40:00,1.1631,1.1631,1.1629,1.163,17383.9,23
2025-07-19 16:42:00,1.163,1.1631,1.163,1.1631,4697.900000000001,17
2025-07-19 16:44:00,1.163,1.1631,1.1629,1.1631,6072.599999999999,33
2025-07-19 16:46:00,1.1631,1.1631,1.1629,1.1631,13620.699999999999,35
2025-07-19 16:48:00,1.163,1.1631,1.163,1.1631,7744.2,60
2025-07-19 16:50:00,1.1631,1.1632,1.163,1.163,17650.9,81
2025-07-19 16:52:00,1.163,1.1631,1.163,1.163,34557.799999999996,40
2025-07-19 16:54:00,1.1631,1.1632,1.163,1.163,21560.800000000003,73
2025-07-19 16:56:00,1.1632,1.1632,1.163,1.163,15146.8,70
2025-07-19 16:58:00,1.163,1.1631,1.163,1.163,8836.6,32
2025-07-19 17:00:00,1.163,1.1631,1.1629,1.163,16227.4,71
2025-07-19 17:02:00,1.1631,1.1631,1.163,1.163,9033.6,43
2025-07-19 17:04:00,1.1631,1.1632,1.163,1.1631,9467.1,39
2025-07-19 17:06:00,1.163,1.1631,1.163,1.163,12079.2,54
2025-07-19 17:08:00,1.1631,1.1631,1.1629,1.1631,13821.800000000001,45
2025-07-19 17:10:00,1.163,1.1631,1.1629,1.163,10593.9,26
2025-07-19 17:12:00,1.163,1.1631,1.1629,1.1629,4182.8,28
2025-07-19 17:14:00,1.1629,1.1631,1.1629,1.163,5354.5,23
2025-07-19 17:16:00,1.1629,1.1631,1.1629,1.1629,18910.6,45
2025-07-19 17:18:00,1.163,1.1631,1.1629,1.163,15287.4,67
2025-07-19 17:20:00,1.1629,1.1631,1.1629,1.163,6698.1,35
2025-07-19 17:22:00,1.1629,1.163,1.1629,1.1629,12130.699999999999,51
2025-07-19 17:24:00,1.1629,1.1631,1.1629,1.163,11516.0,29
2025-07-19 17:26:00,1.1631,1.1631,1.1629,1.1629,5633.3,36
2025-07-19 17:28:00,1.1629,1.1631,1.1629,1.1629,26126.8,42
2025-07-19 17:30:00,1.1629,1.1631,1.1629,1.1631,9037.7,52
2025-07-19 17:32:00,1.163,1.1631,1.1629,1.1629,10717.9,46
2025-07-19 17:34:00,1.1629,1.1631,1.1629,1.1629,13433.3,48
2025-07-19 17:36:00,1.163,1.163,1.1628,1.1628,7301.8,44
2025-07-19 17:38:00,1.1628,1.163,1.1628,1.163,11213.300000000001,43
2025-07-19 17:40:00,1.1629,1.1631,1.1629,1.163,11581.800000000001,62
2025-07-19 17:42:00,1.163,1.1631,1.1629,1.1631,13383.1,47
2025-07-19 17:44:00,1.163,1.1631,1.163,1.1631,2032.2,23
2025-07-19 17:46:00,1.163,1.1631,1.1629,1.163,6883.8,63
2025-07-19 17:48:00,1.163,1.1631,1.1629,1.1629,13006.3,66
2025-07-19 17:50:00,1.163,1.1631,1.1629,1.1629,5389.6,42
2025-07-19 17:52:00,1.1631,1.1631,1.1629,1.1629,18815.5,79
2025-07-19 17:54:00,1.163,1.1631,1.1629,1.1629,7590.5,59
2025-07-19 17:56:00,1.163,1.1631,1.1628,1.163,27176.6,194
2025-07-19 17:58:00,1.163,1.1631,1.1629,1.163,3950.9,25
2025-07-19 18:00:00,1.163,1.1631,1.1629,1.163,10686.1,51
2025-07-19 18:02:00,1.163,1.1631,1.1629,1.1631,10992.3,60
2025-07-19 18:04:00,1.1631,1.1631,1.1628,1.163,18281.6,87
2025-07-19 18:06:00,1.163,1.163,1.1629,1.163,10646.0,35
2025-07-19 18:08:00,1.163,1.163,1.1628,1.163,7023.7,29
2025-07-19 18:10:00,1.163,1.163,1.1628,1.1629,10139.4,37
2025-07-19 18:12:00,1.163,1.163,1.1629,1.163,12677.7,37
2025-07-19 18:14:00,1.1629,1.163,1.1629,1.163,4489.3,40
2025-07-19 18:16:00,1.163,1.163,1.1628,1.1628,19556.5,77
2025-07-19 18:18:00,1.163,1.163,1.1628,1.1628,5844.0,29
2025-07-19 18:20:00,1.1628,1.163,1.1628,1.1628,17627.5,79
2025-07-19 18:22:00,1.1628,1.163,1.1628,1.1629,8171.4,34
2025-07-19 18:24:00,1.1629,1.163,1.1628,1.163,21566.7,48
2025-07-19 18:26:00,1.1629,1.163,1.1628,1.1629,6499.0,55
2025-07-19 18:28:00,1.1628,1.1629,1.1627,1.1628,22571.300000000003,72
2025-07-19 18:30:00,1.1628,1.1629,1.1627,1.1628,6664.2,50
2025-07-19 18:32:00,1.1629,1.163,1.1628,1.1628,9123.8,49
2025-07-19 18:34:00,1.163,1.163,1.1629,1.163,3247.6,47
2025-07-19 18:36:00,1.1629,1.163,1.1628,1.1628,6007.4,22
2025-07-19 18:38:00,1.1628,1.163,1.1628,1.1629,7661.8,43
2025-07-19 18:40:00,1.163,1.1631,1.1629,1.1631,13088.7,52
2025-07-19 18:42:00,1.1629,1.1631,1.1629,1.163,4027.4,29
2025-07-19 18:44:00,1.163,1.1631,1.1629,1.1629,6811.6,35
2025-07-19 18:46:00,1.163,1.1631,1.1629,1.1631,9385.5,37
2025-07-19 18:48:00,1.1631,1.1631,1.1629,1.163,6955.0,43
2025-07-19 18:50:00,1.1629,1.1631,1.1629,1.1629,23926.8,63
2025-07-19 18:52:00,1.163,1.1631,1.1629,1.1629,10274.6,38
2025-07-19 18:54:00,1.1629,1.1631,1.1629,1.1629,18372.8,51
2025-07-19 18:56:00,1.1629,1.1631,1.1629,1.1629,3586.9,28
2025-07-19 18:58:00,1.163,1.163,1.1629,1.1629,6227.5,31
2025-07-19 19:00:00,1.1628,1.163,1.1628,1.1629,3591.0,16
2025-07-19 19:02:00,1.1628,1.163,1.1628,1.163,10436.3,45
2025-07-19 19:04:00,1.163,1.163,1.1628,1.1629,20265.1,50
2025-07-19 19:06:00,1.163,1.163,1.1628,1.1629,20952.399999999998,55
2025-07-19 19:08:00,1.1629,1.163,1.1628,1.1629,16452.5,48
2025-07-19 19:10:00,1.163,1.163,1.1628,1.163,14418.1,49
2025-07-19 19:12:00,1.1629,1.163,1.1629,1.163,4296.6,36
2025-07-19 19:14:00,1.163,1.163,1.1628,1.1628,8220.5,73
2025-07-19 19:16:00,1.1628,1.1631,1.1628,1.163,11737.8,56
2025-07-19 19:18:00,1.1629,1.163,1.1627,1.1629,15164.6,52
2025-07-19 19:20:00,1.1628,1.1629,1.1628,1.1629,8859.1,36
2025-07-19 19:22:00,1.1628,1.163,1.1628,1.163,16818.6,95
2025-07-19 19:24:00,1.163,1.163,1.1628,1.1628,13510.5,58
2025-07-19 19:26:00,1.163,1.163,1.1628,1.163,8508.6,47
2025-07-19 19:28:00,1.1629,1.163,1.1628,1.1628,19689.3,82
2025-07-19 19:30:00,1.163,1.163,1.1628,1.1629,16950.399999999998,47
2025-07-19 19:32:00,1.163,1.163,1.1628,1.163,12068.0,76
2025-07-19 19:34:00,1.163,1.163,1.1628,1.163,20828.8,69
2025-07-19 19:36:00,1.1629,1.163,1.1628,1.163,15165.8,89
2025-07-19 19:38:00,1.163,1.163,1.1629,1.163,11475.4,49
2025-07-19 19:40:00,1.163,1.1631,1.1629,1.1631,17242.7,85
2025-07-19 19:42:00,1.1631,1.1631,1.1629,1.163,37486.5,147
2025-07-19 19:44:00,1.163,1.1631,1.1628,1.1628,16224.7,85
2025-07-19 19:46:00,1.1628,1.1629,1.1627,1.1629,30608.4,100
2025-07-19 19:48:00,1.1629,1.1629,1.1627,1.1628,36823.9,85
2025-07-19 19:50:00,1.1629,1.1629,1.1627,1.1629,11408.3,82
2025-07-19 19:52:00,1.1629,1.1629,1.1627,1.1629,43934.8,79
2025-07-19 19:54:00,1.1628,1.1629,1.1627,1.1628,15155.6,58
2025-07-19 19:56:00,1.1628,1.1629,1.1627,1.1629,8721.800000000001,48
2025-07-19 19:58:00,1.1629,1.1629,1.1628,1.1629,11002.7,46
2025-07-19 20:00:00,1.1628,1.1629,1.1627,1.1628,13192.0,76
2025-07-19 20:02:00,1.1629,1.163,1.1628,1.1629,11886.6,60
2025-07-19 20:04:00,1.1629,1.1631,1.1628,1.163,18216.7,77
2025-07-19 20:06:00,1.1631,1.1631,1.1629,1.1631,20259.2,60
2025-07-19 20:08:00,1.1631,1.1631,1.1628,1.1628,9016.5,55
2025-07-19 20:10:00,1.1628,1.163,1.1628,1.1629,8553.5,51
2025-07-19 20:12:00,1.1629,1.163,1.1628,1.1628,58466.0,53
2025-07-19 20:14:00,1.1628,1.1629,1.1628,1.1628,15185.2,30
2025-07-19 20:16:00,1.1629,1.163,1.1628,1.1628,7347.6,32
2025-07-19 20:18:00,1.1629,1.163,1.1628,1.1628,10620.9,77
2025-07-19 20:20:00,1.163,1.163,1.1628,1.1629,26207.3,70
2025-07-19 20:22:00,1.163,1.163,1.1628,1.1629,7829.9,52
2025-07-19 20:24:00,1.1628,1.163,1.1628,1.1629,4332.6,34
2025-07-19 20:26:00,1.1629,1.163,1.1628,1.163,18969.6,62
2025-07-19 20:28:00,1.1629,1.163,1.1628,1.1629,26266.7,66
2025-07-19 20:30:00,1.1628,1.163,1.1628,1.163,10723.9,66
2025-07-19 20:32:00,1.163,1.163,1.1628,1.163,16734.1,46
2025-07-19 20:34:00,1.1628,1.163,1.1628,1.1629,4261.8,34
2025-07-19 20:36:00,1.1628,1.1629,1.1627,1.1628,6431.799999999999,50
2025-07-19 20:38:00,1.1628,1.1629,1.1627,1.1627,26873.5,61
2025-07-19 20:40:00,1.1628,1.1629,1.1627,1.1627,16603.1,42
2025-07-19 20:42:00,1.1627,1.1629,1.1627,1.1628,20988.4,51
2025-07-19 20:44:00,1.1628,1.1629,1.1627,1.1627,3024.9,27
2025-07-19 20:46:00,1.1629,1.1629,1.1627,1.1628,13718.6,65
2025-07-19 20:48:00,1.1628,1.1629,1.1627,1.1628,31894.7,150
2025-07-19 20:50:00,1.1627,1.1629,1.1627,1.1627,14486.6,54
2025-07-19 20:52:00,1.1629,1.1629,1.1627,1.1628,22057.5,80
2025-07-19 20:54:00,1.1627,1.1628,1.1627,1.1627,13812.1,79
2025-07-19 20:56:00,1.1627,1.1628,1.1626,1.1627,23674.3,49
2025-07-19 20:58:00,1.1628,1.1628,1.1626,1.1627,11747.199999999999,49
2025-07-19 21:00:00,1.1627,1.1628,1.1626,1.1626,7292.2,45
2025-07-19 21:02:00,1.1626,1.1628,1.1626,1.1627,10353.1,25
2025-07-19 21:04:00,1.1628,1.1628,1.1626,1.1628,10122.3,42
2025-07-19 21:06:00,1.1627,1.1628,1.1626,1.1627,49146.299999999996,96
2025-07-19 21:08:00,1.1627,1.1628,1.1626,1.1627,19832.0,73
2025-07-19 21:10:00,1.1626,1.1628,1.1625,1.1625,42823.0,90
2025-07-19 21:12:00,1.1625,1.1628,1.1625,1.1626,17925.8,83
2025-07-19 21:14:00,1.1627,1.1627,1.1625,1.1626,15733.8,43
2025-07-19 21:16:00,1.1626,1.1627,1.1626,1.1626,40822.0,99
2025-07-19 21:18:00,1.1625,1.1626,1.1623,1.1625,20682.3,98
2025-07-19 21:20:00,1.1624,1.1625,1.1623,1.1625,16732.7,66
2025-07-19 21:22:00,1.1624,1.1626,1.1624,1.1625,16283.800000000001,49
2025-07-19 21:24:00,1.1625,1.1627,1.1625,1.1626,13294.199999999999,49
2025-07-19 21:26:00,1.1625,1.1626,1.1625,1.1625,7108.400000000001,36
2025-07-19 21:28:00,1.1625,1.1627,1.1625,1.1625,11097.3,63
2025-07-19 21:30:00,1.1625,1.1626,1.1624,1.1624,11749.4,35
2025-07-19 21:32:00,1.1625,1.1626,1.1624,1.1625,8678.5,30
2025-07-19 21:34:00,1.1625,1.1626,1.1624,1.1625,7998.6,31
2025-07-19 21:36:00,1.1625,1.1626,1.1624,1.1625,25025.8,85
2025-07-19 21:38:00,1.1624,1.1625,1.1624,1.1624,6400.4,43
2025-07-19 21:40:00,1.1624,1.1625,1.1624,1.1625,5976.6,49
2025-07-19 21:42:00,1.1625,1.1625,1.1624,1.1624,6658.2,51
2025-07-19 21:44:00,1.1624,1.1625,1.1624,1.1624,4007.5,41
2025-07-19 21:46:00,1.1624,1.1624,1.1622,1.1623,25045.0,102
2025-07-19 21:48:00,1.1623,1.1625,1.1623,1.1625,17666.9,48
2025-07-19 21:50:00,1.1625,1.1625,1.1624,1.1625,7786.8,47
2025-07-19 21:52:00,1.1624,1.1625,1.1624,1.1624,12199.1,61
2025-07-19 21:54:00,1.1624,1.1625,1.1624,1.1624,11322.0,45
2025-07-19 21:56:00,1.1624,1.1625,1.1623,1.1623,10483.7,49
2025-07-19 21:58:00,1.1624,1.1625,1.1623,1.1625,7245.0,30
2025-07-19 22:00:00,1.1623,1.1625,1.1623,1.1624,4073.8,24
2025-07-19 22:02:00,1.1624,1.1625,1.1623,1.1623,14290.5,62
2025-07-19 22:04:00,1.1623,1.1624,1.1623,1.1623,5067.4,25
2025-07-19 22:06:00,1.1623,1.1625,1.1623,1.1623,12191.1,61
2025-07-19 22:08:00,1.1625,1.1625,1.1623,1.1623,15391.1,55
2025-07-19 22:10:00,1.1623,1.1625,1.1623,1.1623,11260.5,52
2025-07-19 22:12:00,1.1623,1.1625,1.1623,1.1624,5242.7,28
2025-07-19 22:14:00,1.1624,1.1625,1.1623,1.1625,16459.0,90
2025-07-19 22:16:00,1.1625,1.1625,1.1623,1.1624,12479.4,64
2025-07-19 22:18:00,1.1624,1.1625,1.1623,1.1623,6628.5,47
2025-07-19 22:20:00,1.1623,1.1624,1.1623,1.1623,11940.1,34
2025-07-19 22:22:00,1.1625,1.1625,1.1623,1.1623,4320.0,18
2025-07-19 22:24:00,1.1625,1.1625,1.1623,1.1623,5274.6,29
2025-07-19 22:26:00,1.1625,1.1625,1.1623,1.1623,7724.8,22
2025-07-19 22:28:00,1.1624,1.1624,1.1623,1.1623,5688.2,33
2025-07-19 22:30:00,1.1623,1.1624,1.1622,1.1622,8249.8,50
2025-07-19 22:32:00,1.1624,1.1624,1.1622,1.1623,28834.2,78
2025-07-19 22:34:00,1.1623,1.1624,1.1622,1.1623,5298.8,43
2025-07-19 22:36:00,1.1624,1.1624,1.1622,1.1624,7571.2,68
2025-07-19 22:38:00,1.1623,1.1624,1.1622,1.1622,7645.299999999999,51
2025-07-19 22:40:00,1.1622,1.1624,1.1622,1.1623,9259.1,60
2025-07-19 22:42:00,1.1622,1.1624,1.1622,1.1623,20122.6,59
2025-07-19 22:44:00,1.1623,1.1624,1.1622,1.1622,7636.6,67
2025-07-19 22:46:00,1.1622,1.1624,1.1622,1.1622,7212.9,70
2025-07-19 22:48:00,1.1624,1.1625,1.1623,1.1623,2205.1,21
2025-07-19 22:50:00,1.1623,1.1625,1.1623,1.1625,6224.7,25
2025-07-19 22:52:00,1.1625,1.1625,1.1623,1.1623,8104.2,42
2025-07-19 22:54:00,1.1623,1.1624,1.1623,1.1623,6369.6,30
2025-07-19 22:56:00,1.1624,1.1625,1.1623,1.1624,7507.5,42
2025-07-19 22:58:00,1.1625,1.1625,1.1623,1.1624,4384.2,76
2025-07-19 23:00:00,1.1624,1.1625,1.1623,1.1623,4199.400000000001,68
2025-07-19 23:02:00,1.1623,1.1624,1.1623,1.1623,6654.8,25
2025-07-19 23:04:00,1.1624,1.1624,1.1623,1.1624,4324.0,20
2025-07-19 23:06:00,1.1624,1.1625,1.1623,1.1625,7176.4,28
2025-07-19 23:08:00,1.1625,1.1625,1.1623,1.1625,3101.1,26
2025-07-19 23:10:00,1.1624,1.1625,1.1624,1.1624,2174.3,22
2025-07-19 23:12:00,1.1624,1.1626,1.1623,1.1625,41319.799999999996,42
2025-07-19 23:14:00,1.1625,1.1625,1.1623,1.1624,3621.1,19
2025-07-19 23:16:00,1.1624,1.1624,1.1622,1.1624,3185.7000000000003,25
2025-07-19 23:18:00,1.1624,1.1624,1.1622,1.1624,6660.0,24
2025-07-19 23:20:00,1.1624,1.1624,1.1622,1.1622,10017.4,34
2025-07-19 23:22:00,1.1624,1.1624,1.1623,1.1624,6960.4,18
2025-07-19 23:24:00,1.1623,1.1624,1.1622,1.1622,6548.2,30
2025-07-19 23:26:00,1.1623,1.1624,1.1622,1.1624,8168.3,30
2025-07-19 23:28:00,1.1624,1.1624,1.1623,1.1624,7423.2,18
2025-07-19 23:30:00,1.1623,1.1625,1.1622,1.1625,4638.6,26
2025-07-19 23:32:00,1.1625,1.1625,1.1623,1.1624,3377.3,21
2025-07-19 23:34:00,1.1624,1.1625,1.1623,1.1623,3230.3,14
2025-07-19 23:36:00,1.1623,1.1625,1.1623,1.1623,6350.8,30
2025-07-19 23:38:00,1.1623,1.1624,1.1623,1.1623,2888.4,18
2025-07-19 23:40:00,1.1623,1.1625,1.1623,1.1625,24436.7,77
2025-07-19 23:42:00,1.1624,1.1625,1.1623,1.1625,9372.9,18
2025-07-19 23:44:00,1.1625,1.1625,1.1623,1.1624,22801.0,57
2025-07-19 23:46:00,1.1624,1.1625,1.1621,1.1623,82638.8,143
2025-07-19 23:48:00,1.1623,1.1624,1.1623,1.1624,7917.9,16
2025-07-19 23:50:00,1.1624,1.1625,1.1622,1.1624,24126.5,77
2025-07-19 23:52:00,1.1624,1.1625,1.1623,1.1625,3521.4,29
2025-07-19 23:54:00,1.1625,1.1625,1.1623,1.1625,1373.0,8
2025-07-19 23:56:00,1.1625,1.1625,1.1624,1.1625,3426.9,22
2025-07-19 23:58:00,1.1625,1.1625,1.1624,1.1625,3464.7,10
2025-07-20 00:00:00,1.1625,1.1625,1.1624,1.1625,1425.9,9
2025-07-20 00:02:00,1.1624,1.1625,1.1624,1.1624,2759.5,16
2025-07-20 00:04:00,1.1625,1.1625,1.1624,1.1624,4862.3,26
2025-07-20 00:06:00,1.1625,1.1625,1.1623,1.1625,6171.0,26
2025-07-20 00:08:00,1.1624,1.1625,1.1623,1.1623,5392.2,23
2025-07-20 00:10:00,1.1624,1.1625,1.1623,1.1624,3543.3,19
2025-07-20 00:12:00,1.1624,1.1625,1.1623,1.1623,9642.2,36
2025-07-20 00:14:00,1.1623,1.1625,1.1623,1.1623,4318.6,16
2025-07-20 00:16:00,1.1624,1.1625,1.1623,1.1623,6715.099999999999,29
2025-07-20 00:18:00,1.1623,1.1625,1.1623,1.1624,7418.6,42
2025-07-20 00:20:00,1.1623,1.1625,1.1623,1.1623,5560.6,30
2025-07-20 00:22:00,1.1624,1.1625,1.1624,1.1624,7705.7,18
2025-07-20 00:24:00,1.1625,1.1625,1.1623,1.1624,17871.3,23
2025-07-20 00:26:00,1.1623,1.1625,1.1623,1.1625,16890.2,36
2025-07-20 00:28:00,1.1623,1.1625,1.1623,1.1625,15453.9,35
2025-07-20 00:30:00,1.1624,1.1625,1.1623,1.1624,19419.2,150
2025-07-20 00:32:00,1.1623,1.1625,1.1623,1.1625,9358.2,41
2025-07-20 00:34:00,1.1624,1.1626,1.1624,1.1625,9951.3,30
2025-07-20 00:36:00,1.1626,1.1626,1.1624,1.1626,2818.8,13
2025-07-20 00:38:00,1.1625,1.1626,1.1624,1.1626,4821.3,18
2025-07-20 00:40:00,1.1624,1.1626,1.1624,1.1624,2358.1,16
2025-07-20 00:42:00,1.1625,1.1626,1.1624,1.1625,9820.6,32
2025-07-20 00:44:00,1.1625,1.1625,1.1624,1.1624,1448.8,11
2025-07-20 00:46:00,1.1625,1.1626,1.1624,1.1625,8610.199999999999,31
2025-07-20 00:48:00,1.1624,1.1625,1.1624,1.1624,4827.2,27
2025-07-20 00:50:00,1.1625,1.1626,1.1624,1.1625,4850.5,24
2025-07-20 00:52:00,1.1624,1.1626,1.1624,1.1626,5796.1,29
2025-07-20 00:54:00,1.1626,1.1626,1.1625,1.1626,13216.5,20
2025-07-20 00:56:00,1.1625,1.1626,1.1624,1.1625,2524.7999999999997,18
2025-07-20 00:58:00,1.1624,1.1626,1.1624,1.1626,927.6,7
2025-07-20 01:00:00,1.1624,1.1626,1.1624,1.1625,18855.5,96
2025-07-20 01:02:00,1.1626,1.1626,1.1624,1.1626,52416.4,147
2025-07-20 01:04:00,1.1624,1.1626,1.1624,1.1625,3313.0,21
2025-07-20 01:06:00,1.1626,1.1627,1.1624,1.1626,8228.2,41
2025-07-20 01:08:00,1.1626,1.1627,1.1625,1.1626,74033.7,79
2025-07-20 01:10:00,1.1627,1.1628,1.1626,1.1628,15054.0,28
2025-07-20 01:12:00,1.1628,1.1628,1.1626,1.1626,9720.6,32
2025-07-20 01:14:00,1.1627,1.1627,1.1625,1.1625,8354.1,18
2025-07-20 01:16:00,1.1625,1.1626,1.1625,1.1626,7479.7,23
2025-07-20 01:18:00,1.1627,1.1627,1.1625,1.1625,7966.5,22
2025-07-20 01:20:00,1.1627,1.1628,1.1625,1.1627,39992.6,103
2025-07-20 01:22:00,1.1626,1.1628,1.1626,1.1628,32494.8,64
2025-07-20 01:24:00,1.1627,1.1629,1.1626,1.1629,51911.9,105
2025-07-20 01:26:00,1.1629,1.1629,1.1627,1.1629,8994.3,24
2025-07-20 01:28:00,1.1628,1.1629,1.1627,1.1627,6511.6,16
2025-07-20 01:30:00,1.1627,1.1628,1.1627,1.1627,2233.2,14
2025-07-20 01:32:00,1.1627,1.1628,1.1627,1.1628,736.9,11
2025-07-20 01:34:00,1.1627,1.1628,1.1627,1.1628,5170.1,15
2025-07-20 01:36:00,1.1627,1.1628,1.1626,1.1628,23666.3,74
2025-07-20 01:38:00,1.1627,1.1628,1.1627,1.1628,32508.2,51
2025-07-20 01:40:00,1.1628,1.1628,1.1627,1.1627,6710.9,13
2025-07-20 01:42:00,1.1628,1.1628,1.1626,1.1627,53995.3,96
2025-07-20 01:44:00,1.1627,1.1628,1.1627,1.1627,9493.2,22
2025-07-20 01:46:00,1.1628,1.1628,1.1627,1.1628,3400.7,15
2025-07-20 01:48:00,1.1628,1.1628,1.1627,1.1628,853.2,13
2025-07-20 01:50:00,1.1628,1.1628,1.1627,1.1628,2662.7,16
2025-07-20 01:52:00,1.1628,1.1628,1.1627,1.1628,6159.4,27
2025-07-20 01:54:00,1.1627,1.1628,1.1626,1.1628,11971.9,25
2025-07-20 01:56:00,1.1627,1.1628,1.1626,1.1628,6638.4,45
2025-07-20 01:58:00,1.1628,1.1628,1.1627,1.1628,1442.1,10
2025-07-20 02:00:00,1.1627,1.1628,1.1626,1.1628,10916.3,93
2025-07-20 02:02:00,1.1627,1.1628,1.1626,1.1627,3730.3,19
2025-07-20 02:04:00,1.1628,1.1628,1.1627,1.1628,2202.0,21
2025-07-20 02:06:00,1.1628,1.1628,1.1625,1.1627,2547.4,16
2025-07-20 02:08:00,1.1626,1.1627,1.1626,1.1626,2909.9,22
2025-07-20 02:10:00,1.1626,1.1627,1.1626,1.1627,1010.5,3
2025-07-20 02:12:00,1.1626,1.1627,1.1626,1.1627,72.8,4
2025-07-20 02:14:00,1.1627,1.1627,1.1626,1.1627,2058.2,7
2025-07-20 02:16:00,1.1627,1.1627,1.1625,1.1627,872.9000000000001,8
2025-07-20 02:18:00,1.1627,1.1627,1.1626,1.1626,1206.6,15
2025-07-20 02:20:00,1.1626,1.1627,1.1625,1.1625,11781.0,24
2025-07-20 02:22:00,1.1627,1.1627,1.1625,1.1627,3796.7999999999997,22
2025-07-20 02:24:00,1.1627,1.1627,1.1626,1.1627,4878.9,27
2025-07-20 02:26:00,1.1627,1.1627,1.1625,1.1626,8659.1,21
2025-07-20 02:28:00,1.1625,1.1627,1.1625,1.1626,11698.0,35
2025-07-20 02:30:00,1.1627,1.1628,1.1626,1.1627,50337.7,254
2025-07-20 02:32:00,1.1627,1.1627,1.1626,1.1627,10035.5,33
2025-07-20 02:34:00,1.1627,1.1627,1.1626,1.1627,8796.8,30
2025-07-20 02:36:00,1.1627,1.1627,1.1624,1.1626,50978.1,137
2025-07-20 02:38:00,1.1626,1.1627,1.1625,1.1626,10119.1,27
2025-07-20 02:40:00,1.1626,1.1627,1.1625,1.1626,9614.1,45
2025-07-20 02:42:00,1.1627,1.1627,1.1625,1.1627,4897.1,28
2025-07-20 02:44:00,1.1627,1.1627,1.1625,1.1627,12602.9,47
2025-07-20 02:46:00,1.1626,1.1627,1.1625,1.1625,6164.2,24
2025-07-20 02:48:00,1.1627,1.1627,1.1625,1.1626,4290.7,18
2025-07-20 02:50:00,1.1626,1.1627,1.1625,1.1627,2487.7000000000003,13
2025-07-20 02:52:00,1.1626,1.1626,1.1625,1.1625,6077.8,14
2025-07-20 02:54:00,1.1625,1.1627,1.1625,1.1626,5499.8,26
2025-07-20 02:56:00,1.1626,1.1627,1.1625,1.1627,5617.4,29
2025-07-20 02:58:00,1.1625,1.1626,1.1625,1.1626,2735.7,16
2025-07-20 03:00:00,1.1626,1.1627,1.1625,1.1627,3403.8,18
2025-07-20 03:02:00,1.1627,1.1627,1.1626,1.1626,4266.6,29
2025-07-20 03:04:00,1.1626,1.1626,1.1626,1.1626,2765.5,17
2025-07-20 03:06:00,1.1627,1.1627,1.1626,1.1626,12887.1,72
2025-07-20 03:08:00,1.1626,1.1627,1.1626,1.1627,3131.5,18
2025-07-20 03:10:00,1.1626,1.1627,1.1625,1.1626,2674.1,14
2025-07-20 03:12:00,1.1626,1.1626,1.1625,1.1626,6445.6,15
2025-07-20 03:14:00,1.1626,1.1626,1.1625,1.1625,3848.8999999999996,9
2025-07-20 03:16:00,1.1626,1.1626,1.1626,1.1626,683.3,8
2025-07-20 03:18:00,1.1625,1.1626,1.1625,1.1625,3800.4,7
2025-07-20 03:20:00,1.1625,1.1626,1.1624,1.1625,2290.6,16
2025-07-20 03:22:00,1.1626,1.1626,1.1624,1.1625,2007.8,16
2025-07-20 03:24:00,1.1625,1.1627,1.1624,1.1626,570663.5,1071
2025-07-20 03:26:00,1.1626,1.1627,1.1625,1.1627,64485.4,115
2025-07-20 03:28:00,1.1625,1.1627,1.1625,1.1625,5539.2,16
2025-07-20 03:30:00,1.1625,1.1628,1.1625,1.1626,35815.2,63
2025-07-20 03:32:00,1.1627,1.1628,1.1626,1.1628,19301.2,59
2025-07-20 03:34:00,1.1627,1.163,1.1626,1.163,263168.6,337
2025-07-20 03:36:00,1.163,1.1631,1.1629,1.163,81702.6,155
2025-07-20 03:38:00,1.163,1.1631,1.1629,1.1631,6004.0,16
2025-07-20 03:40:00,1.1631,1.1631,1.163,1.163,1551.1,7
2025-07-20 03:42:00,1.163,1.1631,1.163,1.163,11374.5,23
2025-07-20 03:44:00,1.1631,1.1631,1.163,1.163,17076.6,51
2025-07-20 03:46:00,1.1629,1.1631,1.1629,1.1631,8112.3,27
2025-07-20 03:48:00,1.163,1.1631,1.1629,1.1629,6551.2,24
2025-07-20 03:50:00,1.163,1.163,1.1628,1.1628,2394.4,12
2025-07-20 03:52:00,1.1629,1.163,1.1628,1.163,9401.2,16
2025-07-20 03:54:00,1.1629,1.163,1.1628,1.163,1796.0,10
2025-07-20 03:56:00,1.1629,1.163,1.1628,1.1629,6199.9,19
2025-07-20 03:58:00,1.1629,1.163,1.1628,1.163,5853.099999999999,22
2025-07-20 04:00:00,1.1629,1.163,1.1628,1.1629,6865.9,26
2025-07-20 04:02:00,1.163,1.163,1.1628,1.1629,10864.0,26
2025-07-20 04:04:00,1.163,1.163,1.1628,1.1628,4232.6,20
2025-07-20 04:06:00,1.163,1.163,1.1628,1.1629,5256.3,21
2025-07-20 04:08:00,1.163,1.1631,1.1628,1.1629,47087.6,31
2025-07-20 04:10:00,1.163,1.163,1.1628,1.163,12321.3,38
2025-07-20 04:12:00,1.1629,1.163,1.1628,1.163,9724.6,27
2025-07-20 04:14:00,1.163,1.163,1.1628,1.163,1294.7,8
2025-07-20 04:16:00,1.1629,1.163,1.1629,1.163,1771.5,10
2025-07-20 04:18:00,1.163,1.163,1.1628,1.1629,781.7,11
2025-07-20 04:20:00,1.163,1.163,1.1628,1.1628,4222.2,16
2025-07-20 04:22:00,1.1629,1.163,1.1629,1.1629,1406.1,6
2025-07-20 04:24:00,1.163,1.163,1.1628,1.1629,1730.2,16
2025-07-20 04:26:00,1.1629,1.163,1.1629,1.1629,1143.7,12
2025-07-20 04:28:00,1.1629,1.163,1.1628,1.163,13077.6,24
2025-07-20 04:30:00,1.1629,1.1631,1.1629,1.1629,24323.5,34
2025-07-20 04:32:00,1.163,1.163,1.1629,1.1629,7269.8,28
2025-07-20 04:34:00,1.1629,1.163,1.1628,1.163,2754.2999999999997,15
2025-07-20 04:36:00,1.1629,1.163,1.1629,1.163,2024.3,17
2025-07-20 04:38:00,1.163,1.163,1.163,1.163,2440.6,17
2025-07-20 04:40:00,1.163,1.163,1.1628,1.1628,4346.5,14
2025-07-20 04:42:00,1.1629,1.163,1.1628,1.1629,5858.6,28
2025-07-20 04:44:00,1.1629,1.163,1.1629,1.163,1539.7,10
2025-07-20 04:46:00,1.1629,1.163,1.1628,1.163,9718.9,28
2025-07-20 04:48:00,1.1628,1.163,1.1628,1.1629,8967.5,29
2025-07-20 04:50:00,1.1629,1.163,1.1628,1.1629,8532.3,29
2025-07-20 04:52:00,1.163,1.163,1.1627,1.1628,20993.4,45
2025-07-20 04:54:00,1.1628,1.1629,1.1628,1.1629,2406.7999999999997,13
2025-07-20 04:56:00,1.1628,1.1629,1.1627,1.1629,22034.3,34
2025-07-20 04:58:00,1.1629,1.1629,1.1627,1.1629,2144.3,12
2025-07-20 05:00:00,1.1629,1.1629,1.1627,1.1629,8606.6,51
2025-07-20 05:02:00,1.1629,1.163,1.1627,1.1629,10921.7,26
2025-07-20 05:04:00,1.1629,1.1629,1.1629,1.1629,12489.3,17
2025-07-20 05:06:00,1.1629,1.163,1.1629,1.163,4103.8,12
2025-07-20 05:08:00,1.1629,1.163,1.1629,1.1629,5648.0,26
2025-07-20 05:10:00,1.163,1.163,1.1629,1.163,2288.7,12
2025-07-20 05:12:00,1.163,1.163,1.1628,1.1629,4890.1,9
2025-07-20 05:14:00,1.1628,1.163,1.1628,1.163,5623.2,15
2025-07-20 05:16:00,1.163,1.163,1.1628,1.1628,3576.4,12
2025-07-20 05:18:00,1.1629,1.163,1.1628,1.163,1564.4,13
2025-07-20 05:20:00,1.163,1.163,1.1628,1.163,2676.0,14
2025-07-20 05:22:00,1.163,1.163,1.1628,1.1628,4559.4,17
2025-07-20 05:24:00,1.1628,1.163,1.1628,1.1628,13339.8,49
2025-07-20 05:26:00,1.1628,1.163,1.1628,1.1629,1802.2,7
2025-07-20 05:28:00,1.1628,1.163,1.1628,1.1628,3463.7,15
2025-07-20 05:30:00,1.1628,1.163,1.1628,1.163,1215.6000000000001,10
2025-07-20 05:32:00,1.1629,1.163,1.1629,1.1629,10276.8,19
2025-07-20 05:34:00,1.1629,1.163,1.1628,1.163,5767.9,33
2025-07-20 05:36:00,1.1628,1.163,1.1628,1.1629,9454.5,21
2025-07-20 05:38:00,1.1628,1.163,1.1628,1.163,1391.1000000000001,12
2025-07-20 05:40:00,1.163,1.163,1.1628,1.163,6202.3,20
2025-07-20 05:42:00,1.1628,1.163,1.1628,1.1629,8906.1,24
2025-07-20 05:44:00,1.1629,1.1629,1.1629,1.1629,5117.5,10
2025-07-20 05:46:00,1.163,1.163,1.1628,1.163,7105.7,34
2025-07-20 05:48:00,1.163,1.163,1.1628,1.1629,112281.3,133
2025-07-20 05:50:00,1.1629,1.163,1.1629,1.163,1474.3,13
2025-07-20 05:52:00,1.1629,1.163,1.1629,1.1629,3478.0,24
2025-07-20 05:54:00,1.1629,1.163,1.1629,1.163,7024.799999999999,14
2025-07-20 05:56:00,1.1629,1.163,1.1629,1.163,11473.6,38
2025-07-20 05:58:00,1.163,1.163,1.1629,1.163,7671.6,28
2025-07-20 06:00:00,1.163,1.163,1.1629,1.163,5660.3,31
2025-07-20 06:02:00,1.163,1.163,1.1629,1.1629,3760.9,21
2025-07-20 06:04:00,1.1629,1.163,1.1629,1.1629,7936.9,23
2025-07-20 06:06:00,1.1629,1.163,1.1629,1.163,14044.7,32
2025-07-20 06:08:00,1.163,1.163,1.1629,1.163,5335.8,30
2025-07-20 06:10:00,1.1629,1.1631,1.1629,1.1631,4353.9,24
2025-07-20 06:12:00,1.1631,1.1631,1.1629,1.163,8500.9,33
2025-07-20 06:14:00,1.1629,1.1631,1.1629,1.163,4357.6,23
2025-07-20 06:16:00,1.163,1.1631,1.1629,1.1631,6792.5,32
2025-07-20 06:18:00,1.1631,1.1631,1.1629,1.163,16688.8,46
2025-07-20 06:20:00,1.163,1.1631,1.163,1.1631,13509.199999999999,24
2025-07-20 06:22:00,1.1631,1.1631,1.163,1.1631,16154.0,54
2025-07-20 06:24:00,1.1631,1.1631,1.163,1.163,6879.1,47
2025-07-20 06:26:00,1.1631,1.1631,1.163,1.1631,31476.1,48
2025-07-20 06:28:00,1.163,1.1631,1.163,1.1631,23624.5,48
2025-07-20 06:30:00,1.163,1.1631,1.163,1.1631,18902.899999999998,61
2025-07-20 06:32:00,1.1631,1.1631,1.163,1.163,13923.5,42
2025-07-20 06:34:00,1.1631,1.1631,1.163,1.163,6161.2,34
2025-07-20 06:36:00,1.1631,1.1631,1.163,1.163,11310.3,22
2025-07-20 06:38:00,1.163,1.1631,1.163,1.1631,2326.5,13
2025-07-20 06:40:00,1.1631,1.1631,1.163,1.163,2348.1,14
2025-07-20 06:42:00,1.1631,1.1631,1.163,1.1631,4089.7,19
2025-07-20 06:44:00,1.1631,1.1631,1.163,1.1631,1879.3,14
2025-07-20 06:46:00,1.1631,1.1631,1.163,1.163,2127.1,12
2025-07-20 06:48:00,1.1631,1.1631,1.1631,1.1631,4225.5,11
2025-07-20 06:50:00,1.1631,1.1631,1.163,1.1631,2811.0,16
2025-07-20 06:52:00,1.1631,1.1631,1.1631,1.1631,3498.2,11
2025-07-20 06:54:00,1.1631,1.1631,1.163,1.1631,7130.2,25
2025-07-20 06:56:00,1.1631,1.1631,1.1629,1.1631,6457.0,46
2025-07-20 06:58:00,1.1631,1.1631,1.1631,1.1631,1822.6,13
2025-07-20 07:00:00,1.1631,1.1631,1.1629,1.1629,7113.8,29
2025-07-20 07:02:00,1.1631,1.1631,1.1628,1.1628,9371.0,67
2025-07-20 07:04:00,1.163,1.163,1.1628,1.163,3242.9,32
2025-07-20 07:06:00,1.163,1.163,1.1628,1.1628,8606.1,49
2025-07-20 07:08:00,1.1628,1.163,1.1628,1.1628,2087.5,22
2025-07-20 07:10:00,1.1628,1.163,1.1628,1.1629,11247.199999999999,21
2025-07-20 07:12:00,1.163,1.163,1.1628,1.1628,10271.5,25
2025-07-20 07:14:00,1.163,1.163,1.1629,1.1629,25025.9,67
2025-07-20 07:16:00,1.1629,1.1631,1.1629,1.163,19601.0,64
2025-07-20 07:18:00,1.163,1.1632,1.1629,1.1629,63037.4,50
2025-07-20 07:20:00,1.163,1.163,1.1629,1.163,8077.6,25
2025-07-20 07:22:00,1.163,1.163,1.1629,1.163,8704.9,27
2025-07-20 07:24:00,1.1629,1.163,1.1629,1.1629,10404.8,26
2025-07-20 07:26:00,1.1629,1.163,1.1629,1.163,23140.4,45
2025-07-20 07:28:00,1.1631,1.1632,1.163,1.163,36925.5,90
2025-07-20 07:30:00,1.1631,1.1632,1.163,1.163,11052.2,64
2025-07-20 07:32:00,1.163,1.1632,1.163,1.1632,20930.6,80
2025-07-20 07:34:00,1.1631,1.1632,1.163,1.1631,12370.4,46
2025-07-20 07:36:00,1.1631,1.1632,1.163,1.163,5446.8,44
2025-07-20 07:38:00,1.163,1.1632,1.163,1.163,11836.8,51
2025-07-20 07:40:00,1.163,1.1632,1.163,1.1632,12738.7,44
2025-07-20 07:42:00,1.1632,1.1632,1.1631,1.1631,40026.5,75
2025-07-20 07:44:00,1.1632,1.1632,1.1631,1.1632,24920.9,50
2025-07-20 07:46:00,1.1631,1.1633,1.1631,1.1632,12682.1,50
2025-07-20 07:48:00,1.1631,1.1633,1.1631,1.1631,3984.1,31
2025-07-20 07:50:00,1.1631,1.1631,1.1629,1.163,12769.7,41
2025-07-20 07:52:00,1.1629,1.163,1.1628,1.1628,59366.2,83
2025-07-20 07:54:00,1.1629,1.1629,1.1628,1.1629,21619.3,47
2025-07-20 07:56:00,1.1629,1.163,1.1628,1.1629,7910.2,32
2025-07-20 07:58:00,1.163,1.163,1.1629,1.1629,12078.3,29
2025-07-20 08:00:00,1.1629,1.163,1.1629,1.163,7851.900000000001,43
2025-07-20 08:02:00,1.1629,1.1631,1.1629,1.1629,21442.7,60
2025-07-20 08:04:00,1.1629,1.1631,1.1629,1.1629,5376.5,38
2025-07-20 08:06:00,1.1629,1.1631,1.1629,1.1629,6978.7,36
2025-07-20 08:08:00,1.163,1.1631,1.1628,1.163,9377.1,59
2025-07-20 08:10:00,1.163,1.1631,1.1629,1.1629,18920.6,55
2025-07-20 08:12:00,1.1629,1.1631,1.1629,1.163,24181.5,74
2025-07-20 08:14:00,1.163,1.1631,1.1629,1.163,16642.0,46
2025-07-20 08:16:00,1.163,1.1631,1.1629,1.1629,19920.5,34
2025-07-20 08:18:00,1.1629,1.1631,1.1629,1.1629,12421.0,45
2025-07-20 08:20:00,1.1629,1.1631,1.1629,1.1629,14508.7,40
2025-07-20 08:22:00,1.163,1.1631,1.1629,1.163,10084.6,30
2025-07-20 08:24:00,1.1629,1.163,1.1629,1.1629,17544.5,40
2025-07-20 08:26:00,1.1629,1.163,1.1628,1.1628,17305.7,37
2025-07-20 08:28:00,1.1628,1.163,1.1628,1.163,22477.6,57
2025-07-20 08:30:00,1.163,1.163,1.1628,1.1629,36591.200000000004,124
2025-07-20 08:32:00,1.1628,1.163,1.1628,1.1628,10042.2,36
2025-07-20 08:34:00,1.1628,1.163,1.1628,1.1629,5361.2,32
2025-07-20 08:36:00,1.1629,1.163,1.1628,1.163,6217.8,22
2025-07-20 08:38:00,1.163,1.163,1.1628,1.1628,21201.0,69
2025-07-20 08:40:00,1.1628,1.163,1.1628,1.1629,40255.5,100
2025-07-20 08:42:00,1.1629,1.163,1.1629,1.163,43247.3,41
2025-07-20 08:44:00,1.1629,1.163,1.1628,1.163,15309.199999999999,52
2025-07-20 08:46:00,1.163,1.163,1.1628,1.1629,85679.5,82
2025-07-20 08:48:00,1.1629,1.163,1.1628,1.1629,27895.3,58
2025-07-20 08:50:00,1.163,1.163,1.1629,1.1629,22944.5,54
2025-07-20 08:52:00,1.1629,1.163,1.1629,1.163,14235.6,54
2025-07-20 08:54:00,1.163,1.163,1.1628,1.1629,12729.800000000001,56
2025-07-20 08:56:00,1.1629,1.163,1.1627,1.1628,18898.9,66
2025-07-20 08:58:00,1.1628,1.1629,1.1627,1.1628,64860.9,82
2025-07-20 09:00:00,1.1627,1.163,1.1627,1.163,36312.1,157
2025-07-20 09:02:00,1.1629,1.1632,1.1628,1.1631,38543.0,116
2025-07-20 09:04:00,1.1632,1.1633,1.163,1.1631,166650.0,193
2025-07-20 09:06:00,1.1632,1.1632,1.1631,1.1631,58092.8,101
2025-07-20 09:08:00,1.1632,1.1632,1.1631,1.1632,31365.2,58
2025-07-20 09:10:00,1.1632,1.1632,1.163,1.1632,16256.3,46
2025-07-20 09:12:00,1.1632,1.1633,1.1632,1.1633,17804.2,20
2025-07-20 09:14:00,1.1632,1.1633,1.1631,1.1631,29723.8,57
2025-07-20 09:16:00,1.1631,1.1633,1.1631,1.1631,16631.9,54
2025-07-20 09:18:00,1.1631,1.1632,1.163,1.163,61469.0,109
2025-07-20 09:20:00,1.163,1.1631,1.1629,1.1629,24118.4,73
2025-07-20 09:22:00,1.1629,1.1631,1.1629,1.1631,15331.7,34
2025-07-20 09:24:00,1.1629,1.1631,1.1629,1.1631,47850.8,127
2025-07-20 09:26:00,1.1631,1.1631,1.163,1.1631,19107.6,49
2025-07-20 09:28:00,1.163,1.1631,1.163,1.163,87864.8,107
2025-07-20 09:30:00,1.163,1.1632,1.163,1.163,11298.9,51
2025-07-20 09:32:00,1.163,1.1632,1.163,1.163,26031.399999999998,95
2025-07-20 09:34:00,1.1631,1.1632,1.163,1.1631,24465.6,86
2025-07-20 09:36:00,1.1631,1.1632,1.163,1.163,15864.8,73
2025-07-20 09:38:00,1.163,1.1632,1.163,1.163,22384.6,95
2025-07-20 09:40:00,1.163,1.1631,1.163,1.163,10656.7,40
2025-07-20 09:42:00,1.163,1.1631,1.163,1.163,11721.3,32
2025-07-20 09:44:00,1.163,1.1631,1.163,1.163,26399.4,44
2025-07-20 09:46:00,1.163,1.1631,1.163,1.163,48335.5,140
2025-07-20 09:48:00,1.163,1.1631,1.163,1.163,47130.8,91
2025-07-20 09:50:00,1.163,1.1631,1.163,1.163,24501.8,44
2025-07-20 09:52:00,1.163,1.1631,1.1629,1.1631,31235.5,85
2025-07-20 09:54:00,1.163,1.1631,1.1629,1.163,13238.2,80
2025-07-20 09:56:00,1.163,1.1631,1.1629,1.163,16795.5,46
2025-07-20 09:58:00,1.163,1.163,1.1629,1.163,14038.3,27
2025-07-20 10:00:00,1.1629,1.163,1.1628,1.1628,9702.6,45
2025-07-20 10:02:00,1.163,1.163,1.1628,1.163,15700.4,70
2025-07-20 10:04:00,1.1629,1.163,1.1628,1.163,13099.599999999999,42
2025-07-20 10:06:00,1.163,1.163,1.1628,1.1628,36974.7,112
2025-07-20 10:08:00,1.1628,1.163,1.1628,1.1629,24063.8,77
2025-07-20 10:10:00,1.1629,1.163,1.1628,1.1629,15223.8,52
2025-07-20 10:12:00,1.1629,1.163,1.1628,1.1628,6904.4,41
2025-07-20 10:14:00,1.163,1.163,1.1628,1.1628,17641.399999999998,47
2025-07-20 10:16:00,1.163,1.163,1.1628,1.163,23761.2,42
2025-07-20 10:18:00,1.1629,1.163,1.1628,1.1629,6907.2,43
2025-07-20 10:20:00,1.1629,1.163,1.1628,1.1629,28091.3,50
2025-07-20 10:22:00,1.1628,1.163,1.1628,1.1629,22628.8,56
2025-07-20 10:24:00,1.163,1.1631,1.1628,1.163,17992.5,69
2025-07-20 10:26:00,1.163,1.1631,1.1629,1.1631,18061.1,51
2025-07-20 10:28:00,1.1631,1.1631,1.1629,1.1629,17807.0,45
2025-07-20 10:30:00,1.1629,1.1631,1.1629,1.1631,12902.2,53
2025-07-20 10:32:00,1.163,1.1631,1.1629,1.1629,12361.5,31
2025-07-20 10:34:00,1.1629,1.1629,1.1629,1.1629,14304.199999999999,31
2025-07-20 10:36:00,1.1629,1.1631,1.1629,1.163,20560.7,47
2025-07-20 10:38:00,1.1629,1.1631,1.1629,1.1629,11639.8,50
2025-07-20 10:40:00,1.1629,1.1631,1.1628,1.1628,11979.8,53
2025-07-20 10:42:00,1.1628,1.163,1.1628,1.1629,9887.3,31
2025-07-20 10:44:00,1.163,1.163,1.1628,1.1628,19893.5,34
2025-07-20 10:46:00,1.1629,1.163,1.1628,1.163,16430.3,77
2025-07-20 10:48:00,1.1629,1.1631,1.1629,1.1629,16419.1,59
2025-07-20 10:50:00,1.163,1.1631,1.1629,1.1629,48478.2,117
2025-07-20 10:52:00,1.1631,1.1631,1.1629,1.163,19698.4,55
2025-07-20 10:54:00,1.163,1.1631,1.1629,1.1629,11445.8,66
2025-07-20 10:56:00,1.163,1.1631,1.1629,1.163,14426.3,53
2025-07-20 10:58:00,1.163,1.1631,1.1629,1.163,61334.1,101
2025-07-20 11:00:00,1.163,1.1631,1.1629,1.1629,28061.0,111
2025-07-20 11:02:00,1.1631,1.1632,1.1629,1.1629,19863.3,81
2025-07-20 11:04:00,1.1631,1.1631,1.1628,1.1629,9629.0,34
2025-07-20 11:06:00,1.163,1.1631,1.1627,1.1629,13576.4,59
2025-07-20 11:08:00,1.163,1.1631,1.1629,1.1631,4790.9,36
2025-07-20 11:10:00,1.1631,1.1633,1.1629,1.163,24716.2,77
2025-07-20 11:12:00,1.1631,1.1631,1.1629,1.163,4379.2,37
2025-07-20 11:14:00,1.163,1.1632,1.1628,1.163,10428.9,85
2025-07-20 11:16:00,1.1632,1.1632,1.163,1.1631,9295.5,36
2025-07-20 11:18:00,1.1632,1.1633,1.1629,1.163,21996.9,88
2025-07-20 11:20:00,1.163,1.1635,1.1629,1.163,44886.5,182
2025-07-20 11:22:00,1.1631,1.1633,1.1629,1.1631,15198.9,75
2025-07-20 11:24:00,1.163,1.1632,1.1629,1.1631,25120.899999999998,81
2025-07-20 11:26:00,1.163,1.1632,1.163,1.163,21493.6,70
2025-07-20 11:28:00,1.1631,1.1632,1.163,1.163,22173.2,81
2025-07-20 11:30:00,1.1632,1.1632,1.1629,1.1629,27492.2,69
2025-07-20 11:32:00,1.1629,1.1631,1.1629,1.1631,56280.5,109
2025-07-20 11:34:00,1.163,1.1631,1.1629,1.1631,10922.7,60
2025-07-20 11:36:00,1.1631,1.1631,1.1629,1.1631,12510.1,47
2025-07-20 11:38:00,1.1631,1.1631,1.1629,1.1631,19080.6,57
2025-07-20 11:40:00,1.163,1.1632,1.163,1.1632,22411.8,46
2025-07-20 11:42:00,1.1632,1.1634,1.1631,1.1634,6586.1,26
2025-07-20 11:44:00,1.1634,1.1635,1.163,1.1632,37446.0,115
2025-07-20 11:46:00,1.1632,1.1633,1.1631,1.1633,36177.6,91
2025-07-20 11:48:00,1.1633,1.1635,1.1632,1.1633,139952.7,231
2025-07-20 11:50:00,1.1634,1.1634,1.1633,1.1634,49766.5,89
2025-07-20 11:52:00,1.1634,1.1635,1.1633,1.1634,76387.4,111
2025-07-20 11:54:00,1.1633,1.1634,1.1633,1.1634,7286.3,23
2025-07-20 11:56:00,1.1634,1.1634,1.1632,1.1633,13324.5,40
2025-07-20 11:58:00,1.1634,1.1634,1.1633,1.1634,13250.2,34
2025-07-20 12:00:00,1.1634,1.1634,1.1632,1.1634,19907.5,50
2025-07-20 12:02:00,1.1633,1.1635,1.1632,1.1634,56599.4,53
2025-07-20 12:04:00,1.1632,1.1634,1.1632,1.1634,36457.1,68
2025-07-20 12:06:00,1.1634,1.1634,1.1633,1.1634,17099.5,44
2025-07-20 12:08:00,1.1634,1.1634,1.1633,1.1633,28515.7,45
2025-07-20 12:10:00,1.1634,1.1635,1.1633,1.1634,17283.5,41
2025-07-20 12:12:00,1.1633,1.1635,1.1633,1.1634,11638.5,46
2025-07-20 12:14:00,1.1633,1.1634,1.1632,1.1633,15360.5,54
2025-07-20 12:16:00,1.1634,1.1634,1.1632,1.1634,8335.0,22
2025-07-20 12:18:00,1.1633,1.1634,1.1632,1.1634,20709.8,55
2025-07-20 12:20:00,1.1633,1.1635,1.1632,1.1634,19258.5,41
2025-07-20 12:22:00,1.1632,1.1635,1.1632,1.1635,11064.6,28
2025-07-20 12:24:00,1.1634,1.1635,1.1634,1.1635,14509.199999999999,28
2025-07-20 12:26:00,1.1635,1.1635,1.1633,1.1633,12249.6,43
2025-07-20 12:28:00,1.1633,1.1634,1.1633,1.1633,14908.3,47
2025-07-20 12:30:00,1.1633,1.1634,1.1632,1.1633,29409.9,65
2025-07-20 12:32:00,1.1634,1.1634,1.1633,1.1634,9500.6,32
2025-07-20 12:34:00,1.1634,1.1635,1.1633,1.1634,19495.3,47
2025-07-20 12:36:00,1.1634,1.1634,1.1633,1.1634,49520.1,61
2025-07-20 12:38:00,1.1634,1.1634,1.1633,1.1634,3324.8,24
2025-07-20 12:40:00,1.1633,1.1634,1.1633,1.1634,10488.5,54
2025-07-20 12:42:00,1.1634,1.1634,1.1633,1.1634,6960.7,27
2025-07-20 12:44:00,1.1633,1.1634,1.1633,1.1634,1686.5,16
2025-07-20 12:46:00,1.1634,1.1635,1.1633,1.1634,30094.399999999998,61
2025-07-20 12:48:00,1.1633,1.1634,1.1633,1.1633,5708.2,20
2025-07-20 12:50:00,1.1634,1.1634,1.1633,1.1633,18635.9,70
2025-07-20 12:52:00,1.1634,1.1634,1.1633,1.1634,27187.8,51
2025-07-20 12:54:00,1.1633,1.1634,1.1633,1.1634,13548.4,29
2025-07-20 12:56:00,1.1634,1.1634,1.1633,1.1634,3477.6000000000004,25
2025-07-20 12:58:00,1.1634,1.1634,1.1633,1.1634,9898.5,36
2025-07-20 13:00:00,1.1634,1.1634,1.1633,1.1634,23941.4,91
2025-07-20 13:02:00,1.1633,1.1634,1.1633,1.1634,20999.5,55
2025-07-20 13:04:00,1.1633,1.1634,1.1633,1.1634,22712.899999999998,56
2025-07-20 13:06:00,1.1633,1.1634,1.1633,1.1634,14597.3,53
2025-07-20 13:08:00,1.1634,1.1634,1.1633,1.1634,25259.1,54
2025-07-20 13:10:00,1.1634,1.1634,1.1633,1.1633,21998.0,59
2025-07-20 13:12:00,1.1634,1.1636,1.1633,1.1635,26536.9,79
2025-07-20 13:14:00,1.1635,1.1637,1.1635,1.1635,26838.5,49
2025-07-20 13:16:00,1.1635,1.1636,1.1634,1.1635,15470.4,59
2025-07-20 13:18:00,1.1635,1.1636,1.1633,1.1633,17650.8,40
2025-07-20 13:20:00,1.1634,1.1635,1.1633,1.1634,4195.4,31
2025-07-20 13:22:00,1.1635,1.1635,1.1633,1.1634,8312.7,31
2025-07-20 13:24:00,1.1635,1.1635,1.1634,1.1634,5118.3,28
2025-07-20 13:26:00,1.1634,1.1635,1.1633,1.1635,10869.199999999999,39
2025-07-20 13:28:00,1.1634,1.1635,1.1632,1.1632,26236.5,66
2025-07-20 13:30:00,1.1632,1.1634,1.1632,1.1633,11397.199999999999,49
2025-07-20 13:32:00,1.1633,1.1635,1.1633,1.1633,24699.2,125
2025-07-20 13:34:00,1.1634,1.1635,1.1633,1.1633,16880.9,52
2025-07-20 13:36:00,1.1633,1.1635,1.1633,1.1633,7928.9,47
2025-07-20 13:38:00,1.1633,1.1635,1.1633,1.1635,15897.9,63
2025-07-20 13:40:00,1.1635,1.1635,1.1633,1.1634,7248.5,35
2025-07-20 13:42:00,1.1634,1.1636,1.1633,1.1634,56905.299999999996,78
2025-07-20 13:44:00,1.1635,1.1635,1.1633,1.1634,28329.3,75
2025-07-20 13:46:00,1.1633,1.1635,1.1633,1.1634,31787.4,87
2025-07-20 13:48:00,1.1633,1.1635,1.1633,1.1634,16069.2,77
2025-07-20 13:50:00,1.1634,1.1635,1.1633,1.1635,11790.1,56
2025-07-20 13:52:00,1.1634,1.1635,1.1633,1.1634,11568.1,40
2025-07-20 13:54:00,1.1635,1.1636,1.1634,1.1634,29427.3,50
2025-07-20 13:56:00,1.1636,1.1636,1.1634,1.1635,13912.9,70
2025-07-20 13:58:00,1.1634,1.1636,1.1634,1.1636,15725.8,71
2025-07-20 14:00:00,1.1636,1.1636,1.1634,1.1636,10109.699999999999,40
2025-07-20 14:02:00,1.1636,1.1636,1.1634,1.1636,24050.0,50
2025-07-20 14:04:00,1.1636,1.1636,1.1634,1.1634,14464.0,60
2025-07-20 14:06:00,1.1635,1.1636,1.1634,1.1636,50663.1,133
2025-07-20 14:08:00,1.1635,1.1637,1.1634,1.1637,55294.8,79
2025-07-20 14:10:00,1.1636,1.1637,1.1633,1.1635,95505.7,340
2025-07-20 14:12:00,1.1635,1.1635,1.1633,1.1633,31064.2,94
2025-07-20 14:14:00,1.1633,1.1637,1.1633,1.1634,216046.3,119
2025-07-20 14:16:00,1.1634,1.1635,1.1633,1.1633,39468.1,80
2025-07-20 14:18:00,1.1633,1.1635,1.1633,1.1635,19095.4,46
2025-07-20 14:20:00,1.1633,1.1635,1.1633,1.1635,11624.6,30
2025-07-20 14:22:00,1.1635,1.1636,1.1633,1.1635,32184.8,86
2025-07-20 14:24:00,1.1635,1.1636,1.1634,1.1635,39862.6,102
2025-07-20 14:26:00,1.1635,1.1636,1.1634,1.1635,20018.0,82
2025-07-20 14:28:00,1.1635,1.1635,1.1634,1.1634,10747.0,50
2025-07-20 14:30:00,1.1634,1.1635,1.1634,1.1634,9067.5,30
2025-07-20 14:32:00,1.1634,1.1635,1.1633,1.1635,26996.6,101
2025-07-20 14:34:00,1.1634,1.1635,1.1633,1.1635,16757.5,72
2025-07-20 14:36:00,1.1634,1.1635,1.1634,1.1634,6269.6,39
2025-07-20 14:38:00,1.1634,1.1635,1.1633,1.1635,24376.6,88
2025-07-20 14:40:00,1.1634,1.1635,1.1633,1.1633,11027.3,44
2025-07-20 14:42:00,1.1635,1.1635,1.1633,1.1634,9347.1,32
2025-07-20 14:44:00,1.1633,1.1635,1.1633,1.1635,7429.0,41
2025-07-20 14:46:00,1.1634,1.1636,1.1633,1.1636,50248.2,80
2025-07-20 14:48:00,1.1634,1.1636,1.1633,1.1634,48926.7,134
2025-07-20 14:50:00,1.1634,1.1635,1.1633,1.1633,22026.1,75
2025-07-20 14:52:00,1.1635,1.1635,1.1633,1.1634,16452.1,58
2025-07-20 14:54:00,1.1634,1.1635,1.1633,1.1634,21467.3,78
2025-07-20 14:56:00,1.1634,1.1635,1.1633,1.1635,7125.5,37
2025-07-20 14:58:00,1.1633,1.1635,1.1633,1.1634,36151.799999999996,64
2025-07-20 15:00:00,1.1634,1.1635,1.1633,1.1634,20362.3,53
2025-07-20 15:02:00,1.1634,1.1635,1.1633,1.1633,24265.8,76
2025-07-20 15:04:00,1.1633,1.1635,1.1633,1.1635,9136.5,46
2025-07-20 15:06:00,1.1633,1.1635,1.1633,1.1634,24847.9,78
2025-07-20 15:08:00,1.1634,1.1635,1.1633,1.1635,15454.6,63
2025-07-20 15:10:00,1.1635,1.1636,1.1633,1.1634,20901.9,61
2025-07-20 15:12:00,1.1634,1.1636,1.1633,1.1635,15876.1,84
2025-07-20 15:14:00,1.1635,1.1635,1.1633,1.1635,34969.9,74
2025-07-20 15:16:00,1.1635,1.1635,1.1633,1.1635,18498.4,54
2025-07-20 15:18:00,1.1635,1.1636,1.1633,1.1636,31572.2,58
2025-07-20 15:20:00,1.1635,1.1636,1.1634,1.1634,19465.1,66
2025-07-20 15:22:00,1.1635,1.1635,1.1634,1.1634,11465.8,41
2025-07-20 15:24:00,1.1634,1.1636,1.1634,1.1636,18058.2,53
2025-07-20 15:26:00,1.1636,1.1636,1.1634,1.1634,4974.6,29
2025-07-20 15:28:00,1.1634,1.1636,1.1634,1.1634,12382.5,51
2025-07-20 15:30:00,1.1634,1.1636,1.1634,1.1634,27826.8,71
2025-07-20 15:32:00,1.1636,1.1637,1.1634,1.1635,40021.1,90
2025-07-20 15:34:00,1.1637,1.1638,1.1635,1.1638,29276.6,96
2025-07-20 15:36:00,1.1638,1.1638,1.1635,1.1636,23820.9,74
2025-07-20 15:38:00,1.1636,1.1638,1.1635,1.1636,20478.100000000002,60
2025-07-20 15:40:00,1.1636,1.1638,1.1635,1.1635,31886.3,84
2025-07-20 15:42:00,1.1636,1.1637,1.1635,1.1637,16357.3,63
2025-07-20 15:44:00,1.1636,1.1638,1.1635,1.1636,99536.4,193
2025-07-20 15:46:00,1.1636,1.1638,1.1635,1.1636,20917.2,62
2025-07-20 15:48:00,1.1635,1.1638,1.1635,1.1636,34785.6,76
2025-07-20 15:50:00,1.1637,1.1638,1.1636,1.1636,46301.0,102
2025-07-20 15:52:00,1.1637,1.1637,1.1635,1.1636,38999.3,98
2025-07-20 15:54:00,1.1637,1.1639,1.1636,1.1637,55258.9,146
2025-07-20 15:56:00,1.1638,1.1639,1.1637,1.1638,25616.8,81
2025-07-20 15:58:00,1.1638,1.1639,1.1637,1.1637,58770.7,89
2025-07-20 16:00:00,1.1639,1.1639,1.1637,1.1639,35695.1,90
2025-07-20 16:02:00,1.1637,1.164,1.1636,1.164,70002.3,159
2025-07-20 16:04:00,1.164,1.1641,1.1638,1.1638,76192.3,142
2025-07-20 16:06:00,1.164,1.164,1.1638,1.1639,42531.1,96
2025-07-20 16:08:00,1.1639,1.164,1.1638,1.1638,27673.8,56
2025-07-20 16:10:00,1.1639,1.164,1.1636,1.1639,49237.7,119
2025-07-20 16:12:00,1.1637,1.1639,1.1636,1.1636,24712.2,75
2025-07-20 16:14:00,1.1637,1.1639,1.1636,1.1638,31111.8,101
2025-07-20 16:16:00,1.1638,1.1639,1.1637,1.1637,33845.6,97
2025-07-20 16:18:00,1.1636,1.164,1.1636,1.1638,66249.2,161
2025-07-20 16:20:00,1.1638,1.1639,1.1637,1.1639,40955.7,109
2025-07-20 16:22:00,1.1639,1.1639,1.1637,1.1638,22641.600000000002,73
2025-07-20 16:24:00,1.1638,1.1639,1.1637,1.1637,16601.5,64
2025-07-20 16:26:00,1.1638,1.1639,1.1637,1.1638,12124.8,63
2025-07-20 16:28:00,1.1639,1.164,1.1636,1.1637,83576.0,207
2025-07-20 16:30:00,1.1639,1.164,1.1637,1.1638,58830.2,136
2025-07-20 16:32:00,1.1638,1.164,1.1637,1.1638,51239.5,116
2025-07-20 16:34:00,1.164,1.1641,1.1637,1.1639,95361.5,150
2025-07-20 16:36:00,1.164,1.1641,1.1638,1.1639,55037.4,182
2025-07-20 16:38:00,1.1639,1.1642,1.1638,1.1638,31772.3,123
2025-07-20 16:40:00,1.1639,1.1641,1.1638,1.1641,49728.9,131
2025-07-20 16:42:00,1.1641,1.1641,1.1639,1.164,44570.799999999996,96
2025-07-20 16:44:00,1.1641,1.1642,1.1639,1.164,33257.7,86
2025-07-20 16:46:00,1.1641,1.1642,1.1639,1.1641,36412.5,104
2025-07-20 16:48:00,1.1641,1.1641,1.1638,1.1638,27094.399999999998,59
2025-07-20 16:50:00,1.164,1.164,1.1638,1.164,39030.5,111
2025-07-20 16:52:00,1.1639,1.164,1.1638,1.1638,15974.0,81
2025-07-20 16:54:00,1.1639,1.1641,1.1637,1.1639,28520.8,74
2025-07-20 16:56:00,1.164,1.1641,1.1639,1.1641,13735.6,66
2025-07-20 16:58:00,1.1641,1.1642,1.1638,1.1641,18228.4,76
2025-07-20 17:00:00,1.164,1.1642,1.1639,1.1642,86827.6,274
2025-07-20 17:02:00,1.1642,1.1642,1.164,1.1642,47820.4,152
2025-07-20 17:04:00,1.164,1.1643,1.164,1.1641,40740.7,112
2025-07-20 17:06:00,1.1642,1.1643,1.164,1.1642,36572.8,171
2025-07-20 17:08:00,1.1641,1.1643,1.1641,1.1643,23927.7,64
2025-07-20 17:10:00,1.1643,1.1646,1.1639,1.1642,82057.5,213
2025-07-20 17:12:00,1.1642,1.1644,1.1641,1.1641,23338.899999999998,56
2025-07-20 17:14:00,1.1643,1.1643,1.1641,1.1641,19068.9,74
2025-07-20 17:16:00,1.1642,1.1643,1.1641,1.1643,13121.5,60
2025-07-20 17:18:00,1.1642,1.1643,1.1641,1.1643,16578.3,69
2025-07-20 17:20:00,1.1643,1.1643,1.1641,1.1643,16656.1,62
2025-07-20 17:22:00,1.1641,1.1643,1.1641,1.1642,19184.6,81
2025-07-20 17:24:00,1.1642,1.1642,1.1641,1.1642,21799.6,80
2025-07-20 17:26:00,1.1642,1.1643,1.164,1.1642,35951.1,94
2025-07-20 17:28:00,1.1642,1.1643,1.164,1.1641,20993.7,67
2025-07-20 17:30:00,1.1641,1.1642,1.1639,1.1642,20352.7,51
2025-07-20 17:32:00,1.1641,1.1643,1.1641,1.1643,21123.9,65
2025-07-20 17:34:00,1.1643,1.1644,1.1641,1.1642,21906.6,76
2025-07-20 17:36:00,1.1642,1.1645,1.1641,1.1643,91659.2,116
2025-07-20 17:38:00,1.1644,1.1645,1.1642,1.1642,76975.8,105
2025-07-20 17:40:00,1.1643,1.1644,1.1641,1.1643,80832.0,219
2025-07-20 17:42:00,1.1643,1.1644,1.1641,1.1641,39331.6,79
2025-07-20 17:44:00,1.1641,1.1644,1.1641,1.1642,22535.5,86
2025-07-20 17:46:00,1.1642,1.1644,1.1642,1.1643,18856.3,66
2025-07-20 17:48:00,1.1642,1.1644,1.1642,1.1643,27823.6,98
2025-07-20 17:50:00,1.1643,1.1645,1.1643,1.1644,70373.2,73
2025-07-20 17:52:00,1.1645,1.1645,1.1642,1.1642,44166.1,109
2025-07-20 17:54:00,1.1642,1.1647,1.1641,1.1644,57274.9,119
2025-07-20 17:56:00,1.1644,1.1645,1.1642,1.1645,26391.1,82
2025-07-20 17:58:00,1.1643,1.1645,1.1643,1.1644,10438.1,41
2025-07-20 18:00:00,1.1644,1.1645,1.1642,1.1645,29815.0,79
2025-07-20 18:02:00,1.1645,1.1645,1.1643,1.1643,28601.7,103
2025-07-20 18:04:00,1.1644,1.1645,1.1643,1.1644,13602.3,78
2025-07-20 18:06:00,1.1643,1.1645,1.1642,1.1643,36618.4,97
2025-07-20 18:08:00,1.1643,1.1645,1.1642,1.1645,30037.5,91
2025-07-20 18:10:00,1.1645,1.1645,1.1643,1.1645,13934.3,72
2025-07-20 18:12:00,1.1645,1.1645,1.1642,1.1645,21707.1,74
2025-07-20 18:14:00,1.1645,1.1646,1.1643,1.1645,25293.6,91
2025-07-20 18:16:00,1.1644,1.1646,1.1641,1.1642,113620.4,644
2025-07-20 18:18:00,1.1643,1.1645,1.164,1.1641,71356.6,396
2025-07-20 18:20:00,1.1643,1.1646,1.1643,1.1645,11080.7,57
2025-07-20 18:22:00,1.1645,1.1646,1.1644,1.1646,16846.6,41
2025-07-20 18:24:00,1.1646,1.1646,1.1644,1.1646,6885.6,26
2025-07-20 18:26:00,1.1646,1.1646,1.1646,1.1646,5979.4,25
2025-07-20 18:28:00,1.1646,1.1647,1.1644,1.1646,12305.8,39
2025-07-20 18:30:00,1.1646,1.1646,1.1644,1.1645,19791.8,114
2025-07-20 18:32:00,1.1645,1.1646,1.1643,1.1645,43419.4,93
2025-07-20 18:34:00,1.1645,1.1645,1.1642,1.1643,33218.0,103
2025-07-20 18:36:00,1.1643,1.1645,1.1642,1.1642,5300.4,39
2025-07-20 18:38:00,1.1643,1.1645,1.1642,1.1644,10482.0,47
2025-07-20 18:40:00,1.1644,1.1644,1.1642,1.1642,4049.9,33
2025-07-20 18:42:00,1.1642,1.1645,1.1642,1.1644,10079.2,64
2025-07-20 18:44:00,1.1645,1.1645,1.1643,1.1643,12855.1,39
2025-07-20 18:46:00,1.1643,1.1645,1.1643,1.1643,18624.6,74
2025-07-20 18:48:00,1.1644,1.1645,1.1642,1.1642,22147.6,115
2025-07-20 18:50:00,1.1643,1.1645,1.1642,1.1644,21716.9,61
2025-07-20 18:52:00,1.1644,1.1645,1.1644,1.1644,14800.3,50
2025-07-20 18:54:00,1.1645,1.1645,1.1643,1.1644,22638.5,81
2025-07-20 18:56:00,1.1643,1.1645,1.1642,1.1643,20711.8,88
2025-07-20 18:58:00,1.1642,1.1644,1.1641,1.1641,34674.6,152
2025-07-20 19:00:00,1.1643,1.1643,1.164,1.1642,28252.3,129
2025-07-20 19:02:00,1.1643,1.1643,1.1641,1.1642,32875.3,93
2025-07-20 19:04:00,1.1641,1.1643,1.164,1.1641,20016.9,77
2025-07-20 19:06:00,1.1642,1.1646,1.1641,1.1644,97287.0,130
2025-07-20 19:08:00,1.1642,1.1645,1.1642,1.1645,33974.1,145
2025-07-20 19:10:00,1.1644,1.1645,1.1643,1.1644,20657.7,72
2025-07-20 19:12:00,1.1645,1.1646,1.1644,1.1644,16542.7,45
2025-07-20 19:14:00,1.1645,1.1646,1.1643,1.1645,28504.2,73
2025-07-20 19:16:00,1.1645,1.1645,1.1642,1.1642,24981.6,69
2025-07-20 19:18:00,1.1643,1.1645,1.1641,1.1645,30492.5,100
2025-07-20 19:20:00,1.1645,1.1645,1.1642,1.1643,34345.7,57
2025-07-20 19:22:00,1.1644,1.1645,1.1643,1.1643,15143.3,63
2025-07-20 19:24:00,1.1643,1.1645,1.1642,1.1642,7861.1,31
2025-07-20 19:26:00,1.1643,1.1643,1.1641,1.1641,14245.9,39
2025-07-20 19:28:00,1.1642,1.1643,1.164,1.1641,32402.8,134
2025-07-20 19:30:00,1.1642,1.1643,1.164,1.1641,16271.4,77
2025-07-20 19:32:00,1.164,1.1643,1.1639,1.1641,23143.1,96
2025-07-20 19:34:00,1.1642,1.1645,1.1641,1.1644,39893.0,116
2025-07-20 19:36:00,1.1643,1.1644,1.1641,1.1642,21509.6,84
2025-07-20 19:38:00,1.1643,1.1645,1.1641,1.1644,27165.6,86
2025-07-20 19:40:00,1.1643,1.1645,1.1642,1.1644,35404.5,158
2025-07-20 19:42:00,1.1643,1.1644,1.1642,1.1643,11549.2,66
2025-07-20 19:44:00,1.1644,1.1644,1.1641,1.1643,14681.699999999999,29
2025-07-20 19:46:00,1.1641,1.1644,1.1641,1.1644,5584.1,33
2025-07-20 19:48:00,1.1644,1.1644,1.1642,1.1644,21518.4,41
2025-07-20 19:50:00,1.1644,1.1644,1.1642,1.1643,14358.1,67
2025-07-20 19:52:00,1.1644,1.1646,1.1643,1.1646,139113.4,180
2025-07-20 19:54:00,1.1646,1.1647,1.1645,1.1645,77461.40000000001,64
2025-07-20 19:56:00,1.1645,1.1645,1.1642,1.1644,35907.8,92
2025-07-20 19:58:00,1.1644,1.1645,1.1642,1.1645,26457.6,78
2025-07-20 20:00:00,1.1645,1.1645,1.1643,1.1645,45527.8,160
2025-07-20 20:02:00,1.1644,1.1645,1.1642,1.1645,72859.5,201
2025-07-20 20:04:00,1.1645,1.1645,1.1643,1.1645,67205.5,226
2025-07-20 20:06:00,1.1645,1.1646,1.1642,1.1646,109668.09999999999,143
2025-07-20 20:08:00,1.1646,1.1646,1.1643,1.1645,59423.8,117
2025-07-20 20:10:00,1.1646,1.1646,1.1645,1.1646,44094.1,87
2025-07-20 20:12:00,1.1646,1.1646,1.1644,1.1646,20195.6,61
2025-07-20 20:14:00,1.1644,1.1646,1.1644,1.1645,14396.4,61
2025-07-20 20:16:00,1.1644,1.1646,1.1643,1.1644,27405.5,54
2025-07-20 20:18:00,1.1645,1.1646,1.1643,1.1643,12662.1,46
2025-07-20 20:20:00,1.1645,1.1646,1.1643,1.1644,25265.1,82
2025-07-20 20:22:00,1.1644,1.1646,1.1643,1.1646,16328.2,51
2025-07-20 20:24:00,1.1646,1.1646,1.1643,1.1645,17585.0,70
2025-07-20 20:26:00,1.1646,1.1646,1.1644,1.1646,15965.699999999999,39
2025-07-20 20:28:00,1.1646,1.1646,1.1644,1.1646,7434.599999999999,25
2025-07-20 20:30:00,1.1646,1.1646,1.1643,1.1645,14936.6,40
2025-07-20 20:32:00,1.1645,1.1646,1.1644,1.1645,15304.9,58
2025-07-20 20:34:00,1.1644,1.1646,1.1644,1.1644,17927.5,53
2025-07-20 20:36:00,1.1644,1.1646,1.1644,1.1644,13409.8,48
2025-07-20 20:38:00,1.1644,1.1647,1.1643,1.1645,11966.5,57
2025-07-20 20:40:00,1.1645,1.1647,1.1645,1.1645,13588.5,45
2025-07-20 20:42:00,1.1645,1.1646,1.1644,1.1644,11351.0,42
2025-07-20 20:44:00,1.1644,1.1645,1.1644,1.1645,8311.2,46
2025-07-20 20:46:00,1.1645,1.1646,1.1643,1.1645,10715.7,39
2025-07-20 20:48:00,1.1645,1.1646,1.1644,1.1646,15846.1,62
2025-07-20 20:50:00,1.1646,1.1647,1.1644,1.1645,9298.1,39
2025-07-20 20:52:00,1.1646,1.1647,1.1645,1.1645,8426.5,27
2025-07-20 20:54:00,1.1647,1.1647,1.1644,1.1646,27849.1,52
2025-07-20 20:56:00,1.1646,1.1646,1.1644,1.1645,16852.3,72
2025-07-20 20:58:00,1.1645,1.1646,1.1643,1.1644,16108.7,67
2025-07-20 21:00:00,1.1645,1.1645,1.1642,1.1644,21796.8,79
2025-07-20 21:02:00,1.1643,1.1645,1.1642,1.1643,27559.4,119
2025-07-20 21:04:00,1.1644,1.1648,1.1642,1.1645,63061.9,172
2025-07-20 21:06:00,1.1645,1.1648,1.1645,1.1646,21939.3,66
2025-07-20 21:08:00,1.1646,1.1647,1.1645,1.1645,14749.7,77
2025-07-20 21:10:00,1.1645,1.1647,1.1644,1.1645,21924.6,115
2025-07-20 21:12:00,1.1644,1.1646,1.1643,1.1645,28757.600000000002,114
2025-07-20 21:14:00,1.1645,1.1646,1.1644,1.1645,43080.200000000004,138
2025-07-20 21:16:00,1.1645,1.1646,1.1644,1.1646,11108.5,40
2025-07-20 21:18:00,1.1646,1.1646,1.1644,1.1645,20103.6,56
2025-07-20 21:20:00,1.1644,1.1645,1.1644,1.1644,9798.0,31
2025-07-20 21:22:00,1.1644,1.1646,1.1643,1.1644,19749.3,80
2025-07-20 21:24:00,1.1644,1.1646,1.1643,1.1645,17012.0,78
2025-07-20 21:26:00,1.1646,1.1646,1.164,1.1643,59054.4,86
2025-07-20 21:28:00,1.1643,1.1646,1.1642,1.1646,39997.2,78
2025-07-20 21:30:00,1.1645,1.1646,1.1644,1.1645,17885.7,71
2025-07-20 21:32:00,1.1646,1.1646,1.1644,1.1644,8669.7,48
2025-07-20 21:34:00,1.1644,1.1645,1.1642,1.1643,7046.0,40
2025-07-20 21:36:00,1.1643,1.1646,1.1643,1.1645,33605.7,108
2025-07-20 21:38:00,1.1645,1.1646,1.1641,1.1645,43887.4,71
2025-07-20 21:40:00,1.1646,1.1648,1.1645,1.1647,20306.4,61
2025-07-20 21:42:00,1.1648,1.165,1.1647,1.1649,19925.3,72
2025-07-20 21:44:00,1.1649,1.165,1.1649,1.165,13142.8,45
2025-07-20 21:46:00,1.1649,1.1652,1.1648,1.1651,29147.2,66
2025-07-20 21:48:00,1.1651,1.1651,1.1649,1.1651,6430.2,26
2025-07-20 21:50:00,1.1648,1.165,1.1648,1.1649,3416.2,29
2025-07-20 21:52:00,1.1649,1.165,1.1647,1.1648,10724.2,54
2025-07-20 21:54:00,1.1648,1.165,1.1647,1.1649,16680.9,67
2025-07-20 21:56:00,1.165,1.1651,1.1648,1.165,18542.4,97
2025-07-20 21:58:00,1.1649,1.165,1.1648,1.165,6559.7,42
2025-07-20 22:00:00,1.1649,1.165,1.1645,1.1646,38473.8,159
2025-07-20 22:02:00,1.1645,1.1648,1.1645,1.1646,12636.6,45
2025-07-20 22:04:00,1.1645,1.1646,1.164,1.1643,53330.3,153
2025-07-20 22:06:00,1.1643,1.1645,1.164,1.1641,31929.7,147
2025-07-20 22:08:00,1.1641,1.1644,1.164,1.164,93653.4,236
2025-07-20 22:10:00,1.1641,1.1645,1.1639,1.1645,55155.8,118
2025-07-20 22:12:00,1.1645,1.1645,1.1638,1.1642,142038.5,541
2025-07-20 22:14:00,1.1642,1.1644,1.1636,1.1643,138851.0,320
2025-07-20 22:16:00,1.1644,1.1644,1.1636,1.1641,460260.5,718
2025-07-20 22:18:00,1.164,1.1642,1.1638,1.164,73651.8,227
2025-07-20 22:20:00,1.164,1.1642,1.1638,1.164,55035.3,128
2025-07-20 22:22:00,1.1641,1.1641,1.1638,1.164,47325.1,79
2025-07-20 22:24:00,1.164,1.1644,1.1639,1.1644,57552.299999999996,95
2025-07-20 22:26:00,1.1642,1.1643,1.1641,1.1642,28162.4,53
2025-07-20 22:28:00,1.1642,1.1643,1.164,1.1641,27701.8,89
2025-07-20 22:30:00,1.1641,1.1642,1.1639,1.164,38433.200000000004,111
2025-07-20 22:32:00,1.1641,1.1641,1.1635,1.1636,21455.7,53
2025-07-20 22:34:00,1.1636,1.1637,1.1635,1.1636,65067.8,129
2025-07-20 22:36:00,1.1636,1.1638,1.1635,1.1635,38686.2,124
2025-07-20 22:38:00,1.1635,1.1636,1.1634,1.1635,30037.3,76
2025-07-20 22:40:00,1.1634,1.1637,1.1633,1.1635,52286.5,161
2025-07-20 22:42:00,1.1634,1.1636,1.1634,1.1634,14448.3,69
2025-07-20 22:44:00,1.1635,1.1636,1.1633,1.1634,22835.9,91
2025-07-20 22:46:00,1.1634,1.1636,1.1633,1.1634,19915.5,60
2025-07-20 22:48:00,1.1634,1.1635,1.1632,1.1634,26459.5,53
2025-07-20 22:50:00,1.1633,1.1635,1.1632,1.1634,11658.4,57
2025-07-20 22:52:00,1.1633,1.1634,1.1631,1.1633,38716.2,165
2025-07-20 22:54:00,1.1632,1.1635,1.1631,1.1635,33085.4,68
2025-07-20 22:56:00,1.1635,1.1635,1.1631,1.1633,27762.7,62
2025-07-20 22:58:00,1.1633,1.1635,1.1633,1.1634,15083.0,83
2025-07-20 23:00:00,1.1635,1.1638,1.1633,1.1637,17789.8,88
2025-07-20 23:02:00,1.1639,1.1639,1.1635,1.1635,25314.6,99
2025-07-20 23:04:00,1.1636,1.1636,1.1632,1.1633,24108.4,69
2025-07-20 23:06:00,1.1633,1.1634,1.1632,1.1634,27941.8,77
2025-07-20 23:08:00,1.1633,1.1636,1.1633,1.1636,4841.2,40
2025-07-20 23:10:00,1.1635,1.1636,1.1634,1.1635,16544.3,49
2025-07-20 23:12:00,1.1635,1.1637,1.1634,1.1635,4663.2,29
2025-07-20 23:14:00,1.1636,1.1636,1.1635,1.1635,1294.6,12
2025-07-20 23:16:00,1.1636,1.1637,1.1635,1.1636,16583.7,41
2025-07-20 23:18:00,1.1636,1.1638,1.1636,1.1638,8996.6,42
2025-07-20 23:20:00,1.1636,1.1639,1.1636,1.1639,10669.9,35
2025-07-20 23:22:00,1.1638,1.1639,1.1636,1.1636,18948.1,39
2025-07-20 23:24:00,1.1636,1.1638,1.1636,1.1637,19351.5,52
2025-07-20 23:26:00,1.1638,1.1639,1.1636,1.1637,4218.8,19
2025-07-20 23:28:00,1.1638,1.1638,1.1637,1.1638,10585.5,41
2025-07-20 23:30:00,1.1638,1.1638,1.1636,1.1638,44710.5,37
2025-07-20 23:32:00,1.1637,1.1638,1.1636,1.1638,34404.0,53
2025-07-20 23:34:00,1.1637,1.1637,1.1634,1.1635,9751.8,29
2025-07-20 23:36:00,1.1636,1.1636,1.1634,1.1635,30552.5,87
2025-07-20 23:38:00,1.1635,1.1636,1.1633,1.1634,36756.9,70
2025-07-20 23:40:00,1.1634,1.1636,1.1633,1.1634,26887.6,49
2025-07-20 23:42:00,1.1635,1.1635,1.1631,1.1631,130617.5,200
2025-07-20 23:44:00,1.1633,1.1633,1.1631,1.1632,82543.2,148
2025-07-20 23:46:00,1.1632,1.1632,1.163,1.163,26439.0,65
2025-07-20 23:48:00,1.163,1.1631,1.163,1.163,19112.9,34
2025-07-20 23:50:00,1.163,1.163,1.1628,1.1629,13082.6,37
2025-07-20 23:52:00,1.1629,1.1632,1.1629,1.1631,10354.4,36
2025-07-20 23:54:00,1.1631,1.1633,1.1631,1.1632,57089.299999999996,105
2025-07-20 23:56:00,1.1633,1.1634,1.1631,1.1633,30240.8,64
2025-07-20 23:58:00,1.1633,1.1633,1.1631,1.1632,5574.8,18
2025-07-21 00:00:00,1.1632,1.1632,1.1627,1.1629,57463.4,96
2025-07-21 00:02:00,1.1628,1.1632,1.1628,1.1632,22745.8,77
2025-07-21 00:04:00,1.1631,1.1632,1.163,1.1632,9111.0,59
2025-07-21 00:06:00,1.1632,1.1632,1.1631,1.1631,39956.5,110
2025-07-21 00:08:00,1.1631,1.1632,1.163,1.163,37296.2,81
2025-07-21 00:10:00,1.163,1.1631,1.163,1.1631,71547.5,267
2025-07-21 00:12:00,1.1631,1.1633,1.163,1.1633,57914.6,228
2025-07-21 00:14:00,1.1632,1.1634,1.1631,1.1634,42382.2,111
2025-07-21 00:16:00,1.1633,1.1634,1.1631,1.1631,36654.6,61
2025-07-21 00:18:00,1.1632,1.1632,1.163,1.163,60958.0,140
2025-07-21 00:20:00,1.163,1.1631,1.1628,1.163,53312.5,103
2025-07-21 00:22:00,1.1629,1.163,1.1628,1.163,34578.5,88
2025-07-21 00:24:00,1.1629,1.163,1.1628,1.1628,26782.9,54
2025-07-21 00:26:00,1.1628,1.1628,1.1626,1.1628,5156.5,26
2025-07-21 00:28:00,1.1627,1.1628,1.1626,1.1627,7881.0,18
2025-07-21 00:30:00,1.1628,1.1628,1.1625,1.1625,38585.1,220
2025-07-21 00:32:00,1.1627,1.1627,1.1624,1.1625,9022.4,30
2025-07-21 00:34:00,1.1625,1.1625,1.1623,1.1624,3809.4,15
2025-07-21 00:36:00,1.1624,1.1624,1.1623,1.1623,12788.3,28
2025-07-21 00:38:00,1.1623,1.1624,1.1623,1.1623,3546.6,18
2025-07-21 00:40:00,1.1623,1.1624,1.1622,1.1624,9380.6,42
2025-07-21 00:42:00,1.1624,1.1624,1.1619,1.1621,57005.2,179
2025-07-21 00:44:00,1.1619,1.1621,1.1619,1.1621,22249.1,63
2025-07-21 00:46:00,1.1621,1.1621,1.1619,1.1619,44157.2,75
2025-07-21 00:48:00,1.162,1.1621,1.1619,1.162,32598.5,83
2025-07-21 00:50:00,1.1621,1.1622,1.162,1.1622,4062.7,18
2025-07-21 00:52:00,1.162,1.1622,1.1619,1.1621,2629.7,18
2025-07-21 00:54:00,1.162,1.162,1.1619,1.1619,14156.2,56
2025-07-21 00:56:00,1.1619,1.162,1.1618,1.1618,13329.9,35
2025-07-21 00:58:00,1.1617,1.1618,1.1615,1.1616,5608.0,31
2025-07-21 01:00:00,1.1617,1.1617,1.1615,1.1616,24094.8,119
2025-07-21 01:02:00,1.1616,1.1617,1.1615,1.1615,13933.4,43
2025-07-21 01:04:00,1.1615,1.1616,1.1615,1.1615,3345.8,23
2025-07-21 01:06:00,1.1616,1.1618,1.1614,1.1617,3041.8,24
2025-07-21 01:08:00,1.1617,1.1619,1.1617,1.1619,4718.9,42
2025-07-21 01:10:00,1.1619,1.162,1.1618,1.1618,4483.3,33
2025-07-21 01:12:00,1.1619,1.1619,1.1618,1.1619,4133.8,19
2025-07-21 01:14:00,1.162,1.1621,1.1619,1.162,21137.9,73
2025-07-21 01:16:00,1.1619,1.1621,1.1618,1.1619,6734.9,30
2025-07-21 01:18:00,1.1618,1.1619,1.1616,1.1617,6989.0,19
2025-07-21 01:20:00,1.1617,1.1618,1.1616,1.1616,16445.1,59
2025-07-21 01:22:00,1.1616,1.1618,1.1616,1.1618,5629.0,20
2025-07-21 01:24:00,1.1617,1.1619,1.1617,1.1618,10479.7,32
2025-07-21 01:26:00,1.1617,1.1619,1.1617,1.1619,17143.7,67
2025-07-21 01:28:00,1.1618,1.162,1.1618,1.162,6460.2,27
2025-07-21 01:30:00,1.162,1.1621,1.1618,1.1618,13165.8,70
2025-07-21 01:32:00,1.1617,1.1618,1.1616,1.1616,8704.3,32
2025-07-21 01:34:00,1.1615,1.1618,1.1615,1.1617,19174.399999999998,63
2025-07-21 01:36:00,1.1617,1.1618,1.1616,1.1616,33720.0,111
2025-07-21 01:38:00,1.1616,1.1617,1.1614,1.1615,10981.6,38
2025-07-21 01:40:00,1.1616,1.1618,1.1615,1.1615,41312.0,109
2025-07-21 01:42:00,1.1616,1.1617,1.1615,1.1616,6780.5,28
2025-07-21 01:44:00,1.1615,1.1616,1.1613,1.1613,22755.2,112
2025-07-21 01:46:00,1.1612,1.1614,1.1612,1.1613,23426.1,88
2025-07-21 01:48:00,1.1614,1.1616,1.1613,1.1615,12105.7,59
2025-07-21 01:50:00,1.1614,1.1617,1.1614,1.1615,16811.2,64
2025-07-21 01:52:00,1.1614,1.1615,1.1613,1.1613,40596.6,170
2025-07-21 01:54:00,1.1613,1.1615,1.1612,1.1615,14503.5,62
2025-07-21 01:56:00,1.1613,1.1615,1.1613,1.1614,11613.1,46
2025-07-21 01:58:00,1.1614,1.1615,1.1612,1.1614,8235.4,23
2025-07-21 02:00:00,1.1612,1.1613,1.161,1.1612,29962.7,158
2025-07-21 02:02:00,1.1612,1.1614,1.1611,1.1612,19226.6,62
2025-07-21 02:04:00,1.1613,1.1615,1.1611,1.1614,25792.1,70
2025-07-21 02:06:00,1.1614,1.1617,1.1614,1.1615,10500.3,22
2025-07-21 02:08:00,1.1615,1.1616,1.1614,1.1616,8818.2,13
2025-07-21 02:10:00,1.1616,1.1617,1.1614,1.1616,24461.4,84
2025-07-21 02:12:00,1.1616,1.1618,1.1616,1.1617,17040.7,61
2025-07-21 02:14:00,1.1617,1.1619,1.1616,1.1619,6747.7,27
2025-07-21 02:16:00,1.1619,1.1619,1.1617,1.1617,9544.0,25
2025-07-21 02:18:00,1.1617,1.1618,1.1617,1.1618,1699.8,12
2025-07-21 02:20:00,1.1617,1.1618,1.1616,1.1618,5537.5,15
2025-07-21 02:22:00,1.1617,1.1619,1.1617,1.1618,41387.3,115
2025-07-21 02:24:00,1.1619,1.162,1.1619,1.162,27567.8,89
2025-07-21 02:26:00,1.1619,1.1621,1.1618,1.162,10563.2,63
2025-07-21 02:28:00,1.162,1.1622,1.1619,1.1621,28859.7,54
2025-07-21 02:30:00,1.162,1.162,1.1618,1.162,37676.7,154
2025-07-21 02:32:00,1.162,1.162,1.1619,1.162,7565.5,21
2025-07-21 02:34:00,1.162,1.162,1.1617,1.1618,4871.1,24
2025-07-21 02:36:00,1.1619,1.1619,1.1618,1.1618,7282.3,15
2025-07-21 02:38:00,1.1618,1.1619,1.1617,1.1618,821.6,13
2025-07-21 02:40:00,1.1618,1.162,1.1618,1.1618,21662.3,57
2025-07-21 02:42:00,1.1617,1.1617,1.1615,1.1616,12349.4,32
2025-07-21 02:44:00,1.1616,1.1618,1.1614,1.1616,8128.9,30
2025-07-21 02:46:00,1.1617,1.1617,1.1616,1.1617,1547.9,14
2025-07-21 02:48:00,1.1616,1.1616,1.1615,1.1615,3002.6,18
2025-07-21 02:50:00,1.1616,1.1617,1.1614,1.1617,10039.6,27
2025-07-21 02:52:00,1.1616,1.1618,1.1616,1.1617,5708.7,18
2025-07-21 02:54:00,1.1617,1.1619,1.1617,1.1619,47383.5,105
2025-07-21 02:56:00,1.1618,1.1621,1.1618,1.1619,30540.100000000002,86
2025-07-21 02:58:00,1.162,1.162,1.1619,1.162,30415.6,54
2025-07-21 03:00:00,1.162,1.1622,1.1618,1.1622,59184.5,91
2025-07-21 03:02:00,1.1621,1.1622,1.162,1.1622,41867.7,87
2025-07-21 03:04:00,1.1622,1.1623,1.1619,1.1623,169064.0,185
2025-07-21 03:06:00,1.1622,1.1622,1.1621,1.1622,82043.9,154
2025-07-21 03:08:00,1.1621,1.1623,1.162,1.1621,52755.4,96
2025-07-21 03:10:00,1.1619,1.1621,1.1619,1.162,75612.7,92
2025-07-21 03:12:00,1.162,1.1622,1.162,1.1622,78595.9,77
2025-07-21 03:14:00,1.1622,1.1622,1.1621,1.1621,6359.2,29
2025-07-21 03:16:00,1.1622,1.1623,1.1621,1.1623,12928.0,59
2025-07-21 03:18:00,1.1623,1.1623,1.1621,1.1623,17386.2,48
2025-07-21 03:20:00,1.1623,1.1624,1.1622,1.1623,9829.9,37
2025-07-21 03:22:00,1.1623,1.1623,1.1622,1.1622,17361.6,52
2025-07-21 03:24:00,1.1622,1.1624,1.1622,1.1623,6126.4,25
2025-07-21 03:26:00,1.1623,1.1624,1.1622,1.1624,14338.6,44
2025-07-21 03:28:00,1.1622,1.1624,1.1622,1.1623,14345.9,28
2025-07-21 03:30:00,1.1624,1.1624,1.1622,1.1624,4793.8,22
2025-07-21 03:32:00,1.1622,1.1625,1.1622,1.1625,17078.1,52
2025-07-21 03:34:00,1.1625,1.1625,1.1623,1.1624,24928.2,61
2025-07-21 03:36:00,1.1624,1.1624,1.1623,1.1623,8633.9,28
2025-07-21 03:38:00,1.1624,1.1625,1.1623,1.1623,29703.8,44
2025-07-21 03:40:00,1.1624,1.1625,1.1623,1.1625,13640.5,24
2025-07-21 03:42:00,1.1624,1.1625,1.1624,1.1625,20651.8,38
2025-07-21 03:44:00,1.1626,1.1627,1.1625,1.1625,32808.6,90
2025-07-21 03:46:00,1.1625,1.1626,1.1625,1.1626,11915.9,34
2025-07-21 03:48:00,1.1626,1.1626,1.1625,1.1626,4524.4,16
2025-07-21 03:50:00,1.1626,1.1627,1.1625,1.1626,14798.7,45
2025-07-21 03:52:00,1.1626,1.1627,1.1625,1.1625,3067.6,17
2025-07-21 03:54:00,1.1625,1.1625,1.1624,1.1624,53066.4,35
2025-07-21 03:56:00,1.1624,1.1625,1.1624,1.1625,32178.7,89
2025-07-21 03:58:00,1.1624,1.1625,1.1624,1.1625,5029.9,15
2025-07-21 04:00:00,1.1625,1.1628,1.1625,1.1626,15496.5,57
2025-07-21 04:02:00,1.1627,1.1627,1.1626,1.1626,12130.300000000001,32
2025-07-21 04:04:00,1.1626,1.1627,1.1626,1.1627,7045.400000000001,26
2025-07-21 04:06:00,1.1626,1.1627,1.1626,1.1627,1767.7,14
2025-07-21 04:08:00,1.1627,1.1628,1.1626,1.1627,12067.9,38
2025-07-21 04:10:00,1.1626,1.1628,1.1626,1.1627,5661.6,30
2025-07-21 04:12:00,1.1627,1.1628,1.1626,1.1628,7198.3,31
2025-07-21 04:14:00,1.1628,1.1628,1.1625,1.1625,11005.7,41
2025-07-21 04:16:00,1.1625,1.1626,1.1624,1.1625,12957.199999999999,44
2025-07-21 04:18:00,1.1626,1.1626,1.1624,1.1625,11676.2,38
2025-07-21 04:20:00,1.1625,1.1626,1.1624,1.1624,13691.7,49
2025-07-21 04:22:00,1.1624,1.1625,1.1623,1.1623,11330.9,32
2025-07-21 04:24:00,1.1624,1.1625,1.1622,1.1622,34179.4,124
2025-07-21 04:26:00,1.1623,1.1624,1.1622,1.1623,18865.1,47
2025-07-21 04:28:00,1.1623,1.1625,1.1622,1.1624,15952.4,79
2025-07-21 04:30:00,1.1625,1.1625,1.1623,1.1623,13001.5,61
2025-07-21 04:32:00,1.1625,1.1625,1.1624,1.1625,4015.6,14
2025-07-21 04:34:00,1.1625,1.1625,1.1624,1.1624,10337.5,22
2025-07-21 04:36:00,1.1625,1.1625,1.1623,1.1624,10396.9,61
2025-07-21 04:38:00,1.1623,1.1625,1.1623,1.1625,4171.4,19
2025-07-21 04:40:00,1.1625,1.1625,1.1624,1.1625,4421.8,23
2025-07-21 04:42:00,1.1624,1.1626,1.1624,1.1626,15433.6,39
2025-07-21 04:44:00,1.1626,1.1626,1.1624,1.1624,9483.7,32
2025-07-21 04:46:00,1.1624,1.1625,1.1624,1.1625,15387.5,47
2025-07-21 04:48:00,1.1626,1.1626,1.1625,1.1626,4981.6,21
2025-07-21 04:50:00,1.1626,1.1626,1.1625,1.1625,19698.0,57
2025-07-21 04:52:00,1.1626,1.1627,1.1625,1.1627,10635.1,30
2025-07-21 04:54:00,1.1627,1.1628,1.1626,1.1627,22075.8,56
2025-07-21 04:56:00,1.1627,1.1628,1.1626,1.1628,4923.2,38
2025-07-21 04:58:00,1.1627,1.1628,1.1626,1.1626,12875.5,47
2025-07-21 05:00:00,1.1627,1.1628,1.1625,1.1627,13371.8,73
2025-07-21 05:02:00,1.1627,1.1628,1.1627,1.1628,22593.2,70
2025-07-21 05:04:00,1.1628,1.163,1.1628,1.1629,7687.8,15
2025-07-21 05:06:00,1.1629,1.163,1.1629,1.1629,7002.3,17
2025-07-21 05:08:00,1.163,1.1632,1.1629,1.1632,74340.2,59
2025-07-21 05:10:00,1.1632,1.1632,1.163,1.1631,12940.1,42
2025-07-21 05:12:00,1.163,1.1631,1.1629,1.1631,8984.0,45
2025-07-21 05:14:00,1.1631,1.1632,1.1629,1.1632,17753.9,38
2025-07-21 05:16:00,1.1631,1.1632,1.1631,1.1632,1700.3000000000002,7
2025-07-21 05:18:00,1.1631,1.1633,1.1631,1.1632,9510.2,38
2025-07-21 05:20:00,1.1631,1.1633,1.163,1.1631,13768.199999999999,41
2025-07-21 05:22:00,1.1631,1.1631,1.1629,1.163,22000.899999999998,59
2025-07-21 05:24:00,1.1629,1.1632,1.1629,1.1631,50860.7,106
2025-07-21 05:26:00,1.1632,1.1633,1.1631,1.1633,17806.0,74
2025-07-21 05:28:00,1.1632,1.1633,1.1632,1.1633,5376.8,35
2025-07-21 05:30:00,1.1632,1.1634,1.1632,1.1632,14468.7,51
2025-07-21 05:32:00,1.1633,1.1635,1.1633,1.1634,19824.3,59
2025-07-21 05:34:00,1.1634,1.1635,1.1633,1.1633,14572.1,48
2025-07-21 05:36:00,1.1635,1.1636,1.1634,1.1636,2754.6,25
2025-07-21 05:38:00,1.1636,1.1636,1.1633,1.1633,12475.8,45
2025-07-21 05:40:00,1.1634,1.1634,1.1632,1.1632,16902.0,40
2025-07-21 05:42:00,1.1633,1.1634,1.1631,1.1633,13382.0,53
2025-07-21 05:44:00,1.1632,1.1634,1.1631,1.1632,23744.3,53
2025-07-21 05:46:00,1.1633,1.1635,1.1632,1.1635,16984.4,50
2025-07-21 05:48:00,1.1635,1.1635,1.1632,1.1633,15184.5,45
2025-07-21 05:50:00,1.1633,1.1635,1.1633,1.1634,14143.6,59
2025-07-21 05:52:00,1.1634,1.1636,1.1633,1.1634,8097.3,34
2025-07-21 05:54:00,1.1635,1.1636,1.1633,1.1635,11419.9,46
2025-07-21 05:56:00,1.1636,1.1636,1.1636,1.1636,2273.8,15
2025-07-21 05:58:00,1.1636,1.1636,1.1634,1.1636,12700.1,41
2025-07-21 06:00:00,1.1636,1.1636,1.1632,1.1635,8369.5,33
2025-07-21 06:02:00,1.1635,1.1635,1.1632,1.1632,33934.5,71
2025-07-21 06:04:00,1.1633,1.1634,1.1631,1.1634,44745.4,102
2025-07-21 06:06:00,1.1633,1.1635,1.1632,1.1632,23501.100000000002,54
2025-07-21 06:08:00,1.1633,1.1635,1.1631,1.1634,15921.9,61
2025-07-21 06:10:00,1.1634,1.1635,1.1633,1.1634,14787.2,46
2025-07-21 06:12:00,1.1633,1.1636,1.1632,1.1636,7335.0,27
2025-07-21 06:14:00,1.1635,1.1637,1.1634,1.1637,18722.1,52
2025-07-21 06:16:00,1.1637,1.1637,1.1634,1.1635,5868.4,33
2025-07-21 06:18:00,1.1635,1.1636,1.1633,1.1634,36097.0,104
2025-07-21 06:20:00,1.1632,1.1635,1.1632,1.1635,28216.3,86
2025-07-21 06:22:00,1.1634,1.1636,1.1633,1.1634,65040.3,111
2025-07-21 06:24:00,1.1634,1.1637,1.1633,1.1636,46348.5,129
2025-07-21 06:26:00,1.1636,1.1636,1.1634,1.1634,61166.9,158
2025-07-21 06:28:00,1.1635,1.1636,1.1634,1.1636,85872.3,149
2025-07-21 06:30:00,1.1636,1.1641,1.1634,1.164,89869.2,157
2025-07-21 06:32:00,1.1641,1.1642,1.1639,1.1639,49434.0,136
2025-07-21 06:34:00,1.164,1.1642,1.1639,1.1641,36676.5,92
2025-07-21 06:36:00,1.1641,1.1642,1.164,1.164,19038.1,53
2025-07-21 06:38:00,1.1641,1.1641,1.164,1.164,53244.799999999996,75
2025-07-21 06:40:00,1.1641,1.1642,1.164,1.1641,18563.7,80
2025-07-21 06:42:00,1.1641,1.1641,1.1639,1.1639,54197.1,113
2025-07-21 06:44:00,1.164,1.1644,1.164,1.1643,64320.2,163
2025-07-21 06:46:00,1.1644,1.1644,1.1641,1.1643,33047.3,82
2025-07-21 06:48:00,1.1643,1.1644,1.1641,1.1642,38066.9,94
2025-07-21 06:50:00,1.1641,1.1643,1.164,1.1641,24888.8,82
2025-07-21 06:52:00,1.1642,1.1643,1.164,1.164,19948.2,73
2025-07-21 06:54:00,1.164,1.1642,1.1638,1.1638,23124.1,100
2025-07-21 06:56:00,1.1638,1.1641,1.1638,1.164,32922.3,86
2025-07-21 06:58:00,1.164,1.1642,1.164,1.1641,22408.0,67
2025-07-21 07:00:00,1.1641,1.1642,1.164,1.1641,56295.700000000004,93
2025-07-21 07:02:00,1.1641,1.1647,1.1641,1.1646,47328.1,194
2025-07-21 07:04:00,1.1646,1.1649,1.1645,1.1646,73641.8,137
2025-07-21 07:06:00,1.1647,1.1648,1.1645,1.1645,46241.0,110
2025-07-21 07:08:00,1.1645,1.1647,1.1644,1.1646,17282.3,72
2025-07-21 07:10:00,1.1647,1.1648,1.1645,1.1647,40000.3,130
2025-07-21 07:12:00,1.1647,1.1648,1.1645,1.1647,17012.7,60
2025-07-21 07:14:00,1.1646,1.1646,1.1641,1.1642,25970.5,76
2025-07-21 07:16:00,1.1642,1.1644,1.1641,1.1644,43025.0,103
2025-07-21 07:18:00,1.1644,1.1644,1.164,1.1641,33512.9,115
2025-07-21 07:20:00,1.1642,1.1644,1.1641,1.1644,21553.2,75
2025-07-21 07:22:00,1.1644,1.1644,1.1643,1.1644,20757.3,58
2025-07-21 07:24:00,1.1643,1.1645,1.1642,1.1644,14527.8,43
2025-07-21 07:26:00,1.1644,1.1647,1.1644,1.1644,27429.5,91
2025-07-21 07:28:00,1.1644,1.1646,1.1644,1.1645,23057.4,74
2025-07-21 07:30:00,1.1645,1.1646,1.1639,1.164,45179.700000000004,139
2025-07-21 07:32:00,1.164,1.1641,1.1639,1.164,36796.2,100
2025-07-21 07:34:00,1.164,1.1642,1.1639,1.164,25450.0,80
2025-07-21 07:36:00,1.164,1.1643,1.164,1.1641,49329.6,102
2025-07-21 07:38:00,1.1641,1.1644,1.1641,1.1642,18707.4,80
2025-07-21 07:40:00,1.1643,1.1646,1.1642,1.1646,36267.0,134
2025-07-21 07:42:00,1.1646,1.165,1.1645,1.1648,57863.1,154
2025-07-21 07:44:00,1.1649,1.1649,1.1647,1.1647,34824.4,116
2025-07-21 07:46:00,1.1647,1.1649,1.1647,1.1647,29563.8,80
2025-07-21 07:48:00,1.1648,1.1649,1.1647,1.1647,21774.1,39
2025-07-21 07:50:00,1.1647,1.1649,1.1645,1.1647,19681.8,66
2025-07-21 07:52:00,1.1647,1.1648,1.1645,1.1648,26500.3,99
2025-07-21 07:54:00,1.1646,1.165,1.1646,1.1649,19675.7,90
2025-07-21 07:56:00,1.1649,1.1652,1.1649,1.1649,59094.799999999996,389
2025-07-21 07:58:00,1.165,1.1652,1.1649,1.165,98178.9,581
2025-07-21 08:00:00,1.165,1.1652,1.165,1.1651,17783.3,58
2025-07-21 08:02:00,1.1652,1.1652,1.1648,1.1648,27626.5,85
2025-07-21 08:04:00,1.1649,1.1649,1.1645,1.1646,37853.0,95
2025-07-21 08:06:00,1.1647,1.1648,1.1645,1.1648,35198.2,88
2025-07-21 08:08:00,1.1648,1.1649,1.1647,1.1649,17908.2,80
2025-07-21 08:10:00,1.1648,1.1649,1.1646,1.1648,28815.3,93
2025-07-21 08:12:00,1.1647,1.1648,1.1646,1.1646,18162.5,85
2025-07-21 08:14:00,1.1647,1.1647,1.1645,1.1645,21642.9,59
2025-07-21 08:16:00,1.1647,1.1647,1.1645,1.1645,22624.4,62
2025-07-21 08:18:00,1.1645,1.1645,1.1642,1.1642,23897.9,78
2025-07-21 08:20:00,1.1642,1.1645,1.1642,1.1643,25539.7,68
2025-07-21 08:22:00,1.1643,1.1645,1.1643,1.1645,27170.1,99
2025-07-21 08:24:00,1.1644,1.1644,1.1642,1.1643,20950.6,57
2025-07-21 08:26:00,1.1643,1.1646,1.1643,1.1645,26903.1,41
2025-07-21 08:28:00,1.1645,1.1646,1.1644,1.1644,23935.4,77
2025-07-21 08:30:00,1.1643,1.1648,1.1643,1.1646,36883.4,173
2025-07-21 08:32:00,1.1646,1.165,1.1646,1.1649,58068.6,150
2025-07-21 08:34:00,1.1649,1.1654,1.1649,1.1654,40822.7,119
2025-07-21 08:36:00,1.1654,1.1656,1.1653,1.1654,22263.7,63
2025-07-21 08:38:00,1.1654,1.1655,1.1651,1.1653,101086.8,164
2025-07-21 08:40:00,1.1653,1.1653,1.1651,1.1653,34381.9,85
2025-07-21 08:42:00,1.1653,1.1655,1.1652,1.1653,23777.3,82
2025-07-21 08:44:00,1.1654,1.1654,1.1651,1.1653,11547.3,72
2025-07-21 08:46:00,1.1653,1.1654,1.1652,1.1653,23580.100000000002,81
2025-07-21 08:48:00,1.1653,1.1654,1.1651,1.1651,28480.4,86
2025-07-21 08:50:00,1.1653,1.1654,1.1651,1.1653,24576.1,72
2025-07-21 08:52:00,1.1653,1.1653,1.1648,1.1648,49798.3,154
2025-07-21 08:54:00,1.1647,1.1649,1.1645,1.1647,28655.2,75
2025-07-21 08:56:00,1.1647,1.1649,1.1646,1.1648,17309.7,89
2025-07-21 08:58:00,1.1648,1.1649,1.1647,1.1648,13889.6,42
2025-07-21 09:00:00,1.1647,1.1649,1.1647,1.1648,15108.1,59
2025-07-21 09:02:00,1.1649,1.165,1.1647,1.1649,29940.2,53
2025-07-21 09:04:00,1.1647,1.1651,1.1647,1.165,111253.8,383
2025-07-21 09:06:00,1.1649,1.165,1.1645,1.1648,42197.2,64
2025-07-21 09:08:00,1.1648,1.1649,1.1648,1.1649,7189.9,24
2025-07-21 09:10:00,1.1649,1.1649,1.1647,1.1649,14653.2,28
2025-07-21 09:12:00,1.1649,1.1649,1.1647,1.1648,7297.5,27
2025-07-21 09:14:00,1.1649,1.1649,1.1647,1.1647,2749.7,23
2025-07-21 09:16:00,1.1647,1.1647,1.1645,1.1646,9728.5,32
2025-07-21 09:18:00,1.1645,1.1648,1.1645,1.1647,36101.1,88
2025-07-21 09:20:00,1.1648,1.1648,1.1645,1.1647,31028.3,49
2025-07-21 09:22:00,1.1647,1.1647,1.1646,1.1646,18141.5,29
2025-07-21 09:24:00,1.1646,1.1647,1.1644,1.1647,14712.6,48
2025-07-21 09:26:00,1.1647,1.1647,1.1644,1.1646,16779.0,46
2025-07-21 09:28:00,1.1646,1.1646,1.1644,1.1644,20786.3,72
2025-07-21 09:30:00,1.1646,1.1647,1.1644,1.1646,30755.399999999998,89
2025-07-21 09:32:00,1.1647,1.1647,1.1643,1.1644,11244.0,52
2025-07-21 09:34:00,1.1644,1.1646,1.1642,1.1643,20835.2,75
2025-07-21 09:36:00,1.1643,1.1644,1.164,1.1641,34927.1,128
2025-07-21 09:38:00,1.1642,1.1644,1.1641,1.1642,35638.2,121
2025-07-21 09:40:00,1.1643,1.1648,1.1642,1.1647,53205.7,192
2025-07-21 09:42:00,1.1646,1.1649,1.1646,1.1648,29836.6,112
2025-07-21 09:44:00,1.1648,1.1651,1.1647,1.165,30710.6,94
2025-07-21 09:46:00,1.165,1.1652,1.1649,1.1649,21894.8,80
2025-07-21 09:48:00,1.1649,1.165,1.1646,1.1646,24346.6,70
2025-07-21 09:50:00,1.1646,1.1647,1.1645,1.1645,31905.7,68
2025-07-21 09:52:00,1.1646,1.1647,1.1645,1.1647,10794.4,49
2025-07-21 09:54:00,1.1647,1.1648,1.1645,1.1648,18556.7,48
2025-07-21 09:56:00,1.1646,1.1648,1.1646,1.1648,23370.4,38
2025-07-21 09:58:00,1.1646,1.1648,1.1646,1.1646,16321.0,60
2025-07-21 10:00:00,1.1646,1.1647,1.1644,1.1644,79380.09999999999,170
2025-07-21 10:02:00,1.1644,1.1645,1.1643,1.1644,27021.5,57
2025-07-21 10:04:00,1.1644,1.1645,1.1644,1.1644,34125.6,127
2025-07-21 10:06:00,1.1644,1.1645,1.1643,1.1645,16659.9,38
2025-07-21 10:08:00,1.1645,1.1645,1.1641,1.1642,26462.8,56
2025-07-21 10:10:00,1.1642,1.1644,1.1641,1.1642,12542.6,47
2025-07-21 10:12:00,1.1642,1.1643,1.164,1.1643,14550.0,48
2025-07-21 10:14:00,1.1643,1.1643,1.1638,1.1638,21388.2,44
2025-07-21 10:16:00,1.1638,1.1639,1.1637,1.1639,48169.5,151
2025-07-21 10:18:00,1.1639,1.1644,1.1636,1.1636,56775.4,142
2025-07-21 10:20:00,1.1636,1.1638,1.1636,1.1638,31704.2,54
2025-07-21 10:22:00,1.1637,1.1639,1.1637,1.1638,20216.6,84
2025-07-21 10:24:00,1.1637,1.164,1.1637,1.1639,9247.4,53
2025-07-21 10:26:00,1.1639,1.164,1.1635,1.1638,105958.09999999999,93
2025-07-21 10:28:00,1.1638,1.164,1.1637,1.1638,47543.6,92
2025-07-21 10:30:00,1.1639,1.1639,1.1638,1.1639,48720.9,66
2025-07-21 10:32:00,1.1638,1.1639,1.1637,1.1638,23572.6,68
2025-07-21 10:34:00,1.1637,1.164,1.1637,1.1639,72292.90000000001,104
2025-07-21 10:36:00,1.1637,1.1639,1.1636,1.1637,48904.1,118
2025-07-21 10:38:00,1.1638,1.1639,1.1636,1.1637,62485.200000000004,109
2025-07-21 10:40:00,1.1637,1.164,1.1637,1.1639,23182.5,79
2025-07-21 10:42:00,1.1638,1.164,1.1637,1.1638,25480.7,82
2025-07-21 10:44:00,1.164,1.1641,1.1638,1.164,14844.2,50
2025-07-21 10:46:00,1.1639,1.1642,1.1638,1.1641,32591.0,99
2025-07-21 10:48:00,1.164,1.1644,1.164,1.1643,93266.0,118
2025-07-21 10:50:00,1.1643,1.1645,1.1643,1.1645,36444.8,99
2025-07-21 10:52:00,1.1645,1.1646,1.1644,1.1644,16019.1,52
2025-07-21 10:54:00,1.1644,1.1646,1.1644,1.1645,30313.3,100
2025-07-21 10:56:00,1.1645,1.1646,1.1644,1.1646,36250.4,122
2025-07-21 10:58:00,1.1646,1.1648,1.1645,1.1647,25984.9,63
2025-07-21 11:00:00,1.1646,1.1648,1.1646,1.1647,28269.4,85
2025-07-21 11:02:00,1.1647,1.1652,1.1646,1.1652,67820.0,193
2025-07-21 11:04:00,1.1652,1.1654,1.1652,1.1653,40822.6,82
2025-07-21 11:06:00,1.1653,1.1655,1.1652,1.1654,20435.0,72
2025-07-21 11:08:00,1.1653,1.1658,1.1653,1.1656,44118.0,94
2025-07-21 11:10:00,1.1656,1.1658,1.1656,1.1657,50145.6,111
2025-07-21 11:12:00,1.1657,1.1661,1.1657,1.1661,26074.4,68
2025-07-21 11:14:00,1.1661,1.1661,1.1658,1.166,25080.6,96
2025-07-21 11:16:00,1.1659,1.166,1.1657,1.1658,15226.6,43
2025-07-21 11:18:00,1.1658,1.1662,1.1658,1.1661,35464.5,74
2025-07-21 11:20:00,1.166,1.1663,1.1659,1.1661,25627.9,58
2025-07-21 11:22:00,1.1661,1.1663,1.166,1.1661,35286.4,127
2025-07-21 11:24:00,1.1662,1.1664,1.1661,1.1661,57089.799999999996,170
2025-07-21 11:26:00,1.1662,1.1663,1.1659,1.1661,65271.8,105
2025-07-21 11:28:00,1.1661,1.1663,1.166,1.1661,57385.8,107
2025-07-21 11:30:00,1.1662,1.1663,1.1659,1.1659,27667.1,86
2025-07-21 11:32:00,1.1659,1.1662,1.1658,1.166,52092.0,136
2025-07-21 11:34:00,1.1661,1.1663,1.166,1.166,27103.7,118
2025-07-21 11:36:00,1.166,1.1661,1.1658,1.166,37789.4,77
2025-07-21 11:38:00,1.166,1.1663,1.1658,1.1662,46737.7,117
2025-07-21 11:40:00,1.1661,1.1662,1.1659,1.166,22707.2,94
2025-07-21 11:42:00,1.1659,1.1662,1.1659,1.1661,15102.2,77
2025-07-21 11:44:00,1.1661,1.1664,1.1661,1.1663,23309.6,84
2025-07-21 11:46:00,1.1664,1.1668,1.1662,1.1666,47772.4,123
2025-07-21 11:48:00,1.1666,1.1669,1.1665,1.1668,71047.7,143
2025-07-21 11:50:00,1.1669,1.1669,1.1666,1.1666,17859.1,58
2025-07-21 11:52:00,1.1666,1.1669,1.1666,1.1666,21139.4,62
2025-07-21 11:54:00,1.1666,1.1668,1.1665,1.1667,38543.3,109
2025-07-21 11:56:00,1.1667,1.167,1.1667,1.1669,58058.0,117
2025-07-21 11:58:00,1.1668,1.1671,1.1668,1.1668,26349.7,63
2025-07-21 12:00:00,1.1669,1.167,1.1668,1.1668,60847.9,134
2025-07-21 12:02:00,1.1669,1.167,1.1665,1.1667,116553.7,275
2025-07-21 12:04:00,1.1667,1.1668,1.1666,1.1666,36634.2,104
2025-07-21 12:06:00,1.1666,1.1666,1.1665,1.1665,65594.0,100
2025-07-21 12:08:00,1.1665,1.167,1.1665,1.1667,53206.1,220
2025-07-21 12:10:00,1.1666,1.1669,1.1666,1.1668,28537.5,84
2025-07-21 12:12:00,1.1667,1.1672,1.1667,1.167,37805.7,125
2025-07-21 12:14:00,1.1669,1.167,1.1666,1.1667,46670.2,130
2025-07-21 12:16:00,1.1666,1.1668,1.1665,1.1667,22536.7,80
2025-07-21 12:18:00,1.1668,1.167,1.1666,1.1669,38907.6,131
2025-07-21 12:20:00,1.1668,1.1671,1.1667,1.1667,33990.0,70
2025-07-21 12:22:00,1.1667,1.167,1.1667,1.1668,24777.2,47
2025-07-21 12:24:00,1.1669,1.167,1.1668,1.167,18217.9,58
2025-07-21 12:26:00,1.1668,1.1671,1.1667,1.1668,61000.7,105
2025-07-21 12:28:00,1.1668,1.1669,1.1667,1.1667,18779.3,82
2025-07-21 12:30:00,1.1667,1.167,1.1666,1.1669,28561.3,58
2025-07-21 12:32:00,1.1669,1.167,1.1666,1.1666,33067.6,88
2025-07-21 12:34:00,1.1666,1.1669,1.1666,1.1669,42475.0,74
2025-07-21 12:36:00,1.1669,1.1671,1.1667,1.1669,32348.8,104
2025-07-21 12:38:00,1.1667,1.1669,1.1667,1.1667,12218.0,48
2025-07-21 12:40:00,1.1668,1.167,1.1667,1.1668,37822.1,80
2025-07-21 12:42:00,1.1668,1.167,1.1665,1.1665,25436.6,94
2025-07-21 12:44:00,1.1667,1.1667,1.1665,1.1667,35640.700000000004,74
2025-07-21 12:46:00,1.1666,1.1667,1.1663,1.1665,18095.7,77
2025-07-21 12:48:00,1.1665,1.1667,1.1663,1.1664,29245.7,107
2025-07-21 12:50:00,1.1664,1.1666,1.1663,1.1664,16348.7,71
2025-07-21 12:52:00,1.1666,1.1667,1.1664,1.1666,24692.2,89
2025-07-21 12:54:00,1.1667,1.1667,1.1665,1.1665,16182.7,83
2025-07-21 12:56:00,1.1667,1.1668,1.1665,1.1667,24450.9,101
2025-07-21 12:58:00,1.1668,1.1668,1.1665,1.1665,109277.8,312
2025-07-21 13:00:00,1.1664,1.1665,1.1662,1.1664,26563.7,82
2025-07-21 13:02:00,1.1664,1.1664,1.1661,1.1662,22077.7,84
2025-07-21 13:04:00,1.1663,1.1663,1.1657,1.1659,38611.0,124
2025-07-21 13:06:00,1.1657,1.1659,1.1657,1.1659,36926.6,103
2025-07-21 13:08:00,1.1658,1.1662,1.1657,1.1661,23899.0,99
2025-07-21 13:10:00,1.1661,1.1664,1.166,1.1662,28273.5,86
2025-07-21 13:12:00,1.1661,1.1663,1.1661,1.1661,42378.9,118
2025-07-21 13:14:00,1.1661,1.1663,1.1659,1.166,33722.2,101
2025-07-21 13:16:00,1.166,1.1663,1.1659,1.1662,29994.5,194
2025-07-21 13:18:00,1.1662,1.1665,1.1661,1.1663,31686.8,78
2025-07-21 13:20:00,1.1663,1.1664,1.166,1.166,25976.9,53
2025-07-21 13:22:00,1.1661,1.1664,1.166,1.1662,18503.9,73
2025-07-21 13:24:00,1.1662,1.1663,1.1659,1.166,21415.7,87
2025-07-21 13:26:00,1.1659,1.1662,1.1659,1.166,28338.2,92
2025-07-21 13:28:00,1.1662,1.1663,1.166,1.1663,22274.2,79
2025-07-21 13:30:00,1.1661,1.1663,1.1659,1.1661,14764.8,72
2025-07-21 13:32:00,1.1661,1.1663,1.1659,1.1661,34699.8,117
2025-07-21 13:34:00,1.1661,1.1664,1.166,1.1661,23777.2,77
2025-07-21 13:36:00,1.1661,1.1662,1.1659,1.166,33753.1,240
2025-07-21 13:38:00,1.166,1.166,1.1658,1.166,27076.0,63
2025-07-21 13:40:00,1.166,1.1662,1.1659,1.1662,34731.2,77
2025-07-21 13:42:00,1.1662,1.1663,1.1661,1.1661,21301.5,64
2025-07-21 13:44:00,1.1661,1.1664,1.1661,1.1663,29202.9,82
2025-07-21 13:46:00,1.1664,1.1664,1.166,1.166,34203.3,118
2025-07-21 13:48:00,1.1661,1.1664,1.166,1.1662,109745.4,169
2025-07-21 13:50:00,1.1663,1.1664,1.1659,1.1663,46364.8,100
2025-07-21 13:52:00,1.1662,1.1664,1.1661,1.1664,31876.7,89
2025-07-21 13:54:00,1.1664,1.1665,1.1663,1.1664,46137.9,78
2025-07-21 13:56:00,1.1665,1.1665,1.1663,1.1664,21259.8,72
2025-07-21 13:58:00,1.1664,1.1665,1.1663,1.1665,111323.0,140
2025-07-21 14:00:00,1.1664,1.1674,1.1664,1.1674,85797.6,174
2025-07-21 14:02:00,1.1674,1.1676,1.1672,1.1673,122115.7,172
2025-07-21 14:04:00,1.1673,1.1681,1.1672,1.1678,106657.59999999999,187
2025-07-21 14:06:00,1.1677,1.1682,1.1674,1.1681,129519.2,254
2025-07-21 14:08:00,1.1681,1.1682,1.1679,1.1679,33746.6,108
2025-07-21 14:10:00,1.1679,1.1681,1.1677,1.1681,44294.7,116
2025-07-21 14:12:00,1.168,1.1681,1.1676,1.1676,141201.5,237
2025-07-21 14:14:00,1.1676,1.1679,1.1675,1.1678,44658.8,90
2025-07-21 14:16:00,1.1678,1.1683,1.1677,1.1681,88110.3,191
2025-07-21 14:18:00,1.1683,1.1684,1.1676,1.1676,44289.0,102
2025-07-21 14:20:00,1.1678,1.1679,1.1675,1.1676,65256.799999999996,117
2025-07-21 14:22:00,1.1675,1.1679,1.1675,1.1678,28088.100000000002,107
2025-07-21 14:24:00,1.1677,1.168,1.1676,1.1679,49036.2,135
2025-07-21 14:26:00,1.168,1.168,1.1678,1.168,39521.4,88
2025-07-21 14:28:00,1.168,1.1681,1.1677,1.1678,20772.1,47
2025-07-21 14:30:00,1.1678,1.1682,1.1678,1.1682,30521.899999999998,78
2025-07-21 14:32:00,1.1682,1.1684,1.1682,1.1684,34285.3,61
2025-07-21 14:34:00,1.1684,1.1685,1.168,1.1681,31568.8,84
2025-07-21 14:36:00,1.1681,1.1688,1.1681,1.1687,34854.9,108
2025-07-21 14:38:00,1.1687,1.1689,1.1685,1.1686,45376.1,108
2025-07-21 14:40:00,1.1686,1.1687,1.1683,1.1684,37886.7,74
2025-07-21 14:42:00,1.1685,1.1686,1.1683,1.1684,45787.6,104
2025-07-21 14:44:00,1.1684,1.1687,1.1682,1.1685,62445.0,162
2025-07-21 14:46:00,1.1684,1.1687,1.1683,1.1687,52362.6,229
2025-07-21 14:48:00,1.1687,1.1687,1.1683,1.1686,60086.6,153
2025-07-21 14:50:00,1.1685,1.1687,1.1684,1.1687,25521.0,107
2025-07-21 14:52:00,1.1686,1.1687,1.1683,1.1685,36102.2,98
2025-07-21 14:54:00,1.1685,1.169,1.1685,1.1689,31500.3,88
2025-07-21 14:56:00,1.169,1.1693,1.1689,1.1691,40558.299999999996,100
2025-07-21 14:58:00,1.1691,1.1693,1.169,1.1693,24499.2,93
2025-07-21 15:00:00,1.1691,1.1694,1.169,1.1692,99070.8,208
2025-07-21 15:02:00,1.1692,1.1697,1.1692,1.1696,49170.7,135
2025-07-21 15:04:00,1.1696,1.1697,1.1695,1.1697,24855.7,78
2025-07-21 15:06:00,1.1695,1.1698,1.1693,1.1693,35341.5,120
2025-07-21 15:08:00,1.1694,1.1697,1.1693,1.1696,34088.4,97
2025-07-21 15:10:00,1.1696,1.17,1.1695,1.1698,36242.1,115
2025-07-21 15:12:00,1.1699,1.17,1.1697,1.17,32864.0,115
2025-07-21 15:14:00,1.1699,1.1706,1.1699,1.1705,38619.8,137
2025-07-21 15:16:00,1.1704,1.1706,1.1702,1.1705,33004.0,129
2025-07-21 15:18:00,1.1705,1.1706,1.1702,1.1706,32592.3,140
2025-07-21 15:20:00,1.1704,1.1709,1.1704,1.1707,38172.6,122
2025-07-21 15:22:00,1.1707,1.1712,1.1706,1.1712,35098.5,106
2025-07-21 15:24:00,1.1712,1.1712,1.1709,1.1711,62760.4,137
2025-07-21 15:26:00,1.1711,1.1713,1.1708,1.1711,40517.3,150
2025-07-21 15:28:00,1.1711,1.1713,1.1709,1.1709,28868.1,116
2025-07-21 15:30:00,1.1711,1.1711,1.1709,1.171,27487.4,77
2025-07-21 15:32:00,1.1709,1.1711,1.1709,1.1709,41078.4,103
2025-07-21 15:34:00,1.1708,1.171,1.1707,1.1709,31947.7,128
2025-07-21 15:36:00,1.171,1.171,1.1706,1.1707,68737.3,159
2025-07-21 15:38:00,1.1708,1.1711,1.1707,1.1709,22939.8,92
2025-07-21 15:40:00,1.1708,1.171,1.1706,1.1708,31296.6,132
2025-07-21 15:42:00,1.1707,1.1709,1.1705,1.1706,32510.9,94
2025-07-21 15:44:00,1.1705,1.1707,1.1703,1.1703,48092.5,138
2025-07-21 15:46:00,1.1704,1.1706,1.1703,1.1703,60325.9,158
2025-07-21 15:48:00,1.1704,1.1706,1.1703,1.1704,20766.7,95
2025-07-21 15:50:00,1.1704,1.1705,1.1703,1.1705,19725.8,70
2025-07-21 15:52:00,1.1704,1.1706,1.1703,1.1704,35105.0,118
2025-07-21 15:54:00,1.1704,1.1705,1.1702,1.1704,90252.5,172
2025-07-21 15:56:00,1.1703,1.1704,1.1701,1.1703,53120.7,151
2025-07-21 15:58:00,1.1703,1.1703,1.17,1.1702,84107.2,262
2025-07-21 16:00:00,1.1701,1.1702,1.1699,1.1701,33132.9,128
2025-07-21 16:02:00,1.17,1.17,1.1698,1.1698,15871.3,82
2025-07-21 16:04:00,1.1698,1.1699,1.1697,1.1697,26661.2,97
2025-07-21 16:06:00,1.1697,1.1698,1.1694,1.1696,54733.8,203
2025-07-21 16:08:00,1.1696,1.1699,1.1694,1.1699,49979.3,164
2025-07-21 16:10:00,1.1699,1.1701,1.1695,1.1701,102173.5,171
2025-07-21 16:12:00,1.1701,1.1702,1.1697,1.17,104020.3,250
2025-07-21 16:14:00,1.1699,1.1702,1.1696,1.1696,82706.8,172
2025-07-21 16:16:00,1.1696,1.1698,1.1692,1.1693,157746.6,326
2025-07-21 16:18:00,1.1693,1.1696,1.1693,1.1694,83127.0,260
2025-07-21 16:20:00,1.1694,1.1697,1.1693,1.1694,105631.6,259
2025-07-21 16:22:00,1.1694,1.1697,1.1693,1.1696,72372.2,272
2025-07-21 16:24:00,1.1697,1.1697,1.1693,1.1695,66302.2,170
2025-07-21 16:26:00,1.1695,1.1696,1.1693,1.1694,49435.5,127
2025-07-21 16:28:00,1.1694,1.1696,1.1692,1.1693,56935.4,104
2025-07-21 16:30:00,1.1694,1.1696,1.1693,1.1696,49019.1,114
2025-07-21 16:32:00,1.1696,1.1696,1.1694,1.1694,57106.8,131
2025-07-21 16:34:00,1.1696,1.1697,1.1693,1.1697,61744.3,159
2025-07-21 16:36:00,1.1696,1.1699,1.1695,1.1698,71671.0,155
2025-07-21 16:38:00,1.1697,1.1698,1.1696,1.1696,77876.4,98
2025-07-21 16:40:00,1.1696,1.1697,1.1692,1.1696,180059.80000000002,179
2025-07-21 16:42:00,1.1696,1.1698,1.1695,1.1697,15667.9,55
2025-07-21 16:44:00,1.1698,1.1699,1.1696,1.1697,26164.5,94
2025-07-21 16:46:00,1.1698,1.1701,1.1697,1.1699,32082.5,108
2025-07-21 16:48:00,1.1699,1.1702,1.1699,1.1699,54892.1,132
2025-07-21 16:50:00,1.1699,1.1703,1.1698,1.1701,64927.9,167
2025-07-21 16:52:00,1.1702,1.1704,1.1698,1.1699,35947.1,85
2025-07-21 16:54:00,1.1698,1.17,1.1698,1.1699,35456.6,89
2025-07-21 16:56:00,1.1698,1.1699,1.1697,1.1699,20296.8,75
2025-07-21 16:58:00,1.1699,1.17,1.1697,1.1697,31918.7,83
2025-07-21 17:00:00,1.1699,1.1699,1.1695,1.1696,26469.9,78
2025-07-21 17:02:00,1.1697,1.1697,1.1693,1.1694,54426.9,124
2025-07-21 17:04:00,1.1693,1.1694,1.1693,1.1694,22987.4,69
2025-07-21 17:06:00,1.1693,1.1694,1.1691,1.1692,33377.9,79
2025-07-21 17:08:00,1.1691,1.1692,1.169,1.1692,26881.9,82
2025-07-21 17:10:00,1.169,1.1692,1.169,1.1692,22692.5,60
2025-07-21 17:12:00,1.1692,1.1695,1.1691,1.1695,62200.0,124
2025-07-21 17:14:00,1.1693,1.1695,1.1691,1.1691,31844.0,95
2025-07-21 17:16:00,1.1692,1.1694,1.169,1.1692,74336.8,101
2025-07-21 17:18:00,1.1691,1.1693,1.169,1.1691,35165.5,84
2025-07-21 17:20:00,1.169,1.1691,1.1687,1.1689,8163.1,37
2025-07-21 17:22:00,1.1687,1.1689,1.1687,1.1688,29566.5,78
2025-07-21 17:24:00,1.1689,1.1689,1.1686,1.1689,17821.3,82
2025-07-21 17:26:00,1.1688,1.1688,1.1686,1.1686,10857.2,44
2025-07-21 17:28:00,1.1687,1.1689,1.1686,1.1687,36531.6,104
2025-07-21 17:30:00,1.1688,1.1689,1.1685,1.1686,45983.700000000004,115
2025-07-21 17:32:00,1.1686,1.1687,1.1685,1.1687,38765.4,80
2025-07-21 17:34:00,1.1687,1.1689,1.1686,1.1689,30376.4,66
2025-07-21 17:36:00,1.1689,1.169,1.1686,1.1688,33815.6,95
2025-07-21 17:38:00,1.1688,1.1691,1.1686,1.1689,29618.6,102
2025-07-21 17:40:00,1.169,1.1691,1.1689,1.169,29090.1,67
2025-07-21 17:42:00,1.169,1.1691,1.1689,1.169,31157.7,75
2025-07-21 17:44:00,1.169,1.169,1.1689,1.169,15225.0,66
2025-07-21 17:46:00,1.169,1.169,1.1688,1.1688,32767.8,89
2025-07-21 17:48:00,1.1689,1.169,1.1689,1.169,33428.6,67
2025-07-21 17:50:00,1.169,1.1692,1.169,1.1692,34020.4,68
2025-07-21 17:52:00,1.1692,1.1692,1.169,1.169,24336.0,39
2025-07-21 17:54:00,1.1691,1.1693,1.169,1.1691,27651.9,85
2025-07-21 17:56:00,1.1691,1.1691,1.1689,1.169,15911.900000000001,43
2025-07-21 17:58:00,1.169,1.1691,1.1688,1.1688,16951.8,47
2025-07-21 18:00:00,1.1688,1.1691,1.1688,1.1689,15508.8,60
2025-07-21 18:02:00,1.169,1.169,1.1688,1.1688,14249.0,49
2025-07-21 18:04:00,1.1689,1.169,1.1688,1.1688,11636.1,51
2025-07-21 18:06:00,1.1688,1.169,1.1688,1.1689,10705.2,28
2025-07-21 18:08:00,1.1689,1.1689,1.1689,1.1689,11397.1,37
2025-07-21 18:10:00,1.1689,1.169,1.1689,1.1689,12429.1,36
2025-07-21 18:12:00,1.1689,1.1689,1.1684,1.1685,86665.0,159
2025-07-21 18:14:00,1.1686,1.1686,1.1684,1.1684,17205.4,40
2025-07-21 18:16:00,1.1686,1.1688,1.1685,1.1686,19768.7,40
2025-07-21 18:18:00,1.1686,1.169,1.1686,1.1689,15519.5,49
2025-07-21 18:20:00,1.1689,1.1691,1.1687,1.1691,172362.0,122
2025-07-21 18:22:00,1.1689,1.1691,1.1688,1.1689,80162.9,183
2025-07-21 18:24:00,1.1691,1.1692,1.1689,1.1689,20806.6,73
2025-07-21 18:26:00,1.1689,1.1692,1.1689,1.1691,23435.5,76
2025-07-21 18:28:00,1.169,1.1693,1.169,1.1692,45650.4,127
2025-07-21 18:30:00,1.1691,1.1691,1.1688,1.169,34289.5,82
2025-07-21 18:32:00,1.169,1.169,1.1688,1.169,32167.2,111
2025-07-21 18:34:00,1.169,1.169,1.1687,1.1688,26699.6,86
2025-07-21 18:36:00,1.169,1.169,1.1687,1.1689,29612.8,71
2025-07-21 18:38:00,1.1687,1.1688,1.1686,1.1687,18077.9,63
2025-07-21 18:40:00,1.1687,1.1689,1.1686,1.1687,59336.4,82
2025-07-21 18:42:00,1.1687,1.1689,1.1687,1.1687,22710.7,63
2025-07-21 18:44:00,1.1688,1.1688,1.1685,1.1687,54871.0,138
2025-07-21 18:46:00,1.1687,1.1688,1.1684,1.1685,72299.6,153
2025-07-21 18:48:00,1.1684,1.1689,1.1684,1.1689,96709.4,186
2025-07-21 18:50:00,1.1688,1.169,1.1687,1.1688,65445.5,154
2025-07-21 18:52:00,1.1688,1.169,1.1688,1.169,21486.2,70
2025-07-21 18:54:00,1.169,1.1692,1.1689,1.169,17036.5,77
2025-07-21 18:56:00,1.1689,1.1692,1.1689,1.169,48063.7,117
2025-07-21 18:58:00,1.1691,1.1691,1.1689,1.1691,45238.9,135
2025-07-21 19:00:00,1.1691,1.1692,1.1689,1.1691,39338.3,113
2025-07-21 19:02:00,1.169,1.1692,1.1689,1.1689,19013.899999999998,51
2025-07-21 19:04:00,1.1689,1.169,1.1688,1.169,20594.3,60
2025-07-21 19:06:00,1.1689,1.1694,1.1689,1.1694,47376.9,98
2025-07-21 19:08:00,1.1694,1.1694,1.1692,1.1692,68821.1,109
2025-07-21 19:10:00,1.1691,1.1694,1.1691,1.1692,76230.1,112
2025-07-21 19:12:00,1.1692,1.1693,1.1692,1.1692,29638.0,76
2025-07-21 19:14:00,1.1692,1.1695,1.1692,1.1693,28552.5,78
2025-07-21 19:16:00,1.1693,1.1694,1.1692,1.1692,37158.6,118
2025-07-21 19:18:00,1.1691,1.1693,1.169,1.1692,28514.1,87
2025-07-21 19:20:00,1.1692,1.1693,1.169,1.1691,17977.0,54
2025-07-21 19:22:00,1.1691,1.1692,1.1689,1.1691,23455.7,84
2025-07-21 19:24:00,1.1691,1.1692,1.1689,1.1691,30869.7,86
2025-07-21 19:26:00,1.1689,1.1691,1.1689,1.169,20129.8,46
2025-07-21 19:28:00,1.169,1.1691,1.1689,1.1689,63854.7,206
2025-07-21 19:30:00,1.1689,1.1691,1.1688,1.1689,73688.1,203
2025-07-21 19:32:00,1.169,1.1692,1.1688,1.1689,221386.0,261
2025-07-21 19:34:00,1.1688,1.169,1.1687,1.1687,96197.7,156
2025-07-21 19:36:00,1.1687,1.169,1.1687,1.1689,60780.5,229
2025-07-21 19:38:00,1.1688,1.1691,1.1688,1.169,82497.6,116
2025-07-21 19:40:00,1.169,1.1693,1.169,1.1691,64681.6,112
2025-07-21 19:42:00,1.1692,1.1692,1.169,1.1691,80580.0,129
2025-07-21 19:44:00,1.1691,1.1692,1.1689,1.169,55293.0,114
2025-07-21 19:46:00,1.169,1.1692,1.1689,1.1692,44322.299999999996,58
2025-07-21 19:48:00,1.1692,1.1693,1.169,1.1692,79943.8,132
2025-07-21 19:50:00,1.1692,1.1693,1.169,1.169,45551.9,96
2025-07-21 19:52:00,1.1691,1.1691,1.1687,1.1688,34798.8,81
2025-07-21 19:54:00,1.1689,1.1689,1.1686,1.1686,32525.2,76
2025-07-21 19:56:00,1.1687,1.169,1.1686,1.1689,30809.8,106
2025-07-21 19:58:00,1.1689,1.1691,1.1688,1.1689,68319.3,183
2025-07-21 20:00:00,1.1689,1.169,1.1688,1.1689,69888.3,165
2025-07-21 20:02:00,1.1689,1.169,1.1687,1.1688,59085.9,140
2025-07-21 20:04:00,1.169,1.169,1.1688,1.1689,36218.7,57
2025-07-21 20:06:00,1.1689,1.1691,1.1689,1.1691,40036.8,106
2025-07-21 20:08:00,1.1691,1.1691,1.1689,1.1689,61863.9,150
2025-07-21 20:10:00,1.169,1.1691,1.1688,1.1689,33012.9,98
2025-07-21 20:12:00,1.1689,1.169,1.1688,1.1689,36146.1,75
2025-07-21 20:14:00,1.1689,1.169,1.1688,1.1688,64223.1,135
2025-07-21 20:16:00,1.1689,1.169,1.1687,1.1689,106609.1,194
2025-07-21 20:18:00,1.1687,1.1689,1.1686,1.1688,15453.199999999999,54
2025-07-21 20:20:00,1.1688,1.1688,1.1686,1.1688,18414.3,65
2025-07-21 20:22:00,1.1687,1.1689,1.1687,1.1687,23316.6,67
2025-07-21 20:24:00,1.1689,1.1689,1.1687,1.1688,36941.4,64
2025-07-21 20:26:00,1.1688,1.1691,1.1688,1.1689,17883.5,89
2025-07-21 20:28:00,1.1689,1.1689,1.1688,1.1689,24412.600000000002,67
2025-07-21 20:30:00,1.1689,1.169,1.1688,1.169,24846.3,99
2025-07-21 20:32:00,1.169,1.169,1.1688,1.1689,16021.1,63
2025-07-21 20:34:00,1.1689,1.169,1.1689,1.1689,11787.1,37
2025-07-21 20:36:00,1.1689,1.1692,1.1688,1.169,23640.100000000002,90
2025-07-21 20:38:00,1.1692,1.1692,1.169,1.1692,18833.5,57
2025-07-21 20:40:00,1.1692,1.1692,1.1689,1.169,9581.0,52
2025-07-21 20:42:00,1.169,1.169,1.1689,1.169,31946.9,103
2025-07-21 20:44:00,1.1689,1.169,1.1688,1.1689,26903.8,72
2025-07-21 20:46:00,1.1689,1.1692,1.1689,1.1691,34863.5,78
2025-07-21 20:48:00,1.1691,1.1692,1.169,1.1691,36606.3,160
2025-07-21 20:50:00,1.1692,1.1693,1.1691,1.1692,74286.9,262
2025-07-21 20:52:00,1.1692,1.1693,1.1691,1.1691,36073.7,108
2025-07-21 20:54:00,1.1692,1.1693,1.169,1.1692,23270.1,78
2025-07-21 20:56:00,1.1691,1.1694,1.1691,1.1693,57145.5,87
2025-07-21 20:58:00,1.1693,1.1695,1.1692,1.1693,26938.1,50
2025-07-21 21:00:00,1.1693,1.1694,1.1692,1.1692,22353.5,69
2025-07-21 21:02:00,1.1692,1.1693,1.1692,1.1692,9196.8,32
2025-07-21 21:04:00,1.1692,1.1693,1.169,1.1691,10868.9,43
2025-07-21 21:06:00,1.1691,1.1692,1.1691,1.1691,19269.0,39
2025-07-21 21:08:00,1.1691,1.1691,1.169,1.169,28654.6,69
2025-07-21 21:10:00,1.1691,1.1692,1.1691,1.1691,14317.6,47
2025-07-21 21:12:00,1.1691,1.1691,1.169,1.169,19478.7,42
2025-07-21 21:14:00,1.1691,1.1691,1.169,1.169,12218.1,50
2025-07-21 21:16:00,1.169,1.1691,1.169,1.169,21470.0,43
2025-07-21 21:18:00,1.169,1.1692,1.169,1.1691,27488.0,32
2025-07-21 21:20:00,1.1691,1.1692,1.169,1.169,33245.3,86
2025-07-21 21:22:00,1.169,1.1692,1.169,1.169,15407.300000000001,35
2025-07-21 21:24:00,1.169,1.1692,1.169,1.1691,23704.0,53
2025-07-21 21:26:00,1.1691,1.1692,1.1691,1.1691,29343.7,47
2025-07-21 21:28:00,1.1692,1.1693,1.1691,1.1691,15215.2,46
2025-07-21 21:30:00,1.1692,1.1692,1.169,1.1691,16832.3,50
2025-07-21 21:32:00,1.1691,1.1692,1.169,1.1692,9996.4,53
2025-07-21 21:34:00,1.1692,1.1692,1.1689,1.1691,16696.7,73
2025-07-21 21:36:00,1.1692,1.1693,1.169,1.1691,22882.3,79
2025-07-21 21:38:00,1.1692,1.1693,1.1691,1.1692,19588.4,80
2025-07-21 21:40:00,1.1693,1.1693,1.1691,1.1691,7130.4,41
2025-07-21 21:42:00,1.1693,1.1693,1.1691,1.1691,14687.800000000001,57
2025-07-21 21:44:00,1.1691,1.1693,1.1691,1.1692,5153.0,31
2025-07-21 21:46:00,1.1691,1.1692,1.169,1.1691,15707.1,62
2025-07-21 21:48:00,1.1691,1.1692,1.169,1.169,9719.1,44
2025-07-21 21:50:00,1.169,1.1692,1.169,1.1692,16979.1,38
2025-07-21 21:52:00,1.1693,1.1693,1.169,1.1691,69176.5,95
2025-07-21 21:54:00,1.1692,1.1692,1.169,1.169,14964.0,46
2025-07-21 21:56:00,1.1691,1.1692,1.169,1.169,8588.8,33
2025-07-21 21:58:00,1.169,1.1691,1.1689,1.169,5791.5,29
2025-07-21 22:00:00,1.169,1.1694,1.169,1.1693,21407.3,42
2025-07-21 22:02:00,1.1693,1.1693,1.169,1.1691,10189.8,51
2025-07-21 22:04:00,1.1692,1.1692,1.169,1.1691,8772.7,51
2025-07-21 22:06:00,1.169,1.1692,1.1689,1.1691,8662.2,39
2025-07-21 22:08:00,1.1691,1.1693,1.1691,1.1691,6143.5,25
2025-07-21 22:10:00,1.1691,1.1693,1.1691,1.1693,7672.7,19
2025-07-21 22:12:00,1.1692,1.1693,1.1691,1.1693,3748.0,15
2025-07-21 22:14:00,1.1692,1.1693,1.1691,1.1691,25360.0,56
2025-07-21 22:16:00,1.1691,1.1692,1.169,1.1691,56627.8,120
2025-07-21 22:18:00,1.1691,1.1692,1.1691,1.1691,23750.9,58
2025-07-21 22:20:00,1.1691,1.1691,1.1691,1.1691,7288.5,26
2025-07-21 22:22:00,1.1691,1.1692,1.169,1.1692,16022.199999999999,49
2025-07-21 22:24:00,1.1691,1.1691,1.169,1.169,4854.9,20
2025-07-21 22:26:00,1.169,1.1692,1.169,1.169,19046.0,38
2025-07-21 22:28:00,1.169,1.1693,1.169,1.1693,12126.5,43
2025-07-21 22:30:00,1.1693,1.1693,1.1691,1.1691,9585.1,51
2025-07-21 22:32:00,1.1692,1.1692,1.1691,1.1691,9357.1,48
2025-07-21 22:34:00,1.1692,1.1693,1.1691,1.1692,21064.3,46
2025-07-21 22:36:00,1.1691,1.1693,1.1691,1.1692,5723.0,32
2025-07-21 22:38:00,1.1691,1.1693,1.1691,1.1691,5619.099999999999,42
2025-07-21 22:40:00,1.1691,1.1693,1.1691,1.1692,8538.1,48
2025-07-21 22:42:00,1.1692,1.1693,1.1691,1.1692,10508.4,61
2025-07-21 22:44:00,1.1692,1.1692,1.169,1.1692,12899.6,52
2025-07-21 22:46:00,1.1692,1.1692,1.1689,1.1689,9038.0,56
2025-07-21 22:48:00,1.169,1.1691,1.1689,1.1689,5064.6,32
2025-07-21 22:50:00,1.1689,1.169,1.1688,1.169,4049.6,28
2025-07-21 22:52:00,1.1689,1.1691,1.1688,1.1689,52947.6,195
2025-07-21 22:54:00,1.1689,1.169,1.1689,1.169,6221.7,18
2025-07-21 22:56:00,1.169,1.169,1.1689,1.1689,5035.4,26
2025-07-21 22:58:00,1.1689,1.1691,1.1689,1.1691,5854.0,32
2025-07-21 23:00:00,1.1691,1.1691,1.169,1.169,3098.2,19
2025-07-21 23:02:00,1.1691,1.1691,1.169,1.169,2421.1,15
2025-07-21 23:04:00,1.169,1.1691,1.169,1.169,5815.4,21
2025-07-21 23:06:00,1.169,1.1691,1.1689,1.1689,10755.0,30
2025-07-21 23:08:00,1.169,1.1691,1.1689,1.169,10093.4,35
2025-07-21 23:10:00,1.1691,1.1692,1.1689,1.1689,11014.9,70
2025-07-21 23:12:00,1.1689,1.169,1.1688,1.1689,6745.6,27
2025-07-21 23:14:00,1.169,1.169,1.1688,1.1689,6991.6,43
2025-07-21 23:16:00,1.169,1.169,1.1688,1.1688,6335.0,40
2025-07-21 23:18:00,1.1689,1.1689,1.1688,1.1689,4438.0,25
2025-07-21 23:20:00,1.1688,1.169,1.1687,1.169,16234.0,57
2025-07-21 23:22:00,1.1689,1.169,1.1689,1.1689,6392.3,31
2025-07-21 23:24:00,1.169,1.169,1.1688,1.1688,6125.1,55
2025-07-21 23:26:00,1.1689,1.1689,1.1687,1.1688,6357.7,23
2025-07-21 23:28:00,1.1688,1.1688,1.1687,1.1687,4010.5,33
2025-07-21 23:30:00,1.1687,1.1688,1.1687,1.1688,11449.3,53
2025-07-21 23:32:00,1.1687,1.1689,1.1687,1.1689,12573.0,29
2025-07-21 23:34:00,1.169,1.1691,1.1689,1.1691,5345.3,24
2025-07-21 23:36:00,1.1691,1.1692,1.169,1.1691,4428.3,36
2025-07-21 23:38:00,1.169,1.1691,1.1689,1.1689,4499.9,27
2025-07-21 23:40:00,1.1689,1.1691,1.1689,1.1689,7327.2,31
2025-07-21 23:42:00,1.169,1.169,1.1688,1.1688,5333.1,43
2025-07-21 23:44:00,1.1689,1.1691,1.1689,1.1689,2703.3,23
2025-07-21 23:46:00,1.1689,1.1691,1.1689,1.169,6973.1,28
2025-07-21 23:48:00,1.1691,1.1691,1.1689,1.169,293.5,4
2025-07-21 23:50:00,1.169,1.1693,1.169,1.1691,14801.3,74
2025-07-21 23:52:00,1.1693,1.1694,1.1691,1.1692,5598.6,35
2025-07-21 23:54:00,1.1692,1.1693,1.1692,1.1692,14244.1,25
2025-07-21 23:56:00,1.1692,1.1694,1.1691,1.1692,2634.7999999999997,16
2025-07-21 23:58:00,1.1691,1.1693,1.1691,1.1691,3198.4,16
2025-07-22 00:00:00,1.1692,1.1692,1.1689,1.1689,5958.8,28
2025-07-22 00:02:00,1.1688,1.169,1.1687,1.1687,20813.6,46
2025-07-22 00:04:00,1.1687,1.1688,1.1686,1.1687,26565.899999999998,72
2025-07-22 00:06:00,1.1686,1.1687,1.1684,1.1685,5973.0,39
2025-07-22 00:08:00,1.1686,1.1686,1.1685,1.1686,4270.6,26
2025-07-22 00:10:00,1.1686,1.1686,1.1684,1.1686,355293.8,182
2025-07-22 00:12:00,1.1686,1.1686,1.1685,1.1685,2974.4,15
2025-07-22 00:14:00,1.1685,1.1686,1.1685,1.1686,6746.7,13
2025-07-22 00:16:00,1.1686,1.1686,1.1685,1.1686,4177.0,15
2025-07-22 00:18:00,1.1686,1.1686,1.1685,1.1686,10802.2,16
2025-07-22 00:20:00,1.1686,1.1686,1.1684,1.1685,5476.8,27
2025-07-22 00:22:00,1.1685,1.1685,1.1685,1.1685,6637.8,12
2025-07-22 00:24:00,1.1685,1.1686,1.1685,1.1686,3290.7,11
2025-07-22 00:26:00,1.1685,1.1687,1.1685,1.1687,7853.6,33
2025-07-22 00:28:00,1.1687,1.1688,1.1687,1.1687,8975.4,23
2025-07-22 00:30:00,1.1689,1.169,1.1687,1.1687,61064.2,251
2025-07-22 00:32:00,1.1687,1.1689,1.1687,1.1688,16603.9,46
2025-07-22 00:34:00,1.1689,1.1689,1.1687,1.1689,6263.5,49
2025-07-22 00:36:00,1.1689,1.1689,1.1687,1.1689,16581.5,40
2025-07-22 00:38:00,1.1689,1.169,1.1689,1.169,2426.8,8
2025-07-22 00:40:00,1.1691,1.1691,1.1689,1.1689,3936.3,18
2025-07-22 00:42:00,1.169,1.1692,1.169,1.1692,14405.699999999999,26
2025-07-22 00:44:00,1.1692,1.1692,1.1691,1.1692,13919.9,25
2025-07-22 00:46:00,1.1692,1.1692,1.169,1.1691,16588.2,39
2025-07-22 00:48:00,1.1691,1.1691,1.1689,1.1691,16836.9,52
2025-07-22 00:50:00,1.1691,1.1691,1.1688,1.1688,5352.3,32
2025-07-22 00:52:00,1.1688,1.1689,1.1687,1.1689,540.5,7
2025-07-22 00:54:00,1.169,1.1691,1.1687,1.1687,4431.5,26
2025-07-22 00:56:00,1.1687,1.1689,1.1687,1.1689,4352.1,22
2025-07-22 00:58:00,1.1689,1.1689,1.1686,1.1687,8509.2,25
2025-07-22 01:00:00,1.1687,1.1689,1.1686,1.1688,35444.1,135
2025-07-22 01:02:00,1.1687,1.1688,1.1686,1.1686,10515.7,46
2025-07-22 01:04:00,1.1687,1.1688,1.1683,1.1684,45062.5,130
2025-07-22 01:06:00,1.1683,1.1685,1.1681,1.1681,109989.09999999999,222
2025-07-22 01:08:00,1.1683,1.1684,1.1681,1.1683,9283.2,32
2025-07-22 01:10:00,1.1683,1.1685,1.1683,1.1685,13003.1,38
2025-07-22 01:12:00,1.1686,1.1686,1.1683,1.1685,7307.099999999999,24
2025-07-22 01:14:00,1.1685,1.1685,1.1683,1.1683,48760.7,193
2025-07-22 01:16:00,1.1684,1.1685,1.1681,1.1683,520185.1,521
2025-07-22 01:18:00,1.1684,1.1684,1.168,1.1683,277376.1,443
2025-07-22 01:20:00,1.1683,1.1685,1.1682,1.1685,35514.799999999996,52
2025-07-22 01:22:00,1.1685,1.1686,1.1683,1.1684,46906.8,63
2025-07-22 01:24:00,1.1683,1.1684,1.1681,1.1682,21094.3,36
2025-07-22 01:26:00,1.1682,1.1683,1.168,1.1683,29584.600000000002,29
2025-07-22 01:28:00,1.1683,1.1684,1.1682,1.1682,12484.4,23
2025-07-22 01:30:00,1.1684,1.1687,1.1683,1.1687,35379.8,67
2025-07-22 01:32:00,1.1686,1.1687,1.1684,1.1686,8029.1,21
2025-07-22 01:34:00,1.1686,1.1686,1.1683,1.1685,11747.0,29
2025-07-22 01:36:00,1.1685,1.1685,1.1683,1.1684,15268.199999999999,51
2025-07-22 01:38:00,1.1684,1.1684,1.1681,1.1682,4180.2,45
2025-07-22 01:40:00,1.1681,1.1683,1.168,1.1681,239552.4,260
2025-07-22 01:42:00,1.1681,1.1683,1.168,1.1681,18210.9,50
2025-07-22 01:44:00,1.168,1.1681,1.168,1.1681,12869.4,51
2025-07-22 01:46:00,1.1681,1.1683,1.1681,1.1683,13842.6,52
2025-07-22 01:48:00,1.1682,1.1685,1.1682,1.1685,6032.2,30
2025-07-22 01:50:00,1.1685,1.1686,1.1683,1.1683,18369.0,28
2025-07-22 01:52:00,1.1684,1.1684,1.1682,1.1683,26123.7,68
2025-07-22 01:54:00,1.1684,1.1685,1.1683,1.1684,11929.4,26
2025-07-22 01:56:00,1.1683,1.1685,1.1683,1.1683,2329.8,15
2025-07-22 01:58:00,1.1685,1.1686,1.1684,1.1685,10430.6,27
2025-07-22 02:00:00,1.1685,1.1688,1.1684,1.1687,22737.7,111
2025-07-22 02:02:00,1.1688,1.1689,1.1686,1.1687,7006.9,25
2025-07-22 02:04:00,1.1687,1.169,1.1686,1.1689,9550.5,35
2025-07-22 02:06:00,1.1688,1.1689,1.1687,1.1688,11324.7,23
2025-07-22 02:08:00,1.1688,1.1688,1.1686,1.1688,10533.5,33
2025-07-22 02:10:00,1.1688,1.1691,1.1688,1.169,4056.9,29
2025-07-22 02:12:00,1.1691,1.1691,1.169,1.169,7065.8,35
2025-07-22 02:14:00,1.1691,1.1694,1.169,1.1693,12637.6,31
2025-07-22 02:16:00,1.1693,1.1694,1.1692,1.1692,9967.0,31
2025-07-22 02:18:00,1.1692,1.1694,1.1692,1.1694,8505.9,27
2025-07-22 02:20:00,1.1693,1.1693,1.1691,1.1691,5882.8,22
2025-07-22 02:22:00,1.1691,1.1694,1.1691,1.1694,21208.8,112
2025-07-22 02:24:00,1.1694,1.1694,1.1693,1.1693,3662.0,17
2025-07-22 02:26:00,1.1693,1.1694,1.1691,1.1691,10172.0,58
2025-07-22 02:28:00,1.1691,1.1691,1.169,1.169,10369.199999999999,37
2025-07-22 02:30:00,1.169,1.1692,1.1688,1.169,43282.9,283
2025-07-22 02:32:00,1.169,1.169,1.1688,1.169,3146.0,24
2025-07-22 02:34:00,1.1689,1.1691,1.1689,1.169,6741.1,23
2025-07-22 02:36:00,1.1689,1.169,1.1688,1.169,5656.599999999999,29
2025-07-22 02:38:00,1.1689,1.169,1.1689,1.1689,8330.9,20
2025-07-22 02:40:00,1.1689,1.169,1.1689,1.169,5181.5,15
2025-07-22 02:42:00,1.1689,1.1691,1.1687,1.1687,32429.6,93
2025-07-22 02:44:00,1.1688,1.1689,1.1687,1.1688,4639.6,20
2025-07-22 02:46:00,1.1688,1.1689,1.1688,1.1689,3417.4,15
2025-07-22 02:48:00,1.1689,1.1689,1.1687,1.1689,14973.8,38
2025-07-22 02:50:00,1.1689,1.169,1.1688,1.169,4103.6,18
2025-07-22 02:52:00,1.1689,1.1691,1.1689,1.1689,25508.4,66
2025-07-22 02:54:00,1.169,1.169,1.1689,1.1689,7876.9,24
2025-07-22 02:56:00,1.1689,1.1691,1.1689,1.169,13684.3,54
2025-07-22 02:58:00,1.1691,1.1691,1.1689,1.1691,8746.7,55
2025-07-22 03:00:00,1.1691,1.1691,1.1689,1.1689,9436.3,70
2025-07-22 03:02:00,1.1689,1.1691,1.1689,1.169,10986.7,55
2025-07-22 03:04:00,1.169,1.169,1.1687,1.1688,31979.899999999998,114
2025-07-22 03:06:00,1.1688,1.1688,1.1686,1.1688,9731.5,31
2025-07-22 03:08:00,1.1687,1.1688,1.1686,1.1688,8546.9,38
2025-07-22 03:10:00,1.1688,1.1688,1.1686,1.1686,22418.3,53
2025-07-22 03:12:00,1.1687,1.1687,1.1685,1.1687,13606.3,66
2025-07-22 03:14:00,1.1687,1.1687,1.1685,1.1687,27123.7,59
2025-07-22 03:16:00,1.1686,1.1689,1.1685,1.1686,47939.6,154
2025-07-22 03:18:00,1.1685,1.1687,1.1685,1.1686,19538.1,83
2025-07-22 03:20:00,1.1686,1.1687,1.1685,1.1686,16563.7,65
2025-07-22 03:22:00,1.1686,1.1686,1.1685,1.1685,12624.6,54
2025-07-22 03:24:00,1.1685,1.1687,1.1684,1.1686,13983.8,42
2025-07-22 03:26:00,1.1686,1.1687,1.1685,1.1686,13438.4,49
2025-07-22 03:28:00,1.1687,1.1687,1.1685,1.1686,17346.2,40
2025-07-22 03:30:00,1.1687,1.1687,1.1684,1.1685,11600.7,44
2025-07-22 03:32:00,1.1686,1.1687,1.1684,1.1687,32423.399999999998,83
2025-07-22 03:34:00,1.1686,1.1688,1.1685,1.1686,26063.100000000002,84
2025-07-22 03:36:00,1.1686,1.1687,1.1685,1.1685,19533.0,117
2025-07-22 03:38:00,1.1685,1.1687,1.1685,1.1687,9628.7,40
2025-07-22 03:40:00,1.1687,1.1688,1.1686,1.1687,9018.9,56
2025-07-22 03:42:00,1.1688,1.1688,1.1686,1.1688,13279.2,66
2025-07-22 03:44:00,1.1687,1.1688,1.1687,1.1688,8668.3,31
2025-07-22 03:46:00,1.1688,1.1689,1.1687,1.1689,9479.6,73
2025-07-22 03:48:00,1.1688,1.1688,1.1686,1.1687,8606.3,29
2025-07-22 03:50:00,1.1687,1.1689,1.1686,1.1688,9562.0,31
2025-07-22 03:52:00,1.1688,1.1688,1.1686,1.1686,2428.7,20
2025-07-22 03:54:00,1.1686,1.1687,1.1685,1.1685,4650.5,27
2025-07-22 03:56:00,1.1685,1.1686,1.1684,1.1684,6248.5,32
2025-07-22 03:58:00,1.1684,1.1686,1.1683,1.1686,8516.3,39
2025-07-22 04:00:00,1.1685,1.1686,1.1684,1.1685,12951.300000000001,48
2025-07-22 04:02:00,1.1686,1.1686,1.1684,1.1686,1702.6,17
2025-07-22 04:04:00,1.1686,1.1686,1.1685,1.1685,12057.5,33
2025-07-22 04:06:00,1.1685,1.1686,1.1684,1.1686,2762.2000000000003,14
2025-07-22 04:08:00,1.1686,1.1687,1.1685,1.1686,5900.8,20
2025-07-22 04:10:00,1.1686,1.1687,1.1685,1.1685,8152.799999999999,50
2025-07-22 04:12:00,1.1687,1.1687,1.1684,1.1686,12119.5,58
2025-07-22 04:14:00,1.1685,1.1686,1.1684,1.1684,5293.7,37
2025-07-22 04:16:00,1.1684,1.1687,1.1684,1.1686,12910.1,51
2025-07-22 04:18:00,1.1686,1.1688,1.1686,1.1687,24392.9,104
2025-07-22 04:20:00,1.1687,1.1689,1.1687,1.1689,18531.4,58
2025-07-22 04:22:00,1.1688,1.169,1.1688,1.169,6163.6,29
2025-07-22 04:24:00,1.169,1.169,1.1689,1.1689,12170.6,77
2025-07-22 04:26:00,1.1689,1.1691,1.1689,1.169,12271.0,52
2025-07-22 04:28:00,1.1691,1.1692,1.1689,1.1691,17238.8,56
2025-07-22 04:30:00,1.1692,1.1692,1.1691,1.1692,10752.1,45
2025-07-22 04:32:00,1.1692,1.1693,1.1691,1.1691,27076.4,84
2025-07-22 04:34:00,1.1692,1.1693,1.1691,1.1692,14290.300000000001,84
2025-07-22 04:36:00,1.1692,1.1692,1.169,1.1691,13322.5,66
2025-07-22 04:38:00,1.1691,1.1692,1.1689,1.169,15949.300000000001,44
2025-07-22 04:40:00,1.1689,1.169,1.1688,1.1688,18919.3,62
2025-07-22 04:42:00,1.1689,1.1692,1.1688,1.169,48307.9,144
2025-07-22 04:44:00,1.169,1.1692,1.1688,1.1692,52885.1,99
2025-07-22 04:46:00,1.1692,1.1694,1.1691,1.1693,24509.3,53
2025-07-22 04:48:00,1.1693,1.1694,1.169,1.1692,53487.9,115
2025-07-22 04:50:00,1.1693,1.1694,1.1691,1.1693,39206.5,123
2025-07-22 04:52:00,1.1692,1.1693,1.1691,1.1693,56063.6,138
2025-07-22 04:54:00,1.1693,1.1693,1.169,1.1691,65904.7,151
2025-07-22 04:56:00,1.1691,1.1691,1.1689,1.1691,53892.4,131
2025-07-22 04:58:00,1.1689,1.1691,1.1687,1.1689,75775.8,235
2025-07-22 05:00:00,1.1688,1.1691,1.1687,1.1691,62922.9,151
2025-07-22 05:02:00,1.1691,1.1692,1.1689,1.1692,41598.2,126
2025-07-22 05:04:00,1.1692,1.1693,1.169,1.1693,63572.6,149
2025-07-22 05:06:00,1.1693,1.1694,1.1691,1.1691,23273.5,110
2025-07-22 05:08:00,1.1691,1.1692,1.169,1.169,23388.3,66
2025-07-22 05:10:00,1.169,1.1691,1.1689,1.1689,19573.8,46
2025-07-22 05:12:00,1.169,1.1693,1.1687,1.1688,54579.2,173
2025-07-22 05:14:00,1.1688,1.1689,1.1687,1.1688,20643.7,77
2025-07-22 05:16:00,1.1689,1.1689,1.1685,1.1686,27624.7,98
2025-07-22 05:18:00,1.1687,1.1688,1.1686,1.1686,32456.2,94
2025-07-22 05:20:00,1.1687,1.1687,1.1684,1.1685,23581.9,78
2025-07-22 05:22:00,1.1685,1.1686,1.1684,1.1685,20893.5,49
2025-07-22 05:24:00,1.1685,1.1686,1.1684,1.1686,10090.9,40
2025-07-22 05:26:00,1.1686,1.1688,1.1685,1.1687,21109.9,70
2025-07-22 05:28:00,1.1688,1.1688,1.1686,1.1687,12395.6,47
2025-07-22 05:30:00,1.1686,1.1688,1.1686,1.1687,18347.3,74
2025-07-22 05:32:00,1.1688,1.1689,1.1687,1.1687,13101.3,65
2025-07-22 05:34:00,1.1688,1.1689,1.1686,1.1688,15561.6,102
2025-07-22 05:36:00,1.1688,1.169,1.1685,1.1686,18324.3,68
2025-07-22 05:38:00,1.1686,1.1686,1.1684,1.1686,11055.3,35
2025-07-22 05:40:00,1.1685,1.1688,1.1685,1.1686,16297.0,61
2025-07-22 05:42:00,1.1686,1.1687,1.1685,1.1687,10645.0,56
2025-07-22 05:44:00,1.1687,1.1687,1.1683,1.1684,13271.0,70
2025-07-22 05:46:00,1.1685,1.1687,1.1683,1.1686,12969.0,42
2025-07-22 05:48:00,1.1686,1.1686,1.1682,1.1684,26242.9,81
2025-07-22 05:50:00,1.1683,1.1685,1.1683,1.1685,18249.7,53
2025-07-22 05:52:00,1.1684,1.1686,1.1683,1.1686,18088.7,56
2025-07-22 05:54:00,1.1686,1.1687,1.1684,1.1687,7400.0,48
2025-07-22 05:56:00,1.1687,1.1687,1.1686,1.1687,7691.7,26
2025-07-22 05:58:00,1.1686,1.1689,1.1686,1.1689,14654.3,64
2025-07-22 06:00:00,1.1687,1.1688,1.1686,1.1687,9545.7,50
2025-07-22 06:02:00,1.1687,1.1688,1.1686,1.1688,14247.0,45
2025-07-22 06:04:00,1.1688,1.1689,1.1687,1.1689,5609.5,34
2025-07-22 06:06:00,1.1687,1.169,1.1686,1.1689,12518.0,55
2025-07-22 06:08:00,1.1689,1.169,1.1687,1.1688,13523.0,42
2025-07-22 06:10:00,1.1688,1.169,1.1687,1.1688,12362.1,50
2025-07-22 06:12:00,1.1689,1.169,1.1688,1.1689,18891.9,68
2025-07-22 06:14:00,1.1688,1.169,1.1688,1.169,21471.6,86
2025-07-22 06:16:00,1.169,1.169,1.1688,1.169,19455.5,64
2025-07-22 06:18:00,1.169,1.169,1.1688,1.1689,13725.9,38
2025-07-22 06:20:00,1.1688,1.1689,1.1687,1.1688,26593.9,78
2025-07-22 06:22:00,1.1686,1.1687,1.1685,1.1685,19207.2,98
2025-07-22 06:24:00,1.1685,1.1686,1.1682,1.1684,54935.7,94
2025-07-22 06:26:00,1.1683,1.1685,1.1683,1.1684,12340.0,41
2025-07-22 06:28:00,1.1684,1.1684,1.1682,1.1682,8982.9,43
2025-07-22 06:30:00,1.1683,1.1685,1.1681,1.1684,21910.4,88
2025-07-22 06:32:00,1.1685,1.1687,1.1684,1.1686,30471.8,81
2025-07-22 06:34:00,1.1685,1.1688,1.1685,1.1688,25845.9,111
2025-07-22 06:36:00,1.1687,1.1688,1.1684,1.1686,18997.4,67
2025-07-22 06:38:00,1.1684,1.1688,1.1683,1.1686,24150.4,106
2025-07-22 06:40:00,1.1686,1.1687,1.1685,1.1687,25469.0,73
2025-07-22 06:42:00,1.1687,1.1687,1.1685,1.1686,21200.3,76
2025-07-22 06:44:00,1.1686,1.1687,1.1683,1.1687,18165.0,87
2025-07-22 06:46:00,1.1685,1.1688,1.1684,1.1686,28156.3,97
2025-07-22 06:48:00,1.1686,1.1688,1.1686,1.1686,22317.7,89
2025-07-22 06:50:00,1.1688,1.1688,1.1686,1.1686,25320.0,71
2025-07-22 06:52:00,1.1688,1.1689,1.1686,1.1688,20162.0,79
2025-07-22 06:54:00,1.1687,1.1688,1.1683,1.1686,26959.0,90
2025-07-22 06:56:00,1.1686,1.1688,1.1684,1.1688,22019.9,54
2025-07-22 06:58:00,1.1689,1.1691,1.1688,1.1691,32713.2,117
2025-07-22 07:00:00,1.1691,1.1691,1.1687,1.169,25801.8,64
2025-07-22 07:02:00,1.1689,1.1691,1.1688,1.1689,19333.9,72
2025-07-22 07:04:00,1.1689,1.169,1.1687,1.169,47331.3,102
2025-07-22 07:06:00,1.169,1.169,1.1687,1.1688,28783.5,78
2025-07-22 07:08:00,1.1688,1.1689,1.1684,1.1686,35571.5,155
2025-07-22 07:10:00,1.1684,1.1687,1.1684,1.1686,41225.7,123
2025-07-22 07:12:00,1.1687,1.1687,1.1684,1.1686,86812.4,94
2025-07-22 07:14:00,1.1685,1.1686,1.1683,1.1684,45564.7,121
2025-07-22 07:16:00,1.1684,1.1684,1.1681,1.1682,42127.799999999996,120
2025-07-22 07:18:00,1.1682,1.1683,1.1681,1.1681,22711.3,77
2025-07-22 07:20:00,1.1681,1.1684,1.1681,1.1683,28827.8,64
2025-07-22 07:22:00,1.1683,1.1685,1.1683,1.1684,30246.1,86
2025-07-22 07:24:00,1.1684,1.1685,1.1681,1.1683,26201.5,75
2025-07-22 07:26:00,1.1683,1.1685,1.1682,1.1684,14799.4,80
2025-07-22 07:28:00,1.1684,1.1686,1.1683,1.1685,36604.2,120
2025-07-22 07:30:00,1.1685,1.1686,1.1685,1.1685,24776.3,73
2025-07-22 07:32:00,1.1685,1.1686,1.1684,1.1686,44853.0,72
2025-07-22 07:34:00,1.1686,1.1686,1.1685,1.1685,16069.5,43
2025-07-22 07:36:00,1.1686,1.1686,1.1684,1.1686,53336.799999999996,84
2025-07-22 07:38:00,1.1686,1.1687,1.1685,1.1686,34123.9,72
2025-07-22 07:40:00,1.1685,1.1686,1.1685,1.1686,36015.8,187
2025-07-22 07:42:00,1.1686,1.1686,1.1684,1.1685,20683.8,77
2025-07-22 07:44:00,1.1684,1.1685,1.1683,1.1684,65883.4,60
2025-07-22 07:46:00,1.1685,1.1685,1.1682,1.1685,104041.9,73
2025-07-22 07:48:00,1.1685,1.1685,1.1684,1.1684,22246.7,65
2025-07-22 07:50:00,1.1684,1.1686,1.1682,1.1682,35248.8,85
2025-07-22 07:52:00,1.1683,1.1684,1.1682,1.1682,28713.7,94
2025-07-22 07:54:00,1.1683,1.1684,1.1682,1.1683,34905.2,99
2025-07-22 07:56:00,1.1683,1.1685,1.1682,1.1682,32719.0,102
2025-07-22 07:58:00,1.1683,1.1684,1.1682,1.1682,12359.699999999999,69
2025-07-22 08:00:00,1.1683,1.1685,1.1682,1.1684,21019.9,71
2025-07-22 08:02:00,1.1684,1.1688,1.1684,1.1687,20905.3,67
2025-07-22 08:04:00,1.1687,1.1691,1.1686,1.169,42441.3,116
2025-07-22 08:06:00,1.1692,1.1695,1.169,1.1694,218899.2,511
2025-07-22 08:08:00,1.1692,1.1694,1.169,1.169,76239.6,138
2025-07-22 08:10:00,1.1691,1.1694,1.169,1.1692,34993.2,99
2025-07-22 08:12:00,1.1693,1.1694,1.169,1.169,38053.9,54
2025-07-22 08:14:00,1.1692,1.1693,1.1689,1.1692,60248.8,77
2025-07-22 08:16:00,1.1692,1.1693,1.1689,1.1689,114128.4,167
2025-07-22 08:18:00,1.169,1.1692,1.1689,1.169,43894.2,122
2025-07-22 08:20:00,1.169,1.1692,1.1689,1.169,50058.6,99
2025-07-22 08:22:00,1.169,1.1693,1.169,1.1692,44191.3,114
2025-07-22 08:24:00,1.1692,1.1694,1.169,1.1693,62131.7,162
2025-07-22 08:26:00,1.1691,1.1693,1.169,1.1693,35834.8,98
2025-07-22 08:28:00,1.1692,1.1693,1.169,1.1693,20077.0,48
2025-07-22 08:30:00,1.1693,1.1695,1.1691,1.1695,23332.3,90
2025-07-22 08:32:00,1.1694,1.17,1.1694,1.17,31660.7,90
2025-07-22 08:34:00,1.1698,1.17,1.1697,1.1698,26798.7,44
2025-07-22 08:36:00,1.17,1.1701,1.1698,1.17,37004.4,73
2025-07-22 08:38:00,1.17,1.1704,1.1699,1.1701,85765.6,187
2025-07-22 08:40:00,1.1702,1.1702,1.17,1.1701,25092.4,68
2025-07-22 08:42:00,1.17,1.1703,1.1699,1.17,23610.9,52
2025-07-22 08:44:00,1.17,1.1703,1.1698,1.1699,28796.1,77
2025-07-22 08:46:00,1.1699,1.1702,1.1698,1.1702,20762.8,53
2025-07-22 08:48:00,1.1702,1.1702,1.17,1.1702,20829.3,47
2025-07-22 08:50:00,1.1701,1.1703,1.17,1.1703,25679.0,58
2025-07-22 08:52:00,1.1702,1.1703,1.1701,1.1702,27366.1,71
2025-07-22 08:54:00,1.1702,1.1702,1.17,1.1701,41800.9,107
2025-07-22 08:56:00,1.1701,1.1701,1.1698,1.1698,24691.8,87
2025-07-22 08:58:00,1.1699,1.17,1.1698,1.1699,28259.2,92
2025-07-22 09:00:00,1.1699,1.1702,1.1699,1.17,20986.9,70
2025-07-22 09:02:00,1.1701,1.1704,1.17,1.1702,21862.4,71
2025-07-22 09:04:00,1.1703,1.1703,1.1699,1.1701,31566.5,83
2025-07-22 09:06:00,1.1701,1.1701,1.1698,1.1698,39027.7,94
2025-07-22 09:08:00,1.17,1.17,1.1697,1.17,36591.8,91
2025-07-22 09:10:00,1.1698,1.1699,1.1697,1.1699,15959.3,50
2025-07-22 09:12:00,1.1698,1.1702,1.1698,1.1701,22487.5,70
2025-07-22 09:14:00,1.1699,1.1703,1.1698,1.17,41130.9,91
2025-07-22 09:16:00,1.1701,1.1702,1.1698,1.1701,57377.7,114
2025-07-22 09:18:00,1.1701,1.1703,1.1701,1.1702,29069.5,79
2025-07-22 09:20:00,1.1702,1.1704,1.1701,1.1704,34623.4,86
2025-07-22 09:22:00,1.1704,1.1705,1.1702,1.1703,23585.0,73
2025-07-22 09:24:00,1.1705,1.1705,1.1703,1.1704,20870.1,59
2025-07-22 09:26:00,1.1703,1.1706,1.1703,1.1705,40096.9,109
2025-07-22 09:28:00,1.1703,1.1705,1.1699,1.1701,50295.2,89
2025-07-22 09:30:00,1.17,1.1703,1.1699,1.1701,30012.5,88
2025-07-22 09:32:00,1.1702,1.1703,1.17,1.1702,23198.1,78
2025-07-22 09:34:00,1.1701,1.1702,1.1698,1.17,25252.8,75
2025-07-22 09:36:00,1.1699,1.17,1.1697,1.17,40838.7,95
2025-07-22 09:38:00,1.1698,1.17,1.1697,1.1697,23786.0,65
2025-07-22 09:40:00,1.1698,1.17,1.1696,1.17,20591.9,53
2025-07-22 09:42:00,1.17,1.1701,1.1697,1.1701,45138.2,102
2025-07-22 09:44:00,1.17,1.1702,1.17,1.1701,27681.3,88
2025-07-22 09:46:00,1.1701,1.1704,1.1701,1.1703,49501.7,197
2025-07-22 09:48:00,1.1703,1.1705,1.1702,1.1703,21241.4,47
2025-07-22 09:50:00,1.1703,1.1705,1.1703,1.1705,26981.7,72
2025-07-22 09:52:00,1.1705,1.1707,1.1704,1.1705,14455.4,87
2025-07-22 09:54:00,1.1705,1.1708,1.1705,1.1706,21480.9,58
2025-07-22 09:56:00,1.1706,1.1708,1.1706,1.1706,31411.8,99
2025-07-22 09:58:00,1.1708,1.1709,1.1706,1.1707,13125.300000000001,56
2025-07-22 10:00:00,1.1707,1.1709,1.1707,1.1708,26764.3,80
2025-07-22 10:02:00,1.1708,1.1709,1.1708,1.1708,16659.1,57
2025-07-22 10:04:00,1.1708,1.171,1.1708,1.171,12881.6,49
2025-07-22 10:06:00,1.1709,1.171,1.1709,1.1709,16015.300000000001,45
2025-07-22 10:08:00,1.1709,1.1711,1.1708,1.171,40777.8,82
2025-07-22 10:10:00,1.1709,1.1711,1.1709,1.1709,18096.2,77
2025-07-22 10:12:00,1.1711,1.1712,1.1709,1.171,9216.6,54
2025-07-22 10:14:00,1.171,1.1713,1.1709,1.1712,18958.8,71
2025-07-22 10:16:00,1.1711,1.1712,1.1708,1.1709,31805.1,66
2025-07-22 10:18:00,1.1709,1.171,1.1706,1.1708,20765.6,65
2025-07-22 10:20:00,1.1708,1.1708,1.1705,1.1708,21204.8,74
2025-07-22 10:22:00,1.1708,1.171,1.1707,1.1709,30551.2,110
2025-07-22 10:24:00,1.1709,1.1709,1.1706,1.1706,16919.2,66
2025-07-22 10:26:00,1.1706,1.1707,1.1705,1.1706,24084.399999999998,74
2025-07-22 10:28:00,1.1707,1.1707,1.1704,1.1705,23400.8,48
2025-07-22 10:30:00,1.1706,1.1707,1.1705,1.1707,30333.3,90
2025-07-22 10:32:00,1.1706,1.1707,1.1704,1.1704,23619.1,78
2025-07-22 10:34:00,1.1705,1.1706,1.1704,1.1705,19722.5,73
2025-07-22 10:36:00,1.1704,1.1706,1.1704,1.1704,13843.9,56
2025-07-22 10:38:00,1.1704,1.1705,1.1703,1.1705,21944.5,71
2025-07-22 10:40:00,1.1705,1.1705,1.1703,1.1704,19599.6,61
2025-07-22 10:42:00,1.1703,1.1704,1.1701,1.1703,48812.0,117
2025-07-22 10:44:00,1.1702,1.1706,1.1702,1.1705,30416.7,91
2025-07-22 10:46:00,1.1705,1.1706,1.1704,1.1704,30031.6,89
2025-07-22 10:48:00,1.1704,1.1707,1.1703,1.1705,39174.5,124
2025-07-22 10:50:00,1.1704,1.1704,1.1702,1.1703,26060.3,60
2025-07-22 10:52:00,1.1703,1.1704,1.1701,1.1702,27476.899999999998,73
2025-07-22 10:54:00,1.1704,1.1704,1.1701,1.1703,29894.3,82
2025-07-22 10:56:00,1.1703,1.1704,1.1703,1.1704,14688.6,57
2025-07-22 10:58:00,1.1703,1.1704,1.1701,1.1702,37144.3,73
2025-07-22 11:00:00,1.1702,1.1704,1.1702,1.1702,24620.6,89
2025-07-22 11:02:00,1.1703,1.1703,1.1701,1.1702,28406.7,95
2025-07-22 11:04:00,1.1702,1.1703,1.1701,1.1702,21451.3,92
2025-07-22 11:06:00,1.1702,1.1703,1.1701,1.1702,30862.6,79
2025-07-22 11:08:00,1.1703,1.1703,1.1697,1.17,82597.5,275
2025-07-22 11:10:00,1.1699,1.17,1.1697,1.1699,62694.6,166
2025-07-22 11:12:00,1.17,1.17,1.1698,1.1699,14967.1,30
2025-07-22 11:14:00,1.17,1.17,1.1698,1.17,13367.2,56
2025-07-22 11:16:00,1.1698,1.1701,1.1698,1.1701,10558.0,44
2025-07-22 11:18:00,1.17,1.1703,1.17,1.1702,38114.5,95
2025-07-22 11:20:00,1.1702,1.1702,1.1699,1.1701,23506.0,54
2025-07-22 11:22:00,1.1701,1.1702,1.1699,1.17,23541.2,67
2025-07-22 11:24:00,1.17,1.1701,1.1697,1.1697,28967.8,78
2025-07-22 11:26:00,1.1697,1.1698,1.1695,1.1695,15817.1,62
2025-07-22 11:28:00,1.1695,1.1697,1.1694,1.1695,30253.3,88
2025-07-22 11:30:00,1.1695,1.1699,1.1695,1.1698,32240.0,91
2025-07-22 11:32:00,1.1698,1.17,1.1697,1.1698,43014.9,64
2025-07-22 11:34:00,1.1699,1.17,1.1697,1.17,12774.1,52
2025-07-22 11:36:00,1.17,1.1701,1.1698,1.1698,14050.5,49
2025-07-22 11:38:00,1.17,1.1701,1.1696,1.1697,47406.2,146
2025-07-22 11:40:00,1.1697,1.1699,1.1696,1.1697,17974.7,68
2025-07-22 11:42:00,1.1697,1.1698,1.1696,1.1696,28005.7,69
2025-07-22 11:44:00,1.1696,1.1698,1.1695,1.1698,22447.0,72
2025-07-22 11:46:00,1.1696,1.1699,1.1696,1.1698,45180.1,79
2025-07-22 11:48:00,1.1698,1.1699,1.1696,1.1698,42367.2,88
2025-07-22 11:50:00,1.1697,1.1699,1.1696,1.1697,29849.2,80
2025-07-22 11:52:00,1.1696,1.1699,1.1696,1.1697,31222.5,45
2025-07-22 11:54:00,1.1698,1.1699,1.1697,1.1698,21084.2,51
2025-07-22 11:56:00,1.1697,1.1699,1.1696,1.1698,32907.200000000004,98
2025-07-22 11:58:00,1.1698,1.17,1.1697,1.1699,22662.1,66
2025-07-22 12:00:00,1.17,1.1703,1.1699,1.1702,20447.3,56
2025-07-22 12:02:00,1.1702,1.1703,1.1698,1.1699,18801.5,78
2025-07-22 12:04:00,1.17,1.1701,1.1698,1.1698,34575.6,93
2025-07-22 12:06:00,1.1698,1.17,1.1698,1.1699,18228.0,39
2025-07-22 12:08:00,1.17,1.17,1.1698,1.1699,13729.7,46
2025-07-22 12:10:00,1.1698,1.1698,1.1695,1.1697,32212.1,91
2025-07-22 12:12:00,1.1698,1.1699,1.1697,1.1698,27851.0,161
2025-07-22 12:14:00,1.1697,1.1698,1.1691,1.1695,49799.3,113
2025-07-22 12:16:00,1.1695,1.1695,1.169,1.1691,37350.0,122
2025-07-22 12:18:00,1.1692,1.1692,1.1688,1.1689,35230.2,115
2025-07-22 12:20:00,1.169,1.1691,1.1687,1.1687,51306.9,108
2025-07-22 12:22:00,1.1689,1.1692,1.1687,1.1692,23051.899999999998,117
2025-07-22 12:24:00,1.1691,1.1692,1.169,1.169,21334.1,52
2025-07-22 12:26:00,1.1691,1.1691,1.169,1.169,8779.7,40
2025-07-22 12:28:00,1.1691,1.1692,1.169,1.1691,20453.1,47
2025-07-22 12:30:00,1.169,1.1693,1.169,1.1691,18694.4,77
2025-07-22 12:32:00,1.1691,1.1693,1.1689,1.1689,33442.8,97
2025-07-22 12:34:00,1.169,1.1691,1.1688,1.169,34746.4,76
2025-07-22 12:36:00,1.1691,1.1691,1.1689,1.1689,20475.3,86
2025-07-22 12:38:00,1.169,1.1691,1.1687,1.1689,35708.3,96
2025-07-22 12:40:00,1.1688,1.1689,1.1688,1.1688,15312.0,66
2025-07-22 12:42:00,1.1688,1.1689,1.1687,1.1688,27384.1,71
2025-07-22 12:44:00,1.1688,1.1689,1.1686,1.1687,34578.1,87
2025-07-22 12:46:00,1.1687,1.1689,1.1685,1.1689,41581.2,113
2025-07-22 12:48:00,1.1689,1.169,1.1685,1.1686,74006.5,272
2025-07-22 12:50:00,1.1686,1.1687,1.1684,1.1687,25418.7,96
2025-07-22 12:52:00,1.1687,1.169,1.1687,1.1689,14273.0,150
2025-07-22 12:54:00,1.169,1.1693,1.1689,1.1691,21089.7,125
2025-07-22 12:56:00,1.1691,1.1692,1.1689,1.169,52628.3,108
2025-07-22 12:58:00,1.169,1.1692,1.169,1.1691,31840.1,73
2025-07-22 13:00:00,1.1692,1.1697,1.1692,1.1696,27392.5,105
2025-07-22 13:02:00,1.1697,1.1697,1.1694,1.1695,38643.4,118
2025-07-22 13:04:00,1.1695,1.1695,1.169,1.169,29635.9,85
2025-07-22 13:06:00,1.1691,1.1694,1.1688,1.1688,46822.7,97
2025-07-22 13:08:00,1.1689,1.169,1.1685,1.1685,35437.3,84
2025-07-22 13:10:00,1.1686,1.1687,1.1681,1.1682,32524.6,86
2025-07-22 13:12:00,1.1682,1.1685,1.1682,1.1683,37812.0,89
2025-07-22 13:14:00,1.1683,1.1686,1.1683,1.1686,17298.4,48
2025-07-22 13:16:00,1.1686,1.169,1.1686,1.1686,38250.6,99
2025-07-22 13:18:00,1.1687,1.1687,1.1684,1.1685,13323.2,45
2025-07-22 13:20:00,1.1685,1.1688,1.1685,1.1688,10131.699999999999,26
2025-07-22 13:22:00,1.1688,1.1691,1.1688,1.169,25018.7,54
2025-07-22 13:24:00,1.169,1.1694,1.169,1.1692,25959.0,105
2025-07-22 13:26:00,1.1693,1.1695,1.1692,1.1693,7265.7,25
2025-07-22 13:28:00,1.1693,1.1694,1.169,1.1691,19916.0,61
2025-07-22 13:30:00,1.169,1.1693,1.169,1.1692,29185.5,64
2025-07-22 13:32:00,1.1693,1.1694,1.1689,1.1691,49510.3,180
2025-07-22 13:34:00,1.1692,1.1692,1.1689,1.169,25451.100000000002,87
2025-07-22 13:36:00,1.1691,1.1694,1.1691,1.1691,21991.4,71
2025-07-22 13:38:00,1.1691,1.1694,1.1691,1.1693,16104.199999999999,54
2025-07-22 13:40:00,1.1694,1.1698,1.1693,1.1698,16446.899999999998,55
2025-07-22 13:42:00,1.1697,1.1703,1.1692,1.1702,200029.2,199
2025-07-22 13:44:00,1.1702,1.1703,1.17,1.1703,52742.2,81
2025-07-22 13:46:00,1.1702,1.1703,1.1696,1.1698,68856.4,248
2025-07-22 13:48:00,1.17,1.1702,1.1697,1.17,65258.299999999996,151
2025-07-22 13:50:00,1.1701,1.1703,1.1699,1.1701,57420.6,181
2025-07-22 13:52:00,1.17,1.1704,1.1699,1.1701,43981.2,144
2025-07-22 13:54:00,1.1702,1.1705,1.17,1.1704,96518.5,160
2025-07-22 13:56:00,1.1704,1.1706,1.1703,1.1705,54649.4,164
2025-07-22 13:58:00,1.1704,1.1707,1.1703,1.1704,57417.7,151
2025-07-22 14:00:00,1.1705,1.1706,1.1702,1.1702,52333.3,128
2025-07-22 14:02:00,1.1703,1.1704,1.1701,1.1702,47794.2,140
2025-07-22 14:04:00,1.1702,1.1702,1.1697,1.1697,73418.3,202
2025-07-22 14:06:00,1.1697,1.17,1.1697,1.1697,52798.8,132
2025-07-22 14:08:00,1.1698,1.1699,1.1695,1.1696,32727.5,81
2025-07-22 14:10:00,1.1696,1.17,1.1695,1.1699,26022.7,119
2025-07-22 14:12:00,1.1698,1.1704,1.1698,1.1701,22223.1,102
2025-07-22 14:14:00,1.1702,1.1703,1.1698,1.1701,27725.6,129
2025-07-22 14:16:00,1.17,1.1703,1.1699,1.1702,24233.5,77
2025-07-22 14:18:00,1.1702,1.1702,1.1697,1.1697,20313.6,84
2025-07-22 14:20:00,1.1697,1.17,1.1697,1.1699,37442.0,95
2025-07-22 14:22:00,1.1699,1.1701,1.1697,1.17,21109.8,108
2025-07-22 14:24:00,1.17,1.1701,1.1698,1.1701,12765.7,58
2025-07-22 14:26:00,1.1701,1.1701,1.1699,1.17,20471.7,80
2025-07-22 14:28:00,1.17,1.1701,1.1698,1.17,23939.3,65
2025-07-22 14:30:00,1.1699,1.1701,1.1698,1.17,26606.6,80
2025-07-22 14:32:00,1.1698,1.1702,1.1698,1.17,35667.1,123
2025-07-22 14:34:00,1.17,1.1701,1.1699,1.1701,22906.5,59
2025-07-22 14:36:00,1.17,1.1703,1.1699,1.1701,16202.300000000001,53
2025-07-22 14:38:00,1.1703,1.1703,1.17,1.17,26463.9,55
2025-07-22 14:40:00,1.1699,1.1701,1.1698,1.1699,12274.9,34
2025-07-22 14:42:00,1.17,1.1704,1.1699,1.1703,19983.7,46
2025-07-22 14:44:00,1.1703,1.1705,1.1701,1.1703,23851.5,48
2025-07-22 14:46:00,1.1703,1.1706,1.1703,1.1705,29103.0,71
2025-07-22 14:48:00,1.1705,1.1712,1.1705,1.1712,25735.8,75
2025-07-22 14:50:00,1.1712,1.1715,1.1711,1.1714,33354.4,79
2025-07-22 14:52:00,1.1715,1.1717,1.1713,1.1717,26422.2,72
2025-07-22 14:54:00,1.1716,1.172,1.1716,1.1718,41622.799999999996,124
2025-07-22 14:56:00,1.1719,1.1721,1.1719,1.172,27021.8,83
2025-07-22 14:58:00,1.1721,1.1723,1.172,1.172,26026.2,77
2025-07-22 15:00:00,1.1722,1.1722,1.1718,1.1722,20489.2,49
2025-07-22 15:02:00,1.1721,1.1721,1.1718,1.1718,13141.8,46
2025-07-22 15:04:00,1.1718,1.1719,1.1713,1.1713,23556.0,99
2025-07-22 15:06:00,1.1714,1.1716,1.1713,1.1713,27205.0,80
2025-07-22 15:08:00,1.1713,1.1716,1.1713,1.1715,20609.4,60
2025-07-22 15:10:00,1.1715,1.172,1.1714,1.172,23908.1,95
2025-07-22 15:12:00,1.1719,1.1728,1.1719,1.1726,42124.2,191
2025-07-22 15:14:00,1.1726,1.1728,1.1726,1.1728,29677.0,73
2025-07-22 15:16:00,1.1728,1.1733,1.1727,1.1733,43301.200000000004,120
2025-07-22 15:18:00,1.1732,1.1733,1.1731,1.1731,22564.5,106
2025-07-22 15:20:00,1.1731,1.1734,1.173,1.1733,29310.9,119
2025-07-22 15:22:00,1.1732,1.1735,1.1732,1.1734,22048.0,109
2025-07-22 15:24:00,1.1734,1.1735,1.1733,1.1733,14616.2,49
2025-07-22 15:26:00,1.1733,1.1735,1.1732,1.1733,16352.1,59
2025-07-22 15:28:00,1.1734,1.1734,1.1731,1.1734,18760.9,60
2025-07-22 15:30:00,1.1734,1.1734,1.1729,1.1732,23333.6,65
2025-07-22 15:32:00,1.1732,1.1734,1.1732,1.1732,24693.8,56
2025-07-22 15:34:00,1.1733,1.1735,1.1733,1.1735,23260.2,55
2025-07-22 15:36:00,1.1735,1.174,1.1735,1.174,32247.7,146
2025-07-22 15:38:00,1.174,1.1743,1.1739,1.1742,46503.2,262
2025-07-22 15:40:00,1.174,1.1742,1.1736,1.1737,37834.1,70
2025-07-22 15:42:00,1.1737,1.1738,1.1736,1.1736,11098.7,45
2025-07-22 15:44:00,1.1738,1.1739,1.1737,1.1738,17532.7,56
2025-07-22 15:46:00,1.1737,1.1738,1.1734,1.1736,26078.8,62
2025-07-22 15:48:00,1.1737,1.1738,1.1735,1.1736,18384.1,70
2025-07-22 15:50:00,1.1737,1.174,1.1735,1.1738,20620.8,66
2025-07-22 15:52:00,1.1738,1.174,1.1735,1.1738,23993.3,89
2025-07-22 15:54:00,1.1739,1.1742,1.1738,1.1741,11703.7,54
2025-07-22 15:56:00,1.1741,1.1743,1.174,1.1741,13844.9,52
2025-07-22 15:58:00,1.1741,1.1745,1.1741,1.1745,7002.8,44
2025-07-22 16:00:00,1.1744,1.1744,1.1741,1.1744,16717.6,44
2025-07-22 16:02:00,1.1743,1.1744,1.1742,1.1743,12924.2,35
2025-07-22 16:04:00,1.1743,1.1745,1.1742,1.1743,11450.0,60
2025-07-22 16:06:00,1.1743,1.1749,1.1743,1.1749,20513.1,63
2025-07-22 16:08:00,1.1748,1.1756,1.1748,1.1755,58713.8,194
2025-07-22 16:10:00,1.1755,1.1757,1.1754,1.1755,29889.4,112
2025-07-22 16:12:00,1.1755,1.1757,1.1754,1.1755,19382.5,64
2025-07-22 16:14:00,1.1756,1.1756,1.1752,1.1754,22004.1,84
2025-07-22 16:16:00,1.1754,1.1755,1.1753,1.1754,12167.9,45
2025-07-22 16:18:00,1.1754,1.1757,1.1754,1.1756,20870.1,64
2025-07-22 16:20:00,1.1755,1.1757,1.1755,1.1756,21108.5,69
2025-07-22 16:22:00,1.1755,1.1756,1.1753,1.1754,12602.2,30
2025-07-22 16:24:00,1.1753,1.1755,1.1751,1.1755,24965.6,55
2025-07-22 16:26:00,1.1754,1.1757,1.1754,1.1756,36089.1,116
2025-07-22 16:28:00,1.1757,1.1758,1.1754,1.1754,31125.2,131
2025-07-22 16:30:00,1.1758,1.1759,1.1755,1.1756,15222.8,75
2025-07-22 16:32:00,1.1755,1.1758,1.1755,1.1758,4857.7,38
2025-07-22 16:34:00,1.1756,1.1757,1.1755,1.1756,13053.9,56
2025-07-22 16:36:00,1.1756,1.1756,1.1754,1.1754,10879.4,51
2025-07-22 16:38:00,1.1755,1.1756,1.1753,1.1755,10978.6,45
2025-07-22 16:40:00,1.1755,1.1755,1.1751,1.1753,14493.4,68
2025-07-22 16:42:00,1.1753,1.1756,1.1753,1.1756,3896.1,35
2025-07-22 16:44:00,1.1755,1.1756,1.1755,1.1755,9983.5,30
2025-07-22 16:46:00,1.1756,1.1756,1.1753,1.1753,8992.7,67
2025-07-22 16:48:00,1.1753,1.1755,1.1751,1.1754,15505.8,49
2025-07-22 16:50:00,1.1753,1.1755,1.1752,1.1754,21783.7,72
2025-07-22 16:52:00,1.1755,1.1755,1.1752,1.1753,5780.6,33
2025-07-22 16:54:00,1.1753,1.1753,1.1749,1.1752,13349.4,53
2025-07-22 16:56:00,1.1753,1.1756,1.1751,1.1756,9874.1,44
2025-07-22 16:58:00,1.1755,1.1756,1.1754,1.1754,12003.1,50
2025-07-22 17:00:00,1.1754,1.1754,1.1751,1.1751,11358.4,61
2025-07-22 17:02:00,1.1751,1.1753,1.1749,1.1751,11584.9,50
2025-07-22 17:04:00,1.1753,1.1753,1.175,1.175,20062.3,54
2025-07-22 17:06:00,1.1751,1.1754,1.175,1.1752,14247.7,61
2025-07-22 17:08:00,1.1753,1.1753,1.1749,1.1751,22370.1,64
2025-07-22 17:10:00,1.1752,1.1752,1.175,1.175,36993.2,129
2025-07-22 17:12:00,1.1751,1.1752,1.175,1.1751,18639.0,69
2025-07-22 17:14:00,1.1751,1.1754,1.1751,1.1753,16171.5,40
2025-07-22 17:16:00,1.1752,1.1753,1.175,1.1751,17165.2,41
2025-07-22 17:18:00,1.1752,1.1752,1.175,1.1751,18524.7,95
2025-07-22 17:20:00,1.1749,1.1753,1.1749,1.1752,14735.5,57
2025-07-22 17:22:00,1.1753,1.1754,1.1752,1.1753,7122.5,41
2025-07-22 17:24:00,1.1752,1.1754,1.175,1.1752,12764.7,40
2025-07-22 17:26:00,1.1752,1.1753,1.1751,1.1751,9325.6,48
2025-07-22 17:28:00,1.1751,1.1752,1.1749,1.1749,16646.8,59
2025-07-22 17:30:00,1.1749,1.175,1.1745,1.1746,10988.8,44
2025-07-22 17:32:00,1.1746,1.1749,1.1746,1.1748,6611.9,47
2025-07-22 17:34:00,1.1748,1.1748,1.1745,1.1747,14265.2,90
2025-07-22 17:36:00,1.1747,1.1747,1.1743,1.1743,44948.8,158
2025-07-22 17:38:00,1.1744,1.1746,1.1743,1.1745,16976.2,66
2025-07-22 17:40:00,1.1746,1.1747,1.1744,1.1745,28898.4,99
2025-07-22 17:42:00,1.1746,1.1748,1.1745,1.1746,20656.3,66
2025-07-22 17:44:00,1.1746,1.1746,1.1744,1.1745,33786.8,75
2025-07-22 17:46:00,1.1745,1.1748,1.1745,1.1747,21058.9,115
2025-07-22 17:48:00,1.1747,1.1748,1.1746,1.1746,12868.5,69
2025-07-22 17:50:00,1.1746,1.1749,1.1746,1.1748,21008.600000000002,80
2025-07-22 17:52:00,1.1749,1.175,1.1747,1.1747,18226.4,72
2025-07-22 17:54:00,1.1748,1.1749,1.1747,1.1748,10735.0,45
2025-07-22 17:56:00,1.1748,1.1749,1.1746,1.1747,20886.8,102
2025-07-22 17:58:00,1.1748,1.1748,1.1745,1.1746,18958.4,63
2025-07-22 18:00:00,1.1747,1.1747,1.1744,1.1745,15413.5,60
2025-07-22 18:02:00,1.1745,1.1748,1.1744,1.1748,16057.9,64
2025-07-22 18:04:00,1.1748,1.1748,1.1745,1.1746,5777.8,26
2025-07-22 18:06:00,1.1746,1.1746,1.1743,1.1744,13802.4,60
2025-07-22 18:08:00,1.1744,1.1746,1.1743,1.1744,12037.7,75
2025-07-22 18:10:00,1.1746,1.1746,1.1744,1.1745,25211.1,84
2025-07-22 18:12:00,1.1745,1.1747,1.1744,1.1744,12186.7,56
2025-07-22 18:14:00,1.1744,1.1745,1.1742,1.1743,29699.3,100
2025-07-22 18:16:00,1.1743,1.1746,1.1743,1.1745,17836.7,70
2025-07-22 18:18:00,1.1745,1.1746,1.1743,1.1744,35830.0,117
2025-07-22 18:20:00,1.1745,1.1746,1.1743,1.1744,18744.0,84
2025-07-22 18:22:00,1.1745,1.1746,1.1744,1.1746,15338.9,52
2025-07-22 18:24:00,1.1746,1.1746,1.1745,1.1746,12528.8,62
2025-07-22 18:26:00,1.1746,1.1747,1.1744,1.1745,42449.2,103
2025-07-22 18:28:00,1.1746,1.1747,1.1745,1.1746,10053.2,26
2025-07-22 18:30:00,1.1746,1.1748,1.1745,1.1748,32410.4,99
2025-07-22 18:32:00,1.1747,1.1748,1.1745,1.1745,22046.2,84
2025-07-22 18:34:00,1.1746,1.1748,1.1745,1.1747,19413.8,51
2025-07-22 18:36:00,1.1748,1.1749,1.1746,1.1748,17286.1,65
2025-07-22 18:38:00,1.1748,1.175,1.1747,1.1748,15913.0,34
2025-07-22 18:40:00,1.1749,1.175,1.1748,1.175,8477.699999999999,24
2025-07-22 18:42:00,1.175,1.175,1.1749,1.175,9468.6,46
2025-07-22 18:44:00,1.1749,1.1751,1.1748,1.1749,21080.7,115
2025-07-22 18:46:00,1.1748,1.175,1.1747,1.1747,16542.5,51
2025-07-22 18:48:00,1.1747,1.1749,1.1747,1.1747,12458.3,50
2025-07-22 18:50:00,1.1748,1.1748,1.1747,1.1747,8583.3,48
2025-07-22 18:52:00,1.1747,1.1749,1.1746,1.1748,14620.7,86
2025-07-22 18:54:00,1.1747,1.175,1.1744,1.1745,94800.0,219
2025-07-22 18:56:00,1.1746,1.1752,1.1745,1.175,50478.9,169
2025-07-22 18:58:00,1.175,1.1751,1.1748,1.1748,15938.7,103
2025-07-22 19:00:00,1.1749,1.175,1.1747,1.1748,21428.9,45
2025-07-22 19:02:00,1.1747,1.1749,1.1747,1.1749,10018.6,30
2025-07-22 19:04:00,1.1749,1.175,1.1748,1.1749,12036.3,61
2025-07-22 19:06:00,1.1748,1.1751,1.1747,1.1751,16519.6,32
2025-07-22 19:08:00,1.1751,1.1751,1.1751,1.1751,3959.9,22
2025-07-22 19:10:00,1.1751,1.1752,1.175,1.1752,4084.6,19
2025-07-22 19:12:00,1.1751,1.1753,1.1749,1.1751,6801.4,48
2025-07-22 19:14:00,1.175,1.1753,1.175,1.1751,22235.4,70
2025-07-22 19:16:00,1.175,1.1752,1.1749,1.1751,19035.3,99
2025-07-22 19:18:00,1.1751,1.1752,1.175,1.175,22780.5,62
2025-07-22 19:20:00,1.1751,1.1752,1.1749,1.175,14707.9,52
2025-07-22 19:22:00,1.175,1.1753,1.1749,1.1752,16239.4,87
2025-07-22 19:24:00,1.1751,1.1754,1.1751,1.1754,11247.300000000001,53
2025-07-22 19:26:00,1.1754,1.1754,1.1751,1.1752,12423.6,43
2025-07-22 19:28:00,1.1752,1.1753,1.1751,1.1751,19191.8,57
2025-07-22 19:30:00,1.1752,1.1754,1.1751,1.1752,32448.8,103
2025-07-22 19:32:00,1.1752,1.1753,1.1752,1.1752,13381.5,40
2025-07-22 19:34:00,1.1752,1.1753,1.1749,1.1749,32936.6,55
2025-07-22 19:36:00,1.1749,1.175,1.1749,1.1749,14872.3,49
2025-07-22 19:38:00,1.1749,1.1751,1.1749,1.1749,13605.099999999999,43
2025-07-22 19:40:00,1.1749,1.175,1.1747,1.175,20525.2,87
2025-07-22 19:42:00,1.175,1.175,1.1748,1.1748,14471.1,49
2025-07-22 19:44:00,1.175,1.175,1.1746,1.1748,33317.1,133
2025-07-22 19:46:00,1.1748,1.1748,1.1746,1.1748,22723.7,94
2025-07-22 19:48:00,1.1748,1.1751,1.1747,1.1751,11239.9,60
2025-07-22 19:50:00,1.175,1.1751,1.1748,1.1748,22074.5,78
2025-07-22 19:52:00,1.1749,1.1749,1.1747,1.1748,22554.9,61
2025-07-22 19:54:00,1.1747,1.1748,1.1746,1.1748,85323.0,176
2025-07-22 19:56:00,1.1748,1.1748,1.1746,1.1748,12043.5,35
2025-07-22 19:58:00,1.1748,1.175,1.1747,1.1748,13134.7,54
2025-07-22 20:00:00,1.1749,1.1751,1.1747,1.175,37931.1,106
2025-07-22 20:02:00,1.175,1.1751,1.1747,1.1748,24660.7,77
2025-07-22 20:04:00,1.1749,1.175,1.1747,1.1748,62539.0,116
2025-07-22 20:06:00,1.1747,1.1749,1.1746,1.1748,41466.8,119
2025-07-22 20:08:00,1.1747,1.1749,1.1747,1.1747,23969.4,91
2025-07-22 20:10:00,1.1748,1.1749,1.1747,1.1747,27552.6,77
2025-07-22 20:12:00,1.1749,1.1749,1.1747,1.1748,27523.5,85
2025-07-22 20:14:00,1.1748,1.1749,1.1746,1.1748,24183.5,73
2025-07-22 20:16:00,1.1748,1.1749,1.1746,1.1747,53305.2,107
2025-07-22 20:18:00,1.1746,1.1747,1.1746,1.1747,11670.5,29
2025-07-22 20:20:00,1.1746,1.1747,1.1746,1.1746,7770.7,32
2025-07-22 20:22:00,1.1746,1.1747,1.1746,1.1747,11570.0,43
2025-07-22 20:24:00,1.1747,1.1747,1.1746,1.1747,74753.6,76
2025-07-22 20:26:00,1.1746,1.1747,1.1746,1.1747,55585.3,133
2025-07-22 20:28:00,1.1747,1.175,1.1746,1.1749,20875.6,80
2025-07-22 20:30:00,1.175,1.1751,1.1749,1.1751,16701.100000000002,37
2025-07-22 20:32:00,1.175,1.1751,1.1748,1.1751,18568.0,55
2025-07-22 20:34:00,1.1751,1.1751,1.1749,1.175,18120.5,63
2025-07-22 20:36:00,1.175,1.1751,1.175,1.1751,23351.0,90
2025-07-22 20:38:00,1.1751,1.1751,1.175,1.175,13788.4,48
2025-07-22 20:40:00,1.1749,1.175,1.1749,1.1749,15183.1,58
2025-07-22 20:42:00,1.1749,1.1751,1.1749,1.1751,8326.800000000001,31
2025-07-22 20:44:00,1.175,1.1752,1.175,1.175,8047.9,23
2025-07-22 20:46:00,1.175,1.1752,1.175,1.175,11932.8,42
2025-07-22 20:48:00,1.175,1.1752,1.175,1.175,16659.5,63
2025-07-22 20:50:00,1.175,1.1751,1.1749,1.1749,7200.9,37
2025-07-22 20:52:00,1.175,1.175,1.1749,1.175,6070.6,41
2025-07-22 20:54:00,1.175,1.1751,1.1749,1.1751,17693.5,56
2025-07-22 20:56:00,1.175,1.1752,1.175,1.1751,42834.1,105
2025-07-22 20:58:00,1.1751,1.1752,1.175,1.1752,38432.9,89
2025-07-22 21:00:00,1.1751,1.1753,1.1751,1.1751,39184.1,60
2025-07-22 21:02:00,1.1752,1.1753,1.1751,1.1753,25125.5,72
2025-07-22 21:04:00,1.1753,1.1753,1.1751,1.1753,23572.8,72
2025-07-22 21:06:00,1.1751,1.1753,1.1751,1.1751,33347.5,81
2025-07-22 21:08:00,1.1751,1.1753,1.1751,1.1751,24952.3,67
2025-07-22 21:10:00,1.1751,1.1753,1.1751,1.1751,7535.1,28
2025-07-22 21:12:00,1.1751,1.1753,1.1751,1.1751,5328.4,23
2025-07-22 21:14:00,1.1753,1.1753,1.175,1.1751,34330.7,39
2025-07-22 21:16:00,1.1749,1.1749,1.1748,1.1748,7374.4,32
2025-07-22 21:18:00,1.1748,1.175,1.1748,1.1748,9019.7,46
2025-07-22 21:20:00,1.1748,1.175,1.1747,1.1747,26258.8,50
2025-07-22 21:22:00,1.1747,1.1749,1.1746,1.1746,16432.4,69
2025-07-22 21:24:00,1.1746,1.1748,1.1746,1.1746,5641.8,30
2025-07-22 21:26:00,1.1746,1.1749,1.1746,1.1748,8615.3,33
2025-07-22 21:28:00,1.1749,1.175,1.1747,1.1748,12585.0,59
2025-07-22 21:30:00,1.1748,1.175,1.1748,1.175,8464.2,46
2025-07-22 21:32:00,1.175,1.1751,1.1749,1.175,27840.8,64
2025-07-22 21:34:00,1.175,1.1751,1.1749,1.1749,29008.4,82
2025-07-22 21:36:00,1.1751,1.1751,1.1749,1.1749,13863.3,47
2025-07-22 21:38:00,1.175,1.1751,1.1749,1.175,13895.8,64
2025-07-22 21:40:00,1.1751,1.1751,1.1749,1.175,12814.7,63
2025-07-22 21:42:00,1.175,1.1751,1.1749,1.175,9097.8,63
2025-07-22 21:44:00,1.175,1.1751,1.1749,1.175,13362.6,52
2025-07-22 21:46:00,1.175,1.1751,1.1749,1.1751,9550.6,43
2025-07-22 21:48:00,1.1751,1.1751,1.1749,1.1751,6814.0,43
2025-07-22 21:50:00,1.1751,1.1751,1.1749,1.1749,4706.8,32
2025-07-22 21:52:00,1.175,1.1751,1.1749,1.175,10331.1,48
2025-07-22 21:54:00,1.175,1.1751,1.1749,1.1749,9675.4,61
2025-07-22 21:56:00,1.1751,1.1751,1.1749,1.1751,3753.0,36
2025-07-22 21:58:00,1.1751,1.1751,1.1749,1.175,33499.5,100
2025-07-22 22:00:00,1.175,1.1752,1.1748,1.1748,61149.200000000004,153
2025-07-22 22:02:00,1.175,1.175,1.1748,1.1748,135657.7,85
2025-07-22 22:04:00,1.1749,1.1751,1.1748,1.1749,23272.0,81
2025-07-22 22:06:00,1.175,1.1751,1.1747,1.175,8030.2,40
2025-07-22 22:08:00,1.1747,1.1749,1.1747,1.1748,7897.0,42
2025-07-22 22:10:00,1.1748,1.1749,1.1747,1.1749,11898.3,56
2025-07-22 22:12:00,1.1749,1.1749,1.1747,1.1749,13929.1,47
2025-07-22 22:14:00,1.1748,1.1749,1.1747,1.1749,17557.0,49
2025-07-22 22:16:00,1.1748,1.1749,1.1747,1.1748,12218.9,48
2025-07-22 22:18:00,1.1748,1.1749,1.1747,1.1748,15247.8,51
2025-07-22 22:20:00,1.1748,1.175,1.1748,1.175,19064.1,49
2025-07-22 22:22:00,1.1748,1.175,1.1747,1.1749,15066.9,39
2025-07-22 22:24:00,1.1748,1.1749,1.1748,1.1749,8690.8,23
2025-07-22 22:26:00,1.1749,1.1749,1.1748,1.1748,5935.0,32
2025-07-22 22:28:00,1.1749,1.1749,1.1748,1.1748,14309.0,33
2025-07-22 22:30:00,1.1749,1.1749,1.1746,1.1746,13717.6,71
2025-07-22 22:32:00,1.1746,1.1748,1.1746,1.1747,14652.1,52
2025-07-22 22:34:00,1.1747,1.1749,1.1747,1.1748,13907.6,47
2025-07-22 22:36:00,1.1748,1.1749,1.1747,1.1749,20316.8,75
2025-07-22 22:38:00,1.1749,1.175,1.1747,1.1749,32820.4,76
2025-07-22 22:40:00,1.1749,1.175,1.1749,1.1749,7881.2,42
2025-07-22 22:42:00,1.1749,1.175,1.1749,1.175,5842.900000000001,24
2025-07-22 22:44:00,1.1749,1.175,1.1749,1.1749,4515.3,30
2025-07-22 22:46:00,1.175,1.1751,1.1748,1.1751,6423.8,27
2025-07-22 22:48:00,1.1751,1.1751,1.1749,1.175,5832.1,29
2025-07-22 22:50:00,1.175,1.175,1.1749,1.1749,7241.0,35
2025-07-22 22:52:00,1.1749,1.175,1.1749,1.175,10071.9,28
2025-07-22 22:54:00,1.175,1.175,1.1749,1.1749,5354.2,31
2025-07-22 22:56:00,1.1749,1.1749,1.1748,1.1749,5118.7,30
2025-07-22 22:58:00,1.1748,1.1749,1.1748,1.1749,13467.8,40
2025-07-22 23:00:00,1.1748,1.1751,1.1748,1.175,13650.7,67
2025-07-22 23:02:00,1.1751,1.1751,1.1749,1.175,19023.5,58
2025-07-22 23:04:00,1.1751,1.1751,1.1749,1.1749,8496.6,28
2025-07-22 23:06:00,1.1749,1.175,1.1749,1.175,7044.4,24
2025-07-22 23:08:00,1.1751,1.1751,1.175,1.1751,8788.0,32
2025-07-22 23:10:00,1.175,1.1751,1.1749,1.175,9892.7,41
2025-07-22 23:12:00,1.175,1.1753,1.1749,1.1753,30524.0,89
2025-07-22 23:14:00,1.1753,1.1757,1.1752,1.1757,35193.6,106
2025-07-22 23:16:00,1.1755,1.1757,1.1754,1.1754,29443.9,108
2025-07-22 23:18:00,1.1754,1.1755,1.175,1.1752,54201.7,113
2025-07-22 23:20:00,1.1753,1.1753,1.175,1.175,4637.6,32
2025-07-22 23:22:00,1.175,1.175,1.1745,1.1745,24225.3,85
2025-07-22 23:24:00,1.1745,1.1747,1.1744,1.1746,11730.9,46
2025-07-22 23:26:00,1.1746,1.1747,1.1743,1.1746,18957.4,37
2025-07-22 23:28:00,1.1746,1.1746,1.1745,1.1745,5483.1,19
2025-07-22 23:30:00,1.1745,1.1746,1.1742,1.1743,12784.0,51
2025-07-22 23:32:00,1.1744,1.1744,1.1742,1.1743,4614.6,20
2025-07-22 23:34:00,1.1742,1.1743,1.1739,1.1739,28439.2,77
2025-07-22 23:36:00,1.1739,1.1739,1.1738,1.1738,12934.5,32
2025-07-22 23:38:00,1.1738,1.1739,1.1736,1.1738,7747.2,45
2025-07-22 23:40:00,1.1738,1.1738,1.1735,1.1735,19664.0,82
2025-07-22 23:42:00,1.1736,1.1738,1.1735,1.1735,73811.5,82
2025-07-22 23:44:00,1.1736,1.1737,1.1735,1.1735,16367.1,34
2025-07-22 23:46:00,1.1737,1.1737,1.1734,1.1735,6344.2,32
2025-07-22 23:48:00,1.1735,1.1736,1.1734,1.1735,10866.0,34
2025-07-22 23:50:00,1.1735,1.1736,1.1733,1.1736,54814.4,118
2025-07-22 23:52:00,1.1736,1.1737,1.1734,1.1734,17484.7,39
2025-07-22 23:54:00,1.1734,1.1736,1.1733,1.1735,12232.5,35
2025-07-22 23:56:00,1.1734,1.1735,1.1733,1.1734,8357.1,46
2025-07-22 23:58:00,1.1735,1.1736,1.1735,1.1736,3671.0,12
2025-07-23 00:00:00,1.1736,1.1736,1.1733,1.1735,68485.8,127
2025-07-23 00:02:00,1.1735,1.1735,1.1732,1.1733,341407.6,304
2025-07-23 00:04:00,1.1733,1.1734,1.1731,1.1734,174127.5,166
2025-07-23 00:06:00,1.1733,1.1734,1.1732,1.1733,5035.599999999999,15
2025-07-23 00:08:00,1.1731,1.1732,1.1729,1.173,27826.6,80
2025-07-23 00:10:00,1.173,1.1731,1.173,1.1731,6198.2,23
2025-07-23 00:12:00,1.1731,1.1731,1.1728,1.1728,28291.899999999998,74
2025-07-23 00:14:00,1.1729,1.1734,1.1728,1.1733,31301.7,140
2025-07-23 00:16:00,1.1733,1.1734,1.173,1.1732,34897.9,70
2025-07-23 00:18:00,1.1732,1.1733,1.1732,1.1732,10004.7,43
2025-07-23 00:20:00,1.1733,1.1735,1.1733,1.1735,8622.7,27
2025-07-23 00:22:00,1.1734,1.1735,1.1733,1.1734,11746.0,40
2025-07-23 00:24:00,1.1733,1.1736,1.1733,1.1736,26183.8,71
2025-07-23 00:26:00,1.1734,1.1737,1.1734,1.1737,9745.8,37
2025-07-23 00:28:00,1.1736,1.1738,1.1736,1.1738,16474.2,46
2025-07-23 00:30:00,1.1737,1.1738,1.1737,1.1737,7720.5,27
2025-07-23 00:32:00,1.1737,1.1737,1.1736,1.1737,4394.9,18
2025-07-23 00:34:00,1.1736,1.1736,1.1734,1.1736,13367.3,40
2025-07-23 00:36:00,1.1735,1.1736,1.1735,1.1735,3952.9,18
2025-07-23 00:38:00,1.1735,1.1737,1.1734,1.1737,7629.1,43
2025-07-23 00:40:00,1.1737,1.1739,1.1737,1.1738,4036.1,22
2025-07-23 00:42:00,1.1739,1.1739,1.1737,1.1739,8454.2,27
2025-07-23 00:44:00,1.1738,1.1738,1.1736,1.1737,2793.5,21
2025-07-23 00:46:00,1.1738,1.1739,1.1737,1.1738,4381.3,18
2025-07-23 00:48:00,1.1738,1.1738,1.1736,1.1737,4035.1,17
2025-07-23 00:50:00,1.1737,1.1738,1.1736,1.1738,4860.599999999999,20
2025-07-23 00:52:00,1.1738,1.174,1.1737,1.1739,13207.5,38
2025-07-23 00:54:00,1.1739,1.1741,1.1738,1.1739,12296.3,38
2025-07-23 00:56:00,1.1739,1.174,1.1739,1.174,5575.7,25
2025-07-23 00:58:00,1.174,1.1741,1.174,1.174,2686.7,16
2025-07-23 01:00:00,1.1741,1.1742,1.1741,1.1742,15389.0,58
2025-07-23 01:02:00,1.1741,1.1742,1.1739,1.174,2457.6,15
2025-07-23 01:04:00,1.1739,1.1739,1.1736,1.1736,14215.3,52
2025-07-23 01:06:00,1.1736,1.1736,1.1734,1.1734,2098.3,10
2025-07-23 01:08:00,1.1735,1.1735,1.1734,1.1735,7963.099999999999,11
2025-07-23 01:10:00,1.1735,1.1735,1.1734,1.1735,1737.6,9
2025-07-23 01:12:00,1.1735,1.1736,1.1734,1.1734,3041.4,15
2025-07-23 01:14:00,1.1735,1.1737,1.1735,1.1736,2837.2,19
2025-07-23 01:16:00,1.1735,1.1736,1.1734,1.1736,3788.3999999999996,14
2025-07-23 01:18:00,1.1737,1.1737,1.1735,1.1735,1498.0,11
2025-07-23 01:20:00,1.1735,1.1738,1.1735,1.1736,10285.1,31
2025-07-23 01:22:00,1.1736,1.1736,1.1735,1.1735,7673.4,15
2025-07-23 01:24:00,1.1736,1.1736,1.1735,1.1735,2006.6000000000001,5
2025-07-23 01:26:00,1.1735,1.1736,1.1735,1.1735,2339.4,14
2025-07-23 01:28:00,1.1735,1.1736,1.1735,1.1735,1483.7,8
2025-07-23 01:30:00,1.1735,1.1735,1.1734,1.1735,12936.9,37
2025-07-23 01:32:00,1.1735,1.1735,1.1734,1.1735,5551.8,26
2025-07-23 01:34:00,1.1736,1.1737,1.1735,1.1737,3460.3,15
2025-07-23 01:36:00,1.1737,1.1737,1.1736,1.1737,7584.1,23
2025-07-23 01:38:00,1.1737,1.1737,1.1733,1.1734,4571.5,28
2025-07-23 01:40:00,1.1734,1.1735,1.1731,1.1731,3728.0,22
2025-07-23 01:42:00,1.1733,1.1733,1.173,1.1731,2312.4,15
2025-07-23 01:44:00,1.1731,1.1732,1.173,1.1731,1775.2,10
2025-07-23 01:46:00,1.173,1.1731,1.1727,1.1729,3997.1,21
2025-07-23 01:48:00,1.1728,1.1731,1.1728,1.173,7977.7,23
2025-07-23 01:50:00,1.173,1.1731,1.1729,1.1731,6402.5,20
2025-07-23 01:52:00,1.1731,1.1734,1.1731,1.1734,13425.7,39
2025-07-23 01:54:00,1.1733,1.1734,1.1733,1.1733,2286.1,13
2025-07-23 01:56:00,1.1733,1.1734,1.1733,1.1733,3460.4,19
2025-07-23 01:58:00,1.1733,1.1734,1.1732,1.1734,1736.1,13
2025-07-23 02:00:00,1.1734,1.1737,1.1733,1.1736,16220.0,83
2025-07-23 02:02:00,1.1737,1.1737,1.1734,1.1736,23045.0,59
2025-07-23 02:04:00,1.1736,1.1738,1.1735,1.1737,6159.9,23
2025-07-23 02:06:00,1.1737,1.1737,1.1735,1.1736,5321.6,18
2025-07-23 02:08:00,1.1736,1.1736,1.1735,1.1736,2867.3,14
2025-07-23 02:10:00,1.1736,1.1738,1.1735,1.1737,7123.4,23
2025-07-23 02:12:00,1.1736,1.1738,1.1735,1.1738,2228.2,16
2025-07-23 02:14:00,1.1738,1.1738,1.1735,1.1736,3771.7,16
2025-07-23 02:16:00,1.1737,1.1739,1.1736,1.1739,2457.1,14
2025-07-23 02:18:00,1.1739,1.1739,1.1736,1.1736,3029.7,15
2025-07-23 02:20:00,1.1735,1.1737,1.1735,1.1736,4776.2,16
2025-07-23 02:22:00,1.1736,1.1736,1.1734,1.1735,4056.4,18
2025-07-23 02:24:00,1.1737,1.1737,1.1734,1.1735,1998.7,10
2025-07-23 02:26:00,1.1737,1.1737,1.1735,1.1736,2358.8,18
2025-07-23 02:28:00,1.1735,1.1736,1.1734,1.1735,6082.0,15
2025-07-23 02:30:00,1.1734,1.1736,1.1733,1.1735,44776.4,242
2025-07-23 02:32:00,1.1734,1.1734,1.1732,1.1734,4299.5,25
2025-07-23 02:34:00,1.1734,1.1734,1.1731,1.1733,8468.6,20
2025-07-23 02:36:00,1.1732,1.1734,1.1732,1.1733,5424.8,22
2025-07-23 02:38:00,1.1732,1.1733,1.1731,1.1731,4753.4,17
2025-07-23 02:40:00,1.1731,1.1732,1.1731,1.1732,2413.9,20
2025-07-23 02:42:00,1.1731,1.1733,1.1729,1.1731,31114.5,69
2025-07-23 02:44:00,1.173,1.1731,1.1729,1.1731,56870.5,100
2025-07-23 02:46:00,1.1731,1.1732,1.173,1.1731,6014.3,39
2025-07-23 02:48:00,1.1731,1.1732,1.173,1.1731,15089.9,42
2025-07-23 02:50:00,1.1731,1.1731,1.1729,1.173,5964.0,29
2025-07-23 02:52:00,1.1729,1.1729,1.1727,1.1729,12315.0,35
2025-07-23 02:54:00,1.1729,1.1729,1.1728,1.1729,2730.2,18
2025-07-23 02:56:00,1.1728,1.173,1.1727,1.173,11308.1,20
2025-07-23 02:58:00,1.173,1.1731,1.173,1.1731,2430.0,8
2025-07-23 03:00:00,1.1731,1.1731,1.1729,1.1731,5733.2,30
2025-07-23 03:02:00,1.173,1.1732,1.173,1.1732,2117.2,16
2025-07-23 03:04:00,1.1731,1.1732,1.173,1.1731,6311.8,41
2025-07-23 03:06:00,1.1733,1.1733,1.1731,1.1731,7415.9,43
2025-07-23 03:08:00,1.1731,1.1732,1.173,1.173,5596.2,24
2025-07-23 03:10:00,1.173,1.1732,1.173,1.1731,8604.4,39
2025-07-23 03:12:00,1.1731,1.1731,1.173,1.1731,9240.0,32
2025-07-23 03:14:00,1.173,1.1733,1.173,1.1733,3899.2000000000003,18
2025-07-23 03:16:00,1.1732,1.1734,1.1732,1.1733,7533.0,29
2025-07-23 03:18:00,1.1733,1.1734,1.1732,1.1734,12873.1,34
2025-07-23 03:20:00,1.1734,1.1735,1.1733,1.1735,2023.1,17
2025-07-23 03:22:00,1.1734,1.1737,1.1734,1.1736,6741.7,25
2025-07-23 03:24:00,1.1735,1.1736,1.1734,1.1736,6149.0,20
2025-07-23 03:26:00,1.1735,1.1736,1.1735,1.1735,2185.7000000000003,18
2025-07-23 03:28:00,1.1737,1.1738,1.1736,1.1737,12403.7,19
2025-07-23 03:30:00,1.1737,1.174,1.1737,1.174,21567.2,47
2025-07-23 03:32:00,1.1739,1.1739,1.1737,1.1737,2608.7,13
2025-07-23 03:34:00,1.1737,1.174,1.1737,1.174,5495.3,26
2025-07-23 03:36:00,1.1738,1.174,1.1738,1.1739,7395.8,37
2025-07-23 03:38:00,1.1739,1.1739,1.1737,1.1739,2324.7,13
2025-07-23 03:40:00,1.174,1.174,1.1739,1.174,3497.7000000000003,17
2025-07-23 03:42:00,1.1739,1.1741,1.1739,1.174,7165.6,25
2025-07-23 03:44:00,1.1741,1.1741,1.1739,1.174,4913.2,32
2025-07-23 03:46:00,1.174,1.174,1.1738,1.1738,8221.5,21
2025-07-23 03:48:00,1.1738,1.1738,1.1737,1.1738,5203.099999999999,17
2025-07-23 03:50:00,1.1737,1.1738,1.1736,1.1737,3019.7,21
2025-07-23 03:52:00,1.1736,1.1737,1.1735,1.1736,5400.7,25
2025-07-23 03:54:00,1.1736,1.1736,1.1732,1.1734,10934.0,31
2025-07-23 03:56:00,1.1732,1.1734,1.1732,1.1732,3919.4,15
2025-07-23 03:58:00,1.1733,1.1734,1.1732,1.1733,14318.3,48
2025-07-23 04:00:00,1.1733,1.1733,1.1731,1.1733,20963.9,65
2025-07-23 04:02:00,1.1732,1.1733,1.173,1.1731,9757.2,13
2025-07-23 04:04:00,1.173,1.1731,1.1729,1.1731,5265.8,22
2025-07-23 04:06:00,1.1731,1.1733,1.173,1.1733,23924.5,57
2025-07-23 04:08:00,1.1733,1.1734,1.1732,1.1732,6369.7,28
2025-07-23 04:10:00,1.1732,1.1733,1.1731,1.1732,13668.9,41
2025-07-23 04:12:00,1.1732,1.1734,1.1732,1.1733,4222.7,17
2025-07-23 04:14:00,1.1733,1.1733,1.1731,1.1733,8142.6,25
2025-07-23 04:16:00,1.1733,1.1733,1.1732,1.1733,2264.2,14
2025-07-23 04:18:00,1.1732,1.1734,1.1732,1.1733,11175.3,47
2025-07-23 04:20:00,1.1732,1.1733,1.1731,1.1731,5710.9,34
2025-07-23 04:22:00,1.1731,1.1733,1.1729,1.173,3635.4,21
2025-07-23 04:24:00,1.1729,1.173,1.1727,1.173,3332.1,16
2025-07-23 04:26:00,1.173,1.1731,1.173,1.1731,2864.9,20
2025-07-23 04:28:00,1.1731,1.1732,1.173,1.173,5290.0,33
2025-07-23 04:30:00,1.173,1.1732,1.173,1.173,6814.8,46
2025-07-23 04:32:00,1.173,1.1732,1.173,1.1731,11132.2,29
2025-07-23 04:34:00,1.1731,1.1731,1.1731,1.1731,3791.2,22
2025-07-23 04:36:00,1.1731,1.1731,1.1731,1.1731,3074.4,11
2025-07-23 04:38:00,1.1731,1.1732,1.173,1.1731,7948.200000000001,20
2025-07-23 04:40:00,1.1731,1.1732,1.1729,1.173,11309.8,37
2025-07-23 04:42:00,1.173,1.1731,1.173,1.173,7842.2,60
2025-07-23 04:44:00,1.173,1.1733,1.173,1.1731,5873.0,33
2025-07-23 04:46:00,1.1731,1.1733,1.173,1.1732,4143.5,33
2025-07-23 04:48:00,1.1732,1.1734,1.1731,1.1732,18146.2,54
2025-07-23 04:50:00,1.1732,1.1734,1.1732,1.1733,14954.7,26
2025-07-23 04:52:00,1.1734,1.1734,1.1731,1.1731,10084.6,36
2025-07-23 04:54:00,1.1731,1.1733,1.173,1.173,2746.3,21
2025-07-23 04:56:00,1.1731,1.1732,1.1729,1.1731,5918.9,24
2025-07-23 04:58:00,1.1731,1.1731,1.1729,1.1731,1895.0,17
2025-07-23 05:00:00,1.173,1.1731,1.1729,1.173,7827.0,36
2025-07-23 05:02:00,1.1731,1.1733,1.173,1.1731,9653.9,37
2025-07-23 05:04:00,1.1732,1.1732,1.173,1.1731,4355.2,29
2025-07-23 05:06:00,1.1731,1.1733,1.1731,1.1733,5226.8,14
2025-07-23 05:08:00,1.1733,1.1733,1.173,1.173,5870.5,15
2025-07-23 05:10:00,1.173,1.1732,1.1729,1.173,12630.4,46
2025-07-23 05:12:00,1.173,1.1732,1.1727,1.1728,7538.900000000001,38
2025-07-23 05:14:00,1.1729,1.1729,1.1727,1.1728,3866.2,27
2025-07-23 05:16:00,1.1728,1.1728,1.1727,1.1728,4674.0,24
2025-07-23 05:18:00,1.1728,1.1729,1.1727,1.1727,9383.699999999999,23
2025-07-23 05:20:00,1.1727,1.1728,1.1727,1.1728,2616.5,15
2025-07-23 05:22:00,1.1727,1.173,1.1727,1.173,4811.0,38
2025-07-23 05:24:00,1.1728,1.173,1.1728,1.173,9437.7,30
2025-07-23 05:26:00,1.173,1.173,1.1728,1.1729,5709.4,36
2025-07-23 05:28:00,1.1729,1.173,1.1728,1.173,4059.9,31
2025-07-23 05:30:00,1.173,1.1731,1.1729,1.173,8020.2,36
2025-07-23 05:32:00,1.1729,1.1732,1.1729,1.1731,14597.1,52
2025-07-23 05:34:00,1.1731,1.1732,1.1729,1.173,11408.8,51
2025-07-23 05:36:00,1.1731,1.1731,1.1728,1.1729,10719.6,35
2025-07-23 05:38:00,1.173,1.173,1.1726,1.1727,7814.0,24
2025-07-23 05:40:00,1.1728,1.173,1.1727,1.1729,7406.3,37
2025-07-23 05:42:00,1.1729,1.1729,1.1725,1.1725,9894.8,41
2025-07-23 05:44:00,1.1727,1.1727,1.1725,1.1726,8332.4,31
2025-07-23 05:46:00,1.1725,1.1726,1.1725,1.1725,9119.1,31
2025-07-23 05:48:00,1.1725,1.1728,1.1725,1.1728,7845.8,37
2025-07-23 05:50:00,1.1728,1.1728,1.1725,1.1725,5252.8,41
2025-07-23 05:52:00,1.1725,1.1726,1.1725,1.1725,13087.099999999999,38
2025-07-23 05:54:00,1.1725,1.1726,1.1724,1.1725,3781.3,26
2025-07-23 05:56:00,1.1725,1.1728,1.1725,1.1726,13987.2,32
2025-07-23 05:58:00,1.1727,1.1727,1.1725,1.1727,9887.2,37
2025-07-23 06:00:00,1.1726,1.1731,1.1726,1.173,9683.6,55
2025-07-23 06:02:00,1.173,1.1731,1.1729,1.1731,13185.8,36
2025-07-23 06:04:00,1.1729,1.1731,1.1729,1.173,18670.3,54
2025-07-23 06:06:00,1.1729,1.1731,1.1729,1.173,5746.4,29
2025-07-23 06:08:00,1.1729,1.173,1.1728,1.173,11172.2,38
2025-07-23 06:10:00,1.1728,1.173,1.1726,1.1726,17374.3,68
2025-07-23 06:12:00,1.1726,1.1729,1.1726,1.1727,6728.7,47
2025-07-23 06:14:00,1.1728,1.1728,1.1726,1.1728,8364.3,34
2025-07-23 06:16:00,1.1727,1.1729,1.1725,1.1726,12261.8,43
2025-07-23 06:18:00,1.1726,1.1728,1.1724,1.1728,18937.3,41
2025-07-23 06:20:00,1.1727,1.1728,1.1725,1.1727,31603.5,144
2025-07-23 06:22:00,1.1726,1.1727,1.1724,1.1726,49464.8,262
2025-07-23 06:24:00,1.1725,1.1727,1.1724,1.1727,14778.300000000001,40
2025-07-23 06:26:00,1.1726,1.1727,1.1726,1.1727,6873.5,32
2025-07-23 06:28:00,1.1726,1.1728,1.1725,1.1728,17222.5,66
2025-07-23 06:30:00,1.1729,1.173,1.1727,1.1728,19588.0,52
2025-07-23 06:32:00,1.1729,1.1731,1.1728,1.1729,21122.6,88
2025-07-23 06:34:00,1.173,1.1732,1.1729,1.1732,11854.4,34
2025-07-23 06:36:00,1.1732,1.1732,1.1727,1.1728,26919.5,64
2025-07-23 06:38:00,1.1728,1.1729,1.1727,1.1728,5114.4,29
2025-07-23 06:40:00,1.1728,1.173,1.1727,1.1728,62010.2,34
2025-07-23 06:42:00,1.1729,1.1732,1.1728,1.1731,18924.4,43
2025-07-23 06:44:00,1.1731,1.1733,1.1731,1.1732,16526.5,59
2025-07-23 06:46:00,1.1733,1.1735,1.1732,1.1734,13030.9,41
2025-07-23 06:48:00,1.1734,1.1734,1.1732,1.1732,13635.3,20
2025-07-23 06:50:00,1.1732,1.1734,1.1731,1.1733,11652.7,43
2025-07-23 06:52:00,1.1733,1.1734,1.1732,1.1732,8661.8,32
2025-07-23 06:54:00,1.1732,1.1734,1.1731,1.1733,9514.6,54
2025-07-23 06:56:00,1.1733,1.1737,1.1733,1.1735,13527.5,45
2025-07-23 06:58:00,1.1735,1.1739,1.1735,1.1737,19056.4,39
2025-07-23 07:00:00,1.1738,1.1739,1.1736,1.1738,17338.9,42
2025-07-23 07:02:00,1.1738,1.174,1.1738,1.1738,11540.8,47
2025-07-23 07:04:00,1.1738,1.1739,1.1734,1.1734,14584.5,51
2025-07-23 07:06:00,1.1736,1.1739,1.1735,1.1737,14138.2,48
2025-07-23 07:08:00,1.1737,1.1742,1.1737,1.1742,25387.600000000002,72
2025-07-23 07:10:00,1.1741,1.1742,1.174,1.1741,16269.8,58
2025-07-23 07:12:00,1.174,1.1741,1.174,1.174,19740.5,45
2025-07-23 07:14:00,1.174,1.1745,1.174,1.1743,23919.3,48
2025-07-23 07:16:00,1.1745,1.1747,1.1744,1.1745,12629.3,41
2025-07-23 07:18:00,1.1745,1.1747,1.1744,1.1746,11465.5,43
2025-07-23 07:20:00,1.1747,1.1748,1.1746,1.1746,27374.1,72
2025-07-23 07:22:00,1.1747,1.1747,1.1743,1.1743,6092.6,23
2025-07-23 07:24:00,1.1742,1.1743,1.1738,1.1739,19159.7,63
2025-07-23 07:26:00,1.1738,1.1741,1.1738,1.1741,13232.5,48
2025-07-23 07:28:00,1.1741,1.1743,1.174,1.1742,32693.4,107
2025-07-23 07:30:00,1.1741,1.1745,1.1741,1.1741,21079.6,75
2025-07-23 07:32:00,1.1741,1.1743,1.1741,1.1741,13769.0,39
2025-07-23 07:34:00,1.1743,1.1743,1.174,1.1741,3833.9,25
2025-07-23 07:36:00,1.174,1.1741,1.1738,1.174,18462.1,80
2025-07-23 07:38:00,1.1741,1.1741,1.1736,1.1736,42277.0,112
2025-07-23 07:40:00,1.1737,1.1737,1.1735,1.1735,15729.8,46
2025-07-23 07:42:00,1.1735,1.1736,1.1733,1.1734,16438.3,97
2025-07-23 07:44:00,1.1734,1.1735,1.173,1.1731,26397.8,65
2025-07-23 07:46:00,1.1731,1.1733,1.1729,1.1733,36388.1,107
2025-07-23 07:48:00,1.1732,1.1733,1.1729,1.1729,43961.1,89
2025-07-23 07:50:00,1.173,1.1731,1.1729,1.1729,12817.7,58
2025-07-23 07:52:00,1.173,1.1732,1.173,1.1732,5409.1,22
2025-07-23 07:54:00,1.1732,1.1734,1.1732,1.1734,9781.8,30
2025-07-23 07:56:00,1.1734,1.1737,1.1734,1.1737,7780.1,45
2025-07-23 07:58:00,1.1737,1.1739,1.1736,1.1738,16950.4,58
2025-07-23 08:00:00,1.1737,1.1738,1.1735,1.1735,17807.0,43
2025-07-23 08:02:00,1.1735,1.1739,1.1734,1.1738,24161.399999999998,69
2025-07-23 08:04:00,1.1738,1.1741,1.1738,1.174,21965.9,54
2025-07-23 08:06:00,1.1741,1.1741,1.1738,1.1738,15042.9,40
2025-07-23 08:08:00,1.1739,1.1741,1.1739,1.174,13871.6,48
2025-07-23 08:10:00,1.174,1.1743,1.174,1.1742,12114.9,55
2025-07-23 08:12:00,1.1742,1.1742,1.1739,1.1741,9667.0,33
2025-07-23 08:14:00,1.1739,1.174,1.1738,1.1739,18945.3,62
2025-07-23 08:16:00,1.1739,1.1741,1.1738,1.1739,12688.2,42
2025-07-23 08:18:00,1.1739,1.1739,1.1735,1.1735,10408.0,41
2025-07-23 08:20:00,1.1735,1.1739,1.1735,1.1737,21183.899999999998,44
2025-07-23 08:22:00,1.1738,1.174,1.1735,1.1737,57667.4,90
2025-07-23 08:24:00,1.1737,1.1738,1.1734,1.1736,20618.2,93
2025-07-23 08:26:00,1.1734,1.1736,1.1733,1.1733,7021.3,24
2025-07-23 08:28:00,1.1734,1.1735,1.1733,1.1735,12542.5,31
2025-07-23 08:30:00,1.1734,1.1736,1.1734,1.1735,2177.8,16
2025-07-23 08:32:00,1.1734,1.1735,1.1731,1.1733,10460.6,32
2025-07-23 08:34:00,1.1733,1.1733,1.1729,1.173,8381.5,37
2025-07-23 08:36:00,1.173,1.173,1.1727,1.1728,18005.7,63
2025-07-23 08:38:00,1.1728,1.1731,1.1727,1.1729,35627.5,90
2025-07-23 08:40:00,1.1729,1.1731,1.1727,1.1728,11759.6,56
2025-07-23 08:42:00,1.1727,1.1732,1.1727,1.1731,14959.5,62
2025-07-23 08:44:00,1.1732,1.1733,1.173,1.1731,36302.0,105
2025-07-23 08:46:00,1.1732,1.1733,1.1731,1.1731,11331.6,48
2025-07-23 08:48:00,1.1732,1.1733,1.173,1.173,16223.8,50
2025-07-23 08:50:00,1.173,1.1732,1.173,1.1731,5042.1,32
2025-07-23 08:52:00,1.1733,1.1733,1.173,1.1731,8192.8,38
2025-07-23 08:54:00,1.1733,1.1733,1.173,1.1732,15360.1,58
2025-07-23 08:56:00,1.173,1.1733,1.173,1.1732,6914.5,39
2025-07-23 08:58:00,1.1732,1.1734,1.1731,1.1733,24928.9,59
2025-07-23 09:00:00,1.1731,1.1734,1.1731,1.1734,32832.3,79
2025-07-23 09:02:00,1.1734,1.1734,1.1731,1.1732,10033.5,43
2025-07-23 09:04:00,1.1731,1.1732,1.173,1.173,8915.2,30
2025-07-23 09:06:00,1.173,1.1732,1.1729,1.1731,24288.2,95
2025-07-23 09:08:00,1.1729,1.1732,1.1729,1.1731,24069.3,91
2025-07-23 09:10:00,1.1731,1.1732,1.1729,1.173,26246.0,53
2025-07-23 09:12:00,1.173,1.1731,1.1728,1.173,27236.8,74
2025-07-23 09:14:00,1.173,1.1732,1.173,1.173,33945.6,76
2025-07-23 09:16:00,1.173,1.1731,1.1729,1.173,33311.2,94
2025-07-23 09:18:00,1.173,1.1731,1.1728,1.173,13993.0,48
2025-07-23 09:20:00,1.173,1.1731,1.1729,1.1729,14547.4,58
2025-07-23 09:22:00,1.173,1.173,1.1728,1.1728,26260.0,86
2025-07-23 09:24:00,1.1728,1.1729,1.1727,1.1727,16022.0,41
2025-07-23 09:26:00,1.1728,1.1728,1.1727,1.1727,67200.3,119
2025-07-23 09:28:00,1.1728,1.1728,1.1727,1.1727,59328.5,100
2025-07-23 09:30:00,1.1727,1.1728,1.1727,1.1727,20783.1,64
2025-07-23 09:32:00,1.1727,1.1728,1.1727,1.1728,23185.7,61
2025-07-23 09:34:00,1.1728,1.1728,1.1727,1.1728,68784.3,98
2025-07-23 09:36:00,1.1728,1.173,1.1727,1.173,119095.0,136
2025-07-23 09:38:00,1.173,1.1732,1.173,1.1731,29548.3,80
2025-07-23 09:40:00,1.1731,1.1733,1.173,1.1733,32072.4,53
2025-07-23 09:42:00,1.1731,1.1733,1.1729,1.1731,14081.0,35
2025-07-23 09:44:00,1.1729,1.1735,1.1729,1.1733,16796.3,50
2025-07-23 09:46:00,1.1733,1.1735,1.1733,1.1734,30854.8,86
2025-07-23 09:48:00,1.1733,1.1737,1.1733,1.1736,17358.9,57
2025-07-23 09:50:00,1.1736,1.1737,1.1735,1.1735,17828.5,60
2025-07-23 09:52:00,1.1736,1.1737,1.1734,1.1734,19223.3,51
2025-07-23 09:54:00,1.1736,1.1736,1.1734,1.1735,14601.3,42
2025-07-23 09:56:00,1.1735,1.1737,1.1735,1.1735,52365.8,45
2025-07-23 09:58:00,1.1736,1.1737,1.1734,1.1736,35432.1,78
2025-07-23 10:00:00,1.1734,1.1736,1.1731,1.1731,37833.2,90
2025-07-23 10:02:00,1.1731,1.1733,1.173,1.1732,82340.5,135
2025-07-23 10:04:00,1.1732,1.1734,1.1732,1.1732,56746.9,121
2025-07-23 10:06:00,1.1732,1.1733,1.1731,1.1733,17081.100000000002,45
2025-07-23 10:08:00,1.1733,1.1734,1.1729,1.1731,49090.0,145
2025-07-23 10:10:00,1.1731,1.1732,1.1729,1.1729,48761.0,108
2025-07-23 10:12:00,1.173,1.173,1.1726,1.1726,35435.7,86
2025-07-23 10:14:00,1.1726,1.1728,1.1726,1.1728,42775.9,110
2025-07-23 10:16:00,1.1727,1.1731,1.1727,1.173,26149.899999999998,79
2025-07-23 10:18:00,1.173,1.1732,1.1729,1.1729,39518.7,84
2025-07-23 10:20:00,1.173,1.1731,1.1728,1.1728,129619.4,199
2025-07-23 10:22:00,1.1728,1.173,1.1728,1.1728,29024.100000000002,79
2025-07-23 10:24:00,1.1729,1.1731,1.1728,1.1731,16338.9,60
2025-07-23 10:26:00,1.173,1.1733,1.173,1.1733,17992.899999999998,59
2025-07-23 10:28:00,1.1733,1.1736,1.1732,1.1734,27249.5,52
2025-07-23 10:30:00,1.1735,1.1736,1.1733,1.1733,23062.5,67
2025-07-23 10:32:00,1.1734,1.1734,1.1729,1.1732,13063.1,48
2025-07-23 10:34:00,1.1731,1.1732,1.173,1.1731,6394.6,24
2025-07-23 10:36:00,1.173,1.1731,1.1729,1.173,11413.6,34
2025-07-23 10:38:00,1.173,1.1731,1.1729,1.1729,7809.4,23
2025-07-23 10:40:00,1.1731,1.1732,1.1729,1.173,21191.7,66
2025-07-23 10:42:00,1.1731,1.1732,1.1729,1.1729,31262.7,83
2025-07-23 10:44:00,1.1729,1.173,1.1728,1.1729,34759.5,102
2025-07-23 10:46:00,1.1729,1.173,1.1728,1.1729,20550.1,41
2025-07-23 10:48:00,1.1729,1.1729,1.1726,1.1728,13857.300000000001,26
2025-07-23 10:50:00,1.1728,1.1728,1.1727,1.1727,5405.3,41
2025-07-23 10:52:00,1.1727,1.1729,1.1726,1.1726,30031.0,111
2025-07-23 10:54:00,1.1726,1.1726,1.1722,1.1724,24164.7,100
2025-07-23 10:56:00,1.1724,1.1724,1.1721,1.1721,14546.0,61
2025-07-23 10:58:00,1.1721,1.1722,1.172,1.1722,23473.1,83
2025-07-23 11:00:00,1.172,1.1721,1.1718,1.1721,14636.6,62
2025-07-23 11:02:00,1.1719,1.172,1.1718,1.172,14617.1,50
2025-07-23 11:04:00,1.172,1.1721,1.1717,1.1721,36300.2,75
2025-07-23 11:06:00,1.1721,1.1721,1.1718,1.172,23249.4,63
2025-07-23 11:08:00,1.172,1.1724,1.172,1.1722,31203.9,129
2025-07-23 11:10:00,1.1722,1.1722,1.1719,1.1722,25578.1,95
2025-07-23 11:12:00,1.1722,1.1723,1.1721,1.1721,21537.9,65
2025-07-23 11:14:00,1.1719,1.1722,1.1718,1.1722,40764.5,97
2025-07-23 11:16:00,1.1723,1.1724,1.1721,1.1721,32416.0,98
2025-07-23 11:18:00,1.1721,1.1722,1.1719,1.1719,17360.4,53
2025-07-23 11:20:00,1.1719,1.1721,1.1718,1.1721,19145.2,49
2025-07-23 11:22:00,1.172,1.1723,1.172,1.1723,37155.7,91
2025-07-23 11:24:00,1.1722,1.1724,1.1721,1.1722,24572.1,59
2025-07-23 11:26:00,1.1722,1.1723,1.172,1.1722,26101.600000000002,92
2025-07-23 11:28:00,1.1721,1.1723,1.172,1.1721,23843.4,51
2025-07-23 11:30:00,1.1721,1.1724,1.1721,1.1721,23452.2,86
2025-07-23 11:32:00,1.1721,1.1722,1.172,1.1722,29755.7,55
2025-07-23 11:34:00,1.1721,1.1724,1.1721,1.1723,29185.8,75
2025-07-23 11:36:00,1.1723,1.1725,1.1721,1.1722,28006.0,65
2025-07-23 11:38:00,1.1722,1.1724,1.1722,1.1723,21753.0,36
2025-07-23 11:40:00,1.1723,1.1726,1.1723,1.1723,14098.0,48
2025-07-23 11:42:00,1.1724,1.1727,1.1723,1.1727,11065.0,44
2025-07-23 11:44:00,1.1725,1.1727,1.1724,1.1724,12666.8,54
2025-07-23 11:46:00,1.1725,1.1727,1.1724,1.1725,21558.3,51
2025-07-23 11:48:00,1.1725,1.1727,1.1724,1.1726,34669.3,72
2025-07-23 11:50:00,1.1726,1.1727,1.1726,1.1727,18896.5,39
2025-07-23 11:52:00,1.1727,1.1728,1.1726,1.1727,14467.5,34
2025-07-23 11:54:00,1.1727,1.1727,1.1725,1.1726,11042.6,24
2025-07-23 11:56:00,1.1726,1.1727,1.1724,1.1724,12307.699999999999,45
2025-07-23 11:58:00,1.1724,1.1724,1.1721,1.1723,19824.6,65
2025-07-23 12:00:00,1.1722,1.1723,1.1719,1.1722,24984.7,77
2025-07-23 12:02:00,1.1723,1.1726,1.1722,1.1724,24201.6,42
2025-07-23 12:04:00,1.1725,1.1725,1.1723,1.1725,22803.4,57
2025-07-23 12:06:00,1.1725,1.1725,1.1722,1.1722,16408.1,57
2025-07-23 12:08:00,1.1723,1.1723,1.1721,1.1722,9442.4,45
2025-07-23 12:10:00,1.1722,1.1723,1.1721,1.1723,25413.9,75
2025-07-23 12:12:00,1.1721,1.1724,1.1721,1.1722,25166.1,111
2025-07-23 12:14:00,1.1723,1.1724,1.1721,1.1723,23778.7,67
2025-07-23 12:16:00,1.1722,1.1726,1.1722,1.1725,29154.1,87
2025-07-23 12:18:00,1.1724,1.1727,1.1724,1.1726,20150.3,53
2025-07-23 12:20:00,1.1727,1.1728,1.1722,1.1722,36916.7,106
2025-07-23 12:22:00,1.1723,1.1725,1.1722,1.1725,19651.2,52
2025-07-23 12:24:00,1.1724,1.1725,1.1723,1.1724,44732.6,93
2025-07-23 12:26:00,1.1725,1.1725,1.172,1.1721,30550.0,67
2025-07-23 12:28:00,1.172,1.1722,1.1719,1.1721,14785.3,53
2025-07-23 12:30:00,1.172,1.1721,1.1715,1.1717,78607.7,129
2025-07-23 12:32:00,1.1717,1.1721,1.1715,1.1719,49424.0,134
2025-07-23 12:34:00,1.1719,1.1721,1.1719,1.172,26169.0,71
2025-07-23 12:36:00,1.172,1.172,1.1716,1.1718,91540.4,288
2025-07-23 12:38:00,1.1718,1.1719,1.1717,1.1718,55791.4,126
2025-07-23 12:40:00,1.1719,1.1721,1.1716,1.1717,76884.0,299
2025-07-23 12:42:00,1.1718,1.1718,1.1715,1.1718,76665.2,166
2025-07-23 12:44:00,1.1718,1.1721,1.1717,1.1719,58075.1,118
2025-07-23 12:46:00,1.172,1.1722,1.1718,1.1718,32410.5,92
2025-07-23 12:48:00,1.1718,1.1722,1.1718,1.1721,41174.4,77
2025-07-23 12:50:00,1.172,1.1721,1.1717,1.1718,69403.7,150
2025-07-23 12:52:00,1.1717,1.172,1.1717,1.1718,31070.7,49
2025-07-23 12:54:00,1.1719,1.1719,1.1716,1.1718,209054.5,286
2025-07-23 12:56:00,1.1717,1.1722,1.1717,1.1722,183338.3,420
2025-07-23 12:58:00,1.172,1.1723,1.172,1.1721,81572.8,140
2025-07-23 13:00:00,1.1722,1.1725,1.172,1.1722,76149.9,192
2025-07-23 13:02:00,1.1722,1.1722,1.1718,1.172,58465.7,136
2025-07-23 13:04:00,1.1719,1.172,1.1714,1.1716,53248.1,110
2025-07-23 13:06:00,1.1714,1.1719,1.1714,1.1718,41707.299999999996,106
2025-07-23 13:08:00,1.1716,1.1721,1.1715,1.1719,34586.3,104
2025-07-23 13:10:00,1.1722,1.1723,1.1719,1.172,51892.2,119
2025-07-23 13:12:00,1.1721,1.1721,1.1718,1.172,49820.3,133
2025-07-23 13:14:00,1.1719,1.1723,1.1718,1.1722,54037.8,111
2025-07-23 13:16:00,1.1723,1.1724,1.1721,1.1724,49601.4,106
2025-07-23 13:18:00,1.1724,1.1726,1.1721,1.1722,81862.9,150
2025-07-23 13:20:00,1.1722,1.1723,1.172,1.1722,66750.5,113
2025-07-23 13:22:00,1.1723,1.1723,1.1719,1.1721,34504.4,72
2025-07-23 13:24:00,1.1721,1.1722,1.172,1.1721,64540.3,83
2025-07-23 13:26:00,1.1721,1.1722,1.172,1.172,81459.8,150
2025-07-23 13:28:00,1.1721,1.1723,1.1721,1.1721,37588.5,117
2025-07-23 13:30:00,1.1722,1.1722,1.1719,1.172,44727.4,136
2025-07-23 13:32:00,1.1719,1.172,1.1715,1.1716,50521.4,122
2025-07-23 13:34:00,1.1715,1.1716,1.1711,1.1711,29309.5,101
2025-07-23 13:36:00,1.1711,1.1714,1.1709,1.171,70681.0,200
2025-07-23 13:38:00,1.171,1.1713,1.171,1.1712,38970.9,101
2025-07-23 13:40:00,1.171,1.1715,1.171,1.1715,50099.7,149
2025-07-23 13:42:00,1.1715,1.1717,1.1713,1.1715,232120.1,674
2025-07-23 13:44:00,1.1715,1.1718,1.1712,1.1718,206108.8,453
2025-07-23 13:46:00,1.1718,1.1718,1.1715,1.1717,207767.8,334
2025-07-23 13:48:00,1.1716,1.172,1.1716,1.1719,129820.8,350
2025-07-23 13:50:00,1.1718,1.1721,1.1717,1.1719,250866.4,698
2025-07-23 13:52:00,1.1719,1.1724,1.1719,1.1722,162639.7,379
2025-07-23 13:54:00,1.1724,1.1726,1.1722,1.1723,120166.0,261
2025-07-23 13:56:00,1.1724,1.1724,1.1722,1.1722,89715.4,201
2025-07-23 13:58:00,1.1722,1.1725,1.1722,1.1724,75607.9,147
2025-07-23 14:00:00,1.1724,1.1725,1.1722,1.1725,91765.9,183
2025-07-23 14:02:00,1.1723,1.1726,1.1723,1.1723,96208.4,198
2025-07-23 14:04:00,1.1724,1.1728,1.1724,1.1728,71692.8,164
2025-07-23 14:06:00,1.1728,1.1729,1.1726,1.1727,68733.9,246
2025-07-23 14:08:00,1.1728,1.1729,1.1725,1.1726,71647.1,172
2025-07-23 14:10:00,1.1727,1.1729,1.1725,1.1726,73811.9,168
2025-07-23 14:12:00,1.1726,1.1728,1.1726,1.1728,67662.8,160
2025-07-23 14:14:00,1.1728,1.1728,1.1722,1.1722,71489.1,139
2025-07-23 14:16:00,1.1722,1.1723,1.1721,1.1722,58856.0,93
2025-07-23 14:18:00,1.1721,1.1724,1.1721,1.1723,56013.9,106
2025-07-23 14:20:00,1.1724,1.1724,1.1719,1.172,35937.1,88
2025-07-23 14:22:00,1.1719,1.1721,1.1717,1.1719,39183.2,54
2025-07-23 14:24:00,1.1719,1.1721,1.1719,1.1719,33479.8,85
2025-07-23 14:26:00,1.1719,1.1721,1.1717,1.1719,46413.8,106
2025-07-23 14:28:00,1.1719,1.1721,1.1718,1.1719,57020.7,101
2025-07-23 14:30:00,1.1719,1.1719,1.1716,1.1717,25528.7,94
2025-07-23 14:32:00,1.1717,1.172,1.1716,1.1719,30738.5,109
2025-07-23 14:34:00,1.1719,1.172,1.1717,1.1718,32048.4,99
2025-07-23 14:36:00,1.1718,1.172,1.1716,1.1719,60503.9,165
2025-07-23 14:38:00,1.172,1.1724,1.1718,1.1723,44036.7,97
2025-07-23 14:40:00,1.1724,1.1727,1.1722,1.1725,35003.3,111
2025-07-23 14:42:00,1.1724,1.1727,1.1722,1.1723,41114.1,141
2025-07-23 14:44:00,1.1724,1.1727,1.1722,1.1723,56720.0,126
2025-07-23 14:46:00,1.1723,1.1726,1.1722,1.1723,39409.0,127
2025-07-23 14:48:00,1.1723,1.1725,1.1721,1.1721,55164.7,94
2025-07-23 14:50:00,1.1722,1.1723,1.1718,1.1719,31213.6,63
2025-07-23 14:52:00,1.172,1.1725,1.1719,1.1723,36296.4,72
2025-07-23 14:54:00,1.1725,1.1728,1.1724,1.1727,18358.4,62
2025-07-23 14:56:00,1.1726,1.1727,1.1723,1.1725,34778.9,130
2025-07-23 14:58:00,1.1725,1.1726,1.1723,1.1725,39175.7,78
2025-07-23 15:00:00,1.1723,1.1725,1.1723,1.1723,48216.7,114
2025-07-23 15:02:00,1.1725,1.1726,1.1722,1.1723,57542.1,121
2025-07-23 15:04:00,1.1723,1.1724,1.1721,1.1724,25644.1,103
2025-07-23 15:06:00,1.1723,1.1726,1.1723,1.1726,25391.8,67
2025-07-23 15:08:00,1.1726,1.1728,1.1724,1.1726,19775.3,70
2025-07-23 15:10:00,1.1728,1.173,1.1727,1.1727,57511.5,133
2025-07-23 15:12:00,1.1728,1.1731,1.1726,1.173,35782.1,99
2025-07-23 15:14:00,1.1729,1.1731,1.1729,1.1729,31583.8,82
2025-07-23 15:16:00,1.173,1.1733,1.173,1.173,25740.3,91
2025-07-23 15:18:00,1.173,1.1733,1.1728,1.1731,46117.0,108
2025-07-23 15:20:00,1.1731,1.1732,1.173,1.1731,24392.7,53
2025-07-23 15:22:00,1.1731,1.1732,1.1728,1.1729,12718.5,58
2025-07-23 15:24:00,1.173,1.1731,1.1728,1.1729,10619.6,30
2025-07-23 15:26:00,1.173,1.1731,1.1727,1.1727,19906.0,55
2025-07-23 15:28:00,1.1728,1.1728,1.1725,1.1725,55353.7,92
2025-07-23 15:30:00,1.1727,1.1727,1.1724,1.1725,30116.5,80
2025-07-23 15:32:00,1.1724,1.1726,1.1722,1.1724,21462.5,49
2025-07-23 15:34:00,1.1723,1.1724,1.1718,1.172,43019.6,116
2025-07-23 15:36:00,1.1719,1.172,1.1716,1.172,32921.7,95
2025-07-23 15:38:00,1.172,1.1723,1.1718,1.1719,17969.0,70
2025-07-23 15:40:00,1.172,1.1721,1.1718,1.172,12944.4,48
2025-07-23 15:42:00,1.1719,1.1719,1.1714,1.1716,26806.2,119
2025-07-23 15:44:00,1.1718,1.1719,1.1716,1.1719,14141.6,60
2025-07-23 15:46:00,1.1719,1.1719,1.1716,1.1716,21183.7,76
2025-07-23 15:48:00,1.1717,1.1718,1.1716,1.1716,18558.1,80
2025-07-23 15:50:00,1.1717,1.1719,1.1716,1.1717,17781.9,66
2025-07-23 15:52:00,1.1716,1.1719,1.1716,1.1717,15976.9,52
2025-07-23 15:54:00,1.1717,1.1731,1.1717,1.1729,156269.3,424
2025-07-23 15:56:00,1.1731,1.1742,1.173,1.1739,363195.6,671
2025-07-23 15:58:00,1.1739,1.1744,1.1734,1.1738,78797.6,180
2025-07-23 16:00:00,1.1737,1.174,1.1735,1.1739,58886.9,117
2025-07-23 16:02:00,1.1741,1.1748,1.1737,1.1746,58944.1,118
2025-07-23 16:04:00,1.1745,1.175,1.1743,1.1743,114125.2,144
2025-07-23 16:06:00,1.1744,1.1747,1.1741,1.1746,50990.1,106
2025-07-23 16:08:00,1.1746,1.1747,1.1742,1.1745,39805.299999999996,108
2025-07-23 16:10:00,1.1745,1.1748,1.174,1.174,45077.0,150
2025-07-23 16:12:00,1.1741,1.1742,1.1735,1.1736,46733.1,114
2025-07-23 16:14:00,1.1736,1.1737,1.1734,1.1737,36711.7,98
2025-07-23 16:16:00,1.1736,1.1739,1.1736,1.1738,23605.5,57
2025-07-23 16:18:00,1.174,1.1743,1.1737,1.1742,35189.6,95
2025-07-23 16:20:00,1.1742,1.1744,1.1739,1.1739,18654.7,77
2025-07-23 16:22:00,1.174,1.1743,1.1739,1.1741,62157.8,110
2025-07-23 16:24:00,1.174,1.1745,1.174,1.1742,64274.6,106
2025-07-23 16:26:00,1.1743,1.1745,1.1742,1.1744,73769.6,137
2025-07-23 16:28:00,1.1743,1.1745,1.1741,1.1743,25859.9,99
2025-07-23 16:30:00,1.1742,1.1745,1.174,1.1743,41692.6,87
2025-07-23 16:32:00,1.1741,1.1744,1.174,1.174,35965.3,87
2025-07-23 16:34:00,1.1741,1.1742,1.1738,1.174,37825.0,101
2025-07-23 16:36:00,1.1739,1.1742,1.1739,1.1741,46194.4,103
2025-07-23 16:38:00,1.1741,1.1745,1.174,1.1743,77465.8,215
2025-07-23 16:40:00,1.1744,1.1747,1.1743,1.1746,23419.0,86
2025-07-23 16:42:00,1.1746,1.1746,1.1744,1.1746,36578.1,80
2025-07-23 16:44:00,1.1746,1.1747,1.1745,1.1746,32386.1,79
2025-07-23 16:46:00,1.1746,1.1746,1.1743,1.1745,64449.2,172
2025-07-23 16:48:00,1.1745,1.1745,1.1741,1.1744,65885.0,163
2025-07-23 16:50:00,1.1745,1.1746,1.1741,1.1742,96276.8,209
2025-07-23 16:52:00,1.1742,1.1744,1.1739,1.1743,65448.0,156
2025-07-23 16:54:00,1.1744,1.1745,1.1742,1.1743,31895.7,80
2025-07-23 16:56:00,1.1742,1.1746,1.1741,1.1746,34329.3,79
2025-07-23 16:58:00,1.1745,1.1747,1.1744,1.1747,60886.1,113
2025-07-23 17:00:00,1.1746,1.175,1.1746,1.1749,26184.7,102
2025-07-23 17:02:00,1.175,1.1754,1.1749,1.1752,35751.1,106
2025-07-23 17:04:00,1.1753,1.1756,1.1753,1.1755,34528.8,136
2025-07-23 17:06:00,1.1754,1.1756,1.1753,1.1756,26533.7,105
2025-07-23 17:08:00,1.1755,1.1757,1.1753,1.1753,150345.7,312
2025-07-23 17:10:00,1.1753,1.1754,1.1749,1.1753,78191.2,177
2025-07-23 17:12:00,1.1753,1.1755,1.1752,1.1755,49127.8,97
2025-07-23 17:14:00,1.1755,1.1758,1.1754,1.1758,58073.1,135
2025-07-23 17:16:00,1.1758,1.176,1.1757,1.176,51928.4,133
2025-07-23 17:18:00,1.1759,1.1762,1.1758,1.1758,89868.0,274
2025-07-23 17:20:00,1.1758,1.176,1.1757,1.1759,95434.5,158
2025-07-23 17:22:00,1.1758,1.1761,1.1757,1.1759,107097.5,297
2025-07-23 17:24:00,1.176,1.1761,1.1758,1.176,46630.4,99
2025-07-23 17:26:00,1.176,1.1762,1.1759,1.1759,49679.8,86
2025-07-23 17:28:00,1.176,1.176,1.1755,1.1757,36596.7,77
2025-07-23 17:30:00,1.1756,1.1757,1.1754,1.1755,42147.5,123
2025-07-23 17:32:00,1.1755,1.1759,1.1754,1.1758,83946.6,154
2025-07-23 17:34:00,1.1757,1.176,1.1755,1.1758,91614.9,142
2025-07-23 17:36:00,1.1758,1.1762,1.1758,1.1761,42580.3,93
2025-07-23 17:38:00,1.1762,1.1763,1.1759,1.176,53716.0,111
2025-07-23 17:40:00,1.176,1.1763,1.176,1.176,60630.6,97
2025-07-23 17:42:00,1.1762,1.1763,1.176,1.176,32490.6,72
2025-07-23 17:44:00,1.1762,1.1762,1.1759,1.1762,28316.9,79
2025-07-23 17:46:00,1.176,1.1762,1.1758,1.1761,44695.5,105
2025-07-23 17:48:00,1.176,1.1761,1.1758,1.1759,34870.299999999996,79
2025-07-23 17:50:00,1.1759,1.1761,1.1746,1.1751,142180.2,274
2025-07-23 17:52:00,1.1751,1.1756,1.175,1.1752,71190.5,172
2025-07-23 17:54:00,1.1753,1.1755,1.1752,1.1754,43481.0,51
2025-07-23 17:56:00,1.1754,1.1758,1.1754,1.1757,58687.7,142
2025-07-23 17:58:00,1.1757,1.1758,1.1756,1.1756,31289.5,54
2025-07-23 18:00:00,1.1758,1.1758,1.1757,1.1757,19022.3,42
2025-07-23 18:02:00,1.1757,1.176,1.1757,1.1758,21319.8,43
2025-07-23 18:04:00,1.1758,1.176,1.1757,1.1758,51855.4,110
2025-07-23 18:06:00,1.1758,1.176,1.1758,1.1758,28412.2,80
2025-07-23 18:08:00,1.1758,1.1761,1.1758,1.1759,27200.3,104
2025-07-23 18:10:00,1.176,1.1762,1.1759,1.1761,40058.1,80
2025-07-23 18:12:00,1.1762,1.1763,1.176,1.1761,33183.2,68
2025-07-23 18:14:00,1.1762,1.1763,1.176,1.1762,21969.5,77
2025-07-23 18:16:00,1.1762,1.1763,1.1761,1.1761,25019.1,80
2025-07-23 18:18:00,1.1761,1.1763,1.1761,1.1763,25234.9,77
2025-07-23 18:20:00,1.1763,1.1764,1.1761,1.1763,22365.2,65
2025-07-23 18:22:00,1.1763,1.1765,1.1762,1.1764,19843.5,78
2025-07-23 18:24:00,1.1765,1.1766,1.1763,1.1764,30351.1,79
2025-07-23 18:26:00,1.1765,1.1766,1.1762,1.1764,27241.1,77
2025-07-23 18:28:00,1.1765,1.1768,1.1764,1.1767,43307.3,102
2025-07-23 18:30:00,1.1768,1.1768,1.1764,1.1766,28845.5,73
2025-07-23 18:32:00,1.1765,1.1767,1.1764,1.1766,56453.0,87
2025-07-23 18:34:00,1.1766,1.1767,1.1765,1.1765,23620.9,49
2025-07-23 18:36:00,1.1765,1.1768,1.1765,1.1766,24313.4,61
2025-07-23 18:38:00,1.1766,1.1768,1.1766,1.1767,15203.699999999999,54
2025-07-23 18:40:00,1.1768,1.1769,1.1766,1.1769,35667.6,95
2025-07-23 18:42:00,1.1767,1.1769,1.1766,1.1767,22937.3,72
2025-07-23 18:44:00,1.1768,1.1768,1.1766,1.1766,47716.7,124
2025-07-23 18:46:00,1.1766,1.1768,1.1766,1.1767,16172.5,38
2025-07-23 18:48:00,1.1767,1.1767,1.1766,1.1766,23951.6,38
2025-07-23 18:50:00,1.1766,1.1768,1.1765,1.1767,24196.399999999998,65
2025-07-23 18:52:00,1.1767,1.1768,1.1766,1.1766,26672.9,72
2025-07-23 18:54:00,1.1766,1.1768,1.1765,1.1767,20088.9,66
2025-07-23 18:56:00,1.1767,1.1769,1.1766,1.1766,13896.6,44
2025-07-23 18:58:00,1.1766,1.1768,1.1766,1.1767,9971.5,51
2025-07-23 19:00:00,1.1767,1.1769,1.1766,1.1767,7872.2,38
2025-07-23 19:02:00,1.1767,1.1768,1.1766,1.1767,12781.3,61
2025-07-23 19:04:00,1.1766,1.1768,1.1765,1.1766,29162.8,80
2025-07-23 19:06:00,1.1766,1.1768,1.1766,1.1767,15435.0,36
2025-07-23 19:08:00,1.1766,1.1767,1.1764,1.1765,14883.7,56
2025-07-23 19:10:00,1.1765,1.1766,1.1762,1.1762,17423.6,75
2025-07-23 19:12:00,1.1762,1.1764,1.1762,1.1763,12999.5,64
2025-07-23 19:14:00,1.1764,1.1767,1.1762,1.1766,20944.1,88
2025-07-23 19:16:00,1.1767,1.1768,1.1765,1.1768,4683.1,32
2025-07-23 19:18:00,1.1768,1.1769,1.1767,1.1767,9298.4,46
2025-07-23 19:20:00,1.1767,1.1767,1.1765,1.1766,19364.8,43
2025-07-23 19:22:00,1.1767,1.1767,1.1765,1.1767,19885.8,64
2025-07-23 19:24:00,1.1765,1.1767,1.1764,1.1764,27968.2,71
2025-07-23 19:26:00,1.1764,1.1766,1.1762,1.1764,24453.2,54
2025-07-23 19:28:00,1.1763,1.1765,1.1762,1.1763,29825.899999999998,66
2025-07-23 19:30:00,1.1764,1.1764,1.1761,1.1761,34241.9,81
2025-07-23 19:32:00,1.1763,1.1763,1.1761,1.1762,21095.8,74
2025-07-23 19:34:00,1.1762,1.1763,1.176,1.1762,35209.2,46
2025-07-23 19:36:00,1.1762,1.1764,1.1761,1.1761,15572.1,58
2025-07-23 19:38:00,1.1761,1.1764,1.1761,1.1761,24548.0,81
2025-07-23 19:40:00,1.1762,1.1763,1.1761,1.1762,19242.9,48
2025-07-23 19:42:00,1.1762,1.1765,1.1761,1.1763,22492.1,63
2025-07-23 19:44:00,1.1763,1.1766,1.1763,1.1765,6553.4,39
2025-07-23 19:46:00,1.1766,1.1769,1.1765,1.1768,30024.0,105
2025-07-23 19:48:00,1.1769,1.177,1.1768,1.177,24987.8,68
2025-07-23 19:50:00,1.177,1.177,1.1768,1.177,11673.6,37
2025-07-23 19:52:00,1.1769,1.177,1.1768,1.177,10669.1,48
2025-07-23 19:54:00,1.1768,1.1771,1.1768,1.177,31489.3,93
2025-07-23 19:56:00,1.1771,1.1772,1.177,1.1771,25069.3,73
2025-07-23 19:58:00,1.1771,1.1772,1.1769,1.177,44358.2,105
2025-07-23 20:00:00,1.177,1.1772,1.1769,1.1771,20278.4,88
2025-07-23 20:02:00,1.1771,1.1773,1.177,1.1771,15686.7,51
2025-07-23 20:04:00,1.1771,1.1773,1.1771,1.1772,20708.3,78
2025-07-23 20:06:00,1.1772,1.1773,1.1772,1.1773,17001.8,65
2025-07-23 20:08:00,1.1773,1.1773,1.177,1.177,27001.5,116
2025-07-23 20:10:00,1.177,1.1772,1.1769,1.1772,50629.6,126
2025-07-23 20:12:00,1.1772,1.1773,1.177,1.1772,29052.0,72
2025-07-23 20:14:00,1.1772,1.1772,1.177,1.1771,21254.899999999998,50
2025-07-23 20:16:00,1.1771,1.1773,1.177,1.1773,30337.7,60
2025-07-23 20:18:00,1.1773,1.1773,1.1771,1.1772,27238.7,84
2025-07-23 20:20:00,1.1772,1.1773,1.1771,1.1773,34901.2,70
2025-07-23 20:22:00,1.1773,1.1774,1.1772,1.1774,30283.2,56
2025-07-23 20:24:00,1.1773,1.1774,1.1772,1.1773,24347.4,67
2025-07-23 20:26:00,1.1774,1.1774,1.1772,1.1773,57826.4,184
2025-07-23 20:28:00,1.1772,1.1774,1.1771,1.1772,36868.1,83
2025-07-23 20:30:00,1.1772,1.1774,1.177,1.1774,63404.5,155
2025-07-23 20:32:00,1.1774,1.1775,1.177,1.1774,136871.1,317
2025-07-23 20:34:00,1.1773,1.1775,1.1772,1.1773,112679.9,268
2025-07-23 20:36:00,1.1773,1.1774,1.1771,1.1773,74679.3,143
2025-07-23 20:38:00,1.1772,1.1773,1.1771,1.1773,48732.7,89
2025-07-23 20:40:00,1.1772,1.1773,1.1771,1.1773,63796.0,115
2025-07-23 20:42:00,1.1773,1.1774,1.1771,1.1773,33030.8,91
2025-07-23 20:44:00,1.1773,1.1774,1.1772,1.1774,18691.5,64
2025-07-23 20:46:00,1.1773,1.1774,1.1772,1.1773,36477.5,85
2025-07-23 20:48:00,1.1773,1.1775,1.1772,1.1775,19316.4,60
2025-07-23 20:50:00,1.1773,1.1775,1.177,1.177,44587.5,76
2025-07-23 20:52:00,1.177,1.1771,1.1768,1.1768,25909.3,71
2025-07-23 20:54:00,1.1768,1.1772,1.1767,1.1771,33543.6,89
2025-07-23 20:56:00,1.1771,1.1774,1.1771,1.1772,34532.1,74
2025-07-23 20:58:00,1.1773,1.1774,1.1769,1.177,47354.9,104
2025-07-23 21:00:00,1.177,1.1771,1.1769,1.177,31501.6,66
2025-07-23 21:02:00,1.1768,1.177,1.1768,1.1768,28924.4,83
2025-07-23 21:04:00,1.1768,1.177,1.1767,1.1767,23090.399999999998,61
2025-07-23 21:06:00,1.1767,1.1768,1.1766,1.1766,16584.9,96
2025-07-23 21:08:00,1.1766,1.1768,1.1766,1.1766,10151.3,39
2025-07-23 21:10:00,1.1766,1.1768,1.1766,1.1767,18716.7,58
2025-07-23 21:12:00,1.1767,1.1768,1.1766,1.1767,40236.5,88
2025-07-23 21:14:00,1.1767,1.1768,1.1766,1.1767,23849.2,86
2025-07-23 21:16:00,1.1768,1.1769,1.1767,1.1768,21362.6,49
2025-07-23 21:18:00,1.1767,1.1768,1.1765,1.1766,61807.6,124
2025-07-23 21:20:00,1.1767,1.1768,1.1766,1.1768,47639.5,112
2025-07-23 21:22:00,1.1768,1.1769,1.1767,1.1769,31229.2,83
2025-07-23 21:24:00,1.1769,1.177,1.1767,1.1769,55301.6,142
2025-07-23 21:26:00,1.1769,1.1771,1.1767,1.177,133388.0,349
2025-07-23 21:28:00,1.177,1.1773,1.1767,1.1771,40017.0,132
2025-07-23 21:30:00,1.1772,1.1773,1.177,1.1771,35135.0,125
2025-07-23 21:32:00,1.177,1.1773,1.177,1.1771,22362.2,73
2025-07-23 21:34:00,1.1771,1.1774,1.1771,1.1774,34505.2,77
2025-07-23 21:36:00,1.1774,1.1774,1.1771,1.1772,82031.8,136
2025-07-23 21:38:00,1.1771,1.1774,1.1771,1.1774,56459.9,141
2025-07-23 21:40:00,1.1774,1.1775,1.1773,1.1774,31069.5,77
2025-07-23 21:42:00,1.1774,1.1775,1.1773,1.1774,34382.7,48
2025-07-23 21:44:00,1.1774,1.1774,1.1773,1.1773,21311.3,53
2025-07-23 21:46:00,1.1773,1.1774,1.1772,1.1773,24673.6,52
2025-07-23 21:48:00,1.1774,1.1774,1.1771,1.1773,36697.2,61
2025-07-23 21:50:00,1.1772,1.1773,1.1771,1.1771,27940.0,65
2025-07-23 21:52:00,1.1771,1.1772,1.1769,1.177,41866.6,104
2025-07-23 21:54:00,1.1769,1.177,1.1768,1.1769,15205.9,43
2025-07-23 21:56:00,1.1769,1.1769,1.1767,1.1767,18869.6,79
2025-07-23 21:58:00,1.1769,1.1769,1.1767,1.1767,19032.5,66
2025-07-23 22:00:00,1.1768,1.1771,1.1767,1.1769,25279.0,78
2025-07-23 22:02:00,1.177,1.177,1.1768,1.177,10863.3,43
2025-07-23 22:04:00,1.1769,1.1772,1.1768,1.1771,18487.6,79
2025-07-23 22:06:00,1.1771,1.1772,1.177,1.1771,16780.1,53
2025-07-23 22:08:00,1.1771,1.1772,1.177,1.177,13609.6,65
2025-07-23 22:10:00,1.177,1.1772,1.177,1.177,9730.5,41
2025-07-23 22:12:00,1.177,1.1772,1.177,1.1772,32962.9,71
2025-07-23 22:14:00,1.177,1.1773,1.177,1.1772,11242.8,60
2025-07-23 22:16:00,1.1772,1.1772,1.177,1.1772,11065.5,49
2025-07-23 22:18:00,1.1772,1.1773,1.1771,1.1771,13785.9,32
2025-07-23 22:20:00,1.1772,1.1772,1.177,1.177,10181.0,47
2025-07-23 22:22:00,1.177,1.1772,1.177,1.1772,16261.7,56
2025-07-23 22:24:00,1.1771,1.1773,1.1771,1.1771,28738.2,81
2025-07-23 22:26:00,1.1771,1.1772,1.177,1.177,17417.3,56
2025-07-23 22:28:00,1.1772,1.1772,1.177,1.177,28840.4,49
2025-07-23 22:30:00,1.177,1.1772,1.177,1.1771,8081.0,39
2025-07-23 22:32:00,1.177,1.1772,1.1769,1.1769,9240.6,31
2025-07-23 22:34:00,1.1769,1.1771,1.1769,1.1771,6877.0,37
2025-07-23 22:36:00,1.177,1.1772,1.1769,1.1769,19989.3,36
2025-07-23 22:38:00,1.177,1.1771,1.1769,1.1771,9103.1,50
2025-07-23 22:40:00,1.1769,1.1771,1.1769,1.1771,6585.4,30
2025-07-23 22:42:00,1.177,1.1771,1.1769,1.1769,8770.1,43
2025-07-23 22:44:00,1.1769,1.1771,1.1769,1.1769,14625.7,47
2025-07-23 22:46:00,1.1769,1.1771,1.1769,1.1769,25489.600000000002,43
2025-07-23 22:48:00,1.1769,1.1771,1.1769,1.177,21684.8,28
2025-07-23 22:50:00,1.1769,1.1771,1.1769,1.177,19476.3,59
2025-07-23 22:52:00,1.1769,1.177,1.1769,1.1769,10381.3,26
2025-07-23 22:54:00,1.1769,1.1771,1.1769,1.177,6115.0,33
2025-07-23 22:56:00,1.177,1.1771,1.1768,1.177,8247.9,41
2025-07-23 22:58:00,1.177,1.177,1.1768,1.1768,14972.0,40
2025-07-23 23:00:00,1.1769,1.1771,1.1769,1.177,8731.9,30
2025-07-23 23:02:00,1.177,1.1771,1.177,1.177,4608.0,22
2025-07-23 23:04:00,1.177,1.1772,1.177,1.1771,5134.2,34
2025-07-23 23:06:00,1.1772,1.1772,1.1769,1.1769,3447.9,25
2025-07-23 23:08:00,1.1769,1.1771,1.1769,1.1769,4874.8,21
2025-07-23 23:10:00,1.1769,1.1771,1.1769,1.1769,3949.5,22
2025-07-23 23:12:00,1.1769,1.177,1.1769,1.1769,7609.400000000001,18
2025-07-23 23:14:00,1.1769,1.1771,1.1769,1.177,7035.8,31
2025-07-23 23:16:00,1.1769,1.1772,1.1769,1.1771,8201.4,43
2025-07-23 23:18:00,1.1771,1.1773,1.1771,1.1771,4703.0,25
2025-07-23 23:20:00,1.1771,1.1772,1.177,1.1772,26922.7,42
2025-07-23 23:22:00,1.1773,1.1774,1.1772,1.1773,44328.3,96
2025-07-23 23:24:00,1.1774,1.1774,1.1771,1.1771,10792.6,36
2025-07-23 23:26:00,1.1771,1.1773,1.1771,1.1772,6073.7,22
2025-07-23 23:28:00,1.1772,1.1774,1.1772,1.1773,9969.0,20
2025-07-23 23:30:00,1.1773,1.1774,1.1772,1.1772,6257.9,24
2025-07-23 23:32:00,1.1774,1.1774,1.1772,1.1772,7825.8,22
2025-07-23 23:34:00,1.1772,1.1773,1.1772,1.1772,5005.6,26
2025-07-23 23:36:00,1.1772,1.1773,1.1772,1.1772,15612.2,47
2025-07-23 23:38:00,1.1772,1.1772,1.1771,1.1771,2282.5,11
2025-07-23 23:40:00,1.1771,1.1772,1.1771,1.1771,9278.5,26
2025-07-23 23:42:00,1.1771,1.1773,1.1771,1.1771,7565.7,23
2025-07-23 23:44:00,1.1771,1.1772,1.177,1.1771,17740.4,41
2025-07-23 23:46:00,1.1771,1.1772,1.1771,1.1772,2213.3,15
2025-07-23 23:48:00,1.1773,1.1773,1.1771,1.1771,3929.7,22
2025-07-23 23:50:00,1.1772,1.1773,1.1771,1.1771,2573.1,13
2025-07-23 23:52:00,1.1771,1.1772,1.1771,1.1771,1641.4,9
2025-07-23 23:54:00,1.1771,1.1772,1.177,1.177,2032.8,14
2025-07-23 23:56:00,1.177,1.177,1.1768,1.1768,17962.1,60
2025-07-23 23:58:00,1.1768,1.177,1.1768,1.1768,19667.1,43
2025-07-24 00:00:00,1.1769,1.1769,1.1766,1.1766,9157.2,46
2025-07-24 00:02:00,1.1767,1.1768,1.1766,1.1766,30678.1,59
2025-07-24 00:04:00,1.1766,1.1767,1.1765,1.1766,17431.2,40
2025-07-24 00:06:00,1.1766,1.1767,1.1764,1.1764,11788.1,60
2025-07-24 00:08:00,1.1765,1.1765,1.1763,1.1764,12399.8,16
2025-07-24 00:10:00,1.1764,1.1766,1.1763,1.1766,13707.3,30
2025-07-24 00:12:00,1.1765,1.1767,1.1764,1.1766,4228.5,28
2025-07-24 00:14:00,1.1766,1.1767,1.1764,1.1765,18637.1,45
2025-07-24 00:16:00,1.1765,1.1766,1.1764,1.1766,10408.300000000001,31
2025-07-24 00:18:00,1.1767,1.1768,1.1765,1.1766,15527.9,42
2025-07-24 00:20:00,1.1767,1.1768,1.1765,1.1765,10126.9,23
2025-07-24 00:22:00,1.1766,1.1768,1.1766,1.1766,15671.5,65
2025-07-24 00:24:00,1.1767,1.1767,1.1766,1.1766,3500.2,23
2025-07-24 00:26:00,1.1767,1.1768,1.1766,1.1766,5595.3,28
2025-07-24 00:28:00,1.1767,1.1768,1.1766,1.1768,66603.2,80
2025-07-24 00:30:00,1.1768,1.1768,1.1762,1.1762,28264.2,132
2025-07-24 00:32:00,1.1763,1.1763,1.1761,1.1761,7064.3,34
2025-07-24 00:34:00,1.1762,1.1763,1.176,1.176,25728.2,54
2025-07-24 00:36:00,1.1761,1.1762,1.176,1.176,23568.5,39
2025-07-24 00:38:00,1.176,1.1762,1.176,1.1761,31922.9,47
2025-07-24 00:40:00,1.176,1.1761,1.176,1.1761,6305.5,24
2025-07-24 00:42:00,1.176,1.1761,1.1759,1.176,12435.1,25
2025-07-24 00:44:00,1.176,1.1761,1.1759,1.176,10370.8,38
2025-07-24 00:46:00,1.1759,1.1761,1.1759,1.176,3433.2,17
2025-07-24 00:48:00,1.176,1.176,1.1758,1.1758,11683.400000000001,22
2025-07-24 00:50:00,1.1758,1.1759,1.1758,1.1759,2062.6,12
2025-07-24 00:52:00,1.176,1.1762,1.176,1.1762,21414.4,55
2025-07-24 00:54:00,1.1762,1.1764,1.1762,1.1763,16709.2,37
2025-07-24 00:56:00,1.1763,1.1764,1.1762,1.1762,7876.6,38
2025-07-24 00:58:00,1.1762,1.1763,1.1761,1.1762,11259.1,28
2025-07-24 01:00:00,1.1762,1.1764,1.1762,1.1763,10433.4,39
2025-07-24 01:02:00,1.1763,1.1767,1.1763,1.1766,11554.7,28
2025-07-24 01:04:00,1.1766,1.1769,1.1766,1.1767,8877.1,39
2025-07-24 01:06:00,1.1767,1.1768,1.1766,1.1767,5095.2,25
2025-07-24 01:08:00,1.1766,1.1768,1.1766,1.1767,8534.0,29
2025-07-24 01:10:00,1.1767,1.1768,1.1767,1.1767,3851.5,20
2025-07-24 01:12:00,1.1766,1.1768,1.1766,1.1766,5176.1,19
2025-07-24 01:14:00,1.1767,1.1768,1.1766,1.1768,13106.6,27
2025-07-24 01:16:00,1.1768,1.1768,1.1767,1.1767,7919.8,12
2025-07-24 01:18:00,1.1769,1.1769,1.1767,1.1769,4212.4,14
2025-07-24 01:20:00,1.1769,1.1769,1.1766,1.1767,15351.3,26
2025-07-24 01:22:00,1.1768,1.1768,1.1765,1.1766,4080.6,18
2025-07-24 01:24:00,1.1766,1.1768,1.1766,1.1767,11147.5,33
2025-07-24 01:26:00,1.1769,1.1771,1.1767,1.1769,27398.6,42
2025-07-24 01:28:00,1.1769,1.177,1.1769,1.1769,3981.9,13
2025-07-24 01:30:00,1.177,1.177,1.1767,1.1769,4387.1,22
2025-07-24 01:32:00,1.177,1.177,1.1769,1.177,1996.8999999999999,16
2025-07-24 01:34:00,1.1771,1.1772,1.177,1.1771,6061.6,34
2025-07-24 01:36:00,1.177,1.1772,1.177,1.1772,6470.9,25
2025-07-24 01:38:00,1.177,1.1772,1.1769,1.1771,2648.5,15
2025-07-24 01:40:00,1.1771,1.1772,1.177,1.1771,2564.0,13
2025-07-24 01:42:00,1.1772,1.1773,1.1772,1.1773,3256.0,10
2025-07-24 01:44:00,1.1773,1.1773,1.1772,1.1772,571.4,5
2025-07-24 01:46:00,1.1772,1.1772,1.1771,1.1771,1214.8,8
2025-07-24 01:48:00,1.1771,1.1772,1.1771,1.1772,901.7,9
2025-07-24 01:50:00,1.1771,1.1772,1.1771,1.1772,5823.5,22
2025-07-24 01:52:00,1.1771,1.1772,1.177,1.1771,3093.2999999999997,8
2025-07-24 01:54:00,1.177,1.1771,1.1769,1.177,2936.5,16
2025-07-24 01:56:00,1.1771,1.1771,1.177,1.1771,1527.3,9
2025-07-24 01:58:00,1.1771,1.1772,1.177,1.1771,3266.7,16
2025-07-24 02:00:00,1.1771,1.1772,1.177,1.1772,14905.5,85
2025-07-24 02:02:00,1.1772,1.1772,1.177,1.177,11902.2,40
2025-07-24 02:04:00,1.1769,1.177,1.1769,1.177,2477.6,12
2025-07-24 02:06:00,1.1769,1.177,1.1768,1.1769,3741.8,17
2025-07-24 02:08:00,1.177,1.177,1.1769,1.1769,8173.6,16
2025-07-24 02:10:00,1.1769,1.1769,1.1766,1.1766,6885.9,30
2025-07-24 02:12:00,1.1767,1.1768,1.1766,1.1768,1939.5,16
2025-07-24 02:14:00,1.1768,1.1771,1.1768,1.1771,4623.4,17
2025-07-24 02:16:00,1.177,1.1772,1.1769,1.1771,13171.7,45
2025-07-24 02:18:00,1.1771,1.1774,1.1771,1.1772,7947.5,38
2025-07-24 02:20:00,1.1773,1.1773,1.1771,1.1771,3175.4,19
2025-07-24 02:22:00,1.1771,1.1772,1.1769,1.177,2493.2,19
2025-07-24 02:24:00,1.1771,1.1772,1.177,1.1772,12474.1,21
2025-07-24 02:26:00,1.1772,1.1773,1.1772,1.1772,674.1,4
2025-07-24 02:28:00,1.1773,1.1773,1.1772,1.1773,757.3,8
2025-07-24 02:30:00,1.1773,1.1774,1.1771,1.1772,22268.0,220
2025-07-24 02:32:00,1.1773,1.1773,1.177,1.177,8260.3,36
2025-07-24 02:34:00,1.177,1.1771,1.1769,1.1769,2447.2,10
2025-07-24 02:36:00,1.177,1.1771,1.1769,1.177,10032.5,19
2025-07-24 02:38:00,1.177,1.177,1.1767,1.1767,13022.9,47
2025-07-24 02:40:00,1.1768,1.1768,1.1766,1.1766,6973.1,19
2025-07-24 02:42:00,1.1768,1.1769,1.1767,1.1769,2206.6,12
2025-07-24 02:44:00,1.1769,1.177,1.1768,1.1769,6065.5,16
2025-07-24 02:46:00,1.177,1.1772,1.1769,1.1771,7165.3,43
2025-07-24 02:48:00,1.1771,1.1772,1.1771,1.1771,8812.0,17
2025-07-24 02:50:00,1.1772,1.1772,1.1771,1.1771,2092.2,10
2025-07-24 02:52:00,1.1771,1.1772,1.1771,1.1772,2887.4,12
2025-07-24 02:54:00,1.1772,1.1773,1.1771,1.1773,5184.6,17
2025-07-24 02:56:00,1.1772,1.1773,1.1772,1.1772,1815.9,6
2025-07-24 02:58:00,1.1772,1.1773,1.1771,1.1773,11617.599999999999,31
2025-07-24 03:00:00,1.1773,1.1774,1.1772,1.1774,10176.9,39
2025-07-24 03:02:00,1.1773,1.1774,1.1773,1.1773,2288.3,17
2025-07-24 03:04:00,1.1772,1.1775,1.1772,1.1773,12630.5,51
2025-07-24 03:06:00,1.1773,1.1775,1.1773,1.1773,5492.7,12
2025-07-24 03:08:00,1.1773,1.1774,1.1772,1.1772,2428.8,12
2025-07-24 03:10:00,1.1772,1.1774,1.1772,1.1772,6038.8,9
2025-07-24 03:12:00,1.1772,1.1773,1.1772,1.1773,10092.6,7
2025-07-24 03:14:00,1.1774,1.1775,1.1774,1.1775,1352.3,3
2025-07-24 03:16:00,1.1772,1.1774,1.1772,1.1773,1843.1,11
2025-07-24 03:18:00,1.1773,1.1774,1.1773,1.1773,1294.3,8
2025-07-24 03:20:00,1.1773,1.1773,1.1772,1.1772,2253.7000000000003,15
2025-07-24 03:22:00,1.1773,1.1774,1.1772,1.1773,7352.0,17
2025-07-24 03:24:00,1.1773,1.1774,1.1772,1.1774,15324.5,24
2025-07-24 03:26:00,1.1774,1.1774,1.1772,1.1772,41237.0,51
2025-07-24 03:28:00,1.1772,1.1773,1.1772,1.1772,4922.7,15
2025-07-24 03:30:00,1.1772,1.1772,1.1769,1.1772,13198.4,42
2025-07-24 03:32:00,1.1772,1.1772,1.1771,1.1771,5667.400000000001,14
2025-07-24 03:34:00,1.1771,1.1771,1.1769,1.177,2072.7,17
2025-07-24 03:36:00,1.177,1.1772,1.177,1.1772,3735.6,37
2025-07-24 03:38:00,1.1771,1.1773,1.1771,1.1772,2428.5,20
2025-07-24 03:40:00,1.1772,1.1773,1.1771,1.1773,10826.2,25
2025-07-24 03:42:00,1.1773,1.1773,1.1771,1.1773,12460.8,26
2025-07-24 03:44:00,1.1772,1.1773,1.1772,1.1773,17510.3,27
2025-07-24 03:46:00,1.1773,1.1773,1.1772,1.1773,15085.6,43
2025-07-24 03:48:00,1.1772,1.1773,1.177,1.1772,15236.1,53
2025-07-24 03:50:00,1.177,1.1773,1.177,1.1773,15162.3,42
2025-07-24 03:52:00,1.1772,1.1773,1.1769,1.1769,15224.4,29
2025-07-24 03:54:00,1.1771,1.1772,1.177,1.1771,6272.2,33
2025-07-24 03:56:00,1.177,1.1771,1.1769,1.1769,3449.5,19
2025-07-24 03:58:00,1.1769,1.177,1.1768,1.1768,7047.3,41
2025-07-24 04:00:00,1.1767,1.1769,1.1766,1.1769,27491.2,79
2025-07-24 04:02:00,1.1769,1.177,1.1766,1.177,38965.5,78
2025-07-24 04:04:00,1.177,1.1771,1.1769,1.177,5017.4,24
2025-07-24 04:06:00,1.1769,1.1771,1.1769,1.1771,9346.9,19
2025-07-24 04:08:00,1.1772,1.1772,1.177,1.1771,5087.5,16
2025-07-24 04:10:00,1.1771,1.1771,1.1769,1.177,7145.2,40
2025-07-24 04:12:00,1.177,1.1771,1.1769,1.177,21172.3,74
2025-07-24 04:14:00,1.177,1.1771,1.1769,1.1771,4281.5,29
2025-07-24 04:16:00,1.1771,1.1771,1.1769,1.177,10187.2,21
2025-07-24 04:18:00,1.1769,1.177,1.1769,1.177,4888.4,24
2025-07-24 04:20:00,1.1769,1.177,1.1768,1.1768,6948.0,40
2025-07-24 04:22:00,1.1768,1.177,1.1768,1.1768,25070.4,49
2025-07-24 04:24:00,1.177,1.1771,1.1768,1.1771,6238.4,36
2025-07-24 04:26:00,1.177,1.1771,1.1769,1.177,11431.0,31
2025-07-24 04:28:00,1.177,1.177,1.1769,1.1769,15166.0,44
2025-07-24 04:30:00,1.177,1.177,1.1768,1.1768,9832.0,35
2025-07-24 04:32:00,1.1769,1.177,1.1768,1.177,9662.4,39
2025-07-24 04:34:00,1.177,1.177,1.1768,1.177,7226.4,31
2025-07-24 04:36:00,1.177,1.177,1.1768,1.177,11284.2,39
2025-07-24 04:38:00,1.177,1.177,1.1768,1.1768,7794.1,26
2025-07-24 04:40:00,1.1769,1.1769,1.1768,1.1769,10069.199999999999,33
2025-07-24 04:42:00,1.1769,1.1769,1.1767,1.1768,16583.7,60
2025-07-24 04:44:00,1.1769,1.1769,1.1767,1.1768,20175.2,72
2025-07-24 04:46:00,1.1767,1.1768,1.1767,1.1767,21296.6,82
2025-07-24 04:48:00,1.1768,1.1769,1.1767,1.1769,23023.1,37
2025-07-24 04:50:00,1.1768,1.1769,1.1767,1.1769,6239.4,34
2025-07-24 04:52:00,1.177,1.177,1.1768,1.177,11669.6,27
2025-07-24 04:54:00,1.177,1.177,1.1767,1.1768,39199.3,84
2025-07-24 04:56:00,1.1768,1.1769,1.1767,1.1768,21522.5,65
2025-07-24 04:58:00,1.1768,1.1769,1.1767,1.1769,15236.2,52
2025-07-24 05:00:00,1.1768,1.1769,1.1767,1.1767,20701.0,60
2025-07-24 05:02:00,1.1768,1.1768,1.1767,1.1768,9208.9,32
2025-07-24 05:04:00,1.1768,1.1769,1.1767,1.1768,57724.2,104
2025-07-24 05:06:00,1.1767,1.177,1.1767,1.177,22948.3,70
2025-07-24 05:08:00,1.1769,1.1771,1.1769,1.1771,19187.7,80
2025-07-24 05:10:00,1.1771,1.1771,1.1769,1.177,21233.0,60
2025-07-24 05:12:00,1.1769,1.177,1.1769,1.177,15741.7,57
2025-07-24 05:14:00,1.177,1.177,1.1768,1.1768,21521.7,43
2025-07-24 05:16:00,1.1768,1.1771,1.1768,1.177,41622.5,90
2025-07-24 05:18:00,1.1771,1.1772,1.1769,1.1772,42444.4,164
2025-07-24 05:20:00,1.1772,1.1772,1.177,1.1771,26382.1,51
2025-07-24 05:22:00,1.1771,1.1772,1.177,1.177,25138.4,122
2025-07-24 05:24:00,1.177,1.1773,1.177,1.1771,16173.300000000001,45
2025-07-24 05:26:00,1.1771,1.1774,1.1771,1.1774,29284.3,70
2025-07-24 05:28:00,1.1774,1.1774,1.1771,1.1771,16601.0,45
2025-07-24 05:30:00,1.1772,1.1772,1.177,1.1772,18761.2,56
2025-07-24 05:32:00,1.1772,1.1772,1.177,1.1772,34585.8,53
2025-07-24 05:34:00,1.1773,1.1774,1.1771,1.1771,15228.7,36
2025-07-24 05:36:00,1.1771,1.1773,1.177,1.1772,150568.19999999998,224
2025-07-24 05:38:00,1.1772,1.1773,1.177,1.1771,17916.6,50
2025-07-24 05:40:00,1.1771,1.1772,1.1769,1.1769,28486.8,72
2025-07-24 05:42:00,1.1769,1.177,1.1767,1.1768,14516.9,57
2025-07-24 05:44:00,1.1769,1.1769,1.1768,1.1768,13983.2,39
2025-07-24 05:46:00,1.1768,1.1769,1.1767,1.1768,8495.1,22
2025-07-24 05:48:00,1.1768,1.1769,1.1767,1.1768,29212.3,93
2025-07-24 05:50:00,1.1769,1.1769,1.1764,1.1765,40745.9,122
2025-07-24 05:52:00,1.1764,1.1765,1.1763,1.1765,32949.8,84
2025-07-24 05:54:00,1.1765,1.1769,1.1765,1.1768,39760.2,147
2025-07-24 05:56:00,1.1768,1.1768,1.1764,1.1764,53559.3,138
2025-07-24 05:58:00,1.1765,1.1765,1.1763,1.1764,66475.5,153
2025-07-24 06:00:00,1.1763,1.1765,1.1763,1.1765,40594.6,194
2025-07-24 06:02:00,1.1765,1.1767,1.1764,1.1766,37145.9,99
2025-07-24 06:04:00,1.1766,1.1767,1.1765,1.1767,31310.8,85
2025-07-24 06:06:00,1.1767,1.1767,1.1763,1.1764,32333.2,84
2025-07-24 06:08:00,1.1764,1.1767,1.1763,1.1767,20980.8,53
2025-07-24 06:10:00,1.1766,1.1767,1.1764,1.1766,36425.1,90
2025-07-24 06:12:00,1.1766,1.1766,1.1763,1.1766,33468.3,72
2025-07-24 06:14:00,1.1766,1.1766,1.1762,1.1763,39509.6,93
2025-07-24 06:16:00,1.1763,1.1765,1.1761,1.1764,42797.8,100
2025-07-24 06:18:00,1.1763,1.1765,1.1763,1.1764,29147.8,28
2025-07-24 06:20:00,1.1764,1.1764,1.1762,1.1763,11845.5,26
2025-07-24 06:22:00,1.1764,1.1764,1.1762,1.1764,47549.3,98
2025-07-24 06:24:00,1.1762,1.1765,1.1762,1.1763,22938.9,50
2025-07-24 06:26:00,1.1764,1.1766,1.1764,1.1765,21819.5,47
2025-07-24 06:28:00,1.1766,1.1769,1.1765,1.1766,28341.8,61
2025-07-24 06:30:00,1.1766,1.1766,1.1764,1.1766,33120.9,46
2025-07-24 06:32:00,1.1766,1.1767,1.1765,1.1766,9483.4,29
2025-07-24 06:34:00,1.1766,1.1766,1.1764,1.1764,7632.9,28
2025-07-24 06:36:00,1.1765,1.1767,1.1763,1.1765,42308.4,64
2025-07-24 06:38:00,1.1767,1.1767,1.1763,1.1764,19653.1,51
2025-07-24 06:40:00,1.1764,1.1765,1.1762,1.1764,81968.8,188
2025-07-24 06:42:00,1.1764,1.1765,1.1762,1.1764,57604.4,206
2025-07-24 06:44:00,1.1762,1.1763,1.1759,1.176,48127.4,147
2025-07-24 06:46:00,1.1759,1.1761,1.1759,1.1761,30743.9,110
2025-07-24 06:48:00,1.1761,1.1761,1.1759,1.176,60986.1,139
2025-07-24 06:50:00,1.1761,1.1761,1.1759,1.1761,51639.8,127
2025-07-24 06:52:00,1.176,1.1763,1.1759,1.176,93556.8,135
2025-07-24 06:54:00,1.176,1.1761,1.1757,1.176,128275.1,316
2025-07-24 06:56:00,1.1759,1.176,1.1757,1.1758,41096.4,114
2025-07-24 06:58:00,1.1759,1.1759,1.1755,1.1755,47046.9,126
2025-07-24 07:00:00,1.1757,1.1757,1.1752,1.1754,32802.9,107
2025-07-24 07:02:00,1.1754,1.1757,1.1754,1.1756,53762.6,142
2025-07-24 07:04:00,1.1757,1.1757,1.1754,1.1756,71449.4,215
2025-07-24 07:06:00,1.1756,1.1758,1.1756,1.1758,81491.9,180
2025-07-24 07:08:00,1.1758,1.1761,1.1758,1.176,50416.8,141
2025-07-24 07:10:00,1.1761,1.1763,1.1761,1.1762,52788.3,106
2025-07-24 07:12:00,1.1763,1.1764,1.176,1.1761,61278.9,118
2025-07-24 07:14:00,1.1763,1.1764,1.176,1.1762,41749.4,126
2025-07-24 07:16:00,1.1762,1.1764,1.176,1.1764,28464.2,72
2025-07-24 07:18:00,1.1764,1.1764,1.176,1.1762,33299.6,66
2025-07-24 07:20:00,1.1764,1.1764,1.176,1.1763,47287.5,95
2025-07-24 07:22:00,1.1761,1.1763,1.1759,1.1762,27498.6,69
2025-07-24 07:24:00,1.1761,1.1766,1.1761,1.1766,26908.4,73
2025-07-24 07:26:00,1.1765,1.1766,1.1764,1.1764,55711.3,87
2025-07-24 07:28:00,1.1765,1.1767,1.1764,1.1765,34173.9,100
2025-07-24 07:30:00,1.1766,1.1767,1.176,1.176,81677.20000000001,66
2025-07-24 07:32:00,1.176,1.176,1.1759,1.176,31827.2,63
2025-07-24 07:34:00,1.176,1.176,1.1759,1.176,24063.3,83
2025-07-24 07:36:00,1.1759,1.176,1.1757,1.1759,14128.6,39
2025-07-24 07:38:00,1.1758,1.1759,1.1757,1.1757,35247.7,52
2025-07-24 07:40:00,1.1757,1.176,1.1757,1.1759,18348.600000000002,42
2025-07-24 07:42:00,1.1759,1.1761,1.1758,1.1759,41649.1,87
2025-07-24 07:44:00,1.176,1.1761,1.1758,1.1759,33419.8,76
2025-07-24 07:46:00,1.1759,1.1759,1.1756,1.1756,10531.3,52
2025-07-24 07:48:00,1.1757,1.1758,1.1756,1.1756,20723.3,46
2025-07-24 07:50:00,1.1758,1.1758,1.1756,1.1758,17060.0,54
2025-07-24 07:52:00,1.1756,1.1758,1.1755,1.1757,27326.1,79
2025-07-24 07:54:00,1.1755,1.1757,1.1754,1.1755,20460.5,83
2025-07-24 07:56:00,1.1755,1.1757,1.1754,1.1757,20547.1,76
2025-07-24 07:58:00,1.1756,1.1758,1.1756,1.1757,59882.7,91
2025-07-24 08:00:00,1.1758,1.1759,1.1757,1.1758,23363.7,42
2025-07-24 08:02:00,1.1759,1.176,1.1757,1.1758,27454.0,83
2025-07-24 08:04:00,1.1758,1.1761,1.1758,1.1761,26480.4,62
2025-07-24 08:06:00,1.1762,1.1763,1.1758,1.176,24514.4,69
2025-07-24 08:08:00,1.176,1.176,1.1758,1.1759,23101.9,78
2025-07-24 08:10:00,1.176,1.176,1.1757,1.1759,44559.9,100
2025-07-24 08:12:00,1.1759,1.1761,1.1757,1.1758,60596.7,126
2025-07-24 08:14:00,1.1758,1.176,1.1756,1.1757,66668.4,265
2025-07-24 08:16:00,1.1757,1.176,1.1757,1.1758,44205.6,160
2025-07-24 08:18:00,1.1758,1.176,1.1757,1.176,30511.4,62
2025-07-24 08:20:00,1.1759,1.1761,1.1758,1.176,20992.6,61
2025-07-24 08:22:00,1.1758,1.176,1.1756,1.1756,25049.0,96
2025-07-24 08:24:00,1.1756,1.1759,1.1756,1.1758,18565.9,75
2025-07-24 08:26:00,1.1758,1.176,1.1757,1.1758,32240.5,80
2025-07-24 08:28:00,1.1758,1.1759,1.1757,1.1757,16916.6,49
2025-07-24 08:30:00,1.1758,1.1758,1.1755,1.1755,19951.1,61
2025-07-24 08:32:00,1.1756,1.1758,1.1755,1.1758,16330.1,52
2025-07-24 08:34:00,1.1758,1.1759,1.1757,1.1757,16093.4,46
2025-07-24 08:36:00,1.1757,1.1761,1.1757,1.1759,14026.199999999999,34
2025-07-24 08:38:00,1.1759,1.1761,1.1758,1.1759,12670.6,32
2025-07-24 08:40:00,1.1759,1.1759,1.1756,1.1756,14031.8,48
2025-07-24 08:42:00,1.1758,1.1758,1.1756,1.1758,15113.9,51
2025-07-24 08:44:00,1.1758,1.1758,1.1756,1.1757,17479.2,43
2025-07-24 08:46:00,1.1757,1.1758,1.1755,1.1755,35995.3,92
2025-07-24 08:48:00,1.1756,1.1758,1.1755,1.1757,28157.3,58
2025-07-24 08:50:00,1.1757,1.1758,1.1755,1.1755,30586.6,74
2025-07-24 08:52:00,1.1757,1.1757,1.1754,1.1755,18752.8,58
2025-07-24 08:54:00,1.1754,1.1756,1.175,1.175,19413.5,56
2025-07-24 08:56:00,1.1751,1.1752,1.1749,1.175,20791.7,64
2025-07-24 08:58:00,1.175,1.1751,1.1748,1.1749,26539.8,122
2025-07-24 09:00:00,1.1749,1.1751,1.1748,1.1749,47811.2,105
2025-07-24 09:02:00,1.1749,1.1751,1.1747,1.1749,18398.8,64
2025-07-24 09:04:00,1.1749,1.1749,1.1747,1.1749,27818.7,66
2025-07-24 09:06:00,1.1747,1.1749,1.1746,1.1749,30617.7,73
2025-07-24 09:08:00,1.1748,1.1749,1.1746,1.1746,19376.3,63
2025-07-24 09:10:00,1.1746,1.1746,1.1743,1.1744,20487.6,56
2025-07-24 09:12:00,1.1744,1.1746,1.1744,1.1744,16490.9,54
2025-07-24 09:14:00,1.1745,1.1746,1.1744,1.1744,19362.9,68
2025-07-24 09:16:00,1.1744,1.1746,1.1743,1.1746,13243.4,44
2025-07-24 09:18:00,1.1746,1.1749,1.1744,1.1747,46567.5,129
2025-07-24 09:20:00,1.1746,1.1747,1.1744,1.1745,21919.8,71
2025-07-24 09:22:00,1.1744,1.1745,1.1743,1.1744,18480.8,70
2025-07-24 09:24:00,1.1745,1.1745,1.1743,1.1743,26032.2,58
2025-07-24 09:26:00,1.1743,1.1746,1.1743,1.1745,14168.8,40
2025-07-24 09:28:00,1.1745,1.1746,1.1743,1.1744,15515.5,39
2025-07-24 09:30:00,1.1745,1.1745,1.1742,1.1743,9550.3,47
2025-07-24 09:32:00,1.1743,1.1746,1.1742,1.1744,19043.5,54
2025-07-24 09:34:00,1.1745,1.1746,1.1744,1.1745,24382.6,82
2025-07-24 09:36:00,1.1745,1.1746,1.1743,1.1745,20426.3,78
2025-07-24 09:38:00,1.1745,1.1746,1.1744,1.1745,22193.7,67
2025-07-24 09:40:00,1.1745,1.1746,1.1744,1.1745,21356.3,67
2025-07-24 09:42:00,1.1746,1.1746,1.1744,1.1745,24064.9,60
2025-07-24 09:44:00,1.1744,1.1746,1.1742,1.1745,40013.7,77
2025-07-24 09:46:00,1.1745,1.1746,1.1743,1.1744,15139.6,68
2025-07-24 09:48:00,1.1743,1.1745,1.1742,1.1744,44228.0,94
2025-07-24 09:50:00,1.1743,1.1744,1.1741,1.1741,13488.1,58
2025-07-24 09:52:00,1.1741,1.1742,1.174,1.1741,32642.0,81
2025-07-24 09:54:00,1.1741,1.1743,1.174,1.1742,28734.1,56
2025-07-24 09:56:00,1.1743,1.1744,1.1741,1.1743,10721.4,42
2025-07-24 09:58:00,1.1743,1.1744,1.1742,1.1744,20414.6,53
2025-07-24 10:00:00,1.1744,1.1745,1.1742,1.1743,13662.2,48
2025-07-24 10:02:00,1.1744,1.1746,1.1743,1.1744,18215.4,59
2025-07-24 10:04:00,1.1746,1.1747,1.1745,1.1746,74482.3,135
2025-07-24 10:06:00,1.1746,1.1746,1.1742,1.1742,79435.5,60
2025-07-24 10:08:00,1.1744,1.1744,1.1741,1.1743,21293.4,62
2025-07-24 10:10:00,1.1742,1.1743,1.1741,1.1743,18181.6,66
2025-07-24 10:12:00,1.1741,1.1743,1.1741,1.1743,10911.1,36
2025-07-24 10:14:00,1.1741,1.1743,1.1739,1.174,18679.8,55
2025-07-24 10:16:00,1.1739,1.1741,1.1739,1.1739,17873.5,51
2025-07-24 10:18:00,1.1739,1.174,1.1738,1.1738,22662.5,96
2025-07-24 10:20:00,1.1739,1.1739,1.1737,1.1739,15821.0,58
2025-07-24 10:22:00,1.1738,1.174,1.1738,1.1738,19751.1,68
2025-07-24 10:24:00,1.1739,1.1742,1.1739,1.1742,26120.7,74
2025-07-24 10:26:00,1.1741,1.1745,1.174,1.1743,79867.0,70
2025-07-24 10:28:00,1.1742,1.1744,1.1742,1.1743,28087.0,104
2025-07-24 10:30:00,1.1742,1.1744,1.1742,1.1744,21783.3,59
2025-07-24 10:32:00,1.1743,1.1744,1.1742,1.1743,12863.1,40
2025-07-24 10:34:00,1.1743,1.1743,1.1739,1.1741,106870.4,600
2025-07-24 10:36:00,1.1741,1.1742,1.1739,1.174,22375.0,63
2025-07-24 10:38:00,1.1739,1.1741,1.1738,1.174,47953.2,142
2025-07-24 10:40:00,1.1739,1.1741,1.1738,1.1741,26266.1,49
2025-07-24 10:42:00,1.174,1.1741,1.1739,1.1741,8613.6,42
2025-07-24 10:44:00,1.174,1.1741,1.1738,1.1739,22417.2,48
2025-07-24 10:46:00,1.1738,1.174,1.1737,1.1739,23115.3,62
2025-07-24 10:48:00,1.174,1.174,1.1738,1.174,41067.6,47
2025-07-24 10:50:00,1.1738,1.174,1.1738,1.174,16787.5,35
2025-07-24 10:52:00,1.1739,1.174,1.1739,1.174,7962.3,35
2025-07-24 10:54:00,1.174,1.174,1.1739,1.1739,28961.6,133
2025-07-24 10:56:00,1.174,1.174,1.1739,1.1739,19863.2,60
2025-07-24 10:58:00,1.174,1.174,1.1739,1.1739,9399.4,36
2025-07-24 11:00:00,1.1739,1.1742,1.1738,1.1742,97184.6,299
2025-07-24 11:02:00,1.1741,1.1744,1.1741,1.1743,25167.0,52
2025-07-24 11:04:00,1.1742,1.1744,1.1742,1.1743,35237.3,69
2025-07-24 11:06:00,1.1743,1.1744,1.1742,1.1743,17487.7,61
2025-07-24 11:08:00,1.1742,1.1744,1.1741,1.1743,28590.6,60
2025-07-24 11:10:00,1.1743,1.1744,1.1741,1.1743,23053.1,54
2025-07-24 11:12:00,1.1743,1.1745,1.1743,1.1745,18606.5,38
2025-07-24 11:14:00,1.1744,1.1747,1.1743,1.1745,46590.3,88
2025-07-24 11:16:00,1.1746,1.1747,1.1744,1.1745,84205.09999999999,77
2025-07-24 11:18:00,1.1745,1.1745,1.1743,1.1744,100405.3,66
2025-07-24 11:20:00,1.1744,1.1745,1.1743,1.1744,11327.3,35
2025-07-24 11:22:00,1.1744,1.1745,1.1743,1.1745,16616.5,51
2025-07-24 11:24:00,1.1745,1.1745,1.1743,1.1744,24051.2,51
2025-07-24 11:26:00,1.1743,1.1745,1.1743,1.1744,24908.5,65
2025-07-24 11:28:00,1.1744,1.1745,1.1743,1.1744,10116.8,47
2025-07-24 11:30:00,1.1743,1.1744,1.1741,1.1741,11219.4,42
2025-07-24 11:32:00,1.1741,1.1743,1.1739,1.1741,26113.0,64
2025-07-24 11:34:00,1.1742,1.1743,1.174,1.1743,37935.2,109
2025-07-24 11:36:00,1.1742,1.1744,1.1742,1.1742,19466.6,50
2025-07-24 11:38:00,1.1743,1.1744,1.1742,1.1742,18883.8,32
2025-07-24 11:40:00,1.1743,1.1743,1.1741,1.1743,15581.199999999999,42
2025-07-24 11:42:00,1.1742,1.1744,1.1741,1.1744,11376.1,38
2025-07-24 11:44:00,1.1743,1.1745,1.1743,1.1743,31297.5,52
2025-07-24 11:46:00,1.1743,1.1745,1.1743,1.1743,15072.1,53
2025-07-24 11:48:00,1.1743,1.1745,1.1743,1.1745,21032.9,60
2025-07-24 11:50:00,1.1745,1.1745,1.1744,1.1745,52937.3,143
2025-07-24 11:52:00,1.1745,1.1745,1.1744,1.1745,132667.1,126
2025-07-24 11:54:00,1.1745,1.175,1.1744,1.175,104300.0,149
2025-07-24 11:56:00,1.175,1.1752,1.1749,1.1751,21095.2,86
2025-07-24 11:58:00,1.175,1.1753,1.175,1.1751,25389.8,76
2025-07-24 12:00:00,1.1751,1.1754,1.175,1.1752,17366.0,51
2025-07-24 12:02:00,1.1752,1.1755,1.1751,1.1752,27626.5,52
2025-07-24 12:04:00,1.1752,1.1754,1.1752,1.1754,17760.3,54
2025-07-24 12:06:00,1.1752,1.1754,1.1751,1.1751,13727.0,62
2025-07-24 12:08:00,1.1753,1.1753,1.175,1.1752,16141.1,56
2025-07-24 12:10:00,1.1752,1.1752,1.175,1.175,20361.5,49
2025-07-24 12:12:00,1.175,1.1752,1.175,1.1751,23355.9,65
2025-07-24 12:14:00,1.1751,1.1753,1.1749,1.1753,22187.6,56
2025-07-24 12:16:00,1.1752,1.1755,1.1752,1.1755,26547.5,72
2025-07-24 12:18:00,1.1755,1.1756,1.1752,1.1752,21158.9,75
2025-07-24 12:20:00,1.1753,1.1754,1.1749,1.1752,15966.6,85
2025-07-24 12:22:00,1.1751,1.1753,1.1749,1.175,14593.1,36
2025-07-24 12:24:00,1.1751,1.1752,1.1749,1.175,27577.5,78
2025-07-24 12:26:00,1.175,1.1751,1.1747,1.1748,19618.2,58
2025-07-24 12:28:00,1.1749,1.175,1.1747,1.1748,18211.6,53
2025-07-24 12:30:00,1.1748,1.1749,1.1742,1.1743,23674.8,84
2025-07-24 12:32:00,1.1743,1.1743,1.1739,1.1742,19458.2,83
2025-07-24 12:34:00,1.1742,1.1742,1.1738,1.1738,27033.3,108
2025-07-24 12:36:00,1.174,1.1741,1.1737,1.1738,10036.5,44
2025-07-24 12:38:00,1.1737,1.1739,1.1733,1.1734,22239.1,121
2025-07-24 12:40:00,1.1734,1.1735,1.1729,1.1731,35368.6,108
2025-07-24 12:42:00,1.173,1.1731,1.1729,1.173,17206.7,48
2025-07-24 12:44:00,1.1731,1.1732,1.173,1.1732,13338.4,48
2025-07-24 12:46:00,1.1732,1.1735,1.1731,1.1734,37012.4,100
2025-07-24 12:48:00,1.1733,1.1733,1.173,1.1731,16413.2,58
2025-07-24 12:50:00,1.173,1.1732,1.1728,1.1732,25278.1,81
2025-07-24 12:52:00,1.1732,1.1732,1.1729,1.1729,18898.1,85
2025-07-24 12:54:00,1.1729,1.173,1.1727,1.1728,12091.6,60
2025-07-24 12:56:00,1.173,1.1731,1.1728,1.173,17252.6,55
2025-07-24 12:58:00,1.173,1.1733,1.1729,1.1732,16118.9,52
2025-07-24 13:00:00,1.1731,1.1732,1.1727,1.1729,44572.8,104
2025-07-24 13:02:00,1.1729,1.1733,1.1727,1.1733,18938.0,54
2025-07-24 13:04:00,1.1733,1.1737,1.173,1.1736,46717.2,295
2025-07-24 13:06:00,1.1737,1.1746,1.1736,1.1744,47246.4,164
2025-07-24 13:08:00,1.1744,1.1748,1.1742,1.1748,27776.5,70
2025-07-24 13:10:00,1.1747,1.175,1.1747,1.1748,20491.2,57
2025-07-24 13:12:00,1.1748,1.1755,1.1748,1.1753,28686.6,94
2025-07-24 13:14:00,1.1753,1.1753,1.1747,1.1748,24100.2,73
2025-07-24 13:16:00,1.1747,1.1747,1.1744,1.1745,19006.8,55
2025-07-24 13:18:00,1.1747,1.1751,1.1745,1.175,28314.5,77
2025-07-24 13:20:00,1.175,1.1751,1.1747,1.1748,29998.2,90
2025-07-24 13:22:00,1.1748,1.1753,1.1746,1.1752,30057.5,99
2025-07-24 13:24:00,1.1752,1.1756,1.1752,1.1756,17555.9,67
2025-07-24 13:26:00,1.1756,1.176,1.1754,1.1754,71325.3,101
2025-07-24 13:28:00,1.1756,1.176,1.1755,1.1758,38369.3,215
2025-07-24 13:30:00,1.1759,1.1764,1.1758,1.1763,31872.2,97
2025-07-24 13:32:00,1.1763,1.1766,1.1757,1.1759,27739.8,94
2025-07-24 13:34:00,1.1758,1.1759,1.1753,1.1756,21622.8,70
2025-07-24 13:36:00,1.1756,1.1762,1.1755,1.1758,32345.0,112
2025-07-24 13:38:00,1.1758,1.176,1.1756,1.1756,26118.4,64
2025-07-24 13:40:00,1.1758,1.1759,1.1753,1.1755,18571.6,74
2025-07-24 13:42:00,1.1755,1.1756,1.1753,1.1756,14690.6,41
2025-07-24 13:44:00,1.1754,1.1756,1.175,1.1756,46992.7,109
2025-07-24 13:46:00,1.1754,1.1758,1.1753,1.1757,14128.3,40
2025-07-24 13:48:00,1.1758,1.1759,1.1755,1.1757,39233.8,107
2025-07-24 13:50:00,1.1758,1.1761,1.1757,1.1759,29573.4,125
2025-07-24 13:52:00,1.1759,1.1766,1.1759,1.1766,33170.9,71
2025-07-24 13:54:00,1.1766,1.1767,1.1764,1.1766,24840.4,90
2025-07-24 13:56:00,1.1766,1.1767,1.1764,1.1765,11149.800000000001,50
2025-07-24 13:58:00,1.1765,1.1767,1.1762,1.1763,18921.0,117
2025-07-24 14:00:00,1.1764,1.1766,1.1762,1.1765,18559.8,80
2025-07-24 14:02:00,1.1767,1.1771,1.1764,1.1771,23141.8,168
2025-07-24 14:04:00,1.1771,1.1775,1.1771,1.1774,41161.4,71
2025-07-24 14:06:00,1.1774,1.1777,1.1771,1.1775,25804.8,72
2025-07-24 14:08:00,1.1774,1.1777,1.177,1.1771,39429.9,104
2025-07-24 14:10:00,1.1771,1.1773,1.1768,1.177,25908.5,89
2025-07-24 14:12:00,1.177,1.1774,1.1768,1.1774,52021.5,118
2025-07-24 14:14:00,1.1774,1.1777,1.1772,1.1772,25458.2,96
2025-07-24 14:16:00,1.1772,1.1775,1.177,1.1774,19872.8,84
2025-07-24 14:18:00,1.1773,1.1774,1.1771,1.1772,20276.5,79
2025-07-24 14:20:00,1.1771,1.1771,1.1765,1.1766,23978.4,78
2025-07-24 14:22:00,1.1765,1.1767,1.1764,1.1765,23722.2,91
2025-07-24 14:24:00,1.1764,1.1765,1.176,1.176,23042.3,82
2025-07-24 14:26:00,1.1762,1.1763,1.1755,1.1757,15301.5,78
2025-07-24 14:28:00,1.1757,1.1762,1.1757,1.1762,22892.7,54
2025-07-24 14:30:00,1.1763,1.1769,1.1762,1.1766,27918.100000000002,80
2025-07-24 14:32:00,1.1764,1.1765,1.1762,1.1763,17156.7,57
2025-07-24 14:34:00,1.1763,1.1768,1.1763,1.1766,39457.6,67
2025-07-24 14:36:00,1.1766,1.1769,1.1764,1.1766,16006.3,67
2025-07-24 14:38:00,1.1766,1.1766,1.1764,1.1766,18786.3,79
2025-07-24 14:40:00,1.1765,1.177,1.1765,1.1767,40019.2,145
2025-07-24 14:42:00,1.1769,1.177,1.1764,1.1765,58924.6,183
2025-07-24 14:44:00,1.1765,1.1768,1.1765,1.1766,20958.3,73
2025-07-24 14:46:00,1.1769,1.1769,1.1766,1.1767,12514.4,41
2025-07-24 14:48:00,1.1767,1.1772,1.1766,1.1771,32939.5,85
2025-07-24 14:50:00,1.1771,1.1772,1.1766,1.1767,60718.8,172
2025-07-24 14:52:00,1.1766,1.1767,1.1757,1.1759,54769.8,195
2025-07-24 14:54:00,1.1758,1.176,1.1752,1.1752,26637.1,71
2025-07-24 14:56:00,1.1752,1.1756,1.1752,1.1756,18114.6,35
2025-07-24 14:58:00,1.1755,1.1758,1.1754,1.1755,24929.2,79
2025-07-24 15:00:00,1.1755,1.1761,1.1755,1.1757,86068.9,229
2025-07-24 15:02:00,1.1757,1.1759,1.1755,1.1755,64041.4,162
2025-07-24 15:04:00,1.1756,1.1757,1.1753,1.1753,86709.0,263
2025-07-24 15:06:00,1.1753,1.1756,1.1752,1.1754,60148.7,177
2025-07-24 15:08:00,1.1754,1.1757,1.1754,1.1754,48958.2,136
2025-07-24 15:10:00,1.1756,1.1756,1.175,1.175,98778.3,227
2025-07-24 15:12:00,1.175,1.1752,1.1748,1.1749,52441.9,150
2025-07-24 15:14:00,1.175,1.1751,1.1744,1.1747,56144.6,159
2025-07-24 15:16:00,1.1747,1.175,1.1746,1.1749,53372.9,166
2025-07-24 15:18:00,1.1749,1.1752,1.1748,1.175,41011.6,104
2025-07-24 15:20:00,1.175,1.1755,1.175,1.1754,52519.0,108
2025-07-24 15:22:00,1.1754,1.1757,1.1754,1.1755,45217.0,85
2025-07-24 15:24:00,1.1756,1.1763,1.1756,1.1762,34692.8,64
2025-07-24 15:26:00,1.1762,1.1765,1.1762,1.1763,20354.1,51
2025-07-24 15:28:00,1.1763,1.1764,1.1762,1.1762,17238.2,61
2025-07-24 15:30:00,1.1764,1.1767,1.176,1.1765,61356.5,120
2025-07-24 15:32:00,1.1766,1.1768,1.1764,1.1765,58443.7,122
2025-07-24 15:34:00,1.1765,1.177,1.1764,1.1767,54177.5,107
2025-07-24 15:36:00,1.1767,1.1767,1.1758,1.1758,35817.2,65
2025-07-24 15:38:00,1.1758,1.1759,1.1756,1.1758,31466.6,52
2025-07-24 15:40:00,1.1758,1.176,1.1754,1.1759,71974.4,140
2025-07-24 15:42:00,1.1759,1.1762,1.1758,1.1758,29186.1,74
2025-07-24 15:44:00,1.1759,1.1762,1.1756,1.1761,103039.6,173
2025-07-24 15:46:00,1.176,1.1763,1.1759,1.176,24333.6,69
2025-07-24 15:48:00,1.176,1.1762,1.1758,1.1759,35176.4,81
2025-07-24 15:50:00,1.1761,1.1762,1.1759,1.176,19451.6,72
2025-07-24 15:52:00,1.1761,1.1762,1.1759,1.1762,21051.6,60
2025-07-24 15:54:00,1.1761,1.1763,1.176,1.1761,66889.8,240
2025-07-24 15:56:00,1.1762,1.1762,1.1759,1.176,11130.1,54
2025-07-24 15:58:00,1.176,1.176,1.1757,1.1759,10351.8,46
2025-07-24 16:00:00,1.1759,1.1759,1.1756,1.1756,27700.0,82
2025-07-24 16:02:00,1.1756,1.1758,1.1756,1.1757,22056.7,44
2025-07-24 16:04:00,1.1757,1.176,1.1757,1.1759,13090.5,49
2025-07-24 16:06:00,1.176,1.1761,1.1758,1.1761,25259.0,64
2025-07-24 16:08:00,1.1761,1.1765,1.176,1.1763,21885.7,77
2025-07-24 16:10:00,1.1763,1.1764,1.176,1.176,40518.5,84
2025-07-24 16:12:00,1.176,1.1761,1.1759,1.1761,65858.3,280
2025-07-24 16:14:00,1.1759,1.176,1.1757,1.1758,24894.8,46
2025-07-24 16:16:00,1.176,1.176,1.1757,1.1757,21949.8,66
2025-07-24 16:18:00,1.1758,1.1758,1.1756,1.1757,13638.6,57
2025-07-24 16:20:00,1.1756,1.1757,1.1755,1.1756,9520.8,45
2025-07-24 16:22:00,1.1755,1.1757,1.1752,1.1755,34707.3,113
2025-07-24 16:24:00,1.1755,1.1755,1.1752,1.1753,12033.4,61
2025-07-24 16:26:00,1.1753,1.1754,1.175,1.1753,30080.4,83
2025-07-24 16:28:00,1.1753,1.1754,1.175,1.1752,34283.3,85
2025-07-24 16:30:00,1.1754,1.1755,1.1752,1.1752,41535.3,81
2025-07-24 16:32:00,1.1754,1.1756,1.1752,1.1756,43863.5,101
2025-07-24 16:34:00,1.1756,1.1757,1.1754,1.1755,35896.9,85
2025-07-24 16:36:00,1.1755,1.1756,1.1754,1.1755,31279.3,92
2025-07-24 16:38:00,1.1755,1.1757,1.1754,1.1756,16929.2,76
2025-07-24 16:40:00,1.1756,1.1757,1.1755,1.1757,33361.9,105
2025-07-24 16:42:00,1.1757,1.176,1.1756,1.1759,23159.3,79
2025-07-24 16:44:00,1.1759,1.176,1.1757,1.1759,19342.4,96
2025-07-24 16:46:00,1.1759,1.1762,1.1759,1.1761,29265.2,86
2025-07-24 16:48:00,1.1762,1.1764,1.1761,1.1763,19688.2,59
2025-07-24 16:50:00,1.1763,1.1765,1.1762,1.1763,14951.6,50
2025-07-24 16:52:00,1.1764,1.1764,1.1762,1.1764,11907.7,55
2025-07-24 16:54:00,1.1764,1.1764,1.176,1.1761,32513.0,98
2025-07-24 16:56:00,1.1761,1.1762,1.1756,1.1757,16515.0,44
2025-07-24 16:58:00,1.1758,1.1758,1.1755,1.1755,22613.3,44
2025-07-24 17:00:00,1.1756,1.1758,1.1755,1.1757,5831.6,42
2025-07-24 17:02:00,1.1758,1.1759,1.1756,1.1758,8209.2,53
2025-07-24 17:04:00,1.176,1.1761,1.1755,1.1755,25279.4,84
2025-07-24 17:06:00,1.1757,1.1758,1.1754,1.1757,19946.5,64
2025-07-24 17:08:00,1.1757,1.1759,1.1756,1.1758,27096.4,69
2025-07-24 17:10:00,1.1759,1.1761,1.1758,1.1759,10060.6,47
2025-07-24 17:12:00,1.1759,1.1762,1.1759,1.1761,18169.6,76
2025-07-24 17:14:00,1.1761,1.1763,1.176,1.1761,10384.8,50
2025-07-24 17:16:00,1.1762,1.1762,1.1759,1.1759,26219.6,65
2025-07-24 17:18:00,1.1759,1.1762,1.1758,1.1761,13603.6,60
2025-07-24 17:20:00,1.1759,1.1762,1.1759,1.176,14256.1,51
2025-07-24 17:22:00,1.1761,1.1763,1.176,1.1761,7032.8,40
2025-07-24 17:24:00,1.1763,1.1763,1.1761,1.1763,16483.1,79
2025-07-24 17:26:00,1.1762,1.1764,1.1762,1.1764,11140.2,58
2025-07-24 17:28:00,1.1765,1.1765,1.1762,1.1762,15987.7,51
2025-07-24 17:30:00,1.1762,1.1764,1.1761,1.1762,12510.2,46
2025-07-24 17:32:00,1.1762,1.1765,1.1762,1.1765,23531.7,59
2025-07-24 17:34:00,1.1764,1.1767,1.1764,1.1765,12267.1,37
2025-07-24 17:36:00,1.1765,1.1767,1.1764,1.1765,19939.6,49
2025-07-24 17:38:00,1.1765,1.1768,1.1765,1.1766,17586.7,56
2025-07-24 17:40:00,1.1766,1.1769,1.1766,1.1768,20403.6,67
2025-07-24 17:42:00,1.1769,1.177,1.1767,1.1769,15442.2,74
2025-07-24 17:44:00,1.1767,1.1773,1.1767,1.1771,25430.7,58
2025-07-24 17:46:00,1.1771,1.1772,1.1769,1.1769,16040.6,60
2025-07-24 17:48:00,1.1769,1.177,1.1767,1.1767,17113.7,54
2025-07-24 17:50:00,1.1767,1.1771,1.1767,1.1771,14231.5,60
2025-07-24 17:52:00,1.1769,1.1771,1.1766,1.1767,22284.9,48
2025-07-24 17:54:00,1.1767,1.1768,1.1765,1.1766,16923.7,54
2025-07-24 17:56:00,1.1766,1.1768,1.1765,1.1765,11848.8,45
2025-07-24 17:58:00,1.1765,1.1767,1.1763,1.1763,24680.3,59
2025-07-24 18:00:00,1.1764,1.1765,1.1762,1.1762,14259.4,64
2025-07-24 18:02:00,1.1762,1.1764,1.1761,1.1761,18060.5,52
2025-07-24 18:04:00,1.1761,1.1763,1.1761,1.1761,21062.7,65
2025-07-24 18:06:00,1.1761,1.1762,1.1759,1.1761,15838.5,51
2025-07-24 18:08:00,1.1759,1.176,1.1758,1.1758,8688.7,44
2025-07-24 18:10:00,1.1758,1.176,1.1758,1.1759,17735.1,73
2025-07-24 18:12:00,1.1759,1.1759,1.1757,1.1758,12290.9,53
2025-07-24 18:14:00,1.1758,1.1759,1.1757,1.1757,7692.4,49
2025-07-24 18:16:00,1.1757,1.1759,1.1756,1.1759,17926.8,44
2025-07-24 18:18:00,1.1757,1.1759,1.1757,1.1758,5904.3,27
2025-07-24 18:20:00,1.1759,1.1762,1.1758,1.1762,25135.3,38
2025-07-24 18:22:00,1.176,1.1762,1.1759,1.176,16219.0,41
2025-07-24 18:24:00,1.1761,1.1762,1.1759,1.1761,9725.5,50
2025-07-24 18:26:00,1.1761,1.1761,1.1757,1.1758,18762.2,43
2025-07-24 18:28:00,1.1759,1.1759,1.1757,1.1759,6634.0,30
2025-07-24 18:30:00,1.176,1.1761,1.1758,1.1761,25061.0,69
2025-07-24 18:32:00,1.1759,1.1762,1.1757,1.1759,12122.0,36
2025-07-24 18:34:00,1.1759,1.176,1.1757,1.1759,39069.1,106
2025-07-24 18:36:00,1.1759,1.1759,1.1757,1.1758,13961.0,43
2025-07-24 18:38:00,1.1758,1.1759,1.1757,1.1757,15780.2,82
2025-07-24 18:40:00,1.1757,1.176,1.1757,1.176,7209.0,39
2025-07-24 18:42:00,1.1758,1.1761,1.1758,1.176,19930.3,75
2025-07-24 18:44:00,1.176,1.1761,1.1758,1.1759,21649.6,70
2025-07-24 18:46:00,1.176,1.1761,1.1758,1.1759,6205.099999999999,33
2025-07-24 18:48:00,1.176,1.1762,1.176,1.1762,9389.0,40
2025-07-24 18:50:00,1.1762,1.1762,1.176,1.1761,7795.5,29
2025-07-24 18:52:00,1.176,1.1761,1.1757,1.1757,12200.800000000001,47
2025-07-24 18:54:00,1.1759,1.176,1.1756,1.1757,18957.9,56
2025-07-24 18:56:00,1.1759,1.176,1.1757,1.1759,8123.5,40
2025-07-24 18:58:00,1.1759,1.176,1.1757,1.1758,13142.0,47
2025-07-24 19:00:00,1.1758,1.1761,1.1758,1.1759,9769.1,49
2025-07-24 19:02:00,1.1759,1.1761,1.1757,1.1757,14983.9,38
2025-07-24 19:04:00,1.1757,1.1759,1.1756,1.1759,12580.4,53
2025-07-24 19:06:00,1.1757,1.1759,1.1756,1.1759,19921.899999999998,67
2025-07-24 19:08:00,1.1759,1.1759,1.1757,1.1758,17368.5,47
2025-07-24 19:10:00,1.1757,1.1758,1.1755,1.1756,11552.8,43
2025-07-24 19:12:00,1.1756,1.1757,1.1755,1.1757,17375.9,68
2025-07-24 19:14:00,1.1756,1.1758,1.1756,1.1757,7552.400000000001,100
2025-07-24 19:16:00,1.1757,1.1758,1.1756,1.1757,11491.5,69
2025-07-24 19:18:00,1.1757,1.1758,1.1756,1.1756,6587.4,79
2025-07-24 19:20:00,1.1756,1.1759,1.1756,1.1759,2475.7,21
2025-07-24 19:22:00,1.1759,1.176,1.1757,1.1758,13266.9,54
2025-07-24 19:24:00,1.1758,1.1761,1.1758,1.1759,31151.5,119
2025-07-24 19:26:00,1.1761,1.1762,1.1759,1.1762,15475.2,64
2025-07-24 19:28:00,1.1762,1.1763,1.1759,1.1759,19791.8,75
2025-07-24 19:30:00,1.1761,1.1761,1.1757,1.1759,14767.0,45
2025-07-24 19:32:00,1.1761,1.1761,1.1758,1.1761,10886.3,50
2025-07-24 19:34:00,1.1759,1.176,1.1758,1.1759,6223.8,41
2025-07-24 19:36:00,1.176,1.1761,1.1758,1.1759,17157.9,53
2025-07-24 19:38:00,1.1759,1.176,1.1757,1.1759,7314.5,29
2025-07-24 19:40:00,1.1758,1.176,1.1758,1.176,15211.5,45
2025-07-24 19:42:00,1.176,1.1761,1.1758,1.1759,15361.3,43
2025-07-24 19:44:00,1.176,1.1761,1.1758,1.1759,15781.800000000001,48
2025-07-24 19:46:00,1.1759,1.1761,1.1759,1.1759,7367.8,42
2025-07-24 19:48:00,1.176,1.1761,1.1757,1.176,13193.1,30
2025-07-24 19:50:00,1.1759,1.176,1.1758,1.176,6073.2,31
2025-07-24 19:52:00,1.176,1.176,1.1757,1.1758,11941.0,50
2025-07-24 19:54:00,1.1758,1.1758,1.1756,1.1756,9765.8,27
2025-07-24 19:56:00,1.1756,1.1756,1.1753,1.1754,32932.5,96
2025-07-24 19:58:00,1.1754,1.1754,1.175,1.1751,15193.8,49
2025-07-24 20:00:00,1.175,1.1751,1.1749,1.1751,19184.0,66
2025-07-24 20:02:00,1.175,1.1752,1.175,1.1752,9564.9,39
2025-07-24 20:04:00,1.1752,1.1752,1.1751,1.1751,4149.400000000001,20
2025-07-24 20:06:00,1.1751,1.1752,1.175,1.1752,8223.6,35
2025-07-24 20:08:00,1.1752,1.1752,1.1749,1.1749,13595.8,42
2025-07-24 20:10:00,1.1749,1.1752,1.1749,1.1751,12041.8,38
2025-07-24 20:12:00,1.1751,1.1752,1.1751,1.1752,6971.4,37
2025-07-24 20:14:00,1.1751,1.1752,1.1751,1.1752,2020.3,16
2025-07-24 20:16:00,1.1751,1.1751,1.175,1.1751,6735.0,28
2025-07-24 20:18:00,1.1751,1.1753,1.1751,1.1753,5982.4,27
2025-07-24 20:20:00,1.1751,1.1753,1.1751,1.1753,8940.199999999999,27
2025-07-24 20:22:00,1.1753,1.1753,1.175,1.1752,2037.9,13
2025-07-24 20:24:00,1.1752,1.1752,1.175,1.1751,7406.8,28
2025-07-24 20:26:00,1.175,1.1751,1.175,1.175,2394.2999999999997,10
2025-07-24 20:28:00,1.175,1.1751,1.175,1.1751,4473.6,16
2025-07-24 20:30:00,1.1751,1.1752,1.1751,1.1752,8200.1,50
2025-07-24 20:32:00,1.1751,1.1753,1.1749,1.1749,21857.5,89
2025-07-24 20:34:00,1.175,1.175,1.1746,1.1746,20048.7,99
2025-07-24 20:36:00,1.1746,1.1747,1.1744,1.1744,12802.1,36
2025-07-24 20:38:00,1.1744,1.1745,1.1744,1.1744,9148.3,34
2025-07-24 20:40:00,1.1744,1.1744,1.1743,1.1743,11411.3,32
2025-07-24 20:42:00,1.1743,1.1747,1.1743,1.1746,9552.3,32
2025-07-24 20:44:00,1.1746,1.1746,1.1744,1.1744,5412.9,27
2025-07-24 20:46:00,1.1744,1.1746,1.1742,1.1742,22186.5,61
2025-07-24 20:48:00,1.1742,1.1743,1.1741,1.1741,9652.3,36
2025-07-24 20:50:00,1.1741,1.1742,1.1741,1.1741,7438.0,25
2025-07-24 20:52:00,1.1741,1.1742,1.1741,1.1741,7494.7,27
2025-07-24 20:54:00,1.1741,1.1744,1.174,1.1743,11899.0,46
2025-07-24 20:56:00,1.1743,1.1746,1.1743,1.1745,12605.8,35
2025-07-24 20:58:00,1.1745,1.1746,1.1743,1.1743,16894.1,59
2025-07-24 21:00:00,1.1743,1.1746,1.1743,1.1745,11349.0,30
2025-07-24 21:02:00,1.1745,1.1745,1.1739,1.1739,22335.3,50
2025-07-24 21:04:00,1.174,1.174,1.1735,1.1735,18592.0,84
2025-07-24 21:06:00,1.1736,1.1737,1.1734,1.1734,13745.0,22
2025-07-24 21:08:00,1.1734,1.1736,1.1734,1.1736,10163.8,35
2025-07-24 21:10:00,1.1736,1.1738,1.1735,1.1736,30770.6,98
2025-07-24 21:12:00,1.1736,1.1736,1.1733,1.1735,5881.1,42
2025-07-24 21:14:00,1.1735,1.1738,1.1735,1.1737,12219.7,49
2025-07-24 21:16:00,1.1736,1.1738,1.1736,1.1738,5432.1,43
2025-07-24 21:18:00,1.1738,1.1738,1.1736,1.1736,8115.7,40
2025-07-24 21:20:00,1.1736,1.1739,1.1736,1.1736,20934.2,77
2025-07-24 21:22:00,1.1737,1.1738,1.1735,1.1737,10678.6,55
2025-07-24 21:24:00,1.1737,1.1739,1.1736,1.1739,14400.1,45
2025-07-24 21:26:00,1.1737,1.1739,1.1737,1.1737,5355.0,41
2025-07-24 21:28:00,1.1739,1.1739,1.1736,1.1737,44850.4,102
2025-07-24 21:30:00,1.1738,1.1738,1.1736,1.1738,13449.6,59
2025-07-24 21:32:00,1.1738,1.1739,1.1737,1.1738,13260.4,54
2025-07-24 21:34:00,1.1738,1.174,1.1738,1.174,19985.0,70
2025-07-24 21:36:00,1.1739,1.1741,1.1739,1.1741,13886.0,56
2025-07-24 21:38:00,1.1739,1.1741,1.1739,1.1739,22868.3,49
2025-07-24 21:40:00,1.1741,1.1741,1.1739,1.1739,5949.7,42
2025-07-24 21:42:00,1.1739,1.1741,1.1739,1.174,17719.3,59
2025-07-24 21:44:00,1.1741,1.1743,1.174,1.1743,9171.7,55
2025-07-24 21:46:00,1.1742,1.1744,1.1742,1.1743,6148.5,49
2025-07-24 21:48:00,1.1742,1.1745,1.1742,1.1745,6518.6,41
2025-07-24 21:50:00,1.1743,1.1745,1.1743,1.1745,7846.4,40
2025-07-24 21:52:00,1.1745,1.1745,1.1743,1.1744,7897.0,34
2025-07-24 21:54:00,1.1744,1.1745,1.1743,1.1745,7622.8,31
2025-07-24 21:56:00,1.1744,1.1746,1.1744,1.1745,8292.2,44
2025-07-24 21:58:00,1.1746,1.1746,1.1743,1.1743,7242.8,34
2025-07-24 22:00:00,1.1743,1.1744,1.174,1.174,23039.4,112
2025-07-24 22:02:00,1.174,1.1742,1.1739,1.1742,5467.1,36
2025-07-24 22:04:00,1.1742,1.1743,1.1741,1.1741,12217.0,45
2025-07-24 22:06:00,1.1742,1.1744,1.1739,1.1741,20017.6,61
2025-07-24 22:08:00,1.174,1.1743,1.174,1.1743,27079.0,64
2025-07-24 22:10:00,1.1743,1.1743,1.1741,1.1742,5569.2,31
2025-07-24 22:12:00,1.1742,1.1744,1.1742,1.1742,17590.4,56
2025-07-24 22:14:00,1.1742,1.1743,1.1742,1.1743,7403.8,38
2025-07-24 22:16:00,1.1743,1.1744,1.1742,1.1744,10297.9,44
2025-07-24 22:18:00,1.1744,1.1745,1.1743,1.1743,5528.7,34
2025-07-24 22:20:00,1.1743,1.1745,1.1742,1.1742,6023.0,38
2025-07-24 22:22:00,1.1742,1.1744,1.1742,1.1742,4474.7,35
2025-07-24 22:24:00,1.1744,1.1744,1.1742,1.1744,5178.0,26
2025-07-24 22:26:00,1.1743,1.1745,1.1743,1.1743,8063.599999999999,31
2025-07-24 22:28:00,1.1743,1.1745,1.1742,1.1743,6820.400000000001,37
2025-07-24 22:30:00,1.1743,1.1745,1.1743,1.1744,6677.6,43
2025-07-24 22:32:00,1.1745,1.1746,1.1744,1.1744,7745.0,25
2025-07-24 22:34:00,1.1744,1.1746,1.1744,1.1745,9903.0,29
2025-07-24 22:36:00,1.1746,1.1746,1.1744,1.1744,4252.7,21
2025-07-24 22:38:00,1.1745,1.1746,1.1744,1.1744,3430.5,25
2025-07-24 22:40:00,1.1744,1.1746,1.1744,1.1744,7514.0,29
2025-07-24 22:42:00,1.1746,1.1746,1.1744,1.1746,7972.1,29
2025-07-24 22:44:00,1.1746,1.1747,1.1745,1.1746,8680.1,37
2025-07-24 22:46:00,1.1745,1.1747,1.1745,1.1745,15431.4,58
2025-07-24 22:48:00,1.1745,1.1747,1.1745,1.1747,5026.900000000001,35
2025-07-24 22:50:00,1.1745,1.1748,1.1745,1.1748,20663.7,57
2025-07-24 22:52:00,1.1748,1.1748,1.1745,1.1745,8890.7,36
2025-07-24 22:54:00,1.1746,1.1748,1.1745,1.1746,7947.2,25
2025-07-24 22:56:00,1.1746,1.1748,1.1746,1.1748,15224.0,28
2025-07-24 22:58:00,1.1747,1.1748,1.1746,1.1747,8962.7,27
2025-07-24 23:00:00,1.1746,1.1747,1.1746,1.1746,21917.5,96
2025-07-24 23:02:00,1.1746,1.1748,1.1746,1.1748,9620.4,71
2025-07-24 23:04:00,1.1747,1.1748,1.1747,1.1747,3439.9,33
2025-07-24 23:06:00,1.1747,1.1748,1.1747,1.1748,12842.5,32
2025-07-24 23:08:00,1.1747,1.1749,1.1747,1.1747,12910.4,69
2025-07-24 23:10:00,1.1749,1.175,1.1747,1.1748,6516.7,30
2025-07-24 23:12:00,1.1749,1.1749,1.1747,1.1747,8216.4,38
2025-07-24 23:14:00,1.1747,1.1749,1.1747,1.1748,3294.7,24
2025-07-24 23:16:00,1.1748,1.1749,1.1747,1.1747,25618.3,70
2025-07-24 23:18:00,1.1747,1.1749,1.1746,1.1746,50472.0,79
2025-07-24 23:20:00,1.1746,1.1749,1.1746,1.1747,51758.6,80
2025-07-24 23:22:00,1.1747,1.1749,1.1747,1.1749,17097.6,74
2025-07-24 23:24:00,1.1747,1.175,1.1747,1.1748,9971.8,39
2025-07-24 23:26:00,1.1749,1.1751,1.1748,1.1749,8916.3,42
2025-07-24 23:28:00,1.1749,1.1749,1.1747,1.1748,10170.2,22
2025-07-24 23:30:00,1.1747,1.1748,1.1745,1.1745,14382.3,41
2025-07-24 23:32:00,1.1745,1.1747,1.1744,1.1744,10712.5,37
2025-07-24 23:34:00,1.1744,1.1746,1.1743,1.1744,16778.2,47
2025-07-24 23:36:00,1.1746,1.1749,1.1745,1.1747,18735.899999999998,58
2025-07-24 23:38:00,1.175,1.175,1.1748,1.1748,1935.1,16
2025-07-24 23:40:00,1.175,1.175,1.1748,1.175,2664.1,27
2025-07-24 23:42:00,1.1749,1.175,1.1749,1.175,4410.2,21
2025-07-24 23:44:00,1.1749,1.175,1.1748,1.1748,3681.2999999999997,18
2025-07-24 23:46:00,1.1749,1.1751,1.1749,1.175,6774.5,31
2025-07-24 23:48:00,1.175,1.1751,1.1749,1.1749,3681.4,19
2025-07-24 23:50:00,1.175,1.1751,1.1749,1.1749,7835.3,22
2025-07-24 23:52:00,1.175,1.1751,1.1749,1.1751,2584.7,16
2025-07-24 23:54:00,1.1751,1.1752,1.175,1.175,9070.1,20
2025-07-24 23:56:00,1.175,1.1751,1.1748,1.1748,6604.5,25
2025-07-24 23:58:00,1.175,1.175,1.1749,1.175,13346.0,39
2025-07-25 00:00:00,1.175,1.1752,1.175,1.175,6986.8,31
2025-07-25 00:02:00,1.175,1.175,1.1747,1.1747,10177.0,43
2025-07-25 00:04:00,1.1747,1.1748,1.1746,1.1747,16444.5,45
2025-07-25 00:06:00,1.1747,1.1748,1.1744,1.1744,15111.8,56
2025-07-25 00:08:00,1.1745,1.1746,1.1743,1.1745,8348.9,33
2025-07-25 00:10:00,1.1745,1.1746,1.1743,1.1745,18497.1,23
2025-07-25 00:12:00,1.1746,1.1747,1.1744,1.1744,22012.1,49
2025-07-25 00:14:00,1.1745,1.1747,1.1744,1.1747,22277.9,59
2025-07-25 00:16:00,1.1747,1.1749,1.1746,1.1747,22440.8,36
2025-07-25 00:18:00,1.1747,1.1749,1.1746,1.1747,14045.0,19
2025-07-25 00:20:00,1.1749,1.1749,1.1746,1.1746,33124.9,33
2025-07-25 00:22:00,1.1748,1.1749,1.1746,1.1749,8263.6,34
2025-07-25 00:24:00,1.1748,1.1749,1.1747,1.1748,8506.5,33
2025-07-25 00:26:00,1.1748,1.1752,1.1748,1.1751,24270.7,43
2025-07-25 00:28:00,1.175,1.1751,1.1749,1.1751,6495.3,37
2025-07-25 00:30:00,1.175,1.1751,1.1749,1.1751,33254.0,174
2025-07-25 00:32:00,1.1751,1.1752,1.175,1.175,13300.8,76
2025-07-25 00:34:00,1.175,1.1753,1.175,1.1751,30436.8,96
2025-07-25 00:36:00,1.1752,1.1753,1.175,1.1752,27594.7,46
2025-07-25 00:38:00,1.1752,1.1752,1.175,1.1751,15333.5,31
2025-07-25 00:40:00,1.1751,1.1753,1.175,1.1752,38360.8,52
2025-07-25 00:42:00,1.1752,1.1753,1.1751,1.1751,14992.4,38
2025-07-25 00:44:00,1.1752,1.1753,1.1751,1.1752,22199.0,37
2025-07-25 00:46:00,1.1752,1.1753,1.175,1.175,14466.9,51
2025-07-25 00:48:00,1.175,1.175,1.1749,1.175,11117.9,19
2025-07-25 00:50:00,1.1751,1.1751,1.1748,1.1748,10736.6,34
2025-07-25 00:52:00,1.1748,1.1749,1.1748,1.1749,5550.1,18
2025-07-25 00:54:00,1.1749,1.175,1.1746,1.1747,16383.4,23
2025-07-25 00:56:00,1.1748,1.1749,1.1747,1.1749,8962.2,28
2025-07-25 00:58:00,1.1749,1.175,1.1748,1.175,7028.3,21
2025-07-25 01:00:00,1.175,1.1752,1.175,1.1751,37054.0,137
2025-07-25 01:02:00,1.1751,1.1753,1.1751,1.1753,64704.6,182
2025-07-25 01:04:00,1.1752,1.1755,1.1752,1.1754,49253.9,177
2025-07-25 01:06:00,1.1754,1.1754,1.1749,1.175,22399.8,44
2025-07-25 01:08:00,1.175,1.175,1.1748,1.1749,23078.5,52
2025-07-25 01:10:00,1.1748,1.1749,1.1746,1.1748,4726.9,16
2025-07-25 01:12:00,1.1748,1.1749,1.1742,1.1742,11305.0,30
2025-07-25 01:14:00,1.1743,1.1744,1.1741,1.1742,3366.7,14
2025-07-25 01:16:00,1.1742,1.1742,1.174,1.1741,17638.0,37
2025-07-25 01:18:00,1.1741,1.1743,1.1739,1.174,27354.4,48
2025-07-25 01:20:00,1.174,1.174,1.1738,1.1739,25975.9,44
2025-07-25 01:22:00,1.1738,1.174,1.1738,1.1739,50899.1,65
2025-07-25 01:24:00,1.174,1.174,1.1737,1.1737,90198.2,73
2025-07-25 01:26:00,1.1738,1.1738,1.1735,1.1737,4983.9,17
2025-07-25 01:28:00,1.1737,1.1738,1.1736,1.1738,6681.6,21
2025-07-25 01:30:00,1.1736,1.1737,1.1736,1.1737,5778.6,25
2025-07-25 01:32:00,1.1738,1.1739,1.1737,1.1739,5944.6,22
2025-07-25 01:34:00,1.1739,1.1739,1.1736,1.1737,14353.9,27
2025-07-25 01:36:00,1.1737,1.1737,1.1736,1.1736,17687.4,32
2025-07-25 01:38:00,1.1736,1.1738,1.1735,1.1735,10214.2,19
2025-07-25 01:40:00,1.1735,1.1736,1.1733,1.1734,1903.8,13
2025-07-25 01:42:00,1.1734,1.1736,1.1734,1.1736,1968.5,14
2025-07-25 01:44:00,1.1736,1.1738,1.1736,1.1736,21222.8,48
2025-07-25 01:46:00,1.1736,1.1738,1.1736,1.1736,37707.299999999996,29
2025-07-25 01:48:00,1.1736,1.1738,1.1736,1.1736,36258.799999999996,35
2025-07-25 01:50:00,1.1736,1.1737,1.1734,1.1734,15614.8,34
2025-07-25 01:52:00,1.1735,1.1735,1.1733,1.1734,16062.7,32
2025-07-25 01:54:00,1.1735,1.1736,1.1734,1.1736,9799.8,35
2025-07-25 01:56:00,1.1736,1.1738,1.1736,1.1738,11654.8,28
2025-07-25 01:58:00,1.1737,1.1739,1.1737,1.1738,11561.5,42
2025-07-25 02:00:00,1.1737,1.1739,1.1737,1.1738,15867.6,92
2025-07-25 02:02:00,1.1739,1.1739,1.1737,1.1737,21962.8,26
2025-07-25 02:04:00,1.1737,1.1738,1.1736,1.1736,8781.3,30
2025-07-25 02:06:00,1.1736,1.1737,1.1736,1.1736,9681.9,62
2025-07-25 02:08:00,1.1736,1.1737,1.1736,1.1736,14091.5,27
2025-07-25 02:10:00,1.1736,1.1737,1.1735,1.1737,581.7,4
2025-07-25 02:12:00,1.1737,1.1737,1.1735,1.1736,42330.0,42
2025-07-25 02:14:00,1.1737,1.1738,1.1736,1.1738,14634.8,22
2025-07-25 02:16:00,1.1738,1.1739,1.1737,1.1738,11328.4,23
2025-07-25 02:18:00,1.1737,1.1737,1.1735,1.1736,32132.8,66
2025-07-25 02:20:00,1.1735,1.1737,1.1735,1.1737,44478.6,100
2025-07-25 02:22:00,1.1737,1.1737,1.1735,1.1736,7698.4,23
2025-07-25 02:24:00,1.1736,1.1737,1.1735,1.1736,24042.5,79
2025-07-25 02:26:00,1.1735,1.1736,1.1735,1.1735,17580.1,32
2025-07-25 02:28:00,1.1735,1.1736,1.1735,1.1736,24973.5,29
2025-07-25 02:30:00,1.1735,1.1739,1.1734,1.1737,192337.80000000002,374
2025-07-25 02:32:00,1.1736,1.1736,1.1734,1.1736,50997.4,42
2025-07-25 02:34:00,1.1735,1.1736,1.1733,1.1733,9578.4,32
2025-07-25 02:36:00,1.1733,1.1735,1.1732,1.1733,29832.9,67
2025-07-25 02:38:00,1.1733,1.1734,1.1732,1.1734,10584.699999999999,26
2025-07-25 02:40:00,1.1732,1.1734,1.1731,1.1731,13245.7,55
2025-07-25 02:42:00,1.1731,1.1732,1.1729,1.173,86040.6,90
2025-07-25 02:44:00,1.173,1.1731,1.1729,1.173,20200.1,34
2025-07-25 02:46:00,1.173,1.1732,1.1728,1.1731,86299.3,145
2025-07-25 02:48:00,1.1732,1.1733,1.173,1.1732,66212.2,151
2025-07-25 02:50:00,1.1732,1.1733,1.1731,1.1733,28416.5,45
2025-07-25 02:52:00,1.1733,1.1734,1.1732,1.1734,36341.1,64
2025-07-25 02:54:00,1.1734,1.1736,1.1733,1.1736,12018.5,28
2025-07-25 02:56:00,1.1736,1.1736,1.1734,1.1734,38887.4,64
2025-07-25 02:58:00,1.1734,1.1735,1.1733,1.1733,34653.3,55
2025-07-25 03:00:00,1.1734,1.1735,1.1733,1.1733,54011.4,72
2025-07-25 03:02:00,1.1733,1.1734,1.1733,1.1733,18467.0,28
2025-07-25 03:04:00,1.1733,1.1734,1.1732,1.1733,60708.3,71
2025-07-25 03:06:00,1.1733,1.1734,1.1731,1.1732,117893.8,191
2025-07-25 03:08:00,1.1732,1.1732,1.1731,1.1732,10952.2,67
2025-07-25 03:10:00,1.1731,1.1732,1.1731,1.1732,42555.2,79
2025-07-25 03:12:00,1.1732,1.1733,1.1731,1.1733,25269.4,19
2025-07-25 03:14:00,1.1731,1.1733,1.173,1.173,26389.7,78
2025-07-25 03:16:00,1.1731,1.1733,1.1731,1.1732,18280.5,24
2025-07-25 03:18:00,1.1732,1.1733,1.1731,1.1733,11679.2,27
2025-07-25 03:20:00,1.1732,1.1732,1.1729,1.173,51587.799999999996,91
2025-07-25 03:22:00,1.173,1.1733,1.1729,1.1732,58003.5,125
2025-07-25 03:24:00,1.1731,1.1731,1.1729,1.1731,50547.3,105
2025-07-25 03:26:00,1.1731,1.1732,1.1731,1.1731,8371.7,24
2025-07-25 03:28:00,1.1731,1.1732,1.173,1.1732,22498.0,41
2025-07-25 03:30:00,1.1732,1.1732,1.1729,1.173,105383.6,158
2025-07-25 03:32:00,1.173,1.173,1.1729,1.1729,87831.6,245
2025-07-25 03:34:00,1.173,1.1734,1.1729,1.1733,30926.8,110
2025-07-25 03:36:00,1.1733,1.1737,1.1733,1.1735,38805.0,92
2025-07-25 03:38:00,1.1736,1.1736,1.1735,1.1735,16375.5,44
2025-07-25 03:40:00,1.1735,1.1736,1.1734,1.1734,15407.6,31
2025-07-25 03:42:00,1.1736,1.1737,1.1734,1.1736,66256.1,112
2025-07-25 03:44:00,1.1737,1.1738,1.1735,1.1736,44990.3,127
2025-07-25 03:46:00,1.1737,1.1739,1.1736,1.1738,62598.9,161
2025-07-25 03:48:00,1.1739,1.174,1.1738,1.1738,51004.7,121
2025-07-25 03:50:00,1.1739,1.174,1.1737,1.174,28946.0,70
2025-07-25 03:52:00,1.174,1.174,1.1738,1.1738,7589.9,21
2025-07-25 03:54:00,1.174,1.174,1.1738,1.1738,35897.1,59
2025-07-25 03:56:00,1.1738,1.1739,1.1737,1.1739,18258.8,25
2025-07-25 03:58:00,1.1739,1.1739,1.1737,1.1738,19554.7,40
2025-07-25 04:00:00,1.1739,1.1739,1.1737,1.1738,42298.2,53
2025-07-25 04:02:00,1.1738,1.1739,1.1737,1.1738,25387.2,69
2025-07-25 04:04:00,1.1739,1.174,1.1738,1.174,10051.699999999999,37
2025-07-25 04:06:00,1.174,1.1741,1.1739,1.174,13993.7,57
2025-07-25 04:08:00,1.174,1.174,1.1737,1.1739,38690.3,95
2025-07-25 04:10:00,1.1739,1.1739,1.1737,1.1739,39745.1,81
2025-07-25 04:12:00,1.1738,1.1739,1.1737,1.1739,40549.4,69
2025-07-25 04:14:00,1.1739,1.1739,1.1738,1.1738,9981.9,38
2025-07-25 04:16:00,1.1739,1.1739,1.1737,1.1737,23248.7,50
2025-07-25 04:18:00,1.1737,1.1738,1.1737,1.1737,9155.2,44
2025-07-25 04:20:00,1.1737,1.1738,1.1736,1.1737,30023.9,80
2025-07-25 04:22:00,1.1737,1.1737,1.1735,1.1735,26409.9,74
2025-07-25 04:24:00,1.1736,1.1736,1.1735,1.1735,18828.2,49
2025-07-25 04:26:00,1.1735,1.1737,1.1735,1.1737,9886.4,35
2025-07-25 04:28:00,1.1737,1.1737,1.1736,1.1737,27709.1,55
2025-07-25 04:30:00,1.1736,1.174,1.1736,1.1739,20033.0,54
2025-07-25 04:32:00,1.1739,1.174,1.1739,1.1739,24127.6,98
2025-07-25 04:34:00,1.174,1.174,1.1738,1.1738,18474.0,52
2025-07-25 04:36:00,1.1738,1.1739,1.1736,1.1736,32199.5,80
2025-07-25 04:38:00,1.1736,1.1737,1.1736,1.1736,18241.2,28
2025-07-25 04:40:00,1.1736,1.1736,1.1734,1.1734,60785.7,76
2025-07-25 04:42:00,1.1734,1.1734,1.1732,1.1733,33834.6,56
2025-07-25 04:44:00,1.1733,1.1733,1.1732,1.1733,18450.3,40
2025-07-25 04:46:00,1.1733,1.1734,1.1732,1.1734,42091.6,53
2025-07-25 04:48:00,1.1733,1.1736,1.1733,1.1736,39480.6,75
2025-07-25 04:50:00,1.1736,1.1736,1.1734,1.1734,30703.8,56
2025-07-25 04:52:00,1.1735,1.1736,1.1734,1.1735,23556.9,38
2025-07-25 04:54:00,1.1735,1.1735,1.1733,1.1734,37787.9,90
2025-07-25 04:56:00,1.1733,1.1735,1.1733,1.1734,41464.7,76
2025-07-25 04:58:00,1.1733,1.1735,1.1733,1.1734,40776.2,90
2025-07-25 05:00:00,1.1734,1.1736,1.1733,1.1736,25993.1,86
2025-07-25 05:02:00,1.1737,1.1737,1.1736,1.1737,22981.5,77
2025-07-25 05:04:00,1.1737,1.1737,1.1736,1.1736,12241.7,43
2025-07-25 05:06:00,1.1736,1.1737,1.1736,1.1736,13387.1,33
2025-07-25 05:08:00,1.1736,1.1737,1.1734,1.1735,30637.7,98
2025-07-25 05:10:00,1.1733,1.1734,1.1731,1.1733,26525.1,71
2025-07-25 05:12:00,1.1733,1.1734,1.1732,1.1734,60781.9,103
2025-07-25 05:14:00,1.1733,1.1735,1.1732,1.1735,15253.4,50
2025-07-25 05:16:00,1.1734,1.1736,1.1733,1.1734,7802.9,37
2025-07-25 05:18:00,1.1733,1.1736,1.1733,1.1733,14221.4,37
2025-07-25 05:20:00,1.1733,1.1735,1.1733,1.1734,12780.9,40
2025-07-25 05:22:00,1.1734,1.1736,1.1734,1.1734,11622.1,48
2025-07-25 05:24:00,1.1736,1.1737,1.1735,1.1736,15698.7,39
2025-07-25 05:26:00,1.1735,1.1736,1.1735,1.1736,23676.8,32
2025-07-25 05:28:00,1.1736,1.1738,1.1736,1.1737,14304.4,36
2025-07-25 05:30:00,1.1738,1.1738,1.1736,1.1736,12167.199999999999,79
2025-07-25 05:32:00,1.1736,1.1737,1.1735,1.1737,58270.5,66
2025-07-25 05:34:00,1.1737,1.1737,1.1736,1.1736,14154.3,46
2025-07-25 05:36:00,1.1736,1.1737,1.1735,1.1737,46614.8,88
2025-07-25 05:38:00,1.1737,1.1737,1.1736,1.1736,53069.5,101
2025-07-25 05:40:00,1.1736,1.1738,1.1736,1.1737,16078.3,50
2025-07-25 05:42:00,1.1737,1.1738,1.1736,1.1738,17439.6,33
2025-07-25 05:44:00,1.1738,1.174,1.1738,1.1738,9166.1,30
2025-07-25 05:46:00,1.1739,1.1739,1.1735,1.1735,33520.6,87
2025-07-25 05:48:00,1.1736,1.1736,1.1735,1.1736,32007.6,59
2025-07-25 05:50:00,1.1736,1.1738,1.1735,1.1738,33809.8,94
2025-07-25 05:52:00,1.1737,1.1738,1.1737,1.1738,8421.3,38
2025-07-25 05:54:00,1.1737,1.1739,1.1737,1.1739,18815.2,43
2025-07-25 05:56:00,1.1738,1.1739,1.1738,1.1739,11053.9,35
2025-07-25 05:58:00,1.1739,1.1739,1.1738,1.1738,22432.4,53
2025-07-25 06:00:00,1.1739,1.1741,1.1738,1.174,10314.5,44
2025-07-25 06:02:00,1.1741,1.1741,1.1738,1.1739,22399.8,59
2025-07-25 06:04:00,1.174,1.1742,1.1738,1.1742,21765.7,78
2025-07-25 06:06:00,1.1741,1.1743,1.1741,1.1743,20437.2,66
2025-07-25 06:08:00,1.1743,1.1743,1.1742,1.1743,11895.9,68
2025-07-25 06:10:00,1.1742,1.1743,1.1737,1.1739,23207.8,75
2025-07-25 06:12:00,1.1737,1.1739,1.1737,1.1739,31664.3,59
2025-07-25 06:14:00,1.1739,1.1742,1.1739,1.174,12098.6,78
2025-07-25 06:16:00,1.1741,1.1742,1.174,1.1741,20397.2,55
2025-07-25 06:18:00,1.1742,1.1744,1.174,1.1744,19625.1,60
2025-07-25 06:20:00,1.1743,1.1744,1.1741,1.1741,18584.0,58
2025-07-25 06:22:00,1.1742,1.1742,1.174,1.1742,35422.5,57
2025-07-25 06:24:00,1.1742,1.1742,1.1736,1.1737,43276.1,82
2025-07-25 06:26:00,1.1736,1.1742,1.1736,1.1741,29885.899999999998,68
2025-07-25 06:28:00,1.1742,1.1744,1.1741,1.1744,17201.1,53
2025-07-25 06:30:00,1.1743,1.1743,1.1741,1.1742,42851.8,63
2025-07-25 06:32:00,1.1742,1.1742,1.1741,1.1742,11964.9,48
2025-07-25 06:34:00,1.1742,1.1747,1.1741,1.1747,43809.9,186
2025-07-25 06:36:00,1.1747,1.1752,1.1747,1.1752,65048.0,247
2025-07-25 06:38:00,1.1752,1.1752,1.1751,1.1752,21593.8,38
2025-07-25 06:40:00,1.1753,1.1753,1.1751,1.1751,72946.1,106
2025-07-25 06:42:00,1.1752,1.1752,1.175,1.175,21079.0,60
2025-07-25 06:44:00,1.175,1.1751,1.1749,1.175,26230.6,60
2025-07-25 06:46:00,1.1749,1.175,1.1748,1.1748,21829.5,54
2025-07-25 06:48:00,1.1748,1.1749,1.1746,1.1746,24351.7,55
2025-07-25 06:50:00,1.1746,1.1747,1.1745,1.1746,23817.9,57
2025-07-25 06:52:00,1.1745,1.1747,1.1744,1.1744,30101.7,60
2025-07-25 06:54:00,1.1744,1.1745,1.1743,1.1743,32707.6,54
2025-07-25 06:56:00,1.1743,1.1743,1.1741,1.1742,29025.1,51
2025-07-25 06:58:00,1.1741,1.1742,1.174,1.1741,10464.2,49
2025-07-25 07:00:00,1.1741,1.1744,1.1741,1.1742,33088.1,63
2025-07-25 07:02:00,1.1742,1.1743,1.1742,1.1743,20503.3,66
2025-07-25 07:04:00,1.1743,1.1744,1.1742,1.1743,15625.4,54
2025-07-25 07:06:00,1.1744,1.1746,1.1743,1.1745,35829.8,50
2025-07-25 07:08:00,1.1745,1.1747,1.1745,1.1745,45435.4,75
2025-07-25 07:10:00,1.1746,1.1747,1.1746,1.1747,35813.5,70
2025-07-25 07:12:00,1.1747,1.1748,1.1746,1.1747,72259.2,98
2025-07-25 07:14:00,1.1748,1.1753,1.1748,1.1752,54468.7,131
2025-07-25 07:16:00,1.1752,1.1754,1.1748,1.1749,33950.8,177
2025-07-25 07:18:00,1.175,1.175,1.1746,1.1746,31044.5,78
2025-07-25 07:20:00,1.1746,1.1747,1.1743,1.1744,26707.0,53
2025-07-25 07:22:00,1.1744,1.1745,1.1742,1.1743,86488.1,116
2025-07-25 07:24:00,1.1742,1.1745,1.1742,1.1744,47696.4,116
2025-07-25 07:26:00,1.1744,1.1747,1.1743,1.1743,39279.700000000004,96
2025-07-25 07:28:00,1.1744,1.1744,1.1742,1.1743,38703.7,69
2025-07-25 07:30:00,1.1743,1.1745,1.1743,1.1744,20611.7,43
2025-07-25 07:32:00,1.1745,1.1745,1.1744,1.1744,17676.8,38
2025-07-25 07:34:00,1.1745,1.1745,1.1743,1.1745,31277.5,59
2025-07-25 07:36:00,1.1745,1.1748,1.1745,1.1747,40901.4,75
2025-07-25 07:38:00,1.1748,1.1749,1.1747,1.1747,29462.8,67
2025-07-25 07:40:00,1.1748,1.1748,1.1747,1.1747,10965.5,27
2025-07-25 07:42:00,1.1748,1.1748,1.1747,1.1748,37866.3,81
2025-07-25 07:44:00,1.1748,1.175,1.1748,1.175,32391.8,114
2025-07-25 07:46:00,1.175,1.1752,1.1749,1.1749,50174.5,96
2025-07-25 07:48:00,1.1749,1.175,1.1749,1.1749,10206.199999999999,35
2025-07-25 07:50:00,1.1749,1.1749,1.1746,1.1746,44604.7,89
2025-07-25 07:52:00,1.1746,1.1747,1.1743,1.1744,159039.2,149
2025-07-25 07:54:00,1.1744,1.1747,1.1743,1.1745,69986.0,106
2025-07-25 07:56:00,1.1746,1.1748,1.1745,1.1746,44319.200000000004,56
2025-07-25 07:58:00,1.1747,1.175,1.1747,1.1749,90596.9,202
2025-07-25 08:00:00,1.1749,1.1752,1.1748,1.1751,36040.1,90
2025-07-25 08:02:00,1.1751,1.1752,1.175,1.175,60811.3,107
2025-07-25 08:04:00,1.175,1.1752,1.1747,1.1749,35330.1,81
2025-07-25 08:06:00,1.1749,1.1749,1.1745,1.1746,19832.1,61
2025-07-25 08:08:00,1.1746,1.1747,1.1745,1.1746,19412.3,41
2025-07-25 08:10:00,1.1746,1.1746,1.1742,1.1743,33869.1,68
2025-07-25 08:12:00,1.1743,1.1743,1.174,1.1741,34092.0,60
2025-07-25 08:14:00,1.174,1.1741,1.1738,1.1738,48681.9,88
2025-07-25 08:16:00,1.1738,1.1739,1.1737,1.1739,16731.4,35
2025-07-25 08:18:00,1.1738,1.1741,1.1738,1.174,33156.9,101
2025-07-25 08:20:00,1.1739,1.1741,1.1738,1.174,43686.9,98
2025-07-25 08:22:00,1.1738,1.174,1.1738,1.1739,23090.3,51
2025-07-25 08:24:00,1.1739,1.174,1.1738,1.1739,24174.3,64
2025-07-25 08:26:00,1.1738,1.1741,1.1738,1.1739,29257.2,82
2025-07-25 08:28:00,1.1739,1.1742,1.1739,1.174,26385.6,71
2025-07-25 08:30:00,1.174,1.1744,1.174,1.1744,17382.3,43
2025-07-25 08:32:00,1.1743,1.1745,1.1743,1.1745,25690.8,58
2025-07-25 08:34:00,1.1745,1.1747,1.1744,1.1746,69204.5,145
2025-07-25 08:36:00,1.1746,1.1747,1.1742,1.1742,34655.8,78
2025-07-25 08:38:00,1.1743,1.1745,1.1742,1.1745,46708.7,140
2025-07-25 08:40:00,1.1744,1.1745,1.1744,1.1745,39531.6,56
2025-07-25 08:42:00,1.1746,1.1746,1.1744,1.1744,37236.0,57
2025-07-25 08:44:00,1.1745,1.1745,1.1743,1.1745,85884.8,110
2025-07-25 08:46:00,1.1743,1.1745,1.1742,1.1744,39729.5,84
2025-07-25 08:48:00,1.1743,1.1746,1.1743,1.1743,42788.7,89
2025-07-25 08:50:00,1.1743,1.1745,1.1742,1.1744,32017.6,79
2025-07-25 08:52:00,1.1744,1.1744,1.1741,1.1741,42490.0,72
2025-07-25 08:54:00,1.1743,1.1744,1.174,1.174,179821.3,182
2025-07-25 08:56:00,1.1741,1.1741,1.1739,1.174,24780.0,48
2025-07-25 08:58:00,1.1738,1.1741,1.1738,1.174,51005.2,59
2025-07-25 09:00:00,1.1739,1.174,1.1738,1.174,27385.0,75
2025-07-25 09:02:00,1.174,1.174,1.1737,1.1739,23672.8,55
2025-07-25 09:04:00,1.1738,1.1741,1.1737,1.1739,77383.4,103
2025-07-25 09:06:00,1.1739,1.174,1.1733,1.1734,36762.1,111
2025-07-25 09:08:00,1.1735,1.1735,1.1732,1.1733,50136.5,92
2025-07-25 09:10:00,1.1734,1.1734,1.1732,1.1733,26821.0,54
2025-07-25 09:12:00,1.1732,1.1737,1.1732,1.1737,37315.6,90
2025-07-25 09:14:00,1.1737,1.1737,1.1734,1.1735,19375.0,58
2025-07-25 09:16:00,1.1736,1.1737,1.1733,1.1733,19568.6,68
2025-07-25 09:18:00,1.1733,1.1736,1.1732,1.1734,43846.7,67
2025-07-25 09:20:00,1.1735,1.1738,1.1734,1.1736,17617.8,51
2025-07-25 09:22:00,1.1738,1.1738,1.1736,1.1737,30498.2,89
2025-07-25 09:24:00,1.1736,1.1738,1.1735,1.1736,34749.7,86
2025-07-25 09:26:00,1.1735,1.1736,1.1734,1.1734,24346.4,77
2025-07-25 09:28:00,1.1734,1.1736,1.1734,1.1735,47675.9,99
2025-07-25 09:30:00,1.1733,1.1736,1.1732,1.1735,299744.5,389
2025-07-25 09:32:00,1.1735,1.1737,1.1733,1.1735,88781.8,207
2025-07-25 09:34:00,1.1736,1.1737,1.1734,1.1736,57490.1,140
2025-07-25 09:36:00,1.1736,1.1736,1.1734,1.1735,37171.5,74
2025-07-25 09:38:00,1.1734,1.1736,1.1734,1.1734,30652.7,74
2025-07-25 09:40:00,1.1734,1.1736,1.1734,1.1736,52466.4,103
2025-07-25 09:42:00,1.1734,1.1735,1.1732,1.1732,35615.8,117
2025-07-25 09:44:00,1.1732,1.1734,1.1732,1.1734,18477.0,60
2025-07-25 09:46:00,1.1733,1.1735,1.1733,1.1734,27691.5,79
2025-07-25 09:48:00,1.1734,1.1736,1.1733,1.1733,17603.5,59
2025-07-25 09:50:00,1.1733,1.1734,1.1732,1.1732,43042.4,51
2025-07-25 09:52:00,1.1733,1.1734,1.1731,1.1731,32943.6,103
2025-07-25 09:54:00,1.1731,1.1734,1.1731,1.1733,44841.4,135
2025-07-25 09:56:00,1.1734,1.1734,1.173,1.1731,25439.8,95
2025-07-25 09:58:00,1.1731,1.1734,1.173,1.1732,29797.2,101
2025-07-25 10:00:00,1.1732,1.1732,1.1729,1.1731,33592.4,92
2025-07-25 10:02:00,1.1731,1.1736,1.173,1.1735,53923.9,144
2025-07-25 10:04:00,1.1734,1.1737,1.1734,1.1736,39251.2,110
2025-07-25 10:06:00,1.1736,1.1736,1.1734,1.1736,41412.7,76
2025-07-25 10:08:00,1.1736,1.1736,1.1734,1.1734,46328.7,74
2025-07-25 10:10:00,1.1734,1.1736,1.1734,1.1735,21454.8,78
2025-07-25 10:12:00,1.1734,1.1735,1.1733,1.1733,14168.2,45
2025-07-25 10:14:00,1.1733,1.1734,1.1732,1.1732,27211.5,51
2025-07-25 10:16:00,1.1732,1.1734,1.1731,1.1732,24822.8,95
2025-07-25 10:18:00,1.1732,1.1733,1.173,1.173,23450.2,42
2025-07-25 10:20:00,1.173,1.173,1.1727,1.1728,20310.8,75
2025-07-25 10:22:00,1.1728,1.1729,1.1727,1.1727,25795.3,37
2025-07-25 10:24:00,1.1728,1.173,1.1727,1.1728,61674.6,93
2025-07-25 10:26:00,1.1729,1.1733,1.1728,1.1731,51602.9,128
2025-07-25 10:28:00,1.1732,1.1732,1.173,1.173,32663.0,98
2025-07-25 10:30:00,1.173,1.1731,1.1728,1.1729,17083.2,93
2025-07-25 10:32:00,1.173,1.1732,1.1728,1.1729,19046.6,66
2025-07-25 10:34:00,1.1729,1.1732,1.1727,1.1732,27421.6,69
2025-07-25 10:36:00,1.1731,1.1732,1.173,1.1731,13596.3,54
2025-07-25 10:38:00,1.1731,1.1733,1.1731,1.1731,31347.100000000002,68
2025-07-25 10:40:00,1.1731,1.1733,1.1731,1.1731,10302.1,39
2025-07-25 10:42:00,1.1732,1.1732,1.1728,1.1729,33593.0,69
2025-07-25 10:44:00,1.1729,1.1731,1.1729,1.173,24188.2,76
2025-07-25 10:46:00,1.173,1.1731,1.1728,1.1729,13505.1,50
2025-07-25 10:48:00,1.1729,1.1729,1.1725,1.1728,25367.5,85
2025-07-25 10:50:00,1.1728,1.1728,1.1725,1.1726,35909.7,122
2025-07-25 10:52:00,1.1726,1.1726,1.1721,1.1724,24263.5,65
2025-07-25 10:54:00,1.1724,1.1728,1.1724,1.1726,10301.4,40
2025-07-25 10:56:00,1.1726,1.1727,1.1725,1.1725,5934.3,22
2025-07-25 10:58:00,1.1725,1.1725,1.1723,1.1723,13034.599999999999,31
2025-07-25 11:00:00,1.1725,1.1725,1.1722,1.1722,20590.8,46
2025-07-25 11:02:00,1.1723,1.1723,1.1721,1.1722,10620.8,48
2025-07-25 11:04:00,1.1723,1.1726,1.1723,1.1723,16088.9,60
2025-07-25 11:06:00,1.1724,1.1724,1.1722,1.1723,34794.0,76
2025-07-25 11:08:00,1.1724,1.1724,1.1722,1.1723,9015.6,46
2025-07-25 11:10:00,1.1723,1.1724,1.172,1.1721,24158.9,77
2025-07-25 11:12:00,1.1721,1.1721,1.1718,1.1718,56930.2,124
2025-07-25 11:14:00,1.1717,1.1718,1.1716,1.1717,21077.3,53
2025-07-25 11:16:00,1.1717,1.1718,1.1714,1.1714,29406.1,60
2025-07-25 11:18:00,1.1715,1.1715,1.1713,1.1714,13730.199999999999,58
2025-07-25 11:20:00,1.1714,1.1715,1.1711,1.1711,21394.9,61
2025-07-25 11:22:00,1.1712,1.1712,1.1708,1.1709,34894.7,91
2025-07-25 11:24:00,1.1709,1.1713,1.1709,1.1712,15506.8,69
2025-07-25 11:26:00,1.1712,1.1714,1.1711,1.1712,21941.4,59
2025-07-25 11:28:00,1.1711,1.1712,1.1709,1.171,19254.0,65
2025-07-25 11:30:00,1.1709,1.1712,1.1709,1.171,19651.6,72
2025-07-25 11:32:00,1.171,1.1714,1.171,1.1712,9714.7,48
2025-07-25 11:34:00,1.1712,1.1715,1.1712,1.1715,20386.8,73
2025-07-25 11:36:00,1.1715,1.1715,1.1711,1.1712,15164.6,64
2025-07-25 11:38:00,1.1711,1.1714,1.1711,1.1713,28515.6,76
2025-07-25 11:40:00,1.1713,1.1714,1.171,1.1713,52387.3,94
2025-07-25 11:42:00,1.1713,1.1716,1.1712,1.1715,35063.3,98
2025-07-25 11:44:00,1.1715,1.1717,1.1715,1.1716,20823.0,59
2025-07-25 11:46:00,1.1715,1.1717,1.1715,1.1717,11442.5,41
2025-07-25 11:48:00,1.1716,1.1719,1.1716,1.1717,12891.1,36
2025-07-25 11:50:00,1.1718,1.172,1.1717,1.1719,16185.6,70
2025-07-25 11:52:00,1.1718,1.172,1.1717,1.172,26893.100000000002,52
2025-07-25 11:54:00,1.1719,1.172,1.1718,1.1718,9086.9,35
2025-07-25 11:56:00,1.1718,1.1721,1.1718,1.1721,12156.6,41
2025-07-25 11:58:00,1.1719,1.1719,1.1717,1.1719,16684.8,54
2025-07-25 12:00:00,1.1718,1.1719,1.1717,1.1717,27588.100000000002,93
2025-07-25 12:02:00,1.1717,1.172,1.1717,1.1719,23663.1,81
2025-07-25 12:04:00,1.172,1.1722,1.172,1.1721,9820.9,58
2025-07-25 12:06:00,1.1722,1.1722,1.1719,1.1719,16470.8,51
2025-07-25 12:08:00,1.1721,1.1722,1.172,1.172,14783.9,47
2025-07-25 12:10:00,1.1721,1.1723,1.172,1.1722,7255.1,31
2025-07-25 12:12:00,1.1722,1.1724,1.1721,1.1722,31586.7,78
2025-07-25 12:14:00,1.1722,1.1723,1.1722,1.1722,12060.5,39
2025-07-25 12:16:00,1.1722,1.1725,1.1722,1.1723,21217.6,83
2025-07-25 12:18:00,1.1725,1.1725,1.1723,1.1724,22331.1,77
2025-07-25 12:20:00,1.1724,1.1725,1.1722,1.1723,13787.9,41
2025-07-25 12:22:00,1.1722,1.1723,1.1721,1.1723,15477.6,33
2025-07-25 12:24:00,1.1723,1.1725,1.1722,1.1724,13953.0,41
2025-07-25 12:26:00,1.1724,1.1725,1.1721,1.1723,9456.2,35
2025-07-25 12:28:00,1.1721,1.1725,1.1718,1.172,16701.5,59
2025-07-25 12:30:00,1.172,1.1722,1.1719,1.172,44170.4,97
2025-07-25 12:32:00,1.172,1.1721,1.1716,1.1717,64643.3,153
2025-07-25 12:34:00,1.1719,1.1721,1.1718,1.1719,25158.9,95
2025-07-25 12:36:00,1.1719,1.172,1.1717,1.1719,15303.6,57
2025-07-25 12:38:00,1.1719,1.1719,1.1715,1.1716,23987.5,85
2025-07-25 12:40:00,1.1716,1.1716,1.1712,1.1713,26293.600000000002,58
2025-07-25 12:42:00,1.1713,1.1716,1.1712,1.1714,19234.5,76
2025-07-25 12:44:00,1.1714,1.1717,1.1712,1.1717,23171.6,65
2025-07-25 12:46:00,1.1717,1.1718,1.1715,1.1715,15043.6,71
2025-07-25 12:48:00,1.1716,1.1716,1.1709,1.171,96956.8,257
2025-07-25 12:50:00,1.1711,1.1712,1.1709,1.1711,15730.3,49
2025-07-25 12:52:00,1.1711,1.1716,1.1709,1.1714,19044.1,61
2025-07-25 12:54:00,1.1713,1.1715,1.1712,1.1713,50378.4,72
2025-07-25 12:56:00,1.1714,1.1715,1.171,1.1712,26023.0,81
2025-07-25 12:58:00,1.1712,1.1712,1.1709,1.1711,13868.9,64
2025-07-25 13:00:00,1.1711,1.1718,1.1711,1.1713,45347.8,164
2025-07-25 13:02:00,1.1713,1.1714,1.1712,1.1712,29379.6,62
2025-07-25 13:04:00,1.1712,1.1714,1.17,1.17,62129.4,162
2025-07-25 13:06:00,1.1701,1.1716,1.1701,1.1716,124693.2,515
2025-07-25 13:08:00,1.1716,1.1718,1.1713,1.1715,35065.3,82
2025-07-25 13:10:00,1.1717,1.1717,1.1711,1.1711,26146.6,70
2025-07-25 13:12:00,1.1711,1.1711,1.1706,1.1707,20213.0,57
2025-07-25 13:14:00,1.1706,1.171,1.1705,1.171,25737.6,113
2025-07-25 13:16:00,1.171,1.1715,1.171,1.1711,119642.2,517
2025-07-25 13:18:00,1.1713,1.1717,1.1712,1.1717,56731.3,153
2025-07-25 13:20:00,1.1718,1.1721,1.1716,1.1719,181336.1,222
2025-07-25 13:22:00,1.1719,1.1722,1.1718,1.1721,54974.7,106
2025-07-25 13:24:00,1.1721,1.1722,1.1718,1.1719,28188.800000000003,47
2025-07-25 13:26:00,1.172,1.172,1.1716,1.1717,20497.2,50
2025-07-25 13:28:00,1.1717,1.1718,1.1715,1.1716,27159.9,45
2025-07-25 13:30:00,1.1717,1.1718,1.1714,1.1715,50148.1,84
2025-07-25 13:32:00,1.1715,1.1717,1.1712,1.1712,70897.0,98
2025-07-25 13:34:00,1.1713,1.1713,1.1709,1.171,31331.6,76
2025-07-25 13:36:00,1.1712,1.1715,1.1712,1.1714,40087.7,65
2025-07-25 13:38:00,1.1714,1.1715,1.1711,1.1712,33655.700000000004,85
2025-07-25 13:40:00,1.1712,1.1714,1.1709,1.1709,41275.4,152
2025-07-25 13:42:00,1.1709,1.171,1.1703,1.1704,26037.7,81
2025-07-25 13:44:00,1.1704,1.1708,1.1703,1.1707,48228.1,173
2025-07-25 13:46:00,1.1709,1.1711,1.1707,1.1711,87790.3,185
2025-07-25 13:48:00,1.1711,1.1712,1.1707,1.171,45465.6,104
2025-07-25 13:50:00,1.1709,1.1714,1.1708,1.1712,66952.6,116
2025-07-25 13:52:00,1.1712,1.1717,1.1712,1.1716,46910.5,252
2025-07-25 13:54:00,1.1716,1.1717,1.1714,1.1716,17972.6,53
2025-07-25 13:56:00,1.1717,1.1718,1.1714,1.1715,24223.5,57
2025-07-25 13:58:00,1.1715,1.1719,1.1713,1.1717,20252.5,55
2025-07-25 14:00:00,1.1718,1.1721,1.1716,1.172,26821.4,78
2025-07-25 14:02:00,1.172,1.1723,1.172,1.172,42950.3,119
2025-07-25 14:04:00,1.172,1.1723,1.1719,1.1722,32073.6,80
2025-07-25 14:06:00,1.1721,1.1726,1.1721,1.1724,49480.2,211
2025-07-25 14:08:00,1.1724,1.1726,1.1723,1.1724,37911.6,78
2025-07-25 14:10:00,1.1724,1.1726,1.1723,1.1726,28298.6,147
2025-07-25 14:12:00,1.1726,1.1726,1.1722,1.1722,71266.1,150
2025-07-25 14:14:00,1.1722,1.1726,1.1722,1.1726,45499.7,149
2025-07-25 14:16:00,1.1726,1.1728,1.1725,1.1725,45480.2,81
2025-07-25 14:18:00,1.1725,1.1727,1.1725,1.1726,29528.2,100
2025-07-25 14:20:00,1.1726,1.1729,1.1723,1.1724,18832.5,61
2025-07-25 14:22:00,1.1724,1.1728,1.1723,1.1726,16084.1,57
2025-07-25 14:24:00,1.1727,1.1732,1.1727,1.1731,69523.5,445
2025-07-25 14:26:00,1.173,1.1732,1.1729,1.1731,47805.6,65
2025-07-25 14:28:00,1.173,1.1732,1.1729,1.1732,55535.9,88
2025-07-25 14:30:00,1.1731,1.1731,1.1729,1.1731,37820.5,91
2025-07-25 14:32:00,1.173,1.1737,1.1725,1.1725,71044.0,198
2025-07-25 14:34:00,1.1726,1.1727,1.1722,1.1726,32638.8,83
2025-07-25 14:36:00,1.1726,1.1729,1.1726,1.1728,25977.4,73
2025-07-25 14:38:00,1.1727,1.1729,1.1726,1.1727,58238.0,122
2025-07-25 14:40:00,1.1727,1.1728,1.1722,1.1724,43678.6,119
2025-07-25 14:42:00,1.1724,1.1728,1.1724,1.1727,44696.1,100
2025-07-25 14:44:00,1.1727,1.173,1.1725,1.1727,71509.8,123
2025-07-25 14:46:00,1.1727,1.1729,1.1725,1.1729,38019.4,117
2025-07-25 14:48:00,1.1728,1.173,1.1726,1.1727,33395.5,107
2025-07-25 14:50:00,1.1726,1.1727,1.1724,1.1725,21523.5,72
2025-07-25 14:52:00,1.1724,1.1726,1.1722,1.1725,96392.3,220
2025-07-25 14:54:00,1.1724,1.1725,1.1721,1.1722,32759.6,56
2025-07-25 14:56:00,1.1722,1.1726,1.1722,1.1725,119517.3,165
2025-07-25 14:58:00,1.1724,1.1727,1.1724,1.1726,54094.2,206
2025-07-25 15:00:00,1.1726,1.1728,1.1726,1.1726,48163.4,150
2025-07-25 15:02:00,1.1727,1.1727,1.1723,1.1724,77276.5,111
2025-07-25 15:04:00,1.1724,1.1727,1.1723,1.1723,33511.2,72
2025-07-25 15:06:00,1.1723,1.1724,1.1718,1.172,60232.4,175
2025-07-25 15:08:00,1.1719,1.1723,1.1719,1.1721,42049.2,112
2025-07-25 15:10:00,1.1721,1.1727,1.1721,1.1726,61572.9,160
2025-07-25 15:12:00,1.1726,1.1727,1.1725,1.1726,54981.6,103
2025-07-25 15:14:00,1.1725,1.1726,1.1725,1.1725,38490.6,75
2025-07-25 15:16:00,1.1725,1.1727,1.1725,1.1726,39343.9,101
2025-07-25 15:18:00,1.1726,1.1729,1.1725,1.1728,18778.0,50
2025-07-25 15:20:00,1.1727,1.1728,1.1726,1.1726,14923.4,64
2025-07-25 15:22:00,1.1726,1.1727,1.1725,1.1726,37980.6,78
2025-07-25 15:24:00,1.1726,1.1732,1.1726,1.1729,18625.3,71
2025-07-25 15:26:00,1.1729,1.1731,1.1728,1.1728,20866.1,53
2025-07-25 15:28:00,1.1731,1.1732,1.1729,1.1731,33580.6,63
2025-07-25 15:30:00,1.1731,1.1731,1.1728,1.1728,12582.9,54
2025-07-25 15:32:00,1.1728,1.173,1.1727,1.1729,14893.0,48
2025-07-25 15:34:00,1.1729,1.173,1.1726,1.1726,21984.3,77
2025-07-25 15:36:00,1.1726,1.1727,1.172,1.1722,30751.2,125
2025-07-25 15:38:00,1.1723,1.1724,1.1721,1.1722,36760.3,97
2025-07-25 15:40:00,1.1722,1.1723,1.1719,1.172,34015.3,121
2025-07-25 15:42:00,1.172,1.1721,1.1719,1.1721,20098.6,66
2025-07-25 15:44:00,1.1719,1.1722,1.1719,1.172,32936.0,151
2025-07-25 15:46:00,1.172,1.1723,1.172,1.1722,17438.4,71
2025-07-25 15:48:00,1.1722,1.1723,1.172,1.1721,24357.8,43
2025-07-25 15:50:00,1.1721,1.1722,1.1721,1.1721,19000.5,53
2025-07-25 15:52:00,1.1721,1.1724,1.1721,1.1722,26441.1,71
2025-07-25 15:54:00,1.1722,1.1724,1.1722,1.1722,16789.4,33
2025-07-25 15:56:00,1.1722,1.1724,1.1722,1.1723,23155.2,42
2025-07-25 15:58:00,1.1723,1.1724,1.1722,1.1722,11403.4,25
2025-07-25 16:00:00,1.1722,1.1724,1.1722,1.1722,22896.4,72
2025-07-25 16:02:00,1.1722,1.1724,1.1719,1.1721,16022.6,59
2025-07-25 16:04:00,1.172,1.172,1.1718,1.1719,15801.3,44
2025-07-25 16:06:00,1.1719,1.1723,1.1719,1.1719,7230.5,40
2025-07-25 16:08:00,1.172,1.172,1.1717,1.1718,16905.7,36
2025-07-25 16:10:00,1.1718,1.1719,1.1715,1.1717,8033.9,46
2025-07-25 16:12:00,1.1717,1.1722,1.1716,1.1721,14650.7,67
2025-07-25 16:14:00,1.1721,1.1722,1.1717,1.1717,14522.7,56
2025-07-25 16:16:00,1.1718,1.172,1.1716,1.1717,35487.5,71
2025-07-25 16:18:00,1.1717,1.1717,1.1714,1.1716,76556.0,83
2025-07-25 16:20:00,1.1716,1.1719,1.1715,1.1717,17549.4,65
2025-07-25 16:22:00,1.1716,1.1717,1.1714,1.1714,27180.5,75
2025-07-25 16:24:00,1.1715,1.1716,1.1714,1.1714,177396.5,181
2025-07-25 16:26:00,1.1714,1.1717,1.1714,1.1715,72914.0,231
2025-07-25 16:28:00,1.1715,1.1718,1.1715,1.1716,13333.9,68
2025-07-25 16:30:00,1.1716,1.1719,1.1715,1.1716,26629.6,76
2025-07-25 16:32:00,1.1717,1.1718,1.1716,1.1717,14344.2,54
2025-07-25 16:34:00,1.1717,1.1719,1.1716,1.1717,16699.4,52
2025-07-25 16:36:00,1.1718,1.172,1.1717,1.1719,27518.1,71
2025-07-25 16:38:00,1.1719,1.1719,1.1718,1.1719,11506.300000000001,40
2025-07-25 16:40:00,1.172,1.1722,1.1719,1.1721,13391.7,54
2025-07-25 16:42:00,1.1721,1.1722,1.172,1.1722,7798.3,26
2025-07-25 16:44:00,1.1721,1.1724,1.1721,1.1724,16651.1,41
2025-07-25 16:46:00,1.1724,1.1726,1.1723,1.1724,12667.4,38
2025-07-25 16:48:00,1.1724,1.1726,1.1724,1.1726,20215.4,49
2025-07-25 16:50:00,1.1725,1.1726,1.1723,1.1724,28748.6,71
2025-07-25 16:52:00,1.1725,1.1726,1.1723,1.1726,21775.600000000002,37
2025-07-25 16:54:00,1.1725,1.1725,1.1723,1.1725,20136.9,45
2025-07-25 16:56:00,1.1725,1.1727,1.1723,1.1726,32071.2,90
2025-07-25 16:58:00,1.1726,1.1726,1.1723,1.1723,12735.1,51
2025-07-25 17:00:00,1.1725,1.1727,1.1724,1.1726,12186.0,45
2025-07-25 17:02:00,1.1726,1.1727,1.1725,1.1727,9218.5,47
2025-07-25 17:04:00,1.1726,1.1727,1.1725,1.1727,7040.0,44
2025-07-25 17:06:00,1.1727,1.1727,1.1725,1.1727,31396.4,68
2025-07-25 17:08:00,1.1727,1.1727,1.1725,1.1727,10662.9,47
2025-07-25 17:10:00,1.1725,1.1727,1.1725,1.1726,9404.3,48
2025-07-25 17:12:00,1.1727,1.1728,1.1726,1.1726,24050.7,55
2025-07-25 17:14:00,1.1728,1.1729,1.1726,1.1726,16069.300000000001,54
2025-07-25 17:16:00,1.1726,1.1727,1.1726,1.1726,7691.0,43
2025-07-25 17:18:00,1.1727,1.1727,1.1725,1.1727,9056.0,33
2025-07-25 17:20:00,1.1725,1.1727,1.1724,1.1725,33810.2,99
2025-07-25 17:22:00,1.1725,1.1729,1.1725,1.1729,15077.3,37
2025-07-25 17:24:00,1.1728,1.1732,1.1728,1.1731,18143.3,60
2025-07-25 17:26:00,1.1731,1.1732,1.173,1.1732,12936.6,46
2025-07-25 17:28:00,1.1732,1.1733,1.173,1.1731,19628.1,45
2025-07-25 17:30:00,1.1732,1.1733,1.173,1.173,39924.6,37
2025-07-25 17:32:00,1.1732,1.1732,1.173,1.1732,20140.2,47
2025-07-25 17:34:00,1.1731,1.1734,1.1731,1.1733,13807.2,51
2025-07-25 17:36:00,1.1733,1.1736,1.1733,1.1734,16168.4,64
2025-07-25 17:38:00,1.1734,1.1737,1.1734,1.1737,13614.1,44
2025-07-25 17:40:00,1.1736,1.1737,1.1734,1.1734,31465.3,59
2025-07-25 17:42:00,1.1735,1.1736,1.1733,1.1735,12276.6,33
2025-07-25 17:44:00,1.1735,1.1736,1.1734,1.1736,28217.0,68
2025-07-25 17:46:00,1.1735,1.1737,1.1734,1.1735,39572.3,61
2025-07-25 17:48:00,1.1734,1.1735,1.1734,1.1734,30213.5,45
2025-07-25 17:50:00,1.1735,1.1736,1.1733,1.1733,23434.6,48
2025-07-25 17:52:00,1.1733,1.1735,1.1733,1.1734,13433.8,53
2025-07-25 17:54:00,1.1733,1.1734,1.1732,1.1733,15768.5,50
2025-07-25 17:56:00,1.1733,1.1734,1.1732,1.1734,22047.300000000003,54
2025-07-25 17:58:00,1.1735,1.1737,1.1733,1.1734,21315.6,41
2025-07-25 18:00:00,1.1734,1.1736,1.1733,1.1735,13760.8,51
2025-07-25 18:02:00,1.1736,1.1737,1.1734,1.1736,21491.4,61
2025-07-25 18:04:00,1.1736,1.1736,1.1733,1.1735,14215.8,41
2025-07-25 18:06:00,1.1734,1.1735,1.1734,1.1735,6088.8,37
2025-07-25 18:08:00,1.1735,1.1736,1.1734,1.1735,5946.7,31
2025-07-25 18:10:00,1.1736,1.1738,1.1735,1.1736,13444.4,48
2025-07-25 18:12:00,1.1736,1.1738,1.1735,1.1737,21428.3,92
2025-07-25 18:14:00,1.1738,1.1738,1.1735,1.1736,4793.5,27
2025-07-25 18:16:00,1.1737,1.1738,1.1736,1.1736,14057.5,63
2025-07-25 18:18:00,1.1736,1.1737,1.1735,1.1736,6270.5,31
2025-07-25 18:20:00,1.1737,1.1737,1.1734,1.1735,7905.0,48
2025-07-25 18:22:00,1.1735,1.1737,1.1734,1.1736,36375.1,90
2025-07-25 18:24:00,1.1735,1.1737,1.1735,1.1735,10349.8,37
2025-07-25 18:26:00,1.1735,1.1737,1.1735,1.1737,7369.6,29
2025-07-25 18:28:00,1.1736,1.1738,1.1735,1.1737,6126.5,35
2025-07-25 18:30:00,1.1737,1.1738,1.1737,1.1737,6985.0,42
2025-07-25 18:32:00,1.1737,1.1737,1.1734,1.1735,8289.5,41
2025-07-25 18:34:00,1.1735,1.1735,1.1733,1.1735,14344.0,59
2025-07-25 18:36:00,1.1734,1.1736,1.1734,1.1735,8217.9,32
2025-07-25 18:38:00,1.1735,1.1737,1.1735,1.1737,10906.9,50
2025-07-25 18:40:00,1.1737,1.1737,1.1736,1.1737,7653.4,46
2025-07-25 18:42:00,1.1737,1.1737,1.1735,1.1735,6687.6,29
2025-07-25 18:44:00,1.1736,1.1737,1.1735,1.1735,4584.8,21
2025-07-25 18:46:00,1.1735,1.1737,1.1735,1.1736,2982.7,19
2025-07-25 18:48:00,1.1736,1.174,1.1736,1.1739,53409.6,154
2025-07-25 18:50:00,1.174,1.1743,1.1739,1.1742,12312.6,42
2025-07-25 18:52:00,1.1741,1.1742,1.174,1.1742,4729.6,28
2025-07-25 18:54:00,1.1742,1.1742,1.1739,1.174,10673.2,39
2025-07-25 18:56:00,1.1739,1.1742,1.1739,1.174,7707.1,28
2025-07-25 18:58:00,1.1741,1.1744,1.174,1.1744,6057.8,42
2025-07-25 19:00:00,1.1743,1.1743,1.1741,1.1742,26414.4,155
2025-07-25 19:02:00,1.1744,1.1744,1.1742,1.1744,3827.4,23
2025-07-25 19:04:00,1.1744,1.1745,1.1741,1.1741,9247.1,44
2025-07-25 19:06:00,1.1742,1.1744,1.174,1.1741,11494.1,44
2025-07-25 19:08:00,1.1741,1.1742,1.1741,1.1742,8997.9,44
2025-07-25 19:10:00,1.1742,1.1742,1.174,1.1741,14924.0,55
2025-07-25 19:12:00,1.174,1.1742,1.174,1.1741,3048.2,25
2025-07-25 19:14:00,1.1741,1.1742,1.174,1.1742,4744.5,20
2025-07-25 19:16:00,1.1741,1.1743,1.1741,1.1741,9836.199999999999,34
2025-07-25 19:18:00,1.1742,1.1742,1.174,1.1741,9054.2,43
2025-07-25 19:20:00,1.1742,1.1743,1.1741,1.1741,10273.1,46
2025-07-25 19:22:00,1.1741,1.1743,1.1741,1.1741,3201.8,24
2025-07-25 19:24:00,1.1742,1.1744,1.1741,1.1743,16229.2,40
2025-07-25 19:26:00,1.1743,1.1744,1.1742,1.1743,11907.7,38
2025-07-25 19:28:00,1.1742,1.1745,1.1742,1.1743,21522.1,53
2025-07-25 19:30:00,1.1743,1.1744,1.1742,1.1742,17586.7,52
2025-07-25 19:32:00,1.1742,1.1744,1.1741,1.1742,5181.2,26
2025-07-25 19:34:00,1.1742,1.1743,1.174,1.1741,13011.6,46
2025-07-25 19:36:00,1.1741,1.1744,1.1741,1.1743,15605.4,42
2025-07-25 19:38:00,1.1744,1.1744,1.1742,1.1742,6815.6,38
2025-07-25 19:40:00,1.1742,1.1743,1.1741,1.1741,12129.6,41
2025-07-25 19:42:00,1.1741,1.1743,1.1741,1.1742,12502.6,45
2025-07-25 19:44:00,1.1741,1.1742,1.174,1.174,9246.1,23
2025-07-25 19:46:00,1.1741,1.1741,1.174,1.174,8292.1,36
2025-07-25 19:48:00,1.1741,1.1742,1.174,1.1741,25637.7,54
2025-07-25 19:50:00,1.1742,1.1742,1.174,1.174,14954.9,45
2025-07-25 19:52:00,1.174,1.1742,1.174,1.1742,21218.9,59
2025-07-25 19:54:00,1.1741,1.1744,1.1741,1.1743,12578.6,49
2025-07-25 19:56:00,1.1742,1.1743,1.1742,1.1742,7058.2,36
2025-07-25 19:58:00,1.1742,1.1743,1.1741,1.1742,10590.3,33
2025-07-25 20:00:00,1.1742,1.1742,1.1739,1.1739,6975.5,35
2025-07-25 20:02:00,1.1739,1.174,1.1738,1.174,12621.0,32
2025-07-25 20:04:00,1.1739,1.174,1.1737,1.1738,6055.3,48
2025-07-25 20:06:00,1.1738,1.1738,1.1737,1.1737,7417.0,22
2025-07-25 20:08:00,1.1738,1.1738,1.1737,1.1737,13168.2,34
2025-07-25 20:10:00,1.1737,1.1737,1.1737,1.1737,9791.1,18
2025-07-25 20:12:00,1.1737,1.1738,1.1736,1.1737,10152.9,36
2025-07-25 20:14:00,1.1737,1.1738,1.1737,1.1737,5410.1,27
2025-07-25 20:16:00,1.1737,1.1737,1.1736,1.1736,13743.5,30
2025-07-25 20:18:00,1.1736,1.1738,1.1736,1.1736,4081.4,24
2025-07-25 20:20:00,1.1737,1.1738,1.1736,1.1736,10529.5,38
2025-07-25 20:22:00,1.1736,1.1737,1.1735,1.1735,8642.9,31
2025-07-25 20:24:00,1.1735,1.1737,1.1735,1.1736,24293.3,68
2025-07-25 20:26:00,1.1736,1.1737,1.1735,1.1737,9062.3,40
2025-07-25 20:28:00,1.1736,1.1737,1.1735,1.1735,9847.3,39
2025-07-25 20:30:00,1.1736,1.1737,1.1735,1.1737,20572.4,42
2025-07-25 20:32:00,1.1737,1.1741,1.1735,1.1739,20564.5,76
2025-07-25 20:34:00,1.1739,1.1742,1.1739,1.1742,22308.4,50
2025-07-25 20:36:00,1.174,1.1742,1.174,1.174,16190.9,36
2025-07-25 20:38:00,1.174,1.174,1.1739,1.1739,15591.8,23
2025-07-25 20:40:00,1.1739,1.174,1.1739,1.1739,7882.2,33
2025-07-25 20:42:00,1.1739,1.1742,1.1738,1.1739,44330.4,74
2025-07-25 20:44:00,1.1738,1.1741,1.1738,1.1738,14264.8,59
2025-07-25 20:46:00,1.1738,1.1739,1.1738,1.1738,25331.1,103
2025-07-25 20:48:00,1.1738,1.1738,1.1737,1.1737,7559.7,33
2025-07-25 20:50:00,1.1737,1.1739,1.1737,1.1738,11671.7,29
2025-07-25 20:52:00,1.1738,1.174,1.1738,1.1739,13906.1,37
2025-07-25 20:54:00,1.1739,1.174,1.1737,1.1738,24387.3,27
2025-07-25 20:56:00,1.1738,1.1739,1.1738,1.1739,9338.4,29
2025-07-25 20:58:00,1.1738,1.1741,1.1738,1.1739,26119.7,49
2025-07-25 21:00:00,1.1739,1.1741,1.1738,1.1738,15267.5,44
2025-07-25 21:02:00,1.1739,1.1739,1.1737,1.1738,5817.599999999999,33
2025-07-25 21:04:00,1.1739,1.174,1.1738,1.1738,11840.7,60
2025-07-25 21:06:00,1.1738,1.1741,1.1738,1.174,18887.7,59
2025-07-25 21:08:00,1.1739,1.1741,1.1739,1.1741,14006.4,38
2025-07-25 21:10:00,1.1741,1.1741,1.1739,1.174,31951.0,47
2025-07-25 21:12:00,1.1739,1.1741,1.1739,1.174,12707.2,48
2025-07-25 21:14:00,1.1741,1.1741,1.174,1.174,9411.9,39
2025-07-25 21:16:00,1.1741,1.1742,1.1739,1.1741,30233.7,65
2025-07-25 21:18:00,1.174,1.1742,1.174,1.1742,10710.1,41
2025-07-25 21:20:00,1.1741,1.1742,1.174,1.1741,30844.5,95
2025-07-25 21:22:00,1.174,1.1743,1.174,1.1742,45098.4,76
2025-07-25 21:24:00,1.1742,1.1744,1.1742,1.1742,10531.6,28
2025-07-25 21:26:00,1.1742,1.1743,1.1741,1.1743,22416.8,58
2025-07-25 21:28:00,1.1742,1.1743,1.1742,1.1743,21253.0,49
2025-07-25 21:30:00,1.1743,1.1744,1.1742,1.1743,32594.1,213
2025-07-25 21:32:00,1.1743,1.1744,1.1742,1.1742,10425.300000000001,27
2025-07-25 21:34:00,1.1743,1.1743,1.1741,1.1741,15619.300000000001,33
2025-07-25 21:36:00,1.1742,1.1743,1.1741,1.1742,14624.5,58
2025-07-25 21:38:00,1.1743,1.1743,1.1742,1.1742,10885.3,47
2025-07-25 21:40:00,1.1743,1.1744,1.1742,1.1744,8204.6,26
2025-07-25 21:42:00,1.1744,1.1745,1.1743,1.1744,11329.1,21
2025-07-25 21:44:00,1.1745,1.1745,1.1743,1.1744,11086.9,30
2025-07-25 21:46:00,1.1744,1.1745,1.1743,1.1743,40211.700000000004,49
2025-07-25 21:48:00,1.1743,1.1744,1.1743,1.1743,6838.0,37
2025-07-25 21:50:00,1.1743,1.1745,1.1742,1.1742,11311.3,46
2025-07-25 21:52:00,1.1743,1.1743,1.1742,1.1742,8366.2,37
2025-07-25 21:54:00,1.1743,1.1743,1.1742,1.1742,4516.9,27
2025-07-25 21:56:00,1.1742,1.1743,1.1742,1.1743,3904.5,20
2025-07-25 21:58:00,1.1742,1.1744,1.1742,1.1743,6922.7,25
2025-07-25 22:00:00,1.1744,1.1744,1.1742,1.1743,9770.199999999999,40
2025-07-25 22:02:00,1.1744,1.1744,1.1743,1.1744,8493.1,41
2025-07-25 22:04:00,1.1743,1.1745,1.1743,1.1743,7137.3,58
2025-07-25 22:06:00,1.1744,1.1745,1.1743,1.1744,12263.2,97
2025-07-25 22:08:00,1.1744,1.1745,1.1744,1.1744,9759.7,77
2025-07-25 22:10:00,1.1744,1.1745,1.1744,1.1745,8958.3,35
2025-07-25 22:12:00,1.1746,1.1746,1.1744,1.1745,7803.5,30
2025-07-25 22:14:00,1.1744,1.1745,1.1742,1.1742,28083.8,47
2025-07-25 22:16:00,1.1744,1.1744,1.1742,1.1742,15725.5,46
2025-07-25 22:18:00,1.1742,1.1744,1.1742,1.1743,14954.9,37
2025-07-25 22:20:00,1.1744,1.1744,1.1743,1.1744,9183.1,33
2025-07-25 22:22:00,1.1744,1.1745,1.1743,1.1745,3638.1,16
2025-07-25 22:24:00,1.1744,1.1745,1.1743,1.1745,12191.4,51
2025-07-25 22:26:00,1.1745,1.1745,1.1743,1.1745,11920.6,40
2025-07-25 22:28:00,1.1745,1.1746,1.1744,1.1744,50990.6,36
2025-07-25 22:30:00,1.1744,1.1745,1.1744,1.1744,8805.3,51
2025-07-25 22:32:00,1.1745,1.1745,1.1742,1.1744,8546.2,37
2025-07-25 22:34:00,1.1744,1.1744,1.1742,1.1742,2274.0,17
2025-07-25 22:36:00,1.1742,1.1745,1.1742,1.1743,20727.0,57
2025-07-25 22:38:00,1.1743,1.1746,1.1743,1.1746,9729.6,46
2025-07-25 22:40:00,1.1745,1.1746,1.1744,1.1744,9732.1,62
2025-07-25 22:42:00,1.1744,1.1745,1.1744,1.1745,7902.8,36
2025-07-25 22:44:00,1.1745,1.1746,1.1744,1.1745,11962.7,55
2025-07-25 22:46:00,1.1745,1.1746,1.1744,1.1746,6894.8,39
2025-07-25 22:48:00,1.1745,1.1745,1.1744,1.1745,5753.4,25
2025-07-25 22:50:00,1.1745,1.1745,1.1743,1.1744,8755.2,29
2025-07-25 22:52:00,1.1744,1.1745,1.1743,1.1743,11312.4,37
2025-07-25 22:54:00,1.1744,1.1745,1.1742,1.1743,13672.7,50
2025-07-25 22:56:00,1.1743,1.1745,1.1743,1.1745,5251.2,37
2025-07-25 22:58:00,1.1744,1.1745,1.1744,1.1745,3901.3,27
2025-07-25 23:00:00,1.1744,1.1746,1.1743,1.1745,22125.2,89
2025-07-25 23:02:00,1.1745,1.1746,1.1743,1.1744,12989.4,40
2025-07-25 23:04:00,1.1745,1.1746,1.1744,1.1745,8243.8,28
2025-07-25 23:06:00,1.1744,1.1745,1.1744,1.1745,5060.1,29
2025-07-25 23:08:00,1.1744,1.1746,1.1744,1.1746,4911.8,22
2025-07-25 23:10:00,1.1745,1.1746,1.1744,1.1745,4269.7,24
2025-07-25 23:12:00,1.1744,1.1746,1.1744,1.1745,2485.3,19
2025-07-25 23:14:00,1.1744,1.1746,1.1744,1.1745,6715.0,26
2025-07-25 23:16:00,1.1744,1.1745,1.1744,1.1745,9064.6,26
2025-07-25 23:18:00,1.1745,1.1745,1.1744,1.1744,2471.9,18
2025-07-25 23:20:00,1.1744,1.1745,1.1743,1.1744,4764.4,21
2025-07-25 23:22:00,1.1744,1.1745,1.1744,1.1745,5064.5,34
2025-07-25 23:24:00,1.1744,1.1746,1.1744,1.1744,4195.3,27
2025-07-25 23:26:00,1.1746,1.1746,1.1744,1.1745,8902.7,40
2025-07-25 23:28:00,1.1745,1.1745,1.1744,1.1745,3285.1,24
2025-07-25 23:30:00,1.1745,1.1745,1.1744,1.1744,3263.5,21
2025-07-25 23:32:00,1.1745,1.1746,1.1744,1.1746,9684.4,36
2025-07-25 23:34:00,1.1746,1.1746,1.1745,1.1745,1236.1,16
2025-07-25 23:36:00,1.1745,1.1746,1.1745,1.1746,9126.6,24
2025-07-25 23:38:00,1.1746,1.1746,1.1745,1.1745,6873.599999999999,20
2025-07-25 23:40:00,1.1745,1.1746,1.1745,1.1746,2046.7,16
2025-07-25 23:42:00,1.1745,1.1746,1.1745,1.1745,5226.6,14
2025-07-25 23:44:00,1.1746,1.1746,1.1745,1.1746,2326.2,13
2025-07-25 23:46:00,1.1746,1.1746,1.1745,1.1746,8523.7,49
2025-07-25 23:48:00,1.1745,1.1746,1.1744,1.1745,5122.5,30
2025-07-25 23:50:00,1.1746,1.1746,1.1745,1.1745,3415.8,16
2025-07-25 23:52:00,1.1746,1.1746,1.1744,1.1744,8274.6,21
2025-07-25 23:54:00,1.1744,1.1746,1.1744,1.1746,1880.2,9
2025-07-25 23:56:00,1.1744,1.1746,1.1744,1.1746,3844.2000000000003,9
2025-07-25 23:58:00,1.1746,1.1746,1.1745,1.1746,2125.6,14
2025-07-26 00:00:00,1.1745,1.1746,1.1745,1.1745,2469.0,27
2025-07-26 00:02:00,1.1745,1.1746,1.1745,1.1745,10217.0,34
2025-07-26 00:04:00,1.1745,1.1746,1.1745,1.1746,1578.7,26
2025-07-26 00:06:00,1.1746,1.1747,1.1745,1.1747,6965.7,39
2025-07-26 00:08:00,1.1747,1.1747,1.1745,1.1747,9769.699999999999,35
2025-07-26 00:10:00,1.1747,1.1747,1.1746,1.1746,15958.699999999999,43
2025-07-26 00:12:00,1.1746,1.1747,1.1745,1.1746,1851.9,18
2025-07-26 00:14:00,1.1746,1.1747,1.1745,1.1746,5529.8,20
2025-07-26 00:16:00,1.1745,1.1747,1.1745,1.1746,8136.900000000001,30
2025-07-26 00:18:00,1.1746,1.1747,1.1745,1.1745,2117.9,15
2025-07-26 00:20:00,1.1745,1.1746,1.1745,1.1745,732.1999999999999,11
2025-07-26 00:22:00,1.1745,1.1747,1.1744,1.1745,7681.7,24
2025-07-26 00:24:00,1.1745,1.1746,1.1744,1.1745,4511.2,18
2025-07-26 00:26:00,1.1746,1.1746,1.1745,1.1746,6533.8,13
2025-07-26 00:28:00,1.1745,1.1746,1.1745,1.1745,9453.9,16
2025-07-26 00:30:00,1.1744,1.1746,1.1744,1.1745,21921.0,187
2025-07-26 00:32:00,1.1745,1.1746,1.1745,1.1745,6824.8,15
2025-07-26 00:34:00,1.1746,1.1746,1.1745,1.1745,4010.1,16
2025-07-26 00:36:00,1.1745,1.1746,1.1744,1.1745,2802.0,15
2025-07-26 00:38:00,1.1745,1.1746,1.1744,1.1744,2920.1,19
2025-07-26 00:40:00,1.1746,1.1746,1.1745,1.1745,8107.0,17
2025-07-26 00:42:00,1.1746,1.1746,1.1744,1.1745,2953.5,22
2025-07-26 00:44:00,1.1745,1.1747,1.1745,1.1746,4828.4,8
2025-07-26 00:46:00,1.1746,1.1747,1.1745,1.1746,8612.6,29
2025-07-26 00:48:00,1.1746,1.1747,1.1745,1.1746,2573.6,18
2025-07-26 00:50:00,1.1745,1.1747,1.1745,1.1746,687.4,13
2025-07-26 00:52:00,1.1746,1.1747,1.1745,1.1746,1903.9,21
2025-07-26 00:54:00,1.1745,1.1746,1.1745,1.1746,2222.3,7
2025-07-26 00:56:00,1.1745,1.1747,1.1745,1.1745,1162.9,13
2025-07-26 00:58:00,1.1745,1.1746,1.1745,1.1745,1228.7,17
2025-07-26 01:00:00,1.1746,1.1747,1.1745,1.1745,6516.7,58
2025-07-26 01:02:00,1.1745,1.1746,1.1745,1.1745,3687.7000000000003,22
2025-07-26 01:04:00,1.1745,1.1746,1.1745,1.1745,2910.3,18
2025-07-26 01:06:00,1.1746,1.1746,1.1745,1.1745,240.99999999999997,8
2025-07-26 01:08:00,1.1746,1.1746,1.1745,1.1746,1055.1,8
2025-07-26 01:10:00,1.1745,1.1746,1.1745,1.1745,1439.1,8
2025-07-26 01:12:00,1.1745,1.1747,1.1745,1.1745,7396.0,18
2025-07-26 01:14:00,1.1745,1.1746,1.1745,1.1745,1012.7,12
2025-07-26 01:16:00,1.1746,1.1747,1.1746,1.1746,3160.6,19
2025-07-26 01:18:00,1.1747,1.1747,1.1746,1.1746,1457.8,13
2025-07-26 01:20:00,1.1747,1.1747,1.1746,1.1746,916.6,10
2025-07-26 01:22:00,1.1746,1.1746,1.1745,1.1745,5905.0,15
2025-07-26 01:24:00,1.1745,1.1747,1.1745,1.1745,2768.3,16
2025-07-26 01:26:00,1.1745,1.1746,1.1745,1.1745,2559.3,9
2025-07-26 01:28:00,1.1745,1.1747,1.1745,1.1746,1309.6,12
2025-07-26 01:30:00,1.1746,1.1747,1.1745,1.1746,4650.1,17
2025-07-26 01:32:00,1.1747,1.1747,1.1746,1.1747,4600.2,15
2025-07-26 01:34:00,1.1746,1.1746,1.1745,1.1746,1451.4,12
2025-07-26 01:36:00,1.1746,1.1747,1.1745,1.1747,6791.1,16
2025-07-26 01:38:00,1.1747,1.1747,1.1745,1.1747,1676.9,15
2025-07-26 01:40:00,1.1746,1.1747,1.1745,1.1745,3937.4,16
2025-07-26 01:42:00,1.1746,1.1747,1.1745,1.1745,1369.6,8
2025-07-26 01:44:00,1.1745,1.1747,1.1745,1.1746,6718.7,11
2025-07-26 01:46:00,1.1746,1.1746,1.1745,1.1745,1101.8,13
2025-07-26 01:48:00,1.1746,1.1747,1.1746,1.1746,8477.1,19
2025-07-26 01:50:00,1.1746,1.1747,1.1746,1.1746,8872.2,25
2025-07-26 01:52:00,1.1746,1.1747,1.1745,1.1747,15241.300000000001,52
2025-07-26 01:54:00,1.1746,1.1747,1.1746,1.1747,13007.1,25
2025-07-26 01:56:00,1.1746,1.1747,1.1746,1.1747,14958.1,36
2025-07-26 01:58:00,1.1746,1.1747,1.1746,1.1747,24684.9,20
2025-07-26 02:00:00,1.1747,1.1747,1.1746,1.1746,9909.1,60
2025-07-26 02:02:00,1.1746,1.1747,1.1746,1.1747,1652.3,12
2025-07-26 02:04:00,1.1746,1.1747,1.1746,1.1746,1113.8000000000002,12
2025-07-26 02:06:00,1.1746,1.1747,1.1745,1.1745,1857.4999999999998,20
2025-07-26 02:08:00,1.1746,1.1746,1.1745,1.1746,2357.2,14
2025-07-26 02:10:00,1.1746,1.1747,1.1745,1.1747,3527.2,12
2025-07-26 02:12:00,1.1746,1.1747,1.1745,1.1745,5012.2,19
2025-07-26 02:14:00,1.1745,1.1747,1.1745,1.1747,2384.2000000000003,10
2025-07-26 02:16:00,1.1746,1.1747,1.1745,1.1747,14976.4,54
2025-07-26 02:18:00,1.1746,1.1747,1.1745,1.1747,8711.3,40
2025-07-26 02:20:00,1.1746,1.1747,1.1745,1.1746,2120.4,12
2025-07-26 02:22:00,1.1746,1.1747,1.1745,1.1746,175850.7,219
2025-07-26 02:24:00,1.1747,1.1747,1.1745,1.1746,10904.2,11
2025-07-26 02:26:00,1.1746,1.1747,1.1745,1.1745,32187.2,49
2025-07-26 02:28:00,1.1745,1.1747,1.1745,1.1747,16986.8,30
2025-07-26 02:30:00,1.1745,1.1747,1.1745,1.1747,50147.0,236
2025-07-26 02:32:00,1.1746,1.1749,1.1746,1.1748,118350.2,160
2025-07-26 02:34:00,1.1748,1.1749,1.1747,1.1748,39490.6,91
2025-07-26 02:36:00,1.1748,1.1748,1.1747,1.1747,27929.8,20
2025-07-26 02:38:00,1.1748,1.1748,1.1747,1.1747,14258.5,25
2025-07-26 02:40:00,1.1747,1.1748,1.1747,1.1748,2203.3,8
2025-07-26 02:42:00,1.1747,1.1748,1.1747,1.1747,4086.7999999999997,10
2025-07-26 02:44:00,1.1747,1.1748,1.1747,1.1747,6427.0,17
2025-07-26 02:46:00,1.1747,1.1748,1.1747,1.1748,1466.8,7
2025-07-26 02:48:00,1.1747,1.1749,1.1747,1.1748,4338.9,13
2025-07-26 02:50:00,1.1747,1.1749,1.1747,1.1748,5148.9,12
2025-07-26 02:52:00,1.1747,1.1748,1.1747,1.1747,9669.9,22
2025-07-26 02:54:00,1.1747,1.1748,1.1747,1.1747,2195.0,9
2025-07-26 02:56:00,1.1747,1.1748,1.1747,1.1747,2586.1,7
2025-07-26 02:58:00,1.1748,1.1748,1.1746,1.1748,5027.4,15
2025-07-26 03:00:00,1.1746,1.1748,1.1746,1.1748,3590.2,17
2025-07-26 03:02:00,1.1747,1.1748,1.1746,1.1747,12433.6,15
2025-07-26 03:04:00,1.1747,1.1748,1.1746,1.1748,10588.2,10
2025-07-26 03:06:00,1.1748,1.1748,1.1746,1.1748,21675.8,27
2025-07-26 03:08:00,1.1748,1.1748,1.1747,1.1747,1089.5,14
2025-07-26 03:10:00,1.1747,1.1748,1.1746,1.1748,13978.2,17
2025-07-26 03:12:00,1.1748,1.1748,1.1746,1.1748,14518.4,9
2025-07-26 03:14:00,1.1746,1.1748,1.1746,1.1746,7214.2,13
2025-07-26 03:16:00,1.1748,1.1748,1.1746,1.1746,2826.6,17
2025-07-26 03:18:00,1.1746,1.1746,1.1744,1.1744,6839.8,31
2025-07-26 03:20:00,1.1745,1.1745,1.1743,1.1743,4056.6,12
2025-07-26 03:22:00,1.1743,1.1745,1.1743,1.1743,606.5,6
2025-07-26 03:24:00,1.1745,1.1745,1.1743,1.1745,4213.3,8
2025-07-26 03:26:00,1.1743,1.1744,1.1743,1.1743,4254.2,9
2025-07-26 03:28:00,1.1744,1.1744,1.1743,1.1743,9615.9,26
2025-07-26 03:30:00,1.1744,1.1744,1.1743,1.1744,2211.3,15
2025-07-26 03:32:00,1.1743,1.1744,1.1742,1.1742,9824.6,14
2025-07-26 03:34:00,1.1744,1.1744,1.1742,1.1742,2012.3,10
2025-07-26 03:36:00,1.1744,1.1744,1.1743,1.1743,5279.1,19
2025-07-26 03:38:00,1.1744,1.1744,1.1743,1.1744,14873.2,15
2025-07-26 03:40:00,1.1744,1.1744,1.1743,1.1744,4923.8,15
2025-07-26 03:42:00,1.1744,1.1744,1.1743,1.1744,2152.4,11
2025-07-26 03:44:00,1.1744,1.1745,1.1743,1.1743,2146.3,14
2025-07-26 03:46:00,1.1743,1.1744,1.1742,1.1744,784.3000000000001,8
2025-07-26 03:48:00,1.1744,1.1745,1.1743,1.1744,2942.3,10
2025-07-26 03:50:00,1.1744,1.1746,1.1743,1.1744,11425.2,39
2025-07-26 03:52:00,1.1744,1.1745,1.1744,1.1744,2452.1,12
2025-07-26 03:54:00,1.1744,1.1745,1.1744,1.1744,4871.0,15
2025-07-26 03:56:00,1.1744,1.1745,1.1744,1.1745,825.2,5
2025-07-26 03:58:00,1.1744,1.1744,1.1744,1.1744,106.8,2
2025-07-26 04:00:00,1.1744,1.1745,1.1744,1.1745,5088.2,21
2025-07-26 04:02:00,1.1745,1.1745,1.1743,1.1743,8661.3,20
2025-07-26 04:04:00,1.1743,1.1743,1.1743,1.1743,1169.4,12
2025-07-26 04:06:00,1.1743,1.1745,1.1743,1.1744,1829.8,10
2025-07-26 04:08:00,1.1743,1.1744,1.1743,1.1743,3965.8,11
2025-07-26 04:10:00,1.1743,1.1745,1.1743,1.1744,4296.6,29
2025-07-26 04:12:00,1.1744,1.1746,1.1744,1.1745,3833.6,24
2025-07-26 04:14:00,1.1745,1.1745,1.1744,1.1745,5674.6,25
2025-07-26 04:16:00,1.1746,1.1746,1.1745,1.1745,2069.1000000000004,9
2025-07-26 04:18:00,1.1745,1.1746,1.1745,1.1745,1150.0,8
2025-07-26 04:20:00,1.1746,1.1746,1.1745,1.1745,1597.3999999999999,10
2025-07-26 04:22:00,1.1745,1.1745,1.1745,1.1745,1532.1,14
2025-07-26 04:24:00,1.1745,1.1745,1.1743,1.1743,10793.6,49
2025-07-26 04:26:00,1.1744,1.1745,1.1743,1.1745,3243.0,25
2025-07-26 04:28:00,1.1745,1.1745,1.1744,1.1744,2488.3,14
2025-07-26 04:30:00,1.1745,1.1745,1.1744,1.1744,3250.1,7
2025-07-26 04:32:00,1.1744,1.1745,1.1744,1.1745,897.6,7
2025-07-26 04:34:00,1.1745,1.1745,1.1744,1.1745,5156.6,24
2025-07-26 04:36:00,1.1744,1.1745,1.1743,1.1745,4140.2,29
2025-07-26 04:38:00,1.1745,1.1745,1.1743,1.1745,25280.800000000003,48
2025-07-26 04:40:00,1.1745,1.1745,1.1744,1.1745,11589.7,27
2025-07-26 04:42:00,1.1744,1.1745,1.1743,1.1745,14937.3,14
2025-07-26 04:44:00,1.1745,1.1745,1.1743,1.1745,6165.4,14
2025-07-26 04:46:00,1.1745,1.1745,1.1743,1.1744,5280.5,21
2025-07-26 04:48:00,1.1744,1.1745,1.1743,1.1745,6584.5,20
2025-07-26 04:50:00,1.1743,1.1745,1.1743,1.1743,2386.7,19
2025-07-26 04:52:00,1.1743,1.1743,1.1743,1.1743,5322.4,20
2025-07-26 04:54:00,1.1743,1.1745,1.1743,1.1745,1530.2,11
2025-07-26 04:56:00,1.1743,1.1745,1.1743,1.1743,2399.5,15
2025-07-26 04:58:00,1.1743,1.1745,1.1743,1.1745,832.4,14
2025-07-26 05:00:00,1.1745,1.1745,1.1743,1.1745,5510.7,15
2025-07-26 05:02:00,1.1744,1.1745,1.1743,1.1743,5119.5,18
2025-07-26 05:04:00,1.1745,1.1745,1.1743,1.1743,15131.400000000001,11
2025-07-26 05:06:00,1.1743,1.1744,1.1743,1.1743,1205.2,12
2025-07-26 05:08:00,1.1743,1.1745,1.1743,1.1743,1580.3,12
2025-07-26 05:10:00,1.1743,1.1744,1.1743,1.1744,2306.1,17
2025-07-26 05:12:00,1.1743,1.1744,1.1743,1.1743,5759.3,22
2025-07-26 05:14:00,1.1743,1.1744,1.1743,1.1743,2067.9,15
2025-07-26 05:16:00,1.1743,1.1744,1.1743,1.1744,12034.4,38
2025-07-26 05:18:00,1.1743,1.1744,1.1743,1.1744,5831.2,21
2025-07-26 05:20:00,1.1744,1.1744,1.1743,1.1743,2022.5,15
2025-07-26 05:22:00,1.1743,1.1743,1.1743,1.1743,340.9,6
2025-07-26 05:24:00,1.1743,1.1743,1.1743,1.1743,5764.3,22
2025-07-26 05:26:00,1.1743,1.1743,1.1743,1.1743,1858.9,10
2025-07-26 05:28:00,1.1743,1.1744,1.1743,1.1743,4704.0,21
2025-07-26 05:30:00,1.1743,1.1744,1.1743,1.1743,3096.3,24
2025-07-26 05:32:00,1.1743,1.1744,1.1743,1.1744,2613.6,22
2025-07-26 05:34:00,1.1743,1.1744,1.1742,1.1744,1276.3,16
2025-07-26 05:36:00,1.1742,1.1744,1.1742,1.1742,5337.7,22
2025-07-26 05:38:00,1.1743,1.1743,1.1742,1.1742,42549.799999999996,41
2025-07-26 05:40:00,1.1743,1.1744,1.1742,1.1743,13159.5,34
2025-07-26 05:42:00,1.1744,1.1744,1.1742,1.1743,5430.2,20
2025-07-26 05:44:00,1.1742,1.1744,1.1742,1.1742,2106.4,11
2025-07-26 05:46:00,1.1743,1.1744,1.1742,1.1744,1383.0,12
2025-07-26 05:48:00,1.1743,1.1744,1.1742,1.1744,3513.1,23
2025-07-26 05:50:00,1.1742,1.1744,1.1742,1.1742,3349.1000000000004,18
2025-07-26 05:52:00,1.1742,1.1742,1.1742,1.1742,2226.9,20
2025-07-26 05:54:00,1.1742,1.1743,1.1742,1.1742,6002.400000000001,21
2025-07-26 05:56:00,1.1743,1.1743,1.1742,1.1742,7981.8,13
2025-07-26 05:58:00,1.1742,1.1742,1.1742,1.1742,3804.8,18
2025-07-26 06:00:00,1.1742,1.1742,1.1742,1.1742,2485.6,13
2025-07-26 06:02:00,1.1742,1.1742,1.1742,1.1742,4364.6,16
2025-07-26 06:04:00,1.1741,1.1742,1.1741,1.1741,1165.6,13
2025-07-26 06:06:00,1.1741,1.1743,1.1741,1.1741,2232.7,17
2025-07-26 06:08:00,1.1741,1.1741,1.1741,1.1741,2692.8,18
2025-07-26 06:10:00,1.1741,1.1742,1.1741,1.1741,1130.2,11
2025-07-26 06:12:00,1.1741,1.1742,1.1741,1.1741,6791.5,20
2025-07-26 06:14:00,1.1741,1.1742,1.1741,1.1741,2931.6,10
2025-07-26 06:16:00,1.1741,1.1742,1.1741,1.1741,8355.5,14
2025-07-26 06:18:00,1.1741,1.1742,1.1741,1.1742,3433.2999999999997,18
2025-07-26 06:20:00,1.1742,1.1742,1.1741,1.1741,3531.2,17
2025-07-26 06:22:00,1.1742,1.1742,1.1741,1.1741,2412.0,7
2025-07-26 06:24:00,1.1741,1.1744,1.1741,1.1742,12016.4,53
2025-07-26 06:26:00,1.1742,1.1742,1.1742,1.1742,1429.8,17
2025-07-26 06:28:00,1.1742,1.1742,1.1742,1.1742,415.4,7
2025-07-26 06:30:00,1.1742,1.1743,1.1742,1.1743,3306.0,30
2025-07-26 06:32:00,1.1743,1.1743,1.1743,1.1743,3802.3,9
2025-07-26 06:34:00,1.1743,1.1744,1.1743,1.1743,11234.2,23
2025-07-26 06:36:00,1.1743,1.1744,1.1743,1.1743,15502.1,20
2025-07-26 06:38:00,1.1743,1.1743,1.1741,1.1743,12055.800000000001,20
2025-07-26 06:40:00,1.1742,1.1743,1.1741,1.1741,27294.5,68
2025-07-26 06:42:00,1.1741,1.1743,1.1741,1.1743,5037.8,15
2025-07-26 06:44:00,1.1742,1.1743,1.1742,1.1743,5207.9,21
2025-07-26 06:46:00,1.1743,1.1744,1.1742,1.1744,20532.8,31
2025-07-26 06:48:00,1.1742,1.1744,1.1742,1.1744,11481.199999999999,25
2025-07-26 06:50:00,1.1744,1.1744,1.1742,1.1742,10254.1,31
2025-07-26 06:52:00,1.1742,1.1743,1.1742,1.1743,7496.5,25
2025-07-26 06:54:00,1.1743,1.1744,1.1742,1.1744,7669.9,29
2025-07-26 06:56:00,1.1743,1.1744,1.1743,1.1744,3018.1,26
2025-07-26 06:58:00,1.1743,1.1744,1.1742,1.1743,7586.0,29
2025-07-26 07:00:00,1.1743,1.1744,1.1742,1.1744,1354.3,20
2025-07-26 07:02:00,1.1744,1.1744,1.1742,1.1743,4336.1,25
2025-07-26 07:04:00,1.1744,1.1744,1.1742,1.1742,3305.9,25
2025-07-26 07:06:00,1.1743,1.1744,1.1742,1.1743,2307.9,15
2025-07-26 07:08:00,1.1742,1.1743,1.1742,1.1743,5391.5,19
2025-07-26 07:10:00,1.1742,1.1743,1.1742,1.1742,5684.5,20
2025-07-26 07:12:00,1.1742,1.1743,1.1742,1.1742,8141.700000000001,14
2025-07-26 07:14:00,1.1742,1.1743,1.1742,1.1742,4536.7,12
2025-07-26 07:16:00,1.1743,1.1743,1.1742,1.1742,10952.6,30
2025-07-26 07:18:00,1.1743,1.1744,1.1742,1.1743,4815.3,24
2025-07-26 07:20:00,1.1743,1.1744,1.1742,1.1743,5203.700000000001,14
2025-07-26 07:22:00,1.1742,1.1743,1.1742,1.1743,10950.1,31
2025-07-26 07:24:00,1.1742,1.1743,1.1742,1.1743,5630.099999999999,23
2025-07-26 07:26:00,1.1742,1.1743,1.1742,1.1743,42713.3,17
2025-07-26 07:28:00,1.1742,1.1743,1.1742,1.1742,8257.5,18
2025-07-26 07:30:00,1.1743,1.1743,1.1742,1.1743,2015.2,15
2025-07-26 07:32:00,1.1743,1.1743,1.1742,1.1743,4046.8,21
2025-07-26 07:34:00,1.1742,1.1743,1.1742,1.1743,1863.4,14
2025-07-26 07:36:00,1.1743,1.1743,1.1743,1.1743,7383.2,5
2025-07-26 07:38:00,1.1742,1.1743,1.1741,1.1743,15273.2,20
2025-07-26 07:40:00,1.1742,1.1743,1.1742,1.1742,5853.8,27
2025-07-26 07:42:00,1.1743,1.1744,1.1743,1.1743,5194.7,24
2025-07-26 07:44:00,1.1742,1.1744,1.1742,1.1744,5300.9,27
2025-07-26 07:46:00,1.1744,1.1744,1.1743,1.1744,4578.8,27
2025-07-26 07:48:00,1.1744,1.1744,1.1743,1.1744,3717.0,6
2025-07-26 07:50:00,1.1744,1.1744,1.1744,1.1744,3142.1,9
2025-07-26 07:52:00,1.1743,1.1744,1.1743,1.1743,4390.8,22
2025-07-26 07:54:00,1.1743,1.1744,1.1742,1.1743,2376.8,12
2025-07-26 07:56:00,1.1743,1.1744,1.1743,1.1744,1254.7,10
2025-07-26 07:58:00,1.1744,1.1744,1.1742,1.1744,4150.2,13
2025-07-26 08:00:00,1.1743,1.1744,1.1742,1.1742,5887.7,18
2025-07-26 08:02:00,1.1742,1.1743,1.1742,1.1742,3588.2,20
2025-07-26 08:04:00,1.1742,1.1743,1.1742,1.1743,4086.5,17
2025-07-26 08:06:00,1.1743,1.1743,1.1743,1.1743,752.3000000000001,3
2025-07-26 08:08:00,1.1743,1.1743,1.1742,1.1743,2046.6,9
2025-07-26 08:10:00,1.1743,1.1743,1.1743,1.1743,1431.3,6
2025-07-26 08:12:00,1.1743,1.1743,1.1742,1.1743,4173.1,12
2025-07-26 08:14:00,1.1743,1.1743,1.1743,1.1743,2186.0,12
2025-07-26 08:16:00,1.1743,1.1743,1.1742,1.1743,2626.5,28
2025-07-26 08:18:00,1.1742,1.1745,1.1742,1.1744,12953.0,33
2025-07-26 08:20:00,1.1744,1.1745,1.1744,1.1745,5952.4,16
2025-07-26 08:22:00,1.1744,1.1745,1.1743,1.1744,3035.3,12
2025-07-26 08:24:00,1.1745,1.1745,1.1744,1.1744,12678.6,21
2025-07-26 08:26:00,1.1744,1.1745,1.1743,1.1744,4277.5,15
2025-07-26 08:28:00,1.1744,1.1744,1.1744,1.1744,2374.8,21
2025-07-26 08:30:00,1.1744,1.1745,1.1743,1.1744,22140.9,99
2025-07-26 08:32:00,1.1744,1.1745,1.1744,1.1745,1779.3,11
2025-07-26 08:34:00,1.1745,1.1745,1.1744,1.1744,7851.0,18
2025-07-26 08:36:00,1.1744,1.1744,1.1743,1.1744,3330.1,12
2025-07-26 08:38:00,1.1744,1.1744,1.1744,1.1744,7477.8,13
2025-07-26 08:40:00,1.1744,1.1744,1.1743,1.1744,3243.7999999999997,16
2025-07-26 08:42:00,1.1744,1.1744,1.1743,1.1743,3943.0,19
2025-07-26 08:44:00,1.1744,1.1744,1.1743,1.1744,5139.3,17
2025-07-26 08:46:00,1.1745,1.1745,1.1743,1.1744,15232.6,90
2025-07-26 08:48:00,1.1745,1.1745,1.1743,1.1744,14087.2,30
2025-07-26 08:50:00,1.1745,1.1746,1.1744,1.1744,23368.9,55
2025-07-26 08:52:00,1.1745,1.1745,1.1744,1.1744,5729.8,29
2025-07-26 08:54:00,1.1745,1.1745,1.1743,1.1744,18523.1,83
2025-07-26 08:56:00,1.1744,1.1744,1.1742,1.1743,15381.6,42
2025-07-26 08:58:00,1.1744,1.1744,1.1743,1.1744,5153.0,30
2025-07-26 09:00:00,1.1743,1.1744,1.1742,1.1744,62356.4,73
2025-07-26 09:02:00,1.1743,1.1745,1.1742,1.1742,59613.4,93
2025-07-26 09:04:00,1.1744,1.1744,1.1742,1.1744,17114.899999999998,46
2025-07-26 09:06:00,1.1743,1.1744,1.1742,1.1743,9340.2,31
2025-07-26 09:08:00,1.1742,1.1744,1.1742,1.1743,8445.2,20
2025-07-26 09:10:00,1.1743,1.1744,1.1742,1.1742,8099.799999999999,32
2025-07-26 09:12:00,1.1744,1.1744,1.1742,1.1742,5476.400000000001,20
2025-07-26 09:14:00,1.1742,1.1744,1.1742,1.1742,4637.2,18
2025-07-26 09:16:00,1.1742,1.1744,1.1741,1.1742,15861.7,36
2025-07-26 09:18:00,1.1743,1.1744,1.1742,1.1744,14626.2,45
2025-07-26 09:20:00,1.1742,1.1744,1.1742,1.1742,7302.7,41
2025-07-26 09:22:00,1.1743,1.1743,1.1741,1.1741,7432.099999999999,23
2025-07-26 09:24:00,1.1741,1.1743,1.1741,1.1741,15610.6,38
2025-07-26 09:26:00,1.1742,1.1743,1.1741,1.1742,5665.4,26
2025-07-26 09:28:00,1.1743,1.1744,1.1743,1.1743,2435.3,14
2025-07-26 09:30:00,1.1743,1.1743,1.1742,1.1743,2544.6,22
2025-07-26 09:32:00,1.1743,1.1743,1.1741,1.1743,3437.8,27
2025-07-26 09:34:00,1.1743,1.1743,1.1741,1.1741,11291.6,44
2025-07-26 09:36:00,1.1741,1.1742,1.1741,1.1741,2423.2000000000003,24
2025-07-26 09:38:00,1.1742,1.1742,1.1741,1.1741,6127.5,26
2025-07-26 09:40:00,1.1741,1.1742,1.1741,1.1741,11787.5,44
2025-07-26 09:42:00,1.1741,1.1742,1.1741,1.1742,6971.5,30
2025-07-26 09:44:00,1.1742,1.1743,1.1741,1.1743,4252.8,36
2025-07-26 09:46:00,1.1741,1.1742,1.174,1.1741,6867.5,27
2025-07-26 09:48:00,1.1742,1.1742,1.1741,1.1742,4273.8,33
2025-07-26 09:50:00,1.1742,1.1743,1.1741,1.1741,3854.6,29
2025-07-26 09:52:00,1.1741,1.1742,1.1741,1.1742,4272.0,13
2025-07-26 09:54:00,1.1741,1.1742,1.1741,1.1742,9409.3,55
2025-07-26 09:56:00,1.1741,1.1742,1.1741,1.1741,8723.0,42
2025-07-26 09:58:00,1.1741,1.1742,1.174,1.174,7708.0,30
2025-07-26 10:00:00,1.1742,1.1742,1.174,1.174,4473.8,28
2025-07-26 10:02:00,1.174,1.1742,1.174,1.1741,8561.3,28
2025-07-26 10:04:00,1.1741,1.1742,1.174,1.1742,10064.6,29
2025-07-26 10:06:00,1.1742,1.1742,1.1739,1.1742,99052.0,89
2025-07-26 10:08:00,1.174,1.1742,1.174,1.174,18602.3,59
2025-07-26 10:10:00,1.1742,1.1742,1.174,1.1741,7987.1,31
2025-07-26 10:12:00,1.174,1.1741,1.174,1.1741,10088.2,33
2025-07-26 10:14:00,1.1741,1.1743,1.1741,1.1743,12798.7,37
2025-07-26 10:16:00,1.1743,1.1744,1.1742,1.1743,14811.3,36
2025-07-26 10:18:00,1.1743,1.1744,1.1743,1.1743,11835.0,22
2025-07-26 10:20:00,1.1744,1.1745,1.1743,1.1744,8854.9,31
2025-07-26 10:22:00,1.1743,1.1744,1.1743,1.1744,4791.4,24
2025-07-26 10:24:00,1.1743,1.1744,1.1743,1.1744,12696.9,53
2025-07-26 10:26:00,1.1744,1.1745,1.1743,1.1744,4131.6,40
2025-07-26 10:28:00,1.1743,1.1745,1.1743,1.1745,17044.4,44
2025-07-26 10:30:00,1.1745,1.1745,1.1743,1.1744,8185.0,26
2025-07-26 10:32:00,1.1744,1.1746,1.1743,1.1744,99625.2,75
2025-07-26 10:34:00,1.1745,1.1745,1.1743,1.1743,7032.0,23
2025-07-26 10:36:00,1.1744,1.1744,1.1741,1.1742,24506.7,100
2025-07-26 10:38:00,1.1742,1.1745,1.1742,1.1743,9023.3,32
2025-07-26 10:40:00,1.1743,1.1745,1.1743,1.1743,15706.8,34
2025-07-26 10:42:00,1.1745,1.1746,1.1743,1.1745,30970.0,56
2025-07-26 10:44:00,1.1743,1.1745,1.1743,1.1743,25828.9,65
2025-07-26 10:46:00,1.1743,1.1744,1.1743,1.1743,9484.4,43
2025-07-26 10:48:00,1.1744,1.1745,1.1742,1.1742,28638.3,47
2025-07-26 10:50:00,1.1742,1.1743,1.1741,1.1741,15741.7,42
2025-07-26 10:52:00,1.1741,1.1742,1.1741,1.1741,3373.6,22
2025-07-26 10:54:00,1.1742,1.1743,1.1741,1.1741,16578.3,37
2025-07-26 10:56:00,1.1741,1.1744,1.1741,1.1743,18009.2,37
2025-07-26 10:58:00,1.1743,1.1744,1.1741,1.1743,11377.5,38
2025-07-26 11:00:00,1.1743,1.1744,1.1742,1.1743,8919.6,44
2025-07-26 11:02:00,1.1742,1.1743,1.174,1.1742,11870.1,33
2025-07-26 11:04:00,1.174,1.1742,1.174,1.1742,11593.6,34
2025-07-26 11:06:00,1.1742,1.1742,1.174,1.1741,4877.1,29
2025-07-26 11:08:00,1.1742,1.1743,1.174,1.174,14788.4,49
2025-07-26 11:10:00,1.174,1.1741,1.1739,1.1739,14938.699999999999,31
2025-07-26 11:12:00,1.1741,1.1741,1.1739,1.174,9385.1,16
2025-07-26 11:14:00,1.174,1.174,1.1739,1.174,9325.2,31
2025-07-26 11:16:00,1.174,1.1741,1.1739,1.1739,5478.0,30
2025-07-26 11:18:00,1.1739,1.1742,1.1739,1.174,6824.1,37
2025-07-26 11:20:00,1.1742,1.1742,1.1739,1.174,38115.6,146
2025-07-26 11:22:00,1.174,1.1741,1.1739,1.174,67093.5,105
2025-07-26 11:24:00,1.1739,1.174,1.1738,1.1739,116704.3,134
2025-07-26 11:26:00,1.1738,1.1738,1.1737,1.1738,9651.7,37
2025-07-26 11:28:00,1.1738,1.1738,1.1737,1.1737,14076.4,35
2025-07-26 11:30:00,1.1737,1.1739,1.1736,1.1738,48610.0,113
2025-07-26 11:32:00,1.1738,1.1739,1.1737,1.1738,9278.8,20
2025-07-26 11:34:00,1.1738,1.1742,1.1738,1.1742,10202.7,37
2025-07-26 11:36:00,1.174,1.1741,1.1739,1.1739,4912.5,21
2025-07-26 11:38:00,1.1739,1.174,1.1739,1.1739,5845.7,21
2025-07-26 11:40:00,1.1739,1.174,1.1739,1.174,11654.9,29
2025-07-26 11:42:00,1.1739,1.174,1.1738,1.1739,9393.9,37
2025-07-26 11:44:00,1.174,1.174,1.1738,1.1739,6925.099999999999,28
2025-07-26 11:46:00,1.1738,1.174,1.1738,1.1739,8798.1,33
2025-07-26 11:48:00,1.1739,1.174,1.1737,1.1739,36822.7,63
2025-07-26 11:50:00,1.1739,1.174,1.1737,1.174,6159.9,21
2025-07-26 11:52:00,1.1739,1.174,1.1738,1.1739,3297.7999999999997,28
2025-07-26 11:54:00,1.1739,1.174,1.1739,1.1739,3211.1000000000004,19
2025-07-26 11:56:00,1.1739,1.174,1.1739,1.174,5317.0,25
2025-07-26 11:58:00,1.1739,1.174,1.1739,1.1739,2564.9,19
2025-07-26 12:00:00,1.1739,1.174,1.1738,1.1739,11633.0,36
2025-07-26 12:02:00,1.174,1.174,1.1738,1.174,7492.0,38
2025-07-26 12:04:00,1.174,1.1741,1.1739,1.1739,12566.8,32
2025-07-26 12:06:00,1.1741,1.1741,1.1738,1.174,12316.4,42
2025-07-26 12:08:00,1.1739,1.1741,1.1738,1.1739,24756.6,67
2025-07-26 12:10:00,1.1738,1.1739,1.1737,1.1737,18414.2,47
2025-07-26 12:12:00,1.1737,1.1739,1.1737,1.1738,5280.7,46
2025-07-26 12:14:00,1.1738,1.174,1.1738,1.1739,7970.6,29
2025-07-26 12:16:00,1.174,1.174,1.1739,1.1739,5949.0,32
2025-07-26 12:18:00,1.1739,1.1741,1.1738,1.1739,14175.7,35
2025-07-26 12:20:00,1.1739,1.174,1.1738,1.1739,9443.0,35
2025-07-26 12:22:00,1.1738,1.1741,1.1738,1.174,14576.6,57
2025-07-26 12:24:00,1.174,1.1741,1.1739,1.1741,15393.1,39
2025-07-26 12:26:00,1.1741,1.1741,1.1739,1.1739,13000.0,43
2025-07-26 12:28:00,1.1741,1.1741,1.1739,1.1739,4558.4,18
2025-07-26 12:30:00,1.1739,1.1741,1.1739,1.1739,3163.1,21
2025-07-26 12:32:00,1.1739,1.1741,1.1739,1.174,9361.1,30
2025-07-26 12:34:00,1.174,1.1741,1.1739,1.174,11860.5,36
2025-07-26 12:36:00,1.1739,1.1741,1.1739,1.174,7779.4,18
2025-07-26 12:38:00,1.1741,1.1741,1.174,1.1741,4201.3,32
2025-07-26 12:40:00,1.174,1.1741,1.174,1.174,13991.0,41
2025-07-26 12:42:00,1.174,1.1741,1.1739,1.1739,16842.399999999998,45
2025-07-26 12:44:00,1.1741,1.1741,1.1739,1.1739,51354.6,49
2025-07-26 12:46:00,1.1741,1.1741,1.1739,1.174,5081.5,16
2025-07-26 12:48:00,1.174,1.1741,1.174,1.1741,9780.2,46
2025-07-26 12:50:00,1.1741,1.1741,1.1739,1.1739,28303.7,102
2025-07-26 12:52:00,1.1739,1.174,1.1739,1.1739,5537.5,28
2025-07-26 12:54:00,1.1739,1.174,1.1739,1.174,7503.9,45
2025-07-26 12:56:00,1.1739,1.1741,1.1738,1.1739,23043.7,62
2025-07-26 12:58:00,1.1739,1.1741,1.1738,1.174,18320.3,45
2025-07-26 13:00:00,1.1741,1.1741,1.174,1.174,3630.9,32
2025-07-26 13:02:00,1.1741,1.1741,1.1739,1.1741,20569.4,51
2025-07-26 13:04:00,1.174,1.1741,1.174,1.174,3499.4,30
2025-07-26 13:06:00,1.1741,1.1742,1.174,1.1742,8933.6,36
2025-07-26 13:08:00,1.1742,1.1742,1.1739,1.1741,12359.8,42
2025-07-26 13:10:00,1.1741,1.1741,1.174,1.174,7930.9,43
2025-07-26 13:12:00,1.174,1.1742,1.174,1.174,4160.7,27
2025-07-26 13:14:00,1.1741,1.1741,1.1739,1.1741,9136.5,42
2025-07-26 13:16:00,1.1741,1.1741,1.1739,1.174,10899.0,32
2025-07-26 13:18:00,1.1739,1.1741,1.1739,1.174,4703.4,33
2025-07-26 13:20:00,1.1739,1.1741,1.1739,1.1739,2430.8,27
2025-07-26 13:22:00,1.1741,1.1741,1.1738,1.174,14686.2,35
2025-07-26 13:24:00,1.174,1.1742,1.1739,1.174,6548.0,39
2025-07-26 13:26:00,1.1742,1.1742,1.174,1.1742,7341.4,42
2025-07-26 13:28:00,1.174,1.1742,1.174,1.1742,8049.2,35
2025-07-26 13:30:00,1.174,1.1742,1.174,1.174,7340.9,53
2025-07-26 13:32:00,1.1741,1.1742,1.174,1.1741,9643.1,45
2025-07-26 13:34:00,1.1742,1.1742,1.174,1.1742,10396.3,40
2025-07-26 13:36:00,1.1742,1.1742,1.174,1.1741,6857.0,35
2025-07-26 13:38:00,1.174,1.1742,1.174,1.1741,8719.0,29
2025-07-26 13:40:00,1.1741,1.1742,1.174,1.1741,8576.4,34
2025-07-26 13:42:00,1.1741,1.1741,1.174,1.174,4841.6,35
2025-07-26 13:44:00,1.174,1.1741,1.1739,1.1739,16029.800000000001,45
2025-07-26 13:46:00,1.174,1.174,1.1739,1.174,15761.4,53
2025-07-26 13:48:00,1.1739,1.174,1.1739,1.174,3709.8,38
2025-07-26 13:50:00,1.174,1.174,1.1738,1.1739,10535.1,47
2025-07-26 13:52:00,1.1739,1.1741,1.1739,1.1741,6979.8,42
2025-07-26 13:54:00,1.1742,1.1742,1.174,1.174,3583.2,38
2025-07-26 13:56:00,1.174,1.1743,1.174,1.1741,9454.2,30
2025-07-26 13:58:00,1.1741,1.1742,1.174,1.1742,13226.6,38
2025-07-26 14:00:00,1.1741,1.1743,1.174,1.1742,22209.6,39
2025-07-26 14:02:00,1.1742,1.1742,1.174,1.1741,5590.7,31
2025-07-26 14:04:00,1.1741,1.1741,1.1739,1.174,15479.9,35
2025-07-26 14:06:00,1.174,1.1741,1.1738,1.1739,12330.8,38
2025-07-26 14:08:00,1.174,1.1741,1.1739,1.1741,3570.3,24
2025-07-26 14:10:00,1.1739,1.1741,1.1739,1.174,8945.1,45
2025-07-26 14:12:00,1.174,1.1741,1.1739,1.1739,14119.1,57
2025-07-26 14:14:00,1.1739,1.1741,1.1738,1.1738,25729.6,55
2025-07-26 14:16:00,1.1739,1.174,1.1738,1.174,24057.7,62
2025-07-26 14:18:00,1.174,1.174,1.1738,1.174,30492.899999999998,30
2025-07-26 14:20:00,1.174,1.174,1.1738,1.1738,6536.1,39
2025-07-26 14:22:00,1.1738,1.174,1.1738,1.1739,14144.4,58
2025-07-26 14:24:00,1.1739,1.174,1.1738,1.174,16673.2,39
2025-07-26 14:26:00,1.174,1.174,1.1737,1.1737,29546.600000000002,67
2025-07-26 14:28:00,1.1737,1.1739,1.1737,1.1737,25948.6,79
2025-07-26 14:30:00,1.1738,1.1739,1.1737,1.1738,15727.7,46
2025-07-26 14:32:00,1.1739,1.174,1.1737,1.1737,15936.1,47
2025-07-26 14:34:00,1.1739,1.174,1.1738,1.1738,6002.2,38
2025-07-26 14:36:00,1.1738,1.1739,1.1738,1.1739,11745.3,43
2025-07-26 14:38:00,1.1738,1.1739,1.1738,1.1738,8748.4,41
2025-07-26 14:40:00,1.1738,1.1739,1.1738,1.1739,4786.0,31
2025-07-26 14:42:00,1.1738,1.1739,1.1737,1.1738,10304.6,30
2025-07-26 14:44:00,1.1739,1.1739,1.1737,1.1737,7607.0,38
2025-07-26 14:46:00,1.1739,1.1739,1.1737,1.1737,5605.2,30
2025-07-26 14:48:00,1.1739,1.174,1.1737,1.174,20761.2,36
2025-07-26 14:50:00,1.174,1.174,1.1738,1.1738,4132.9,26
2025-07-26 14:52:00,1.174,1.174,1.1738,1.174,6070.2,37
2025-07-26 14:54:00,1.174,1.1741,1.1738,1.1739,19358.7,71
2025-07-26 14:56:00,1.1739,1.174,1.1738,1.1738,16595.8,40
2025-07-26 14:58:00,1.1738,1.1741,1.1738,1.174,15411.699999999999,33
2025-07-26 15:00:00,1.174,1.174,1.1738,1.1739,5868.2,31
2025-07-26 15:02:00,1.1739,1.174,1.1739,1.1739,2410.7,32
2025-07-26 15:04:00,1.1739,1.1741,1.1738,1.1739,21121.7,57
2025-07-26 15:06:00,1.174,1.174,1.1739,1.1739,6772.5,32
2025-07-26 15:08:00,1.174,1.174,1.1739,1.174,7491.0,27
2025-07-26 15:10:00,1.174,1.174,1.1739,1.174,6712.8,70
2025-07-26 15:12:00,1.174,1.1741,1.1739,1.1741,23964.9,53
2025-07-26 15:14:00,1.174,1.1741,1.1739,1.1741,10353.4,62
2025-07-26 15:16:00,1.174,1.1741,1.1739,1.174,19062.1,56
2025-07-26 15:18:00,1.174,1.1741,1.1739,1.1739,5772.3,33
2025-07-26 15:20:00,1.174,1.1741,1.1739,1.1741,7810.0,55
2025-07-26 15:22:00,1.1739,1.1742,1.1739,1.1741,11720.8,41
2025-07-26 15:24:00,1.174,1.1741,1.1739,1.1739,25045.9,56
2025-07-26 15:26:00,1.174,1.1741,1.1739,1.1739,10367.699999999999,30
2025-07-26 15:28:00,1.1739,1.1742,1.1739,1.174,13463.5,35
2025-07-26 15:30:00,1.1741,1.1741,1.1739,1.1739,4631.0,31
2025-07-26 15:32:00,1.174,1.1741,1.1738,1.1738,3745.2999999999997,35
2025-07-26 15:34:00,1.1739,1.1739,1.1738,1.1738,3144.7,33
2025-07-26 15:36:00,1.1739,1.174,1.1738,1.1738,16819.2,32
2025-07-26 15:38:00,1.1738,1.1741,1.1738,1.1741,7949.1,31
2025-07-26 15:40:00,1.1741,1.1742,1.174,1.1741,7706.7,34
2025-07-26 15:42:00,1.1741,1.1743,1.1741,1.1741,11076.1,40
2025-07-26 15:44:00,1.1741,1.1742,1.1739,1.174,16850.9,71
2025-07-26 15:46:00,1.1739,1.1741,1.1739,1.1741,7406.4,40
2025-07-26 15:48:00,1.1741,1.1741,1.1739,1.1739,12732.5,38
2025-07-26 15:50:00,1.174,1.1741,1.1738,1.174,21070.2,75
2025-07-26 15:52:00,1.1741,1.1741,1.1739,1.174,14107.800000000001,46
2025-07-26 15:54:00,1.174,1.1741,1.1739,1.1741,5824.3,40
2025-07-26 15:56:00,1.174,1.1741,1.1739,1.174,7983.3,41
2025-07-26 15:58:00,1.1739,1.1742,1.1739,1.174,8721.3,38
2025-07-26 16:00:00,1.1741,1.1742,1.174,1.174,27737.6,72
2025-07-26 16:02:00,1.1742,1.1743,1.174,1.1741,14702.6,41
2025-07-26 16:04:00,1.1743,1.1743,1.1741,1.1741,9949.7,39
2025-07-26 16:06:00,1.1741,1.1743,1.1741,1.1742,12862.8,41
2025-07-26 16:08:00,1.1742,1.1743,1.1741,1.1743,10925.7,32
2025-07-26 16:10:00,1.1742,1.1743,1.1742,1.1743,10117.300000000001,37
2025-07-26 16:12:00,1.1742,1.1743,1.1742,1.1743,4906.8,22
2025-07-26 16:14:00,1.1742,1.1743,1.1742,1.1743,10382.1,40
2025-07-26 16:16:00,1.1743,1.1744,1.1742,1.1744,9437.7,39
2025-07-26 16:18:00,1.1743,1.1744,1.1742,1.1743,16111.699999999999,58
2025-07-26 16:20:00,1.1743,1.1744,1.1742,1.1744,26287.2,56
2025-07-26 16:22:00,1.1743,1.1744,1.1742,1.1742,9952.300000000001,32
2025-07-26 16:24:00,1.1744,1.1744,1.1742,1.1744,4158.5,28
2025-07-26 16:26:00,1.1742,1.1744,1.1742,1.1742,7047.9,31
2025-07-26 16:28:00,1.1743,1.1744,1.1742,1.1742,17776.2,47
2025-07-26 16:30:00,1.1744,1.1744,1.1742,1.1742,17837.5,49
2025-07-26 16:32:00,1.1742,1.1744,1.1742,1.1742,16019.1,44
2025-07-26 16:34:00,1.1742,1.1744,1.1742,1.1742,18000.2,32
2025-07-26 16:36:00,1.1743,1.1743,1.1741,1.1743,8640.0,27
2025-07-26 16:38:00,1.1743,1.1743,1.1741,1.1742,3232.1,22
2025-07-26 16:40:00,1.1741,1.1743,1.1741,1.1743,6332.0,35
2025-07-26 16:42:00,1.1741,1.1743,1.1741,1.1741,3535.8,17
2025-07-26 16:44:00,1.1741,1.1742,1.1741,1.1741,4069.4,26
2025-07-26 16:46:00,1.1741,1.1741,1.1741,1.1741,3403.2000000000003,25
2025-07-26 16:48:00,1.174,1.1741,1.174,1.174,1181.5,13
2025-07-26 16:50:00,1.174,1.1742,1.174,1.1741,2319.7,19
2025-07-26 16:52:00,1.1741,1.1743,1.1741,1.1741,3195.7,20
2025-07-26 16:54:00,1.1741,1.1743,1.1741,1.1741,3743.9,21
2025-07-26 16:56:00,1.1741,1.1741,1.1741,1.1741,1422.0,16
2025-07-26 16:58:00,1.1741,1.1742,1.1741,1.1741,6955.0,21
2025-07-26 17:00:00,1.1741,1.1741,1.1741,1.1741,5122.5,24
2025-07-26 17:02:00,1.1741,1.1741,1.1741,1.1741,8697.1,27
2025-07-26 17:04:00,1.1741,1.1741,1.1741,1.1741,3494.1,23
2025-07-26 17:06:00,1.1741,1.1742,1.1741,1.1741,6082.6,28
2025-07-26 17:08:00,1.1741,1.1743,1.1741,1.1743,9145.0,30
2025-07-26 17:10:00,1.1741,1.1742,1.1741,1.1741,7841.2,25
2025-07-26 17:12:00,1.1741,1.1743,1.1741,1.1741,8375.6,42
2025-07-26 17:14:00,1.1741,1.1743,1.1741,1.1742,9025.8,28
2025-07-26 17:16:00,1.1743,1.1743,1.1742,1.1743,5235.1,29
2025-07-26 17:18:00,1.1743,1.1743,1.1742,1.1742,4021.3,21
2025-07-26 17:20:00,1.1742,1.1743,1.1742,1.1743,4429.5,23
2025-07-26 17:22:00,1.1742,1.1744,1.1742,1.1743,4145.0,39
2025-07-26 17:24:00,1.1743,1.1743,1.1742,1.1743,2286.3,17
2025-07-26 17:26:00,1.1743,1.1744,1.1742,1.1744,6439.900000000001,21
2025-07-26 17:28:00,1.1744,1.1744,1.1742,1.1744,11274.4,26
2025-07-26 17:30:00,1.1743,1.1744,1.1742,1.1742,9925.6,28
2025-07-26 17:32:00,1.1744,1.1744,1.1742,1.1743,9237.3,35
2025-07-26 17:34:00,1.1742,1.1743,1.1742,1.1743,3623.5,32
2025-07-26 17:36:00,1.1742,1.1743,1.1741,1.1743,8463.8,26
2025-07-26 17:38:00,1.1743,1.1743,1.1741,1.1741,10313.2,45
2025-07-26 17:40:00,1.1743,1.1743,1.1741,1.1742,5193.2,34
2025-07-26 17:42:00,1.1742,1.1743,1.1741,1.1743,11536.5,31
2025-07-26 17:44:00,1.1743,1.1744,1.1742,1.1742,8312.2,36
2025-07-26 17:46:00,1.1743,1.1743,1.1742,1.1743,8996.1,39
2025-07-26 17:48:00,1.1743,1.1744,1.1742,1.1744,4204.4,30
2025-07-26 17:50:00,1.1742,1.1744,1.1742,1.1744,5876.0,22
2025-07-26 17:52:00,1.1744,1.1744,1.1741,1.1743,2130.5,18
2025-07-26 17:54:00,1.1741,1.1743,1.1741,1.1741,3288.9,30
2025-07-26 17:56:00,1.1741,1.1743,1.1741,1.1742,6574.4,27
2025-07-26 17:58:00,1.1742,1.1743,1.1741,1.1743,6554.9,37
2025-07-26 18:00:00,1.1743,1.1743,1.1741,1.1743,15791.9,39
2025-07-26 18:02:00,1.1743,1.1743,1.1742,1.1742,1403.8,18
2025-07-26 18:04:00,1.1742,1.1743,1.1741,1.1742,7306.3,25
2025-07-26 18:06:00,1.1742,1.1743,1.1741,1.1742,4978.2,18
2025-07-26 18:08:00,1.1742,1.1743,1.1741,1.1743,5763.0,23
2025-07-26 18:10:00,1.1743,1.1743,1.1741,1.1741,5977.099999999999,36
2025-07-26 18:12:00,1.1741,1.1743,1.1741,1.1742,5060.2,28
2025-07-26 18:14:00,1.1741,1.1743,1.1741,1.1743,8663.9,37
2025-07-26 18:16:00,1.1742,1.1743,1.174,1.1741,31713.0,62
2025-07-26 18:18:00,1.1742,1.1742,1.174,1.1742,5712.5,23
2025-07-26 18:20:00,1.1742,1.1742,1.174,1.1742,8279.7,23
2025-07-26 18:22:00,1.1741,1.1742,1.174,1.174,2277.9,16
2025-07-26 18:24:00,1.174,1.1742,1.174,1.1742,2390.2,23
2025-07-26 18:26:00,1.1741,1.1743,1.1741,1.1743,8484.2,31
2025-07-26 18:28:00,1.1743,1.1743,1.1742,1.1742,5183.6,23
2025-07-26 18:30:00,1.1742,1.1743,1.1742,1.1743,3233.7,27
2025-07-26 18:32:00,1.1742,1.1743,1.1741,1.1743,11278.3,55
2025-07-26 18:34:00,1.1742,1.1744,1.1741,1.1743,13769.2,39
2025-07-26 18:36:00,1.1742,1.1744,1.1742,1.1743,25986.0,76
2025-07-26 18:38:00,1.1743,1.1744,1.1742,1.1744,5448.8,25
2025-07-26 18:40:00,1.1744,1.1744,1.1742,1.1743,8478.8,36
2025-07-26 18:42:00,1.1744,1.1744,1.1743,1.1744,13572.9,46
2025-07-26 18:44:00,1.1743,1.1744,1.1743,1.1744,9487.1,32
2025-07-26 18:46:00,1.1744,1.1744,1.1742,1.1744,14672.5,40
2025-07-26 18:48:00,1.1743,1.1745,1.1743,1.1743,17477.9,55
2025-07-26 18:50:00,1.1744,1.1744,1.1742,1.1742,15332.300000000001,37
2025-07-26 18:52:00,1.1743,1.1744,1.1742,1.1744,3097.2,20
2025-07-26 18:54:00,1.1743,1.1744,1.1742,1.1744,4459.3,40
2025-07-26 18:56:00,1.1744,1.1744,1.1743,1.1744,3496.8,24
2025-07-26 18:58:00,1.1744,1.1744,1.1743,1.1744,6848.2,29
2025-07-26 19:00:00,1.1743,1.1745,1.1743,1.1744,8593.8,43
2025-07-26 19:02:00,1.1743,1.1744,1.1742,1.1743,6350.2,66
2025-07-26 19:04:00,1.1743,1.1744,1.1743,1.1744,13563.5,40
2025-07-26 19:06:00,1.1743,1.1745,1.1743,1.1745,6956.0,18
2025-07-26 19:08:00,1.1745,1.1745,1.1744,1.1744,2493.4,16
2025-07-26 19:10:00,1.1744,1.1745,1.1743,1.1744,3372.1,21
2025-07-26 19:12:00,1.1745,1.1745,1.1744,1.1744,1649.6,12
2025-07-26 19:14:00,1.1744,1.1744,1.1743,1.1744,1750.7,16
2025-07-26 19:16:00,1.1744,1.1745,1.1743,1.1744,1476.4999999999998,11
2025-07-26 19:18:00,1.1742,1.1744,1.1742,1.1744,8259.2,23
2025-07-26 19:20:00,1.1744,1.1744,1.1742,1.1744,5142.6,22
2025-07-26 19:22:00,1.1744,1.1744,1.1742,1.1743,3837.7,22
2025-07-26 19:24:00,1.1743,1.1744,1.1742,1.1744,6952.8,13
2025-07-26 19:26:00,1.1744,1.1744,1.1743,1.1743,1918.7,11
2025-07-26 19:28:00,1.1743,1.1744,1.1743,1.1744,1239.8,9
2025-07-26 19:30:00,1.1744,1.1744,1.1743,1.1744,3643.2000000000003,19
2025-07-26 19:32:00,1.1744,1.1744,1.1742,1.1744,9746.1,34
2025-07-26 19:34:00,1.1743,1.1744,1.1743,1.1744,1307.1,12
2025-07-26 19:36:00,1.1744,1.1744,1.1743,1.1743,5329.6,24
2025-07-26 19:38:00,1.1744,1.1744,1.1743,1.1743,2282.1,12
2025-07-26 19:40:00,1.1743,1.1744,1.1743,1.1743,9641.4,52
2025-07-26 19:42:00,1.1743,1.1743,1.1742,1.1743,2674.5,16
2025-07-26 19:44:00,1.1744,1.1744,1.1743,1.1743,3440.1,19
2025-07-26 19:46:00,1.1742,1.1744,1.1742,1.1743,11438.6,38
2025-07-26 19:48:00,1.1743,1.1744,1.1742,1.1744,15683.6,88
2025-07-26 19:50:00,1.1744,1.1744,1.1743,1.1744,2763.9,17
2025-07-26 19:52:00,1.1744,1.1744,1.1743,1.1744,2891.9,20
2025-07-26 19:54:00,1.1743,1.1745,1.1743,1.1745,2573.1,12
2025-07-26 19:56:00,1.1745,1.1746,1.1745,1.1746,10887.1,14
2025-07-26 19:58:00,1.1746,1.1746,1.1744,1.1746,6787.9,25
2025-07-26 20:00:00,1.1745,1.1746,1.1744,1.1745,7412.9,32
2025-07-26 20:02:00,1.1745,1.1746,1.1744,1.1744,2643.5,17
2025-07-26 20:04:00,1.1745,1.1746,1.1744,1.1746,3565.6,21
2025-07-26 20:06:00,1.1746,1.1747,1.1745,1.1746,4632.5,21
2025-07-26 20:08:00,1.1746,1.1746,1.1745,1.1746,4381.8,18
2025-07-26 20:10:00,1.1746,1.1746,1.1745,1.1746,3046.8,20
2025-07-26 20:12:00,1.1745,1.1745,1.1745,1.1745,1409.5,17
2025-07-26 20:14:00,1.1745,1.1746,1.1744,1.1745,1402.0,23
2025-07-26 20:16:00,1.1745,1.1746,1.1744,1.1744,4612.7,22
2025-07-26 20:18:00,1.1745,1.1745,1.1744,1.1745,1307.1,17
2025-07-26 20:20:00,1.1745,1.1745,1.1744,1.1745,3901.1,8
2025-07-26 20:22:00,1.1745,1.1745,1.1744,1.1744,5581.6,11
2025-07-26 20:24:00,1.1745,1.1745,1.1744,1.1744,6447.9,19
2025-07-26 20:26:00,1.1744,1.1745,1.1743,1.1744,7534.9,27
2025-07-26 20:28:00,1.1743,1.1745,1.1743,1.1744,2086.4,18
2025-07-26 20:30:00,1.1744,1.1746,1.1743,1.1744,15433.1,31
2025-07-26 20:32:00,1.1745,1.1745,1.1744,1.1744,5027.0,26
2025-07-26 20:34:00,1.1745,1.1746,1.1744,1.1745,5229.1,26
2025-07-26 20:36:00,1.1745,1.1746,1.1745,1.1746,1930.6,26
2025-07-26 20:38:00,1.1746,1.1746,1.1744,1.1746,6354.2,19
2025-07-26 20:40:00,1.1745,1.1746,1.1744,1.1745,4430.5,22
2025-07-26 20:42:00,1.1745,1.1746,1.1745,1.1746,5124.7,15
2025-07-26 20:44:00,1.1746,1.1746,1.1744,1.1746,5174.900000000001,29
2025-07-26 20:46:00,1.1746,1.1746,1.1744,1.1744,1831.3,24
2025-07-26 20:48:00,1.1744,1.1745,1.1744,1.1745,3912.0,18
2025-07-26 20:50:00,1.1744,1.1746,1.1744,1.1746,901.9,17
2025-07-26 20:52:00,1.1745,1.1745,1.1744,1.1744,5419.0,23
2025-07-26 20:54:00,1.1744,1.1745,1.1743,1.1745,8416.2,29
2025-07-26 20:56:00,1.1745,1.1745,1.1742,1.1743,5019.2,20
2025-07-26 20:58:00,1.1743,1.1745,1.1743,1.1744,13096.1,43
2025-07-26 21:00:00,1.1744,1.1745,1.1743,1.1745,8848.1,29
2025-07-26 21:02:00,1.1744,1.1745,1.1743,1.1745,9483.9,18
2025-07-26 21:04:00,1.1745,1.1745,1.1744,1.1745,1781.7,23
2025-07-26 21:06:00,1.1745,1.1745,1.1744,1.1745,2267.1,7
2025-07-26 21:08:00,1.1745,1.1745,1.1743,1.1745,4000.7,15
2025-07-26 21:10:00,1.1745,1.1745,1.1745,1.1745,1365.2,16
2025-07-26 21:12:00,1.1745,1.1746,1.1745,1.1745,2362.5,9
2025-07-26 21:14:00,1.1745,1.1746,1.1744,1.1746,9202.1,24
2025-07-26 21:16:00,1.1745,1.1746,1.1744,1.1746,10900.8,48
2025-07-26 21:18:00,1.1746,1.1747,1.1744,1.1746,29574.9,63
2025-07-26 21:20:00,1.1745,1.1746,1.1745,1.1745,3964.3,25
2025-07-26 21:22:00,1.1746,1.1746,1.1744,1.1745,6682.2,32
2025-07-26 21:24:00,1.1744,1.1746,1.1744,1.1744,4768.1,28
2025-07-26 21:26:00,1.1745,1.1745,1.1744,1.1745,3781.5,22
2025-07-26 21:28:00,1.1745,1.1745,1.1743,1.1743,3971.9,19
2025-07-26 21:30:00,1.1744,1.1746,1.1743,1.1745,11009.7,40
2025-07-26 21:32:00,1.1744,1.1745,1.1744,1.1745,3755.2000000000003,26
2025-07-26 21:34:00,1.1745,1.1745,1.1744,1.1744,6322.8,27
2025-07-26 21:36:00,1.1745,1.1746,1.1744,1.1745,3723.4,20
2025-07-26 21:38:00,1.1745,1.1746,1.1744,1.1744,3291.7,12
2025-07-26 21:40:00,1.1745,1.1746,1.1744,1.1745,1711.8999999999999,23
2025-07-26 21:42:00,1.1745,1.1746,1.1744,1.1745,14349.2,40
2025-07-26 21:44:00,1.1745,1.1746,1.1745,1.1746,5406.0,29
2025-07-26 21:46:00,1.1745,1.1746,1.1744,1.1745,2838.5,26
2025-07-26 21:48:00,1.1745,1.1746,1.1745,1.1746,2466.6,19
2025-07-26 21:50:00,1.1745,1.1746,1.1745,1.1745,6037.1,37
2025-07-26 21:52:00,1.1745,1.1746,1.1745,1.1746,3821.0,25
2025-07-26 21:54:00,1.1746,1.1746,1.1744,1.1744,3830.6000000000004,21
2025-07-26 21:56:00,1.1745,1.1746,1.1744,1.1745,8712.2,22
2025-07-26 21:58:00,1.1745,1.1746,1.1744,1.1744,7577.1,28
2025-07-26 22:00:00,1.1745,1.1746,1.1744,1.1746,17630.5,53
2025-07-26 22:02:00,1.1745,1.1746,1.1744,1.1745,38066.0,47
2025-07-26 22:04:00,1.1746,1.1746,1.1745,1.1746,48660.3,66
2025-07-26 22:06:00,1.1746,1.1746,1.1745,1.1746,5251.6,19
2025-07-26 22:08:00,1.1746,1.1746,1.1744,1.1746,23536.8,36
2025-07-26 22:10:00,1.1745,1.1746,1.1745,1.1746,2161.7999999999997,10
2025-07-26 22:12:00,1.1746,1.1746,1.1744,1.1745,8202.6,18
2025-07-26 22:14:00,1.1745,1.1746,1.1744,1.1745,6635.400000000001,26
2025-07-26 22:16:00,1.1746,1.1746,1.1745,1.1746,830.5,8
2025-07-26 22:18:00,1.1746,1.1746,1.1745,1.1746,12433.0,39
2025-07-26 22:20:00,1.1745,1.1746,1.1745,1.1746,7979.2,34
2025-07-26 22:22:00,1.1745,1.1747,1.1745,1.1746,9590.4,32
2025-07-26 22:24:00,1.1746,1.1748,1.1745,1.1746,31572.1,90
2025-07-26 22:26:00,1.1746,1.1747,1.1745,1.1745,11862.199999999999,32
2025-07-26 22:28:00,1.1746,1.1746,1.1745,1.1745,9674.9,31
2025-07-26 22:30:00,1.1745,1.1746,1.1744,1.1744,42814.0,85
2025-07-26 22:32:00,1.1744,1.1746,1.1744,1.1745,5963.700000000001,28
2025-07-26 22:34:00,1.1745,1.1746,1.1744,1.1746,10410.2,28
2025-07-26 22:36:00,1.1745,1.1746,1.1745,1.1746,4988.5,29
2025-07-26 22:38:00,1.1745,1.1746,1.1745,1.1746,4948.9,12
2025-07-26 22:40:00,1.1746,1.1746,1.1745,1.1746,12273.8,35
2025-07-26 22:42:00,1.1746,1.1746,1.1744,1.1744,4561.900000000001,17
2025-07-26 22:44:00,1.1744,1.1746,1.1744,1.1746,5341.0,20
2025-07-26 22:46:00,1.1744,1.1746,1.1744,1.1745,4124.0,15
2025-07-26 22:48:00,1.1747,1.1747,1.1744,1.1746,3272.5,22
2025-07-26 22:50:00,1.1744,1.1745,1.1744,1.1744,5088.4,25
2025-07-26 22:52:00,1.1744,1.1746,1.1744,1.1744,4059.8,17
2025-07-26 22:54:00,1.1744,1.1746,1.1744,1.1746,2070.5,10
2025-07-26 22:56:00,1.1745,1.1746,1.1744,1.1744,9708.5,28
2025-07-26 22:58:00,1.1744,1.1746,1.1744,1.1746,4627.8,24
2025-07-26 23:00:00,1.1746,1.1746,1.1744,1.1746,7343.5,26
2025-07-26 23:02:00,1.1746,1.1746,1.1744,1.1746,2077.7,25
2025-07-26 23:04:00,1.1745,1.1746,1.1744,1.1745,6246.5,20
2025-07-26 23:06:00,1.1745,1.1747,1.1745,1.1747,6037.7,13
2025-07-26 23:08:00,1.1747,1.1747,1.1745,1.1747,877.9,17
2025-07-26 23:10:00,1.1745,1.1747,1.1745,1.1747,5772.599999999999,20
2025-07-26 23:12:00,1.1746,1.1747,1.1745,1.1745,6789.299999999999,16
2025-07-26 23:14:00,1.1747,1.1747,1.1745,1.1746,2823.7,11
2025-07-26 23:16:00,1.1745,1.1746,1.1745,1.1746,1035.6,12
2025-07-26 23:18:00,1.1745,1.1746,1.1744,1.1746,4619.900000000001,16
2025-07-26 23:20:00,1.1746,1.1746,1.1744,1.1744,6419.9,11
2025-07-26 23:22:00,1.1744,1.1745,1.1744,1.1744,1574.8,9
2025-07-26 23:24:00,1.1745,1.1745,1.1744,1.1745,2945.8,15
2025-07-26 23:26:00,1.1744,1.1746,1.1744,1.1744,3708.2999999999997,21
2025-07-26 23:28:00,1.1744,1.1747,1.1744,1.1746,9136.6,13
2025-07-26 23:30:00,1.1745,1.1747,1.1745,1.1745,24510.6,123
2025-07-26 23:32:00,1.1746,1.1746,1.1745,1.1746,3911.1,11
2025-07-26 23:34:00,1.1746,1.1746,1.1744,1.1746,4680.4,14
2025-07-26 23:36:00,1.1745,1.1746,1.1745,1.1746,7910.9,38
2025-07-26 23:38:00,1.1746,1.1746,1.1745,1.1746,1336.0,13
2025-07-26 23:40:00,1.1746,1.1746,1.1745,1.1746,3079.7999999999997,16
2025-07-26 23:42:00,1.1745,1.1746,1.1745,1.1745,1888.3,19
2025-07-26 23:44:00,1.1745,1.1746,1.1745,1.1746,2062.0,17
2025-07-26 23:46:00,1.1746,1.1746,1.1745,1.1746,3963.7,22
2025-07-26 23:48:00,1.1746,1.1746,1.1744,1.1745,2362.9,13
2025-07-26 23:50:00,1.1745,1.1746,1.1744,1.1746,6150.4,17
2025-07-26 23:52:00,1.1745,1.1746,1.1744,1.1745,2717.9,16
2025-07-26 23:54:00,1.1746,1.1746,1.1745,1.1746,996.6,9
2025-07-26 23:56:00,1.1746,1.1746,1.1745,1.1745,3528.8,12
2025-07-26 23:58:00,1.1745,1.1746,1.1744,1.1744,3242.3,21
2025-07-27 00:00:00,1.1744,1.1746,1.1744,1.1746,2411.3,12
2025-07-27 00:02:00,1.1746,1.1746,1.1744,1.1744,46607.5,224
2025-07-27 00:04:00,1.1744,1.1746,1.1744,1.1745,3213.1,15
2025-07-27 00:06:00,1.1746,1.1746,1.1744,1.1744,565.1,5
2025-07-27 00:08:00,1.1745,1.1746,1.1744,1.1746,4342.099999999999,15
2025-07-27 00:10:00,1.1745,1.1746,1.1744,1.1745,3304.4,18
2025-07-27 00:12:00,1.1745,1.1746,1.1744,1.1746,1855.3,9
2025-07-27 00:14:00,1.1744,1.1746,1.1744,1.1745,5948.6,12
2025-07-27 00:16:00,1.1745,1.1746,1.1744,1.1746,4758.5,15
2025-07-27 00:18:00,1.1744,1.1746,1.1744,1.1744,1798.9,11
2025-07-27 00:20:00,1.1744,1.1746,1.1744,1.1745,3519.1,22
2025-07-27 00:22:00,1.1745,1.1746,1.1744,1.1744,6750.7,21
2025-07-27 00:24:00,1.1744,1.1746,1.1744,1.1746,3399.2,8
2025-07-27 00:26:00,1.1746,1.1746,1.1744,1.1744,5282.3,30
2025-07-27 00:28:00,1.1744,1.1745,1.1744,1.1744,8929.7,10
2025-07-27 00:30:00,1.1745,1.1745,1.1743,1.1745,17331.2,154
2025-07-27 00:32:00,1.1743,1.1745,1.1743,1.1745,1278.3,9
2025-07-27 00:34:00,1.1745,1.1745,1.1743,1.1745,1010.1999999999999,10
2025-07-27 00:36:00,1.1744,1.1745,1.1743,1.1744,1046.0,11
2025-07-27 00:38:00,1.1743,1.1745,1.1743,1.1745,1180.8999999999999,13
2025-07-27 00:40:00,1.1743,1.1745,1.1743,1.1745,1597.3,13
2025-07-27 00:42:00,1.1743,1.1745,1.1743,1.1745,2223.2,17
2025-07-27 00:44:00,1.1744,1.1746,1.1744,1.1746,10891.7,28
2025-07-27 00:46:00,1.1746,1.1746,1.1744,1.1744,3281.8999999999996,10
2025-07-27 00:48:00,1.1744,1.1746,1.1743,1.1744,11096.0,34
2025-07-27 00:50:00,1.1745,1.1745,1.1744,1.1744,1114.5,12
2025-07-27 00:52:00,1.1744,1.1745,1.1744,1.1745,1948.8,11
2025-07-27 00:54:00,1.1744,1.1745,1.1744,1.1744,3167.7000000000003,13
2025-07-27 00:56:00,1.1744,1.1744,1.1744,1.1744,967.6,8
2025-07-27 00:58:00,1.1745,1.1745,1.1744,1.1745,2939.3,19
2025-07-27 01:00:00,1.1744,1.1746,1.1744,1.1744,6440.2,77
2025-07-27 01:02:00,1.1745,1.1746,1.1744,1.1744,4077.9,22
2025-07-27 01:04:00,1.1745,1.1746,1.1744,1.1744,3546.7999999999997,21
2025-07-27 01:06:00,1.1745,1.1746,1.1745,1.1746,180.8,4
2025-07-27 01:08:00,1.1746,1.1746,1.1744,1.1746,8439.900000000001,17
2025-07-27 01:10:00,1.1745,1.1746,1.1744,1.1746,2698.5,11
2025-07-27 01:12:00,1.1746,1.1746,1.1746,1.1746,1981.2,4
2025-07-27 01:14:00,1.1746,1.1746,1.1744,1.1745,1414.8000000000002,10
2025-07-27 01:16:00,1.1745,1.1746,1.1744,1.1746,2944.9,18
2025-07-27 01:18:00,1.1746,1.1746,1.1745,1.1746,19902.0,15
2025-07-27 01:20:00,1.1745,1.1746,1.1744,1.1744,19890.7,26
2025-07-27 01:22:00,1.1745,1.1746,1.1745,1.1745,5497.9,12
2025-07-27 01:24:00,1.1745,1.1745,1.1744,1.1745,2028.4,13
2025-07-27 01:26:00,1.1746,1.1746,1.1744,1.1745,3462.2,9
2025-07-27 01:28:00,1.1745,1.1746,1.1744,1.1745,3987.2,10
2025-07-27 01:30:00,1.1745,1.1746,1.1744,1.1744,4750.2,13
2025-07-27 01:32:00,1.1744,1.1746,1.1744,1.1746,867.6,6
2025-07-27 01:34:00,1.1745,1.1746,1.1744,1.1744,1912.6,14
2025-07-27 01:36:00,1.1745,1.1746,1.1744,1.1746,7503.3,44
2025-07-27 01:38:00,1.1746,1.1746,1.1744,1.1745,2583.7,36
2025-07-27 01:40:00,1.1746,1.1746,1.1745,1.1745,3684.7,12
2025-07-27 01:42:00,1.1745,1.1746,1.1744,1.1746,1025.0,9
2025-07-27 01:44:00,1.1746,1.1746,1.1744,1.1745,1593.7,11
2025-07-27 01:46:00,1.1746,1.1746,1.1744,1.1744,11214.0,26
2025-07-27 01:48:00,1.1746,1.1746,1.1744,1.1744,5324.0,28
2025-07-27 01:50:00,1.1744,1.1746,1.1744,1.1746,2163.7,12
2025-07-27 01:52:00,1.1744,1.1745,1.1744,1.1744,1744.6,6
2025-07-27 01:54:00,1.1746,1.1746,1.1744,1.1746,1083.8,4
2025-07-27 01:56:00,1.1746,1.1746,1.1744,1.1744,2479.6,9
2025-07-27 01:58:00,1.1746,1.1746,1.1744,1.1746,902.8,6
2025-07-27 02:00:00,1.1745,1.1746,1.1745,1.1746,5545.7,60
2025-07-27 02:02:00,1.1746,1.1746,1.1744,1.1744,1830.7,10
2025-07-27 02:04:00,1.1744,1.1746,1.1744,1.1744,271.2,7
2025-07-27 02:06:00,1.1745,1.1745,1.1745,1.1745,100.0,1
2025-07-27 02:08:00,1.1744,1.1745,1.1744,1.1745,409.6,7
2025-07-27 02:10:00,1.1744,1.1746,1.1744,1.1746,2733.1,19
2025-07-27 02:12:00,1.1746,1.1746,1.1744,1.1745,2116.4,14
2025-07-27 02:14:00,1.1744,1.1745,1.1744,1.1744,3980.4,18
2025-07-27 02:16:00,1.1745,1.1746,1.1745,1.1745,7601.3,27
2025-07-27 02:18:00,1.1746,1.1746,1.1745,1.1745,891.8,5
2025-07-27 02:20:00,1.1745,1.1746,1.1745,1.1746,1514.3,10
2025-07-27 02:22:00,1.1745,1.1746,1.1744,1.1744,7088.3,31
2025-07-27 02:24:00,1.1744,1.1746,1.1744,1.1744,2901.4,11
2025-07-27 02:26:00,1.1744,1.1746,1.1744,1.1745,3056.2000000000003,17
2025-07-27 02:28:00,1.1745,1.1746,1.1744,1.1745,1382.3,13
2025-07-27 02:30:00,1.1745,1.1747,1.1744,1.1746,44022.9,189
2025-07-27 02:32:00,1.1744,1.1747,1.1744,1.1746,6353.3,16
2025-07-27 02:34:00,1.1747,1.1747,1.1745,1.1747,624.9,8
2025-07-27 02:36:00,1.1747,1.1747,1.1747,1.1747,781.5,6
2025-07-27 02:38:00,1.1746,1.1747,1.1746,1.1747,2503.0,15
2025-07-27 02:40:00,1.1747,1.1747,1.1747,1.1747,459.5,6
2025-07-27 02:42:00,1.1747,1.1747,1.1746,1.1747,174.7,4
2025-07-27 02:44:00,1.1747,1.1747,1.1747,1.1747,172.5,3
2025-07-27 02:46:00,1.1747,1.1747,1.1746,1.1747,1554.5,8
2025-07-27 02:48:00,1.1746,1.1746,1.1746,1.1746,524.7,5
2025-07-27 02:50:00,1.1747,1.1747,1.1745,1.1746,655.2,6
2025-07-27 02:52:00,1.1746,1.1747,1.1745,1.1746,19174.4,34
2025-07-27 02:54:00,1.1746,1.1747,1.1746,1.1747,1373.3,14
2025-07-27 02:56:00,1.1747,1.1747,1.1746,1.1747,588.3,8
2025-07-27 02:58:00,1.1747,1.1747,1.1745,1.1746,4916.7,17
2025-07-27 03:00:00,1.1745,1.1746,1.1745,1.1745,6496.2,23
2025-07-27 03:02:00,1.1746,1.1746,1.1744,1.1744,6958.3,19
2025-07-27 03:04:00,1.1744,1.1744,1.1744,1.1744,953.9,13
2025-07-27 03:06:00,1.1744,1.1747,1.1744,1.1745,16806.9,41
2025-07-27 03:08:00,1.1745,1.1746,1.1745,1.1746,1814.2000000000003,3
2025-07-27 03:10:00,1.1745,1.1746,1.1745,1.1745,290.8,12
2025-07-27 03:12:00,1.1745,1.1746,1.1745,1.1746,647.3,6
2025-07-27 03:14:00,1.1745,1.1746,1.1745,1.1745,363.3,6
2025-07-27 03:16:00,1.1746,1.1746,1.1745,1.1746,1135.6,11
2025-07-27 03:18:00,1.1745,1.1746,1.1745,1.1745,526.8,15
2025-07-27 03:20:00,1.1745,1.1745,1.1744,1.1744,1628.3,15
2025-07-27 03:22:00,1.1745,1.1746,1.1744,1.1745,6672.299999999999,6
2025-07-27 03:24:00,1.1745,1.1745,1.1745,1.1745,544.1,1
2025-07-27 03:26:00,1.1744,1.1745,1.1744,1.1744,447.9,5
2025-07-27 03:28:00,1.1744,1.1745,1.1744,1.1745,1654.3000000000002,5
2025-07-27 03:30:00,1.1744,1.1744,1.1744,1.1744,252.6,10
2025-07-27 03:32:00,1.1744,1.1745,1.1744,1.1745,665.4,15
2025-07-27 03:34:00,1.1746,1.1746,1.1744,1.1746,1018.3,11
2025-07-27 03:36:00,1.1746,1.1746,1.1744,1.1745,739.9,10
2025-07-27 03:38:00,1.1744,1.1746,1.1744,1.1745,941.6,5
2025-07-27 03:40:00,1.1745,1.1746,1.1745,1.1746,1726.6,4
2025-07-27 03:42:00,1.1744,1.1746,1.1744,1.1745,2198.4,12
2025-07-27 03:44:00,1.1745,1.1746,1.1745,1.1745,1334.6,5
2025-07-27 03:46:00,1.1746,1.1746,1.1745,1.1746,687.5,11
2025-07-27 03:48:00,1.1746,1.1746,1.1745,1.1746,523.4,9
2025-07-27 03:50:00,1.1746,1.1746,1.1745,1.1746,414.9,10
2025-07-27 03:52:00,1.1746,1.1746,1.1744,1.1746,6077.8,16
2025-07-27 03:54:00,1.1746,1.1746,1.1745,1.1745,649.5,12
2025-07-27 03:56:00,1.1746,1.1746,1.1745,1.1746,1503.1,12
2025-07-27 03:58:00,1.1745,1.1746,1.1745,1.1746,559.6,8
2025-07-27 04:00:00,1.1746,1.1746,1.1745,1.1745,765.7,14
2025-07-27 04:02:00,1.1745,1.1745,1.1744,1.1744,1442.6,5
2025-07-27 04:04:00,1.1744,1.1745,1.1744,1.1745,1763.6999999999998,11
2025-07-27 04:06:00,1.1744,1.1746,1.1744,1.1746,436.3,8
2025-07-27 04:08:00,1.1745,1.1746,1.1745,1.1746,5767.2,21
2025-07-27 04:10:00,1.1746,1.1746,1.1745,1.1745,819.9,13
2025-07-27 04:12:00,1.1746,1.1746,1.1744,1.1744,2522.1,16
2025-07-27 04:14:00,1.1744,1.1744,1.1744,1.1744,602.3,6
2025-07-27 04:16:00,1.1744,1.1746,1.1744,1.1744,525.6999999999999,9
2025-07-27 04:18:00,1.1745,1.1746,1.1744,1.1745,365.3,11
2025-07-27 04:20:00,1.1746,1.1746,1.1745,1.1745,550.5,6
2025-07-27 04:22:00,1.1745,1.1746,1.1745,1.1746,487.8,5
2025-07-27 04:24:00,1.1745,1.1746,1.1744,1.1744,7124.5,21
2025-07-27 04:26:00,1.1744,1.1746,1.1744,1.1746,1129.6,15
2025-07-27 04:28:00,1.1746,1.1746,1.1744,1.1746,361.2,9
2025-07-27 04:30:00,1.1746,1.1746,1.1744,1.1746,1988.7,12
2025-07-27 04:32:00,1.1746,1.1746,1.1746,1.1746,492.5,6
2025-07-27 04:34:00,1.1746,1.1746,1.1745,1.1746,1812.4999999999998,13
2025-07-27 04:36:00,1.1746,1.1746,1.1744,1.1745,4728.3,13
2025-07-27 04:38:00,1.1746,1.1746,1.1744,1.1746,12129.0,15
2025-07-27 04:40:00,1.1745,1.1746,1.1744,1.1745,5876.0,17
2025-07-27 04:42:00,1.1746,1.1746,1.1744,1.1745,4873.0,16
2025-07-27 04:44:00,1.1745,1.1746,1.1744,1.1744,9974.699999999999,21
2025-07-27 04:46:00,1.1744,1.1745,1.1744,1.1745,810.3,14
2025-07-27 04:48:00,1.1744,1.1744,1.1744,1.1744,721.5,13
2025-07-27 04:50:00,1.1745,1.1746,1.1744,1.1746,7788.9,17
2025-07-27 04:52:00,1.1745,1.1746,1.1745,1.1745,1436.4,15
2025-07-27 04:54:00,1.1745,1.1746,1.1744,1.1744,5020.1,11
2025-07-27 04:56:00,1.1744,1.1746,1.1744,1.1746,926.9,12
2025-07-27 04:58:00,1.1744,1.1746,1.1744,1.1744,2189.5,10
2025-07-27 05:00:00,1.1746,1.1746,1.1744,1.1746,4694.0,26
2025-07-27 05:02:00,1.1746,1.1746,1.1745,1.1746,5222.8,31
2025-07-27 05:04:00,1.1745,1.1746,1.1745,1.1746,10848.2,20
2025-07-27 05:06:00,1.1745,1.1746,1.1745,1.1746,412.9,7
2025-07-27 05:08:00,1.1745,1.1746,1.1744,1.1746,5493.6,15
2025-07-27 05:10:00,1.1745,1.1746,1.1744,1.1744,2403.1,13
2025-07-27 05:12:00,1.1746,1.1746,1.1744,1.1746,3687.9,18
2025-07-27 05:14:00,1.1745,1.1746,1.1744,1.1745,5942.5,40
2025-07-27 05:16:00,1.1745,1.1746,1.1744,1.1744,6324.0,30
2025-07-27 05:18:00,1.1744,1.1746,1.1744,1.1744,2537.4,17
2025-07-27 05:20:00,1.1744,1.1746,1.1744,1.1746,3521.0,19
2025-07-27 05:22:00,1.1744,1.1746,1.1744,1.1746,8633.9,27
2025-07-27 05:24:00,1.1745,1.1746,1.1745,1.1745,15668.2,44
2025-07-27 05:26:00,1.1746,1.1746,1.1745,1.1745,11845.9,46
2025-07-27 05:28:00,1.1745,1.1746,1.1745,1.1745,7609.1,36
2025-07-27 05:30:00,1.1746,1.1746,1.1744,1.1746,18648.2,41
2025-07-27 05:32:00,1.1744,1.1746,1.1744,1.1745,6676.400000000001,27
2025-07-27 05:34:00,1.1744,1.1746,1.1744,1.1744,4842.5,14
2025-07-27 05:36:00,1.1744,1.1746,1.1744,1.1746,2080.9,10
2025-07-27 05:38:00,1.1746,1.1746,1.1744,1.1744,6385.0,21
2025-07-27 05:40:00,1.1744,1.1746,1.1744,1.1744,6188.4,37
2025-07-27 05:42:00,1.1744,1.1745,1.1743,1.1743,11490.5,18
2025-07-27 05:44:00,1.1743,1.1745,1.1743,1.1743,3319.0,10
2025-07-27 05:46:00,1.1743,1.1745,1.1743,1.1744,15533.1,24
2025-07-27 05:48:00,1.1743,1.1744,1.1743,1.1743,8514.2,39
2025-07-27 05:50:00,1.1743,1.1745,1.1743,1.1744,7104.4,19
2025-07-27 05:52:00,1.1745,1.1745,1.1743,1.1743,2616.2999999999997,21
2025-07-27 05:54:00,1.1743,1.1745,1.1743,1.1744,2133.7,16
2025-07-27 05:56:00,1.1743,1.1744,1.1743,1.1744,3768.4,24
2025-07-27 05:58:00,1.1744,1.1745,1.1743,1.1745,5833.9,23
2025-07-27 06:00:00,1.1745,1.1745,1.1743,1.1744,11262.9,40
2025-07-27 06:02:00,1.1743,1.1744,1.1743,1.1743,4523.2,16
2025-07-27 06:04:00,1.1744,1.1744,1.1743,1.1743,1171.3999999999999,11
2025-07-27 06:06:00,1.1744,1.1744,1.1743,1.1744,6683.6,11
2025-07-27 06:08:00,1.1743,1.1744,1.1743,1.1744,3749.0,26
2025-07-27 06:10:00,1.1744,1.1745,1.1743,1.1745,67110.7,50
2025-07-27 06:12:00,1.1745,1.1745,1.1743,1.1743,7704.2,15
2025-07-27 06:14:00,1.1744,1.1745,1.1743,1.1744,5897.900000000001,12
2025-07-27 06:16:00,1.1743,1.1744,1.1743,1.1744,10092.6,17
2025-07-27 06:18:00,1.1744,1.1744,1.1743,1.1744,5509.7,16
2025-07-27 06:20:00,1.1743,1.1744,1.1743,1.1743,1529.6,10
2025-07-27 06:22:00,1.1743,1.1744,1.1743,1.1743,4630.6,12
2025-07-27 06:24:00,1.1743,1.1744,1.1743,1.1743,14441.9,32
2025-07-27 06:26:00,1.1743,1.1744,1.1743,1.1743,9119.0,30
2025-07-27 06:28:00,1.1743,1.1744,1.1743,1.1743,2389.6,10
2025-07-27 06:30:00,1.1744,1.1744,1.1743,1.1743,2082.5,21
2025-07-27 06:32:00,1.1744,1.1744,1.1742,1.1743,3954.7000000000003,19
2025-07-27 06:34:00,1.1744,1.1744,1.1742,1.1742,3676.1,13
2025-07-27 06:36:00,1.1744,1.1744,1.1742,1.1743,15399.3,21
2025-07-27 06:38:00,1.1744,1.1744,1.1743,1.1744,12560.7,22
2025-07-27 06:40:00,1.1743,1.1744,1.1743,1.1743,8997.199999999999,16
2025-07-27 06:42:00,1.1744,1.1744,1.1743,1.1743,3222.7,10
2025-07-27 06:44:00,1.1743,1.1744,1.1743,1.1744,4170.1,14
2025-07-27 06:46:00,1.1743,1.1744,1.1743,1.1744,11213.199999999999,25
2025-07-27 06:48:00,1.1744,1.1744,1.1743,1.1744,3546.9,19
2025-07-27 06:50:00,1.1743,1.1744,1.1743,1.1743,6986.099999999999,18
2025-07-27 06:52:00,1.1743,1.1744,1.1743,1.1744,16185.2,30
2025-07-27 06:54:00,1.1744,1.1744,1.1743,1.1743,7957.7,26
2025-07-27 06:56:00,1.1743,1.1744,1.1743,1.1743,11054.9,26
2025-07-27 06:58:00,1.1743,1.1744,1.1743,1.1744,8344.5,21
2025-07-27 07:00:00,1.1744,1.1744,1.1743,1.1744,5845.799999999999,16
2025-07-27 07:02:00,1.1744,1.1744,1.1742,1.1742,3682.2,27
2025-07-27 07:04:00,1.1743,1.1744,1.1742,1.1743,7870.200000000001,39
2025-07-27 07:06:00,1.1743,1.1744,1.1742,1.1742,7453.400000000001,22
2025-07-27 07:08:00,1.1743,1.1744,1.1743,1.1743,7389.0,21
2025-07-27 07:10:00,1.1743,1.1744,1.1743,1.1744,3294.8,16
2025-07-27 07:12:00,1.1744,1.1744,1.1744,1.1744,1671.4,14
2025-07-27 07:14:00,1.1744,1.1744,1.1742,1.1744,12157.0,29
2025-07-27 07:16:00,1.1744,1.1744,1.1744,1.1744,1371.2,9
2025-07-27 07:18:00,1.1744,1.1744,1.1742,1.1744,2237.3,12
2025-07-27 07:20:00,1.1743,1.1744,1.1743,1.1744,3020.5,18
2025-07-27 07:22:00,1.1745,1.1745,1.1742,1.1743,5225.8,17
2025-07-27 07:24:00,1.1743,1.1744,1.1742,1.1744,5203.099999999999,15
2025-07-27 07:26:00,1.1744,1.1744,1.1742,1.1744,12973.1,26
2025-07-27 07:28:00,1.1744,1.1744,1.1742,1.1744,7268.0,18
2025-07-27 07:30:00,1.1742,1.1744,1.1742,1.1742,6469.400000000001,22
2025-07-27 07:32:00,1.1743,1.1743,1.1742,1.1743,3697.2000000000003,15
2025-07-27 07:34:00,1.1742,1.1743,1.1741,1.1743,7441.2,15
2025-07-27 07:36:00,1.1742,1.1743,1.1742,1.1742,7517.4,32
2025-07-27 07:38:00,1.1742,1.1743,1.1742,1.1742,4323.8,26
2025-07-27 07:40:00,1.1742,1.1743,1.1742,1.1743,7472.6,11
2025-07-27 07:42:00,1.1742,1.1743,1.1742,1.1742,1775.1,17
2025-07-27 07:44:00,1.1742,1.1743,1.1742,1.1743,4153.8,19
2025-07-27 07:46:00,1.1742,1.1743,1.1742,1.1742,9155.1,27
2025-07-27 07:48:00,1.1742,1.1743,1.1742,1.1742,11225.1,30
2025-07-27 07:50:00,1.1743,1.1743,1.1742,1.1742,2848.9,12
2025-07-27 07:52:00,1.1742,1.1743,1.1742,1.1742,8835.1,23
2025-07-27 07:54:00,1.1742,1.1743,1.1742,1.1742,3184.3999999999996,12
2025-07-27 07:56:00,1.1742,1.1743,1.1742,1.1743,9306.4,22
2025-07-27 07:58:00,1.1742,1.1743,1.1742,1.1742,5508.5,19
2025-07-27 08:00:00,1.1742,1.1743,1.1742,1.1742,6674.8,30
2025-07-27 08:02:00,1.1743,1.1743,1.1742,1.1742,9137.800000000001,30
2025-07-27 08:04:00,1.1743,1.1743,1.1742,1.1743,4751.7,33
2025-07-27 08:06:00,1.1743,1.1743,1.1742,1.1743,12304.5,25
2025-07-27 08:08:00,1.1743,1.1743,1.1742,1.1742,28315.6,35
2025-07-27 08:10:00,1.1743,1.1743,1.1742,1.1742,13466.6,29
2025-07-27 08:12:00,1.1742,1.1743,1.1741,1.1742,6117.0,31
2025-07-27 08:14:00,1.1741,1.1743,1.1741,1.1743,9230.6,37
2025-07-27 08:16:00,1.1741,1.1743,1.1741,1.1742,14264.0,48
2025-07-27 08:18:00,1.1742,1.1743,1.1742,1.1742,11698.1,27
2025-07-27 08:20:00,1.1743,1.1743,1.1742,1.1743,7218.3,23
2025-07-27 08:22:00,1.1741,1.1743,1.1741,1.1742,3865.9,24
2025-07-27 08:24:00,1.1743,1.1743,1.1742,1.1743,12149.5,54
2025-07-27 08:26:00,1.1743,1.1744,1.1742,1.1743,6692.0,31
2025-07-27 08:28:00,1.1743,1.1743,1.1742,1.1743,4888.8,35
2025-07-27 08:30:00,1.1743,1.1744,1.1742,1.1743,28494.2,132
2025-07-27 08:32:00,1.1743,1.1746,1.1743,1.1745,6026.0,34
2025-07-27 08:34:00,1.1746,1.1746,1.1744,1.1746,13960.3,36
2025-07-27 08:36:00,1.1744,1.1746,1.1744,1.1746,6297.3,29
2025-07-27 08:38:00,1.1744,1.1745,1.1744,1.1745,7827.3,42
2025-07-27 08:40:00,1.1745,1.1746,1.1744,1.1744,8401.8,33
2025-07-27 08:42:00,1.1744,1.1746,1.1744,1.1744,5116.7,29
2025-07-27 08:44:00,1.1744,1.1745,1.1744,1.1745,2142.9,13
2025-07-27 08:46:00,1.1744,1.1746,1.1744,1.1746,7786.5,24
2025-07-27 08:48:00,1.1745,1.1746,1.1745,1.1746,8493.3,28
2025-07-27 08:50:00,1.1745,1.1746,1.1744,1.1745,6068.9,24
2025-07-27 08:52:00,1.1744,1.1746,1.1744,1.1746,5311.7,25
2025-07-27 08:54:00,1.1745,1.1746,1.1744,1.1745,4914.9,14
2025-07-27 08:56:00,1.1746,1.1746,1.1744,1.1745,1810.7,16
2025-07-27 08:58:00,1.1744,1.1745,1.1744,1.1744,1841.0,20
2025-07-27 09:00:00,1.1745,1.1746,1.1744,1.1745,14319.3,23
2025-07-27 09:02:00,1.1745,1.1745,1.1744,1.1744,22214.1,69
2025-07-27 09:04:00,1.1744,1.1745,1.1744,1.1745,3760.6000000000004,20
2025-07-27 09:06:00,1.1745,1.1746,1.1744,1.1745,6251.6,26
2025-07-27 09:08:00,1.1744,1.1745,1.1744,1.1745,4670.2,17
2025-07-27 09:10:00,1.1745,1.1745,1.1744,1.1744,3607.8,14
2025-07-27 09:12:00,1.1745,1.1746,1.1745,1.1746,7747.0,33
2025-07-27 09:14:00,1.1745,1.1746,1.1745,1.1745,3117.2,21
2025-07-27 09:16:00,1.1746,1.1746,1.1745,1.1746,4883.9,29
2025-07-27 09:18:00,1.1745,1.1746,1.1744,1.1745,1773.9,21
2025-07-27 09:20:00,1.1745,1.1746,1.1744,1.1746,5540.3,35
2025-07-27 09:22:00,1.1746,1.1746,1.1745,1.1746,10510.6,30
2025-07-27 09:24:00,1.1745,1.1746,1.1745,1.1745,4814.4,16
2025-07-27 09:26:00,1.1746,1.1746,1.1745,1.1745,2450.6,24
2025-07-27 09:28:00,1.1746,1.1746,1.1745,1.1746,8962.2,27
2025-07-27 09:30:00,1.1746,1.1746,1.1745,1.1746,5361.8,25
2025-07-27 09:32:00,1.1746,1.1746,1.1745,1.1745,6584.5,29
2025-07-27 09:34:00,1.1745,1.1746,1.1745,1.1745,5047.1,25
2025-07-27 09:36:00,1.1745,1.1746,1.1745,1.1745,2606.3,27
2025-07-27 09:38:00,1.1746,1.1746,1.1745,1.1746,13142.5,43
2025-07-27 09:40:00,1.1746,1.1746,1.1745,1.1745,8630.0,38
2025-07-27 09:42:00,1.1746,1.1746,1.1745,1.1745,10906.699999999999,27
2025-07-27 09:44:00,1.1745,1.1746,1.1744,1.1745,2880.4,25
2025-07-27 09:46:00,1.1745,1.1746,1.1745,1.1745,5245.1,35
2025-07-27 09:48:00,1.1745,1.1746,1.1745,1.1745,14216.9,38
2025-07-27 09:50:00,1.1746,1.1746,1.1745,1.1746,18269.6,49
2025-07-27 09:52:00,1.1745,1.1746,1.1745,1.1745,23065.8,68
2025-07-27 09:54:00,1.1745,1.1746,1.1745,1.1745,8355.0,22
2025-07-27 09:56:00,1.1745,1.1746,1.1745,1.1746,13689.5,41
2025-07-27 09:58:00,1.1745,1.1746,1.1744,1.1744,19060.2,34
2025-07-27 10:00:00,1.1744,1.1746,1.1744,1.1746,11717.8,45
2025-07-27 10:02:00,1.1745,1.1746,1.1745,1.1745,3431.8,26
2025-07-27 10:04:00,1.1745,1.1746,1.1744,1.1745,20630.100000000002,30
2025-07-27 10:06:00,1.1745,1.1745,1.1744,1.1745,4365.5,20
2025-07-27 10:08:00,1.1744,1.1745,1.1744,1.1745,3181.5,20
2025-07-27 10:10:00,1.1744,1.1746,1.1744,1.1746,2488.1,26
2025-07-27 10:12:00,1.1745,1.1746,1.1745,1.1745,2233.1,19
2025-07-27 10:14:00,1.1745,1.1746,1.1744,1.1745,31363.4,53
2025-07-27 10:16:00,1.1745,1.1746,1.1744,1.1745,4244.9,20
2025-07-27 10:18:00,1.1745,1.1746,1.1744,1.1745,3777.2,22
2025-07-27 10:20:00,1.1744,1.1746,1.1744,1.1746,5988.5,24
2025-07-27 10:22:00,1.1746,1.1746,1.1745,1.1746,7279.4,22
2025-07-27 10:24:00,1.1745,1.1746,1.1745,1.1746,9550.2,36
2025-07-27 10:26:00,1.1745,1.1746,1.1745,1.1745,7687.599999999999,21
2025-07-27 10:28:00,1.1745,1.1746,1.1745,1.1745,4740.6,25
2025-07-27 10:30:00,1.1746,1.1746,1.1745,1.1745,8503.9,28
2025-07-27 10:32:00,1.1746,1.1746,1.1745,1.1745,7510.9,28
2025-07-27 10:34:00,1.1745,1.1746,1.1745,1.1745,5212.1,25
2025-07-27 10:36:00,1.1745,1.1746,1.1745,1.1745,4107.2,27
2025-07-27 10:38:00,1.1745,1.1747,1.1745,1.1745,12136.0,46
2025-07-27 10:40:00,1.1745,1.1748,1.1744,1.1747,101538.1,152
2025-07-27 10:42:00,1.1747,1.1748,1.1745,1.1747,151598.5,159
2025-07-27 10:44:00,1.1747,1.1748,1.1746,1.1748,19147.1,43
2025-07-27 10:46:00,1.1748,1.1748,1.1747,1.1748,7199.3,29
2025-07-27 10:48:00,1.1747,1.1749,1.1746,1.1749,127936.90000000001,193
2025-07-27 10:50:00,1.1748,1.175,1.1747,1.1749,23658.4,76
2025-07-27 10:52:00,1.1749,1.1749,1.1747,1.1749,16579.0,61
2025-07-27 10:54:00,1.1749,1.1749,1.1748,1.1749,12333.2,49
2025-07-27 10:56:00,1.1749,1.1749,1.1747,1.1747,21815.0,59
2025-07-27 10:58:00,1.1748,1.1749,1.1747,1.1748,11948.199999999999,42
2025-07-27 11:00:00,1.1749,1.1749,1.1745,1.1746,19222.4,67
2025-07-27 11:02:00,1.1746,1.1749,1.1745,1.1747,18438.5,101
2025-07-27 11:04:00,1.1748,1.1749,1.1747,1.1748,15544.1,35
2025-07-27 11:06:00,1.1749,1.1749,1.1748,1.1748,10677.5,29
2025-07-27 11:08:00,1.1748,1.175,1.1748,1.175,16841.1,48
2025-07-27 11:10:00,1.1749,1.175,1.1748,1.1748,6620.7,27
2025-07-27 11:12:00,1.1748,1.175,1.1748,1.1749,2582.0,17
2025-07-27 11:14:00,1.1748,1.1749,1.1747,1.1748,40874.1,43
2025-07-27 11:16:00,1.1748,1.1749,1.1747,1.1747,12390.6,45
2025-07-27 11:18:00,1.1748,1.1749,1.1747,1.1749,32878.8,57
2025-07-27 11:20:00,1.1747,1.1749,1.1745,1.1745,15369.1,39
2025-07-27 11:22:00,1.1746,1.1747,1.1745,1.1747,4615.0,27
2025-07-27 11:24:00,1.1746,1.1747,1.1745,1.1746,7918.5,21
2025-07-27 11:26:00,1.1747,1.1747,1.1746,1.1747,5920.4,29
2025-07-27 11:28:00,1.1747,1.1747,1.1746,1.1747,11411.0,26
2025-07-27 11:30:00,1.1747,1.1747,1.1745,1.1747,14784.3,42
2025-07-27 11:32:00,1.1746,1.1747,1.1745,1.1747,17821.0,35
2025-07-27 11:34:00,1.1747,1.1747,1.1745,1.1746,4014.6,22
2025-07-27 11:36:00,1.1747,1.1747,1.1746,1.1746,16982.5,39
2025-07-27 11:38:00,1.1747,1.1747,1.1745,1.1746,11528.7,40
2025-07-27 11:40:00,1.1747,1.1747,1.1745,1.1745,24897.7,35
2025-07-27 11:42:00,1.1745,1.1747,1.1745,1.1747,4946.6,24
2025-07-27 11:44:00,1.1746,1.1747,1.1746,1.1747,20448.6,45
2025-07-27 11:46:00,1.1747,1.1747,1.1746,1.1747,34663.8,48
2025-07-27 11:48:00,1.1747,1.1747,1.1746,1.1746,11867.1,37
2025-07-27 11:50:00,1.1746,1.1747,1.1746,1.1747,14524.6,30
2025-07-27 11:52:00,1.1747,1.1747,1.1746,1.1746,7698.2,29
2025-07-27 11:54:00,1.1746,1.1747,1.1746,1.1746,10339.2,26
2025-07-27 11:56:00,1.1746,1.1747,1.1746,1.1747,4258.2,23
2025-07-27 11:58:00,1.1746,1.1747,1.1746,1.1747,13376.9,27
2025-07-27 12:00:00,1.1747,1.1747,1.1746,1.1747,21815.8,45
2025-07-27 12:02:00,1.1746,1.1747,1.1746,1.1746,14776.6,35
2025-07-27 12:04:00,1.1747,1.1747,1.1746,1.1746,17176.5,44
2025-07-27 12:06:00,1.1746,1.1747,1.1746,1.1747,18795.5,33
2025-07-27 12:08:00,1.1746,1.1747,1.1746,1.1747,17879.6,50
2025-07-27 12:10:00,1.1746,1.1747,1.1745,1.1746,32287.4,81
2025-07-27 12:12:00,1.1747,1.1747,1.1746,1.1746,10907.5,44
2025-07-27 12:14:00,1.1747,1.1747,1.1746,1.1746,12436.7,45
2025-07-27 12:16:00,1.1746,1.1747,1.1746,1.1746,24849.4,51
2025-07-27 12:18:00,1.1746,1.1747,1.1746,1.1746,5397.2,19
2025-07-27 12:20:00,1.1746,1.1746,1.1745,1.1745,5759.7,33
2025-07-27 12:22:00,1.1746,1.1747,1.1745,1.1745,18365.3,37
2025-07-27 12:24:00,1.1747,1.1747,1.1745,1.1745,13761.2,27
2025-07-27 12:26:00,1.1746,1.1747,1.1745,1.1747,14454.9,29
2025-07-27 12:28:00,1.1746,1.1747,1.1745,1.1745,8897.9,34
2025-07-27 12:30:00,1.1745,1.1747,1.1745,1.1745,3740.5,22
2025-07-27 12:32:00,1.1747,1.1747,1.1745,1.1746,25087.399999999998,37
2025-07-27 12:34:00,1.1747,1.1747,1.1744,1.1745,49587.0,225
2025-07-27 12:36:00,1.1745,1.1747,1.1745,1.1747,13639.4,48
2025-07-27 12:38:00,1.1747,1.1747,1.1745,1.1747,4195.4,21
2025-07-27 12:40:00,1.1747,1.1747,1.1745,1.1746,9419.1,21
2025-07-27 12:42:00,1.1746,1.1746,1.1745,1.1746,14453.7,26
2025-07-27 12:44:00,1.1746,1.1746,1.1745,1.1746,10997.0,30
2025-07-27 12:46:00,1.1746,1.1747,1.1745,1.1746,19379.600000000002,54
2025-07-27 12:48:00,1.1746,1.1747,1.1745,1.1745,15426.5,38
2025-07-27 12:50:00,1.1745,1.1747,1.1745,1.1747,12473.1,40
2025-07-27 12:52:00,1.1746,1.1747,1.1745,1.1747,22146.9,59
2025-07-27 12:54:00,1.1746,1.1747,1.1745,1.1746,16968.5,69
2025-07-27 12:56:00,1.1746,1.1747,1.1746,1.1746,5596.8,20
2025-07-27 12:58:00,1.1746,1.1747,1.1746,1.1746,11601.7,28
2025-07-27 13:00:00,1.1746,1.1747,1.1745,1.1746,8507.4,37
2025-07-27 13:02:00,1.1746,1.1747,1.1745,1.1745,19793.8,46
2025-07-27 13:04:00,1.1745,1.1747,1.1745,1.1746,9960.300000000001,35
2025-07-27 13:06:00,1.1745,1.1747,1.1745,1.1745,5933.0,27
2025-07-27 13:08:00,1.1745,1.1746,1.1745,1.1745,5244.0,35
2025-07-27 13:10:00,1.1746,1.1747,1.1745,1.1746,18701.8,43
2025-07-27 13:12:00,1.1746,1.1747,1.1745,1.1747,7387.4,27
2025-07-27 13:14:00,1.1746,1.1747,1.1745,1.1745,5077.6,37
2025-07-27 13:16:00,1.1746,1.1747,1.1745,1.1745,3205.4,22
2025-07-27 13:18:00,1.1745,1.1747,1.1745,1.1745,6128.4,30
2025-07-27 13:20:00,1.1745,1.1746,1.1745,1.1746,10261.0,34
2025-07-27 13:22:00,1.1745,1.1746,1.1745,1.1745,9535.0,41
2025-07-27 13:24:00,1.1745,1.1746,1.1745,1.1745,7871.599999999999,28
2025-07-27 13:26:00,1.1745,1.1746,1.1745,1.1746,2042.6000000000001,21
2025-07-27 13:28:00,1.1746,1.1746,1.1745,1.1746,4327.9,32
2025-07-27 13:30:00,1.1746,1.1746,1.1745,1.1745,10681.699999999999,36
2025-07-27 13:32:00,1.1746,1.1746,1.1744,1.1745,12337.2,43
2025-07-27 13:34:00,1.1746,1.1746,1.1744,1.1744,7466.5,42
2025-07-27 13:36:00,1.1744,1.1745,1.1744,1.1744,9757.5,31
2025-07-27 13:38:00,1.1745,1.1746,1.1744,1.1746,5738.4,31
2025-07-27 13:40:00,1.1744,1.1746,1.1744,1.1744,15125.4,43
2025-07-27 13:42:00,1.1744,1.1746,1.1744,1.1745,5127.7,37
2025-07-27 13:44:00,1.1746,1.1746,1.1744,1.1744,14186.6,26
2025-07-27 13:46:00,1.1744,1.1746,1.1744,1.1744,5242.9,36
2025-07-27 13:48:00,1.1744,1.1746,1.1744,1.1745,15732.8,52
2025-07-27 13:50:00,1.1744,1.1746,1.1744,1.1744,16735.3,46
2025-07-27 13:52:00,1.1745,1.1746,1.1744,1.1745,9083.7,38
2025-07-27 13:54:00,1.1745,1.1746,1.1744,1.1746,18828.4,51
2025-07-27 13:56:00,1.1745,1.1746,1.1744,1.1746,8238.2,34
2025-07-27 13:58:00,1.1746,1.1746,1.1745,1.1745,3039.4,29
2025-07-27 14:00:00,1.1745,1.1746,1.1744,1.1746,25662.399999999998,69
2025-07-27 14:02:00,1.1746,1.1746,1.1744,1.1746,6757.6,35
2025-07-27 14:04:00,1.1744,1.1746,1.1744,1.1746,7371.1,43
2025-07-27 14:06:00,1.1745,1.1746,1.1744,1.1746,6450.5,34
2025-07-27 14:08:00,1.1744,1.1746,1.1744,1.1745,19005.8,81
2025-07-27 14:10:00,1.1746,1.1746,1.1745,1.1746,6540.0,34
2025-07-27 14:12:00,1.1745,1.1747,1.1745,1.1746,10875.8,42
2025-07-27 14:14:00,1.1747,1.1747,1.1745,1.1745,6015.0,33
2025-07-27 14:16:00,1.1745,1.1747,1.1745,1.1747,4971.1,43
2025-07-27 14:18:00,1.1746,1.1747,1.1745,1.1747,7036.6,42
2025-07-27 14:20:00,1.1746,1.1747,1.1745,1.1746,12986.5,46
2025-07-27 14:22:00,1.1746,1.1747,1.1745,1.1747,10351.5,33
2025-07-27 14:24:00,1.1746,1.1747,1.1745,1.1746,11899.5,26
2025-07-27 14:26:00,1.1747,1.1747,1.1746,1.1746,3760.4,21
2025-07-27 14:28:00,1.1747,1.1747,1.1745,1.1745,14273.2,42
2025-07-27 14:30:00,1.1746,1.1747,1.1745,1.1745,15113.9,38
2025-07-27 14:32:00,1.1745,1.1747,1.1745,1.1747,10154.3,32
2025-07-27 14:34:00,1.1745,1.1747,1.1745,1.1747,4199.5,18
2025-07-27 14:36:00,1.1747,1.1747,1.1745,1.1747,10770.5,29
2025-07-27 14:38:00,1.1745,1.1746,1.1744,1.1745,16546.5,29
2025-07-27 14:40:00,1.1745,1.1746,1.1744,1.1744,9882.1,56
2025-07-27 14:42:00,1.1744,1.1746,1.1744,1.1745,9326.4,56
2025-07-27 14:44:00,1.1745,1.1747,1.1744,1.1745,24491.7,87
2025-07-27 14:46:00,1.1746,1.1747,1.1745,1.1747,19762.7,85
2025-07-27 14:48:00,1.1747,1.1747,1.1745,1.1745,9102.9,24
2025-07-27 14:50:00,1.1745,1.1746,1.1745,1.1745,10214.1,26
2025-07-27 14:52:00,1.1746,1.1746,1.1745,1.1745,6425.8,35
2025-07-27 14:54:00,1.1746,1.1747,1.1744,1.1746,15350.7,44
2025-07-27 14:56:00,1.1746,1.1747,1.1746,1.1747,6449.200000000001,17
2025-07-27 14:58:00,1.1746,1.1747,1.1745,1.1745,3915.7,15
2025-07-27 15:00:00,1.1745,1.1746,1.1745,1.1745,1851.9,20
2025-07-27 15:02:00,1.1746,1.1747,1.1745,1.1746,10835.2,36
2025-07-27 15:04:00,1.1746,1.1747,1.1745,1.1746,25550.5,61
2025-07-27 15:06:00,1.1746,1.1747,1.1745,1.1747,9673.1,33
2025-07-27 15:08:00,1.1747,1.1747,1.1745,1.1746,15662.400000000001,39
2025-07-27 15:10:00,1.1747,1.1747,1.1745,1.1746,15988.2,45
2025-07-27 15:12:00,1.1745,1.1746,1.1745,1.1746,8808.5,27
2025-07-27 15:14:00,1.1746,1.1746,1.1745,1.1746,15129.9,23
2025-07-27 15:16:00,1.1746,1.1746,1.1745,1.1746,7202.3,30
2025-07-27 15:18:00,1.1746,1.1747,1.1745,1.1746,14915.3,57
2025-07-27 15:20:00,1.1746,1.1747,1.1745,1.1747,10199.800000000001,51
2025-07-27 15:22:00,1.1746,1.1747,1.1745,1.1745,2971.4,19
2025-07-27 15:24:00,1.1747,1.1747,1.1745,1.1745,13341.4,34
2025-07-27 15:26:00,1.1746,1.1747,1.1745,1.1745,7228.9,40
2025-07-27 15:28:00,1.1746,1.1747,1.1746,1.1746,8141.7,35
2025-07-27 15:30:00,1.1747,1.1747,1.1746,1.1747,8337.8,26
2025-07-27 15:32:00,1.1747,1.1747,1.1746,1.1747,2492.5,21
2025-07-27 15:34:00,1.1746,1.1747,1.1745,1.1745,7164.2,30
2025-07-27 15:36:00,1.1745,1.1747,1.1745,1.1746,10189.4,28
2025-07-27 15:38:00,1.1747,1.1747,1.1746,1.1746,5073.7,29
2025-07-27 15:40:00,1.1747,1.1748,1.1746,1.1746,21565.0,43
2025-07-27 15:42:00,1.1746,1.1748,1.1746,1.1747,9334.5,35
2025-07-27 15:44:00,1.1747,1.1747,1.1746,1.1746,33760.299999999996,44
2025-07-27 15:46:00,1.1747,1.1747,1.1746,1.1746,7477.5,54
2025-07-27 15:48:00,1.1746,1.1749,1.1746,1.1749,29467.5,65
2025-07-27 15:50:00,1.1749,1.1749,1.1747,1.1749,15351.0,41
2025-07-27 15:52:00,1.1749,1.1749,1.1748,1.1748,2008.3,28
2025-07-27 15:54:00,1.1749,1.1749,1.1747,1.1748,11262.300000000001,49
2025-07-27 15:56:00,1.1748,1.1748,1.1747,1.1747,21214.5,48
2025-07-27 15:58:00,1.1748,1.1749,1.1747,1.1748,54361.8,138
2025-07-27 16:00:00,1.1748,1.175,1.1747,1.1749,77983.8,145
2025-07-27 16:02:00,1.1749,1.1749,1.1747,1.1748,40838.9,117
2025-07-27 16:04:00,1.1748,1.175,1.1748,1.1749,60883.6,72
2025-07-27 16:06:00,1.1749,1.175,1.1748,1.1749,49411.8,62
2025-07-27 16:08:00,1.1748,1.1749,1.1747,1.1747,18940.7,49
2025-07-27 16:10:00,1.1748,1.1749,1.1748,1.1749,21867.4,55
2025-07-27 16:12:00,1.1749,1.175,1.1746,1.1749,122903.8,75
2025-07-27 16:14:00,1.1749,1.175,1.1748,1.1748,63863.1,68
2025-07-27 16:16:00,1.1749,1.175,1.1748,1.175,62267.100000000006,61
2025-07-27 16:18:00,1.1749,1.175,1.1749,1.175,39971.2,45
2025-07-27 16:20:00,1.175,1.1751,1.1749,1.175,169081.5,113
2025-07-27 16:22:00,1.175,1.1751,1.175,1.175,36613.0,54
2025-07-27 16:24:00,1.175,1.1751,1.1749,1.1749,23515.0,43
2025-07-27 16:26:00,1.175,1.1751,1.1748,1.1749,50564.3,90
2025-07-27 16:28:00,1.175,1.175,1.1748,1.1749,37076.3,38
2025-07-27 16:30:00,1.1749,1.1751,1.1749,1.175,33044.1,60
2025-07-27 16:32:00,1.175,1.1751,1.1749,1.1749,31286.8,35
2025-07-27 16:34:00,1.175,1.1751,1.1749,1.1751,88624.2,108
2025-07-27 16:36:00,1.175,1.1752,1.175,1.175,59093.2,58
2025-07-27 16:38:00,1.1752,1.1752,1.175,1.175,42793.9,34
2025-07-27 16:40:00,1.175,1.1752,1.175,1.1751,43547.1,46
2025-07-27 16:42:00,1.1751,1.1752,1.175,1.1751,59949.9,95
2025-07-27 16:44:00,1.1751,1.1752,1.1751,1.1752,14877.3,46
2025-07-27 16:46:00,1.1752,1.1753,1.1751,1.1752,21480.5,56
2025-07-27 16:48:00,1.1752,1.1753,1.1752,1.1752,16417.4,38
2025-07-27 16:50:00,1.1753,1.1753,1.175,1.1751,64592.5,155
2025-07-27 16:52:00,1.1752,1.1753,1.1751,1.1753,49781.5,75
2025-07-27 16:54:00,1.1752,1.1753,1.1752,1.1752,28350.5,78
2025-07-27 16:56:00,1.1753,1.1754,1.1752,1.1753,33950.3,96
2025-07-27 16:58:00,1.1752,1.1753,1.1751,1.1751,14704.6,54
2025-07-27 17:00:00,1.1752,1.1752,1.175,1.175,18528.6,86
2025-07-27 17:02:00,1.175,1.1751,1.1749,1.1751,13760.2,57
2025-07-27 17:04:00,1.1751,1.1751,1.175,1.1751,9285.2,52
2025-07-27 17:06:00,1.1751,1.1752,1.175,1.1751,9253.7,48
2025-07-27 17:08:00,1.1752,1.1752,1.175,1.175,18613.8,35
2025-07-27 17:10:00,1.1751,1.1752,1.175,1.175,12200.0,45
2025-07-27 17:12:00,1.1751,1.1752,1.175,1.1751,23778.2,47
2025-07-27 17:14:00,1.1751,1.1752,1.175,1.1751,23446.6,35
2025-07-27 17:16:00,1.1751,1.1752,1.175,1.1751,4958.4,39
2025-07-27 17:18:00,1.175,1.1751,1.175,1.1751,7804.4,41
2025-07-27 17:20:00,1.175,1.1752,1.175,1.1751,12323.9,47
2025-07-27 17:22:00,1.1751,1.1752,1.175,1.175,11840.9,33
2025-07-27 17:24:00,1.175,1.1752,1.175,1.175,7096.4,46
2025-07-27 17:26:00,1.175,1.1751,1.175,1.1751,8850.9,30
2025-07-27 17:28:00,1.1751,1.1752,1.1749,1.1752,43474.8,68
2025-07-27 17:30:00,1.1751,1.1752,1.1751,1.1752,20739.4,46
2025-07-27 17:32:00,1.1751,1.1752,1.175,1.1751,21032.3,56
2025-07-27 17:34:00,1.175,1.1751,1.1749,1.175,22431.4,54
2025-07-27 17:36:00,1.1751,1.1751,1.175,1.175,7517.2,36
2025-07-27 17:38:00,1.1751,1.1751,1.1749,1.175,12133.2,41
2025-07-27 17:40:00,1.175,1.1751,1.1749,1.1751,25114.2,44
2025-07-27 17:42:00,1.1749,1.1753,1.1749,1.1752,21453.399999999998,114
2025-07-27 17:44:00,1.1752,1.1753,1.1752,1.1752,30361.3,78
2025-07-27 17:46:00,1.1752,1.1753,1.175,1.1752,20132.8,85
2025-07-27 17:48:00,1.1752,1.1753,1.175,1.1751,22558.3,66
2025-07-27 17:50:00,1.1751,1.1752,1.175,1.1752,27672.7,83
2025-07-27 17:52:00,1.1752,1.1752,1.1748,1.1748,14712.9,68
2025-07-27 17:54:00,1.1748,1.1749,1.1748,1.1748,11714.300000000001,39
2025-07-27 17:56:00,1.1748,1.175,1.1747,1.1749,20829.6,63
2025-07-27 17:58:00,1.1749,1.175,1.1748,1.1749,13010.1,42
2025-07-27 18:00:00,1.1749,1.175,1.1748,1.1749,24714.4,72
2025-07-27 18:02:00,1.1748,1.1749,1.1747,1.1748,15961.6,44
2025-07-27 18:04:00,1.1747,1.1748,1.1746,1.1748,23286.3,62
2025-07-27 18:06:00,1.1746,1.1747,1.1745,1.1747,11014.6,31
2025-07-27 18:08:00,1.1747,1.1747,1.1746,1.1746,17423.4,46
2025-07-27 18:10:00,1.1747,1.1747,1.1745,1.1747,10393.7,48
2025-07-27 18:12:00,1.1747,1.1748,1.1746,1.1746,15643.5,44
2025-07-27 18:14:00,1.1746,1.1747,1.1745,1.1745,12253.4,54
2025-07-27 18:16:00,1.1747,1.1747,1.1745,1.1747,17965.0,51
2025-07-27 18:18:00,1.1747,1.1747,1.1746,1.1746,30493.8,64
2025-07-27 18:20:00,1.1747,1.1747,1.1746,1.1747,31701.5,55
2025-07-27 18:22:00,1.1747,1.1748,1.1746,1.1747,15516.9,40
2025-07-27 18:24:00,1.1747,1.1748,1.1746,1.1747,13870.9,36
2025-07-27 18:26:00,1.1747,1.1748,1.1747,1.1748,5749.099999999999,19
2025-07-27 18:28:00,1.1748,1.1748,1.1747,1.1748,11993.7,23
2025-07-27 18:30:00,1.1748,1.1748,1.1747,1.1747,12276.0,45
2025-07-27 18:32:00,1.1747,1.1747,1.1746,1.1747,9581.2,27
2025-07-27 18:34:00,1.1747,1.1748,1.1747,1.1748,29921.7,22
2025-07-27 18:36:00,1.1748,1.1748,1.1746,1.1746,26005.0,40
2025-07-27 18:38:00,1.1747,1.1747,1.1746,1.1747,30331.5,76
2025-07-27 18:40:00,1.1747,1.1747,1.1745,1.1747,42947.6,99
2025-07-27 18:42:00,1.1747,1.1747,1.1746,1.1746,36598.4,69
2025-07-27 18:44:00,1.1747,1.1747,1.1745,1.1746,36037.5,54
2025-07-27 18:46:00,1.1747,1.1747,1.1746,1.1747,26419.5,45
2025-07-27 18:48:00,1.1746,1.1748,1.1745,1.1748,33518.1,71
2025-07-27 18:50:00,1.1747,1.1748,1.1746,1.1747,38002.2,79
2025-07-27 18:52:00,1.1747,1.1748,1.1747,1.1747,30854.6,79
2025-07-27 18:54:00,1.1748,1.1748,1.1746,1.1747,25418.399999999998,54
2025-07-27 18:56:00,1.1746,1.1748,1.1746,1.1748,17123.7,55
2025-07-27 18:58:00,1.1746,1.1748,1.1746,1.1748,6627.8,31
2025-07-27 19:00:00,1.1748,1.1748,1.1746,1.1747,19632.2,53
2025-07-27 19:02:00,1.1747,1.1748,1.1746,1.1748,20172.4,73
2025-07-27 19:04:00,1.1748,1.1748,1.1746,1.1747,46377.5,149
2025-07-27 19:06:00,1.1748,1.1748,1.1746,1.1746,9135.4,37
2025-07-27 19:08:00,1.1748,1.1749,1.1747,1.1748,13361.7,36
2025-07-27 19:10:00,1.1749,1.1749,1.1747,1.1749,15591.400000000001,37
2025-07-27 19:12:00,1.1749,1.1749,1.1748,1.1749,8908.2,39
2025-07-27 19:14:00,1.1749,1.1749,1.1747,1.1747,7233.0,38
2025-07-27 19:16:00,1.1749,1.1749,1.1747,1.1748,18051.2,40
2025-07-27 19:18:00,1.1748,1.175,1.1748,1.1749,14483.4,42
2025-07-27 19:20:00,1.1748,1.175,1.1748,1.175,10619.300000000001,35
2025-07-27 19:22:00,1.175,1.175,1.1748,1.1749,16583.3,62
2025-07-27 19:24:00,1.1749,1.175,1.1749,1.175,14516.8,38
2025-07-27 19:26:00,1.1749,1.175,1.1749,1.175,22316.9,35
2025-07-27 19:28:00,1.1749,1.1755,1.1748,1.1754,24773.4,80
2025-07-27 19:30:00,1.1755,1.1762,1.1755,1.1761,25684.2,144
2025-07-27 19:32:00,1.1762,1.1763,1.1761,1.1763,18734.4,39
2025-07-27 19:34:00,1.1763,1.1764,1.1762,1.1763,11764.5,34
2025-07-27 19:36:00,1.1763,1.1765,1.1762,1.1763,13870.2,34
2025-07-27 19:38:00,1.1763,1.1764,1.1762,1.1763,19023.5,51
2025-07-27 19:40:00,1.1764,1.1765,1.1763,1.1764,8581.5,34
2025-07-27 19:42:00,1.1765,1.1765,1.1762,1.1763,14218.2,40
2025-07-27 19:44:00,1.1763,1.1763,1.1761,1.1762,15236.1,38
2025-07-27 19:46:00,1.176,1.1762,1.176,1.1761,12408.5,20
2025-07-27 19:48:00,1.1761,1.1761,1.1759,1.176,11794.4,33
2025-07-27 19:50:00,1.176,1.176,1.1759,1.176,7929.5,29
2025-07-27 19:52:00,1.176,1.176,1.1759,1.1759,5376.400000000001,16
2025-07-27 19:54:00,1.1759,1.1759,1.1758,1.1759,7817.5,25
2025-07-27 19:56:00,1.1758,1.1759,1.1758,1.1759,4580.2,28
2025-07-27 19:58:00,1.1759,1.1759,1.1758,1.1759,25522.1,52
2025-07-27 20:00:00,1.1759,1.1761,1.1758,1.1759,7345.799999999999,44
2025-07-27 20:02:00,1.176,1.1761,1.1759,1.1761,20411.4,53
2025-07-27 20:04:00,1.1761,1.1761,1.176,1.1761,15417.4,62
2025-07-27 20:06:00,1.1761,1.1762,1.176,1.1761,36144.3,54
2025-07-27 20:08:00,1.1761,1.1762,1.176,1.1762,24742.4,50
2025-07-27 20:10:00,1.1761,1.1762,1.1761,1.1761,11758.9,43
2025-07-27 20:12:00,1.1761,1.1762,1.1761,1.1762,18898.5,38
2025-07-27 20:14:00,1.1761,1.1762,1.176,1.176,13769.2,50
2025-07-27 20:16:00,1.1762,1.1762,1.176,1.1761,5382.0,38
2025-07-27 20:18:00,1.1761,1.1762,1.176,1.1761,6633.7,27
2025-07-27 20:20:00,1.176,1.1762,1.176,1.1762,9505.9,38
2025-07-27 20:22:00,1.1762,1.1762,1.176,1.1762,5964.1,26
2025-07-27 20:24:00,1.1762,1.1762,1.1759,1.1761,52188.1,60
2025-07-27 20:26:00,1.1761,1.1761,1.176,1.176,22404.5,44
2025-07-27 20:28:00,1.1761,1.1761,1.1759,1.176,8279.4,28
2025-07-27 20:30:00,1.176,1.176,1.1759,1.1759,14941.5,18
2025-07-27 20:32:00,1.1759,1.176,1.1758,1.1758,16180.5,68
2025-07-27 20:34:00,1.1759,1.1759,1.1758,1.1759,14640.5,44
2025-07-27 20:36:00,1.1759,1.1759,1.1757,1.1757,23838.0,34
2025-07-27 20:38:00,1.1758,1.1758,1.1757,1.1758,12164.6,19
2025-07-27 20:40:00,1.1758,1.1758,1.1757,1.1758,9580.5,22
2025-07-27 20:42:00,1.1758,1.1758,1.1756,1.1758,75672.5,67
2025-07-27 20:44:00,1.1758,1.1758,1.1756,1.1757,10322.2,19
2025-07-27 20:46:00,1.1756,1.1757,1.1756,1.1757,8855.1,30
2025-07-27 20:48:00,1.1758,1.1758,1.1756,1.1758,13576.9,46
2025-07-27 20:50:00,1.1756,1.1758,1.1756,1.1757,14241.5,29
2025-07-27 20:52:00,1.1756,1.1758,1.1756,1.1757,17383.4,46
2025-07-27 20:54:00,1.1757,1.1758,1.1756,1.1757,18837.5,42
2025-07-27 20:56:00,1.1757,1.1758,1.1756,1.1757,6879.9,42
2025-07-27 20:58:00,1.1758,1.1758,1.1756,1.1758,2908.5,31
2025-07-27 21:00:00,1.1756,1.1758,1.1756,1.1758,14079.199999999999,41
2025-07-27 21:02:00,1.1758,1.1758,1.1756,1.1758,20214.5,53
2025-07-27 21:04:00,1.1757,1.1758,1.1752,1.1752,113965.8,127
2025-07-27 21:06:00,1.1753,1.1754,1.1751,1.1753,16511.3,42
2025-07-27 21:08:00,1.1753,1.1754,1.1752,1.1754,5301.3,30
2025-07-27 21:10:00,1.1754,1.1754,1.1751,1.1752,14086.199999999999,72
2025-07-27 21:12:00,1.1752,1.1754,1.1751,1.1752,3854.1000000000004,15
2025-07-27 21:14:00,1.1754,1.1754,1.1753,1.1754,7553.299999999999,27
2025-07-27 21:16:00,1.1754,1.1754,1.1753,1.1753,8010.7,27
2025-07-27 21:18:00,1.1753,1.1756,1.1753,1.1755,13195.5,42
2025-07-27 21:20:00,1.1755,1.1756,1.1754,1.1755,10997.5,51
2025-07-27 21:22:00,1.1756,1.1756,1.1755,1.1755,18962.1,57
2025-07-27 21:24:00,1.1756,1.1756,1.1755,1.1755,4053.8,18
2025-07-27 21:26:00,1.1755,1.1756,1.1755,1.1756,7946.3,32
2025-07-27 21:28:00,1.1756,1.1756,1.1755,1.1756,11760.0,36
2025-07-27 21:30:00,1.1755,1.1758,1.1755,1.1758,24503.1,57
2025-07-27 21:32:00,1.1757,1.1758,1.1756,1.1758,14391.3,51
2025-07-27 21:34:00,1.1758,1.176,1.1757,1.1759,14944.8,40
2025-07-27 21:36:00,1.176,1.1761,1.1758,1.176,15117.3,52
2025-07-27 21:38:00,1.1761,1.1761,1.1758,1.1759,19030.4,83
2025-07-27 21:40:00,1.176,1.176,1.1757,1.1759,12462.6,36
2025-07-27 21:42:00,1.1758,1.1759,1.1758,1.1759,9410.5,40
2025-07-27 21:44:00,1.1759,1.176,1.1758,1.1759,19259.4,57
2025-07-27 21:46:00,1.176,1.176,1.1758,1.1759,3408.9,20
2025-07-27 21:48:00,1.1759,1.176,1.1758,1.176,15646.8,39
2025-07-27 21:50:00,1.1759,1.1762,1.1759,1.1762,10701.4,44
2025-07-27 21:52:00,1.1761,1.1763,1.176,1.176,18384.4,37
2025-07-27 21:54:00,1.176,1.1761,1.1759,1.1761,8632.0,35
2025-07-27 21:56:00,1.1761,1.1762,1.1759,1.176,87379.2,81
2025-07-27 21:58:00,1.1759,1.176,1.1758,1.1759,11901.1,42
2025-07-27 22:00:00,1.1759,1.1764,1.1758,1.1763,271455.1,270
2025-07-27 22:02:00,1.1763,1.1765,1.1761,1.1763,70250.9,98
2025-07-27 22:04:00,1.1763,1.1763,1.1761,1.1762,54576.299999999996,121
2025-07-27 22:06:00,1.1762,1.1762,1.1756,1.1757,134644.1,144
2025-07-27 22:08:00,1.1757,1.1757,1.1756,1.1757,63707.8,56
2025-07-27 22:10:00,1.1757,1.1757,1.1755,1.1756,61882.799999999996,73
2025-07-27 22:12:00,1.1755,1.1756,1.1753,1.1754,30672.1,65
2025-07-27 22:14:00,1.1753,1.1756,1.1752,1.1756,14122.5,63
2025-07-27 22:16:00,1.1756,1.1757,1.1755,1.1755,23989.100000000002,45
2025-07-27 22:18:00,1.1755,1.1756,1.1752,1.1754,20838.3,81
2025-07-27 22:20:00,1.1753,1.1755,1.1753,1.1755,10474.5,40
2025-07-27 22:22:00,1.1754,1.1756,1.1754,1.1755,20681.2,65
2025-07-27 22:24:00,1.1756,1.1759,1.1755,1.1757,19507.4,55
2025-07-27 22:26:00,1.1758,1.1758,1.1752,1.1753,39170.7,87
2025-07-27 22:28:00,1.1754,1.1755,1.1753,1.1754,13082.7,47
2025-07-27 22:30:00,1.1755,1.1756,1.1753,1.1753,34771.7,54
2025-07-27 22:32:00,1.1754,1.1755,1.1753,1.1754,8541.4,46
2025-07-27 22:34:00,1.1755,1.1757,1.1754,1.1757,23113.0,41
2025-07-27 22:36:00,1.1756,1.1757,1.1755,1.1755,10839.6,48
2025-07-27 22:38:00,1.1756,1.1757,1.1755,1.1757,6051.1,38
2025-07-27 22:40:00,1.1757,1.1757,1.1754,1.1755,18091.5,47
2025-07-27 22:42:00,1.1755,1.1755,1.1753,1.1755,19343.8,50
2025-07-27 22:44:00,1.1755,1.1756,1.1754,1.1755,29579.8,35
2025-07-27 22:46:00,1.1755,1.1756,1.1755,1.1755,10158.1,45
2025-07-27 22:48:00,1.1755,1.1756,1.1754,1.1755,11540.1,46
2025-07-27 22:50:00,1.1755,1.1756,1.1754,1.1756,16349.2,47
2025-07-27 22:52:00,1.1756,1.1756,1.1755,1.1756,21305.9,44
2025-07-27 22:54:00,1.1755,1.1757,1.1755,1.1757,18132.1,50
2025-07-27 22:56:00,1.1758,1.1759,1.1757,1.1758,8688.1,49
2025-07-27 22:58:00,1.1758,1.1758,1.1756,1.1757,21072.0,50
2025-07-27 23:00:00,1.1756,1.1758,1.1754,1.1757,19718.2,67
2025-07-27 23:02:00,1.1757,1.1759,1.1757,1.1758,23913.3,54
2025-07-27 23:04:00,1.1757,1.1759,1.1757,1.1757,12933.800000000001,44
2025-07-27 23:06:00,1.1758,1.1759,1.1757,1.1757,12558.4,43
2025-07-27 23:08:00,1.1758,1.1759,1.1757,1.1758,7391.0,55
2025-07-27 23:10:00,1.1758,1.1759,1.1756,1.1757,18641.0,64
2025-07-27 23:12:00,1.1757,1.1758,1.1756,1.1757,17798.1,47
2025-07-27 23:14:00,1.1758,1.1759,1.1758,1.1758,10971.1,24
2025-07-27 23:16:00,1.1759,1.176,1.1758,1.1758,19108.1,63
2025-07-27 23:18:00,1.1758,1.1758,1.1756,1.1756,5520.7,27
2025-07-27 23:20:00,1.1758,1.1759,1.1757,1.1759,11175.699999999999,37
2025-07-27 23:22:00,1.1758,1.1759,1.1757,1.1759,4803.7,26
2025-07-27 23:24:00,1.1759,1.1761,1.1758,1.1761,8203.7,32
2025-07-27 23:26:00,1.1761,1.1761,1.1759,1.1761,12319.9,46
2025-07-27 23:28:00,1.1761,1.1761,1.176,1.1761,6636.799999999999,20
2025-07-27 23:30:00,1.176,1.1761,1.1759,1.176,6636.6,32
2025-07-27 23:32:00,1.176,1.176,1.1759,1.176,5102.9,13
2025-07-27 23:34:00,1.176,1.176,1.1759,1.1759,2467.2000000000003,16
2025-07-27 23:36:00,1.1759,1.176,1.1758,1.1759,14804.1,32
2025-07-27 23:38:00,1.176,1.1761,1.1759,1.176,3697.1,22
2025-07-27 23:40:00,1.176,1.176,1.1758,1.1759,9981.1,38
2025-07-27 23:42:00,1.1758,1.1759,1.1757,1.1758,3785.3,20
2025-07-27 23:44:00,1.1758,1.1759,1.1756,1.1757,7271.8,21
2025-07-27 23:46:00,1.1758,1.1759,1.1756,1.1758,13077.3,36
2025-07-27 23:48:00,1.1757,1.1759,1.1757,1.1758,4164.5,19
2025-07-27 23:50:00,1.1759,1.1759,1.1758,1.1758,7385.5,25
2025-07-27 23:52:00,1.1758,1.1758,1.1757,1.1758,6327.900000000001,12
2025-07-27 23:54:00,1.1758,1.1758,1.1758,1.1758,3238.3,13
2025-07-27 23:56:00,1.1758,1.1759,1.1757,1.1758,14086.8,22
2025-07-27 23:58:00,1.1758,1.1758,1.1757,1.1757,7816.2,22
2025-07-28 00:00:00,1.1757,1.1764,1.1757,1.1763,19964.5,74
2025-07-28 00:02:00,1.1763,1.1767,1.1763,1.1766,15107.3,53
2025-07-28 00:04:00,1.1766,1.1767,1.1766,1.1767,7799.400000000001,65
2025-07-28 00:06:00,1.1767,1.1767,1.1764,1.1764,12604.5,33
2025-07-28 00:08:00,1.1765,1.1765,1.1763,1.1764,4265.6,25
2025-07-28 00:10:00,1.1764,1.1764,1.176,1.176,7525.0,30
2025-07-28 00:12:00,1.176,1.1762,1.1759,1.1762,19191.4,49
2025-07-28 00:14:00,1.1762,1.1769,1.1762,1.1769,26005.2,137
2025-07-28 00:16:00,1.1768,1.1771,1.1767,1.177,33198.2,66
2025-07-28 00:18:00,1.177,1.177,1.1767,1.1769,103344.8,39
2025-07-28 00:20:00,1.1768,1.1771,1.1767,1.1771,8770.8,23
2025-07-28 00:22:00,1.1771,1.1771,1.1768,1.1769,31890.6,40
2025-07-28 00:24:00,1.1769,1.1769,1.1768,1.1768,4847.0,20
2025-07-28 00:26:00,1.1767,1.1767,1.1765,1.1766,44511.8,139
2025-07-28 00:28:00,1.1767,1.1767,1.1766,1.1767,5918.3,24
2025-07-28 00:30:00,1.1767,1.1767,1.1764,1.1766,53599.3,241
2025-07-28 00:32:00,1.1767,1.1767,1.1762,1.1763,36276.5,70
2025-07-28 00:34:00,1.1763,1.1763,1.1761,1.1761,20342.7,39
2025-07-28 00:36:00,1.1761,1.1763,1.1758,1.1759,33033.5,80
2025-07-28 00:38:00,1.1759,1.1761,1.1758,1.1759,6249.2,23
2025-07-28 00:40:00,1.1759,1.1759,1.1758,1.1759,4651.3,13
2025-07-28 00:42:00,1.1759,1.176,1.1759,1.1759,2409.4,21
2025-07-28 00:44:00,1.176,1.1761,1.1758,1.1759,19516.7,46
2025-07-28 00:46:00,1.176,1.1761,1.1757,1.1757,16863.1,49
2025-07-28 00:48:00,1.1758,1.1758,1.1756,1.1758,10845.800000000001,26
2025-07-28 00:50:00,1.1758,1.1759,1.1757,1.1759,13561.6,27
2025-07-28 00:52:00,1.1758,1.176,1.1758,1.1758,6293.0,10
2025-07-28 00:54:00,1.1759,1.1762,1.1758,1.1761,19736.0,49
2025-07-28 00:56:00,1.1761,1.1764,1.1761,1.1764,7069.0,29
2025-07-28 00:58:00,1.1764,1.1765,1.1764,1.1765,22554.5,28
2025-07-28 01:00:00,1.1765,1.1767,1.1765,1.1766,23701.7,142
2025-07-28 01:02:00,1.1767,1.177,1.1766,1.177,29367.6,80
2025-07-28 01:04:00,1.1769,1.177,1.1767,1.1767,23252.6,51
2025-07-28 01:06:00,1.1767,1.1768,1.1766,1.1766,4987.5,13
2025-07-28 01:08:00,1.1768,1.1768,1.1765,1.1767,13812.300000000001,34
2025-07-28 01:10:00,1.1767,1.1768,1.1766,1.1768,13224.4,22
2025-07-28 01:12:00,1.1768,1.1769,1.1767,1.1767,9604.0,25
2025-07-28 01:14:00,1.1767,1.1767,1.1765,1.1767,21756.7,34
2025-07-28 01:16:00,1.1766,1.1767,1.1765,1.1766,8502.7,18
2025-07-28 01:18:00,1.1765,1.1766,1.1765,1.1765,2506.1,8
2025-07-28 01:20:00,1.1766,1.1766,1.1763,1.1763,29132.2,44
2025-07-28 01:22:00,1.1764,1.1765,1.1763,1.1764,6100.2,27
2025-07-28 01:24:00,1.1765,1.1765,1.1763,1.1763,4114.7,17
2025-07-28 01:26:00,1.1764,1.1764,1.1762,1.1763,4665.9,14
2025-07-28 01:28:00,1.1762,1.1764,1.1762,1.1763,1118.7,5
2025-07-28 01:30:00,1.1763,1.1764,1.1761,1.1761,13857.9,34
2025-07-28 01:32:00,1.176,1.1762,1.176,1.176,7382.8,22
2025-07-28 01:34:00,1.1761,1.1761,1.176,1.1761,1820.6,11
2025-07-28 01:36:00,1.1761,1.1761,1.176,1.1761,962.2,9
2025-07-28 01:38:00,1.1761,1.1761,1.1756,1.1756,5700.900000000001,26
2025-07-28 01:40:00,1.1756,1.1756,1.1754,1.1755,5536.8,14
2025-07-28 01:42:00,1.1755,1.1756,1.1754,1.1754,5231.0,11
2025-07-28 01:44:00,1.1754,1.1755,1.1753,1.1755,3186.2000000000003,12
2025-07-28 01:46:00,1.1755,1.1755,1.1753,1.1754,15728.1,29
2025-07-28 01:48:00,1.1754,1.1754,1.1753,1.1754,7012.7,24
2025-07-28 01:50:00,1.1754,1.1754,1.1752,1.1753,3331.2,10
2025-07-28 01:52:00,1.1751,1.1754,1.175,1.1753,17191.8,52
2025-07-28 01:54:00,1.1754,1.1755,1.1754,1.1755,794.7,5
2025-07-28 01:56:00,1.1755,1.1755,1.1753,1.1754,13003.8,20
2025-07-28 01:58:00,1.1755,1.1755,1.1753,1.1754,6131.7,19
2025-07-28 02:00:00,1.1754,1.1755,1.1753,1.1754,12357.3,80
2025-07-28 02:02:00,1.1753,1.1755,1.1753,1.1753,21733.0,30
2025-07-28 02:04:00,1.1753,1.1753,1.1751,1.1752,6027.5,14
2025-07-28 02:06:00,1.1752,1.1752,1.1749,1.175,4293.700000000001,10
2025-07-28 02:08:00,1.1749,1.1751,1.1749,1.1751,6178.1,9
2025-07-28 02:10:00,1.1751,1.1751,1.1749,1.1751,14765.9,26
2025-07-28 02:12:00,1.1751,1.1751,1.1749,1.175,20277.5,50
2025-07-28 02:14:00,1.175,1.175,1.1749,1.175,7654.8,9
2025-07-28 02:16:00,1.175,1.175,1.1748,1.1749,3374.0,13
2025-07-28 02:18:00,1.175,1.175,1.1748,1.1749,4499.1,27
2025-07-28 02:20:00,1.1749,1.175,1.1749,1.1749,2711.9,18
2025-07-28 02:22:00,1.1749,1.1751,1.1749,1.1749,20406.3,33
2025-07-28 02:24:00,1.175,1.1751,1.1749,1.1751,3599.0,20
2025-07-28 02:26:00,1.1752,1.1753,1.1751,1.1753,7693.6,18
2025-07-28 02:28:00,1.1753,1.1753,1.1751,1.1751,10331.8,36
2025-07-28 02:30:00,1.1751,1.1754,1.175,1.1753,229308.6,296
2025-07-28 02:32:00,1.1753,1.1756,1.1752,1.1755,598744.3,461
2025-07-28 02:34:00,1.1755,1.1755,1.1753,1.1755,81846.2,84
2025-07-28 02:36:00,1.1755,1.1757,1.1754,1.1755,84786.2,256
2025-07-28 02:38:00,1.1755,1.1755,1.1752,1.1753,40493.5,63
2025-07-28 02:40:00,1.1753,1.1754,1.1752,1.1752,12823.2,21
2025-07-28 02:42:00,1.1752,1.1753,1.1751,1.1753,19011.2,61
2025-07-28 02:44:00,1.1753,1.1754,1.1753,1.1754,7517.4,14
2025-07-28 02:46:00,1.1753,1.1755,1.1753,1.1755,24050.2,25
2025-07-28 02:48:00,1.1754,1.1757,1.1754,1.1756,10308.4,65
2025-07-28 02:50:00,1.1755,1.1757,1.1755,1.1757,3483.4,24
2025-07-28 02:52:00,1.1756,1.1758,1.1756,1.1758,18954.5,65
2025-07-28 02:54:00,1.1758,1.1759,1.1756,1.1758,15242.5,35
2025-07-28 02:56:00,1.1758,1.1758,1.1754,1.1754,54888.7,81
2025-07-28 02:58:00,1.1755,1.1757,1.1754,1.1756,6841.0,16
2025-07-28 03:00:00,1.1755,1.1756,1.1754,1.1756,10552.4,38
2025-07-28 03:02:00,1.1755,1.1757,1.1754,1.1756,5927.6,31
2025-07-28 03:04:00,1.1757,1.1758,1.1756,1.1757,7478.9,17
2025-07-28 03:06:00,1.1756,1.1757,1.1755,1.1756,11320.699999999999,13
2025-07-28 03:08:00,1.1756,1.1756,1.1754,1.1755,3164.4,13
2025-07-28 03:10:00,1.1754,1.1755,1.1754,1.1754,4888.799999999999,31
2025-07-28 03:12:00,1.1754,1.1755,1.1753,1.1755,9189.8,22
2025-07-28 03:14:00,1.1755,1.1755,1.1754,1.1755,4133.3,32
2025-07-28 03:16:00,1.1755,1.1756,1.1755,1.1756,12210.3,32
2025-07-28 03:18:00,1.1755,1.1756,1.1755,1.1756,4686.2,12
2025-07-28 03:20:00,1.1756,1.1756,1.1754,1.1755,969.0,9
2025-07-28 03:22:00,1.1754,1.1754,1.1753,1.1754,6993.2,13
2025-07-28 03:24:00,1.1753,1.1756,1.1753,1.1754,13919.2,22
2025-07-28 03:26:00,1.1755,1.1756,1.1754,1.1755,2328.8,10
2025-07-28 03:28:00,1.1754,1.1754,1.1753,1.1753,6140.5,22
2025-07-28 03:30:00,1.1753,1.1753,1.1753,1.1753,252.0,4
2025-07-28 03:32:00,1.1753,1.1755,1.1753,1.1755,987.9,11
2025-07-28 03:34:00,1.1756,1.1756,1.1754,1.1756,5241.6,17
2025-07-28 03:36:00,1.1756,1.1757,1.1755,1.1756,14222.8,14
2025-07-28 03:38:00,1.1755,1.1757,1.1755,1.1757,832.2,8
2025-07-28 03:40:00,1.1757,1.1758,1.1756,1.1758,8534.4,20
2025-07-28 03:42:00,1.1758,1.1758,1.1757,1.1758,3909.6,15
2025-07-28 03:44:00,1.1757,1.1757,1.1756,1.1757,7736.4,19
2025-07-28 03:46:00,1.1756,1.1757,1.1756,1.1756,3248.7,9
2025-07-28 03:48:00,1.1756,1.1758,1.1756,1.1757,2324.0,14
2025-07-28 03:50:00,1.1756,1.1757,1.1755,1.1756,10933.800000000001,25
2025-07-28 03:52:00,1.1755,1.1756,1.1755,1.1755,2590.1,14
2025-07-28 03:54:00,1.1755,1.1758,1.1755,1.1757,9248.9,35
2025-07-28 03:56:00,1.1757,1.1758,1.1757,1.1757,1944.9,8
2025-07-28 03:58:00,1.1757,1.1758,1.1757,1.1758,419.0,5
2025-07-28 04:00:00,1.1759,1.1759,1.1757,1.1758,3655.1,16
2025-07-28 04:02:00,1.1758,1.176,1.1758,1.1758,11966.7,40
2025-07-28 04:04:00,1.1757,1.1759,1.1757,1.1758,429.7,11
2025-07-28 04:06:00,1.1758,1.1759,1.1757,1.1757,4353.3,19
2025-07-28 04:08:00,1.1756,1.1757,1.1756,1.1757,6221.5,28
2025-07-28 04:10:00,1.1757,1.1757,1.1756,1.1757,11484.1,14
2025-07-28 04:12:00,1.1756,1.1757,1.1756,1.1756,7010.0,15
2025-07-28 04:14:00,1.1756,1.1757,1.1755,1.1756,2318.1,14
2025-07-28 04:16:00,1.1757,1.1758,1.1756,1.1758,4099.7,8
2025-07-28 04:18:00,1.1757,1.1757,1.1755,1.1756,11885.5,24
2025-07-28 04:20:00,1.1755,1.1756,1.1754,1.1754,3485.6,12
2025-07-28 04:22:00,1.1755,1.1755,1.1753,1.1753,9649.5,28
2025-07-28 04:24:00,1.1753,1.1754,1.1752,1.1754,27636.899999999998,103
2025-07-28 04:26:00,1.1754,1.1754,1.1752,1.1753,12909.0,37
2025-07-28 04:28:00,1.1752,1.1753,1.1752,1.1752,11670.3,30
2025-07-28 04:30:00,1.1753,1.1753,1.1752,1.1752,1883.0,15
2025-07-28 04:32:00,1.1753,1.1753,1.1751,1.1752,7734.1,52
2025-07-28 04:34:00,1.1752,1.1752,1.175,1.1752,4182.5,17
2025-07-28 04:36:00,1.1752,1.1752,1.175,1.175,2691.2,14
2025-07-28 04:38:00,1.175,1.1752,1.175,1.1751,15195.1,35
2025-07-28 04:40:00,1.175,1.1751,1.1748,1.175,12023.1,49
2025-07-28 04:42:00,1.1749,1.1751,1.1749,1.1751,7937.3,33
2025-07-28 04:44:00,1.1751,1.1751,1.1749,1.1749,21287.399999999998,46
2025-07-28 04:46:00,1.175,1.1751,1.1748,1.1749,11462.1,34
2025-07-28 04:48:00,1.1751,1.1751,1.1749,1.175,10003.3,32
2025-07-28 04:50:00,1.1751,1.1751,1.1749,1.175,3690.9,20
2025-07-28 04:52:00,1.1749,1.175,1.1748,1.1749,11232.4,27
2025-07-28 04:54:00,1.1749,1.1749,1.1748,1.1748,779.5999999999999,10
2025-07-28 04:56:00,1.1749,1.175,1.1748,1.1748,5751.0,31
2025-07-28 04:58:00,1.1748,1.1749,1.1748,1.1748,5863.9,10
2025-07-28 05:00:00,1.1749,1.1749,1.1748,1.1748,3381.2,13
2025-07-28 05:02:00,1.1748,1.1749,1.1747,1.1748,8047.3,29
2025-07-28 05:04:00,1.1748,1.1748,1.1746,1.1747,7069.7,25
2025-07-28 05:06:00,1.1747,1.1748,1.1746,1.1747,2422.5,18
2025-07-28 05:08:00,1.1747,1.1749,1.1746,1.1746,9004.4,31
2025-07-28 05:10:00,1.1746,1.1747,1.1746,1.1746,7182.0,23
2025-07-28 05:12:00,1.1746,1.1747,1.1745,1.1746,32936.1,57
2025-07-28 05:14:00,1.1746,1.1747,1.1745,1.1745,17754.0,36
2025-07-28 05:16:00,1.1745,1.1747,1.1745,1.1745,9211.699999999999,72
2025-07-28 05:18:00,1.1745,1.1745,1.1743,1.1744,17264.9,101
2025-07-28 05:20:00,1.1744,1.1745,1.1743,1.1745,21845.3,52
2025-07-28 05:22:00,1.1745,1.1746,1.1743,1.1744,35229.3,129
2025-07-28 05:24:00,1.1744,1.1744,1.1741,1.1743,39682.4,45
2025-07-28 05:26:00,1.1742,1.1744,1.1742,1.1744,31561.0,89
2025-07-28 05:28:00,1.1744,1.1744,1.1742,1.1744,23001.3,59
2025-07-28 05:30:00,1.1744,1.1744,1.1742,1.1743,15341.1,67
2025-07-28 05:32:00,1.1743,1.1743,1.1742,1.1743,7639.400000000001,28
2025-07-28 05:34:00,1.1743,1.1744,1.1742,1.1744,20356.6,36
2025-07-28 05:36:00,1.1743,1.1744,1.1742,1.1744,28520.6,57
2025-07-28 05:38:00,1.1744,1.1745,1.1743,1.1745,16434.2,57
2025-07-28 05:40:00,1.1744,1.1745,1.1744,1.1745,20558.0,57
2025-07-28 05:42:00,1.1745,1.1746,1.1744,1.1746,8089.2,37
2025-07-28 05:44:00,1.1745,1.1746,1.1745,1.1746,7691.6,26
2025-07-28 05:46:00,1.1745,1.1746,1.1743,1.1743,16243.4,56
2025-07-28 05:48:00,1.1745,1.1745,1.1744,1.1745,13444.5,43
2025-07-28 05:50:00,1.1745,1.1747,1.1744,1.1747,11910.9,57
2025-07-28 05:52:00,1.1747,1.1747,1.1744,1.1744,19259.7,99
2025-07-28 05:54:00,1.1745,1.1745,1.1743,1.1745,37471.1,58
2025-07-28 05:56:00,1.1744,1.1744,1.1742,1.1742,13569.0,44
2025-07-28 05:58:00,1.1744,1.1744,1.1742,1.1743,8826.3,33
2025-07-28 06:00:00,1.1742,1.1744,1.1741,1.1744,30935.0,69
2025-07-28 06:02:00,1.1744,1.1747,1.1743,1.1745,40802.8,94
2025-07-28 06:04:00,1.1744,1.1744,1.1741,1.1743,13858.0,51
2025-07-28 06:06:00,1.1743,1.1743,1.1741,1.1743,21760.8,43
2025-07-28 06:08:00,1.1743,1.1743,1.174,1.1742,25838.1,50
2025-07-28 06:10:00,1.1741,1.1742,1.174,1.174,13944.300000000001,45
2025-07-28 06:12:00,1.174,1.1742,1.174,1.174,10497.9,40
2025-07-28 06:14:00,1.1741,1.1742,1.174,1.1741,14510.2,32
2025-07-28 06:16:00,1.1741,1.1741,1.1737,1.1738,87398.3,188
2025-07-28 06:18:00,1.1738,1.1738,1.1735,1.1735,55749.6,64
2025-07-28 06:20:00,1.1735,1.1735,1.1728,1.1729,153721.0,141
2025-07-28 06:22:00,1.1728,1.1729,1.1725,1.1725,49277.1,63
2025-07-28 06:24:00,1.1726,1.1726,1.1718,1.1718,106020.8,85
2025-07-28 06:26:00,1.1719,1.1719,1.1715,1.1715,48448.0,140
2025-07-28 06:28:00,1.1716,1.1722,1.1716,1.172,21872.8,82
2025-07-28 06:30:00,1.1721,1.1723,1.1719,1.1721,15735.2,57
2025-07-28 06:32:00,1.1721,1.1722,1.1717,1.1719,30844.8,96
2025-07-28 06:34:00,1.1719,1.1719,1.1717,1.1718,29027.2,77
2025-07-28 06:36:00,1.1718,1.1718,1.1715,1.1716,37963.6,51
2025-07-28 06:38:00,1.1716,1.1718,1.1716,1.1717,23049.0,95
2025-07-28 06:40:00,1.1718,1.172,1.1716,1.1717,38943.1,83
2025-07-28 06:42:00,1.1718,1.172,1.1717,1.1719,42812.9,105
2025-07-28 06:44:00,1.172,1.1721,1.1718,1.172,17983.7,61
2025-07-28 06:46:00,1.1721,1.1721,1.1719,1.1721,12054.8,41
2025-07-28 06:48:00,1.1719,1.1723,1.1719,1.1723,14428.1,63
2025-07-28 06:50:00,1.1723,1.1723,1.1721,1.1721,11700.0,44
2025-07-28 06:52:00,1.1721,1.1724,1.1721,1.1724,15309.6,51
2025-07-28 06:54:00,1.1724,1.1726,1.1723,1.1726,25985.8,50
2025-07-28 06:56:00,1.1725,1.1728,1.1725,1.1727,25526.3,97
2025-07-28 06:58:00,1.1727,1.1727,1.1722,1.1724,52835.3,93
2025-07-28 07:00:00,1.1724,1.1726,1.1723,1.1724,24888.5,96
2025-07-28 07:02:00,1.1724,1.1724,1.172,1.172,24643.4,53
2025-07-28 07:04:00,1.172,1.1722,1.1719,1.1722,43795.8,90
2025-07-28 07:06:00,1.1722,1.1726,1.1722,1.1724,59082.2,105
2025-07-28 07:08:00,1.1724,1.1725,1.1721,1.1723,53575.8,147
2025-07-28 07:10:00,1.1722,1.1724,1.1721,1.1721,34428.0,82
2025-07-28 07:12:00,1.172,1.172,1.1718,1.1718,13413.4,38
2025-07-28 07:14:00,1.1719,1.1721,1.1718,1.172,33371.5,49
2025-07-28 07:16:00,1.1722,1.1723,1.172,1.1721,23590.5,67
2025-07-28 07:18:00,1.172,1.1721,1.1719,1.1721,12111.8,68
2025-07-28 07:20:00,1.1721,1.1722,1.172,1.1721,5554.6,21
2025-07-28 07:22:00,1.172,1.1723,1.172,1.1722,31568.2,65
2025-07-28 07:24:00,1.1722,1.1724,1.1722,1.1723,6738.6,28
2025-07-28 07:26:00,1.1723,1.1723,1.1718,1.1719,30677.0,61
2025-07-28 07:28:00,1.1719,1.172,1.1713,1.1714,52191.1,110
2025-07-28 07:30:00,1.1713,1.1714,1.1705,1.1706,88404.5,233
2025-07-28 07:32:00,1.1705,1.1707,1.1701,1.1706,118795.8,220
2025-07-28 07:34:00,1.1705,1.1707,1.1704,1.1707,36973.9,91
2025-07-28 07:36:00,1.1706,1.1709,1.1704,1.1704,58649.4,156
2025-07-28 07:38:00,1.1703,1.1705,1.1702,1.1702,21997.5,70
2025-07-28 07:40:00,1.1701,1.1702,1.1699,1.17,27120.6,77
2025-07-28 07:42:00,1.1699,1.1701,1.1697,1.1699,36070.0,105
2025-07-28 07:44:00,1.1697,1.1699,1.1697,1.1697,25649.600000000002,45
2025-07-28 07:46:00,1.1697,1.1697,1.1693,1.1693,31868.8,79
2025-07-28 07:48:00,1.1693,1.1695,1.1692,1.1694,10291.6,46
2025-07-28 07:50:00,1.1693,1.1694,1.1692,1.1694,43091.5,49
2025-07-28 07:52:00,1.1693,1.1693,1.169,1.1693,15330.800000000001,45
2025-07-28 07:54:00,1.1693,1.1694,1.1691,1.1693,22016.1,176
2025-07-28 07:56:00,1.1692,1.1693,1.1689,1.1689,13645.8,55
2025-07-28 07:58:00,1.1689,1.1689,1.1682,1.1683,133678.4,120
2025-07-28 08:00:00,1.1684,1.1689,1.1683,1.1688,49051.8,111
2025-07-28 08:02:00,1.1688,1.1689,1.1684,1.1686,51005.5,91
2025-07-28 08:04:00,1.1684,1.1684,1.168,1.1683,49438.7,113
2025-07-28 08:06:00,1.1683,1.1684,1.1679,1.168,30269.9,118
2025-07-28 08:08:00,1.1679,1.1682,1.1679,1.1681,39361.4,239
2025-07-28 08:10:00,1.168,1.1682,1.168,1.1682,23266.9,73
2025-07-28 08:12:00,1.1682,1.1685,1.1681,1.1684,26126.1,66
2025-07-28 08:14:00,1.1684,1.1685,1.1681,1.1682,22572.0,63
2025-07-28 08:16:00,1.1683,1.1684,1.1681,1.1683,45463.2,104
2025-07-28 08:18:00,1.1684,1.1686,1.1682,1.1685,23505.399999999998,45
2025-07-28 08:20:00,1.1686,1.169,1.1685,1.1687,48261.1,195
2025-07-28 08:22:00,1.1688,1.1691,1.1687,1.169,28956.399999999998,67
2025-07-28 08:24:00,1.169,1.1691,1.1689,1.1689,7852.1,46
2025-07-28 08:26:00,1.1689,1.1691,1.1688,1.1689,19477.6,97
2025-07-28 08:28:00,1.1689,1.169,1.1687,1.169,20370.5,44
2025-07-28 08:30:00,1.169,1.1691,1.1689,1.1689,39152.7,136
2025-07-28 08:32:00,1.1691,1.1693,1.1689,1.1693,33827.6,81
2025-07-28 08:34:00,1.1692,1.1694,1.169,1.1693,33364.7,74
2025-07-28 08:36:00,1.1693,1.1694,1.169,1.169,14938.3,62
2025-07-28 08:38:00,1.1691,1.1691,1.1688,1.1688,27602.699999999997,33
2025-07-28 08:40:00,1.1689,1.1689,1.1685,1.1685,50320.6,100
2025-07-28 08:42:00,1.1686,1.1686,1.1682,1.1683,31568.5,98
2025-07-28 08:44:00,1.1683,1.1684,1.1681,1.1682,18883.5,51
2025-07-28 08:46:00,1.1682,1.1683,1.168,1.1681,28968.7,62
2025-07-28 08:48:00,1.1681,1.1682,1.168,1.1682,13738.0,68
2025-07-28 08:50:00,1.1681,1.1682,1.168,1.1682,52964.4,90
2025-07-28 08:52:00,1.168,1.1681,1.1676,1.1677,27110.3,66
2025-07-28 08:54:00,1.1677,1.168,1.1676,1.1679,24808.7,40
2025-07-28 08:56:00,1.168,1.1683,1.168,1.1681,27175.1,82
2025-07-28 08:58:00,1.1681,1.1684,1.1681,1.1683,14098.9,66
2025-07-28 09:00:00,1.1683,1.1684,1.1682,1.1684,56138.5,86
2025-07-28 09:02:00,1.1684,1.1684,1.1681,1.1682,39072.6,55
2025-07-28 09:04:00,1.1682,1.1682,1.168,1.168,14511.0,48
2025-07-28 09:06:00,1.168,1.168,1.1678,1.1679,5424.5,19
2025-07-28 09:08:00,1.168,1.1683,1.1679,1.1681,17405.8,56
2025-07-28 09:10:00,1.1683,1.1685,1.1682,1.1684,24502.9,95
2025-07-28 09:12:00,1.1684,1.1686,1.1683,1.1685,12608.4,43
2025-07-28 09:14:00,1.1685,1.1685,1.1682,1.1683,43772.0,83
2025-07-28 09:16:00,1.1684,1.1685,1.1681,1.1682,20667.6,58
2025-07-28 09:18:00,1.1683,1.1684,1.1682,1.1684,22816.6,66
2025-07-28 09:20:00,1.1685,1.1689,1.1684,1.1688,27508.2,74
2025-07-28 09:22:00,1.1688,1.1688,1.1687,1.1688,12262.8,44
2025-07-28 09:24:00,1.1688,1.1689,1.1685,1.1686,52198.4,80
2025-07-28 09:26:00,1.1684,1.1686,1.1679,1.1679,26596.9,50
2025-07-28 09:28:00,1.1681,1.1682,1.1679,1.1679,16598.9,49
2025-07-28 09:30:00,1.1679,1.168,1.1678,1.168,10087.1,48
2025-07-28 09:32:00,1.168,1.168,1.1678,1.1679,25807.6,64
2025-07-28 09:34:00,1.1679,1.1679,1.167,1.167,26851.6,108
2025-07-28 09:36:00,1.1671,1.1671,1.1666,1.1669,25954.9,105
2025-07-28 09:38:00,1.1669,1.1672,1.1668,1.1671,12849.0,66
2025-07-28 09:40:00,1.1672,1.1672,1.167,1.1671,17190.7,59
2025-07-28 09:42:00,1.1672,1.1674,1.1671,1.1674,17917.3,58
2025-07-28 09:44:00,1.1674,1.1676,1.1673,1.1675,24128.399999999998,67
2025-07-28 09:46:00,1.1675,1.1675,1.1673,1.1674,19479.3,53
2025-07-28 09:48:00,1.1673,1.1674,1.1673,1.1673,29218.1,53
2025-07-28 09:50:00,1.1672,1.1673,1.167,1.1671,31608.5,64
2025-07-28 09:52:00,1.167,1.1673,1.167,1.1673,13605.199999999999,53
2025-07-28 09:54:00,1.1673,1.1673,1.167,1.1672,21699.1,110
2025-07-28 09:56:00,1.1671,1.1672,1.167,1.167,15645.1,50
2025-07-28 09:58:00,1.167,1.1671,1.1669,1.1669,15211.800000000001,55
2025-07-28 10:00:00,1.1669,1.1672,1.1669,1.1671,33993.9,231
2025-07-28 10:02:00,1.1671,1.1672,1.1666,1.1667,22824.3,80
2025-07-28 10:04:00,1.1666,1.1668,1.1665,1.1665,47351.8,208
2025-07-28 10:06:00,1.1665,1.1666,1.1662,1.1663,277581.7,154
2025-07-28 10:08:00,1.1663,1.1665,1.1663,1.1665,28318.2,72
2025-07-28 10:10:00,1.1663,1.1665,1.1661,1.1663,13325.9,57
2025-07-28 10:12:00,1.1664,1.1667,1.1663,1.1665,108489.2,609
2025-07-28 10:14:00,1.1665,1.1668,1.1665,1.1666,69965.7,383
2025-07-28 10:16:00,1.1667,1.1668,1.1666,1.1667,19452.7,121
2025-07-28 10:18:00,1.1667,1.1668,1.1665,1.1666,24050.9,155
2025-07-28 10:20:00,1.1665,1.1666,1.1662,1.1662,36476.0,89
2025-07-28 10:22:00,1.1661,1.1661,1.1657,1.1658,257619.4,185
2025-07-28 10:24:00,1.1657,1.1658,1.1655,1.1655,46256.1,50
2025-07-28 10:26:00,1.1656,1.1657,1.1655,1.1657,19278.6,41
2025-07-28 10:28:00,1.1655,1.1659,1.1655,1.1656,60784.1,291
2025-07-28 10:30:00,1.1657,1.166,1.1657,1.166,21403.9,58
2025-07-28 10:32:00,1.1659,1.1661,1.1659,1.1659,38902.7,81
2025-07-28 10:34:00,1.166,1.166,1.1658,1.166,25746.7,67
2025-07-28 10:36:00,1.1659,1.166,1.1658,1.166,23283.9,40
2025-07-28 10:38:00,1.166,1.1663,1.1659,1.1663,25065.800000000003,98
2025-07-28 10:40:00,1.1663,1.1664,1.1662,1.1664,26523.6,278
2025-07-28 10:42:00,1.1665,1.1667,1.1663,1.1666,61786.4,301
2025-07-28 10:44:00,1.1666,1.1667,1.1664,1.1666,21617.4,50
2025-07-28 10:46:00,1.1664,1.1665,1.1662,1.1662,38491.5,51
2025-07-28 10:48:00,1.1663,1.1663,1.1657,1.1658,46142.2,73
2025-07-28 10:50:00,1.1658,1.1659,1.1656,1.1658,20402.6,39
2025-07-28 10:52:00,1.1658,1.1658,1.1656,1.1656,17900.2,45
2025-07-28 10:54:00,1.1658,1.1658,1.1656,1.1656,11017.8,20
2025-07-28 10:56:00,1.1656,1.1659,1.1656,1.1657,42950.8,203
2025-07-28 10:58:00,1.1658,1.1659,1.1657,1.1657,19258.4,63
2025-07-28 11:00:00,1.1658,1.1658,1.1655,1.1655,110299.4,148
2025-07-28 11:02:00,1.1655,1.1655,1.1651,1.1654,37522.1,100
2025-07-28 11:04:00,1.1653,1.1656,1.1653,1.1656,14731.1,61
2025-07-28 11:06:00,1.1655,1.1656,1.1652,1.1653,31820.8,57
2025-07-28 11:08:00,1.1653,1.1655,1.1652,1.1653,26546.6,62
2025-07-28 11:10:00,1.1653,1.1653,1.1652,1.1653,13179.5,36
2025-07-28 11:12:00,1.1653,1.1654,1.1651,1.1653,7975.9,34
2025-07-28 11:14:00,1.1653,1.1654,1.1651,1.1653,9226.9,28
2025-07-28 11:16:00,1.1653,1.1653,1.1648,1.1648,58037.9,100
2025-07-28 11:18:00,1.1649,1.1652,1.1647,1.1649,51742.2,94
2025-07-28 11:20:00,1.1649,1.165,1.1648,1.165,13364.6,49
2025-07-28 11:22:00,1.165,1.1651,1.1649,1.1651,10464.7,50
2025-07-28 11:24:00,1.165,1.1651,1.1645,1.1646,215002.4,142
2025-07-28 11:26:00,1.1646,1.165,1.1646,1.1648,89125.6,405
2025-07-28 11:28:00,1.1649,1.165,1.1648,1.1649,21658.7,67
2025-07-28 11:30:00,1.1649,1.1651,1.1645,1.1647,36091.799999999996,66
2025-07-28 11:32:00,1.1647,1.1647,1.1642,1.1642,20330.8,64
2025-07-28 11:34:00,1.1642,1.1648,1.1642,1.1648,32582.2,99
2025-07-28 11:36:00,1.1649,1.1649,1.1644,1.1646,12102.7,48
2025-07-28 11:38:00,1.1646,1.1648,1.1645,1.1646,30559.0,141
2025-07-28 11:40:00,1.1645,1.1649,1.1645,1.1647,16705.5,61
2025-07-28 11:42:00,1.1646,1.1647,1.1643,1.1645,33453.5,62
2025-07-28 11:44:00,1.1646,1.1647,1.1644,1.1645,16666.3,88
2025-07-28 11:46:00,1.1646,1.1648,1.1645,1.1647,18122.8,51
2025-07-28 11:48:00,1.1647,1.1648,1.1642,1.1644,81713.5,166
2025-07-28 11:50:00,1.1643,1.1647,1.1641,1.1647,39114.3,109
2025-07-28 11:52:00,1.1645,1.1647,1.1645,1.1647,64561.700000000004,282
2025-07-28 11:54:00,1.1646,1.1648,1.1644,1.1647,83052.2,206
2025-07-28 11:56:00,1.1648,1.1651,1.1647,1.1648,59277.2,120
2025-07-28 11:58:00,1.1648,1.1649,1.1646,1.1648,19965.0,36
2025-07-28 12:00:00,1.1649,1.1657,1.1649,1.1657,92783.0,334
2025-07-28 12:02:00,1.1657,1.1663,1.1656,1.1657,71151.0,426
2025-07-28 12:04:00,1.1658,1.1661,1.1657,1.1659,46624.9,105
2025-07-28 12:06:00,1.166,1.166,1.1655,1.1656,47091.9,67
2025-07-28 12:08:00,1.1656,1.1656,1.1653,1.1653,47810.5,117
2025-07-28 12:10:00,1.1653,1.1656,1.1652,1.1655,58312.8,171
2025-07-28 12:12:00,1.1656,1.1657,1.1653,1.1653,32255.5,84
2025-07-28 12:14:00,1.1654,1.1657,1.1653,1.1657,29137.7,93
2025-07-28 12:16:00,1.1656,1.1656,1.1652,1.1653,18569.0,76
2025-07-28 12:18:00,1.1654,1.1654,1.1652,1.1653,36055.9,33
2025-07-28 12:20:00,1.1653,1.1657,1.1653,1.1655,52347.1,321
2025-07-28 12:22:00,1.1656,1.1657,1.1654,1.1654,54960.0,59
2025-07-28 12:24:00,1.1655,1.1655,1.1654,1.1655,15203.6,32
2025-07-28 12:26:00,1.1655,1.1658,1.1654,1.1658,25115.9,80
2025-07-28 12:28:00,1.1658,1.166,1.1657,1.1658,19586.4,47
2025-07-28 12:30:00,1.1658,1.166,1.1657,1.166,14762.0,48
2025-07-28 12:32:00,1.1659,1.166,1.1657,1.1659,48408.1,88
2025-07-28 12:34:00,1.1659,1.1659,1.1657,1.1659,27224.5,67
2025-07-28 12:36:00,1.1659,1.1662,1.1658,1.1661,19179.2,56
2025-07-28 12:38:00,1.1663,1.1663,1.166,1.1661,19767.3,158
2025-07-28 12:40:00,1.166,1.1661,1.1658,1.166,18325.3,64
2025-07-28 12:42:00,1.166,1.1661,1.1657,1.1658,20058.5,46
2025-07-28 12:44:00,1.1658,1.1658,1.1655,1.1656,40207.6,44
2025-07-28 12:46:00,1.1657,1.1657,1.1653,1.1654,19391.0,55
2025-07-28 12:48:00,1.1654,1.1654,1.165,1.1651,33021.5,91
2025-07-28 12:50:00,1.165,1.1651,1.1647,1.1649,47265.3,70
2025-07-28 12:52:00,1.1648,1.165,1.1647,1.1648,30064.4,70
2025-07-28 12:54:00,1.1649,1.1652,1.1649,1.1652,24732.1,107
2025-07-28 12:56:00,1.1652,1.1654,1.1651,1.1654,18649.0,76
2025-07-28 12:58:00,1.1653,1.1655,1.1652,1.1653,37905.2,79
2025-07-28 13:00:00,1.1653,1.1656,1.1653,1.1655,34896.1,187
2025-07-28 13:02:00,1.1655,1.1657,1.1653,1.1654,37063.8,131
2025-07-28 13:04:00,1.1654,1.1657,1.1653,1.1656,41085.5,136
2025-07-28 13:06:00,1.1655,1.1657,1.1654,1.1654,39763.2,82
2025-07-28 13:08:00,1.1654,1.1657,1.1653,1.1655,30897.8,62
2025-07-28 13:10:00,1.1655,1.1655,1.1652,1.1653,21998.7,52
2025-07-28 13:12:00,1.1652,1.1654,1.1651,1.1652,37922.8,150
2025-07-28 13:14:00,1.1651,1.1653,1.165,1.1652,25558.4,62
2025-07-28 13:16:00,1.165,1.1651,1.1645,1.1645,18358.2,58
2025-07-28 13:18:00,1.1644,1.1645,1.1641,1.1642,73356.3,246
2025-07-28 13:20:00,1.1642,1.1644,1.1639,1.164,16576.6,65
2025-07-28 13:22:00,1.1639,1.1642,1.1639,1.1641,45849.3,211
2025-07-28 13:24:00,1.1641,1.1642,1.164,1.1641,35089.3,98
2025-07-28 13:26:00,1.164,1.1642,1.1636,1.1638,69007.0,207
2025-07-28 13:28:00,1.1638,1.1638,1.1635,1.1637,19579.3,42
2025-07-28 13:30:00,1.1637,1.1638,1.1634,1.1636,42291.6,189
2025-07-28 13:32:00,1.1636,1.1638,1.1634,1.1636,48889.1,152
2025-07-28 13:34:00,1.1637,1.1638,1.1634,1.1636,28170.4,69
2025-07-28 13:36:00,1.1636,1.1639,1.1635,1.1638,37966.1,110
2025-07-28 13:38:00,1.1638,1.1638,1.1633,1.1634,30529.7,87
2025-07-28 13:40:00,1.1634,1.1637,1.1633,1.1636,107651.40000000001,99
2025-07-28 13:42:00,1.1637,1.1637,1.1634,1.1635,26576.899999999998,79
2025-07-28 13:44:00,1.1636,1.1637,1.1633,1.1635,38764.9,106
2025-07-28 13:46:00,1.1634,1.1635,1.1628,1.1628,52755.8,177
2025-07-28 13:48:00,1.1629,1.1631,1.1626,1.1627,32319.6,130
2025-07-28 13:50:00,1.1628,1.163,1.1627,1.1629,29213.9,71
2025-07-28 13:52:00,1.1629,1.1629,1.1626,1.1626,72684.0,85
2025-07-28 13:54:00,1.1627,1.1627,1.1623,1.1625,49784.9,168
2025-07-28 13:56:00,1.1625,1.1629,1.1625,1.1629,46824.1,131
2025-07-28 13:58:00,1.1629,1.1632,1.1628,1.163,21442.6,60
2025-07-28 14:00:00,1.1631,1.1632,1.1629,1.1629,18973.1,56
2025-07-28 14:02:00,1.163,1.1632,1.1629,1.163,60966.799999999996,149
2025-07-28 14:04:00,1.163,1.1631,1.1628,1.163,24612.6,115
2025-07-28 14:06:00,1.163,1.1637,1.163,1.1636,28391.1,80
2025-07-28 14:08:00,1.1635,1.1636,1.1634,1.1635,16094.400000000001,63
2025-07-28 14:10:00,1.1636,1.1636,1.1633,1.1634,16201.300000000001,70
2025-07-28 14:12:00,1.1633,1.1636,1.1633,1.1634,21995.7,93
2025-07-28 14:14:00,1.1634,1.1637,1.1634,1.1636,22670.5,66
2025-07-28 14:16:00,1.1636,1.1636,1.1632,1.1633,109713.1,191
2025-07-28 14:18:00,1.1634,1.1636,1.1632,1.1633,58176.3,137
2025-07-28 14:20:00,1.1632,1.1634,1.1629,1.163,47554.0,104
2025-07-28 14:22:00,1.163,1.1633,1.1627,1.1632,64412.6,235
2025-07-28 14:24:00,1.1632,1.1633,1.1627,1.1633,155329.0,373
2025-07-28 14:26:00,1.1632,1.164,1.1632,1.1639,121846.7,554
2025-07-28 14:28:00,1.1639,1.1641,1.1638,1.1639,39615.5,119
2025-07-28 14:30:00,1.1639,1.164,1.1636,1.164,47291.7,118
2025-07-28 14:32:00,1.1639,1.1641,1.1637,1.164,47524.2,120
2025-07-28 14:34:00,1.1641,1.1641,1.1637,1.1638,68836.9,152
2025-07-28 14:36:00,1.1638,1.164,1.1637,1.1639,73497.8,151
2025-07-28 14:38:00,1.1639,1.164,1.1637,1.1639,38828.7,95
2025-07-28 14:40:00,1.1638,1.1639,1.1636,1.1636,50835.2,114
2025-07-28 14:42:00,1.1636,1.1638,1.1634,1.1635,112870.5,208
2025-07-28 14:44:00,1.1635,1.1635,1.1634,1.1634,271688.9,801
2025-07-28 14:46:00,1.1635,1.1642,1.1634,1.1642,101486.0,107
2025-07-28 14:48:00,1.1641,1.1642,1.1638,1.164,21499.9,102
2025-07-28 14:50:00,1.1641,1.1641,1.1638,1.1639,44379.7,138
2025-07-28 14:52:00,1.1639,1.1641,1.1634,1.1634,46943.4,128
2025-07-28 14:54:00,1.1633,1.1635,1.1632,1.1635,38073.4,91
2025-07-28 14:56:00,1.1634,1.1635,1.1633,1.1633,52621.6,96
2025-07-28 14:58:00,1.1634,1.1636,1.1633,1.1633,38945.3,111
2025-07-28 15:00:00,1.1634,1.1635,1.163,1.1632,21348.1,64
2025-07-28 15:02:00,1.1632,1.1633,1.163,1.1631,28900.6,75
2025-07-28 15:04:00,1.1631,1.1635,1.163,1.1631,29180.8,89
2025-07-28 15:06:00,1.163,1.1631,1.1628,1.1629,28538.8,76
2025-07-28 15:08:00,1.163,1.163,1.1627,1.1627,27097.5,81
2025-07-28 15:10:00,1.1627,1.1628,1.1624,1.1626,17438.2,38
2025-07-28 15:12:00,1.1625,1.1627,1.1625,1.1625,20138.3,35
2025-07-28 15:14:00,1.1626,1.1626,1.1624,1.1626,19941.1,54
2025-07-28 15:16:00,1.1626,1.1627,1.1625,1.1626,45601.4,72
2025-07-28 15:18:00,1.1626,1.1626,1.1622,1.1623,27004.9,54
2025-07-28 15:20:00,1.1622,1.1623,1.1619,1.1619,24056.1,55
2025-07-28 15:22:00,1.1619,1.1624,1.1619,1.1621,57283.8,257
2025-07-28 15:24:00,1.1621,1.1621,1.1617,1.1619,48161.5,75
2025-07-28 15:26:00,1.162,1.1624,1.1619,1.1622,46651.3,360
2025-07-28 15:28:00,1.1622,1.1623,1.162,1.1621,36571.5,84
2025-07-28 15:30:00,1.1619,1.1621,1.1619,1.162,13773.9,42
2025-07-28 15:32:00,1.1621,1.1621,1.1618,1.1619,10698.0,36
2025-07-28 15:34:00,1.1619,1.1619,1.1617,1.1617,17787.4,43
2025-07-28 15:36:00,1.1617,1.1619,1.1616,1.1617,22105.5,53
2025-07-28 15:38:00,1.1617,1.1617,1.1612,1.1612,61073.299999999996,167
2025-07-28 15:40:00,1.1612,1.1615,1.1611,1.1611,52999.1,96
2025-07-28 15:42:00,1.1611,1.1613,1.1609,1.1612,28374.4,80
2025-07-28 15:44:00,1.1612,1.1614,1.1609,1.161,22369.2,64
2025-07-28 15:46:00,1.1609,1.1611,1.1607,1.1607,16389.0,55
2025-07-28 15:48:00,1.1607,1.1609,1.1606,1.1607,21050.3,82
2025-07-28 15:50:00,1.1607,1.1609,1.1605,1.1608,46237.3,150
2025-07-28 15:52:00,1.1607,1.1609,1.1606,1.1607,23399.8,83
2025-07-28 15:54:00,1.1607,1.1609,1.1606,1.1607,17786.0,63
2025-07-28 15:56:00,1.1609,1.1609,1.1605,1.1607,27290.2,55
2025-07-28 15:58:00,1.1607,1.1607,1.1606,1.1607,13770.4,43
2025-07-28 16:00:00,1.1607,1.1608,1.1605,1.1606,20116.6,56
2025-07-28 16:02:00,1.1606,1.1606,1.1602,1.1603,25281.4,79
2025-07-28 16:04:00,1.1604,1.1605,1.1602,1.1603,26103.7,95
2025-07-28 16:06:00,1.1604,1.1604,1.1602,1.1604,22919.5,72
2025-07-28 16:08:00,1.1605,1.1605,1.1602,1.1604,17396.2,38
2025-07-28 16:10:00,1.1603,1.1605,1.1602,1.1604,23678.2,53
2025-07-28 16:12:00,1.1602,1.1604,1.1602,1.1604,10328.1,63
2025-07-28 16:14:00,1.1604,1.1604,1.1602,1.1603,16055.7,52
2025-07-28 16:16:00,1.1603,1.1604,1.1602,1.1603,22019.7,80
2025-07-28 16:18:00,1.1604,1.1605,1.1603,1.1605,4922.7,60
2025-07-28 16:20:00,1.1605,1.1607,1.1604,1.1605,66633.9,59
2025-07-28 16:22:00,1.1604,1.1606,1.1603,1.1605,9710.7,44
2025-07-28 16:24:00,1.1605,1.1606,1.1604,1.1606,25774.5,55
2025-07-28 16:26:00,1.1606,1.1608,1.1605,1.1606,17158.6,92
2025-07-28 16:28:00,1.1608,1.1608,1.1606,1.1606,17324.3,42
2025-07-28 16:30:00,1.1608,1.1608,1.1606,1.1606,8677.2,57
2025-07-28 16:32:00,1.1607,1.1607,1.1605,1.1605,44602.3,77
2025-07-28 16:34:00,1.1605,1.1605,1.1602,1.1603,11098.0,44
2025-07-28 16:36:00,1.1603,1.1605,1.16,1.1602,17438.0,61
2025-07-28 16:38:00,1.16,1.1603,1.16,1.1603,22480.9,75
2025-07-28 16:40:00,1.1604,1.1604,1.1603,1.1604,11982.1,45
2025-07-28 16:42:00,1.1603,1.1606,1.1603,1.1606,14435.1,59
2025-07-28 16:44:00,1.1605,1.1605,1.1601,1.1602,19563.0,66
2025-07-28 16:46:00,1.1602,1.1603,1.1601,1.1601,20993.8,68
2025-07-28 16:48:00,1.1602,1.1602,1.1599,1.16,4984.3,38
2025-07-28 16:50:00,1.16,1.1601,1.1598,1.1598,16508.9,57
2025-07-28 16:52:00,1.1599,1.16,1.1598,1.1599,10774.3,47
2025-07-28 16:54:00,1.16,1.16,1.1597,1.16,12304.8,51
2025-07-28 16:56:00,1.1599,1.1601,1.1598,1.1599,16046.800000000001,46
2025-07-28 16:58:00,1.1598,1.1599,1.1597,1.1599,11629.9,35
2025-07-28 17:00:00,1.1599,1.1599,1.1596,1.1598,19287.1,60
2025-07-28 17:02:00,1.1598,1.16,1.1597,1.1599,11698.0,65
2025-07-28 17:04:00,1.16,1.16,1.1596,1.1597,12498.9,59
2025-07-28 17:06:00,1.1596,1.1598,1.1596,1.1596,10308.199999999999,36
2025-07-28 17:08:00,1.1597,1.1598,1.1596,1.1597,6745.7,20
2025-07-28 17:10:00,1.1597,1.1598,1.1597,1.1598,7888.1,39
2025-07-28 17:12:00,1.1599,1.1599,1.1597,1.1597,28985.8,58
2025-07-28 17:14:00,1.1597,1.1598,1.1595,1.1597,42625.7,110
2025-07-28 17:16:00,1.1596,1.1598,1.1595,1.1597,29909.600000000002,83
2025-07-28 17:18:00,1.1597,1.1599,1.1594,1.1596,24306.6,102
2025-07-28 17:20:00,1.1596,1.1596,1.1595,1.1596,11312.9,47
2025-07-28 17:22:00,1.1596,1.1598,1.1595,1.1598,17595.8,60
2025-07-28 17:24:00,1.1597,1.1598,1.1594,1.1595,42376.9,63
2025-07-28 17:26:00,1.1597,1.1597,1.1596,1.1597,9683.1,40
2025-07-28 17:28:00,1.1597,1.1598,1.1596,1.1596,12541.9,45
2025-07-28 17:30:00,1.1598,1.1598,1.1595,1.1598,19250.3,56
2025-07-28 17:32:00,1.1597,1.1597,1.1594,1.1595,19559.0,86
2025-07-28 17:34:00,1.1594,1.1596,1.1594,1.1596,17192.5,66
2025-07-28 17:36:00,1.1596,1.1596,1.1593,1.1594,30888.0,89
2025-07-28 17:38:00,1.1595,1.1596,1.1593,1.1594,11365.7,61
2025-07-28 17:40:00,1.1593,1.1595,1.1592,1.1593,15421.1,73
2025-07-28 17:42:00,1.1593,1.1594,1.1591,1.1594,22268.7,134
2025-07-28 17:44:00,1.1594,1.1594,1.1592,1.1594,41338.0,82
2025-07-28 17:46:00,1.1595,1.1595,1.1591,1.1592,19338.7,52
2025-07-28 17:48:00,1.1592,1.1594,1.1591,1.1591,11838.7,44
2025-07-28 17:50:00,1.1591,1.1592,1.159,1.1592,8669.2,43
2025-07-28 17:52:00,1.1591,1.1592,1.1589,1.1591,9327.6,47
2025-07-28 17:54:00,1.159,1.1592,1.159,1.1592,7814.7,55
2025-07-28 17:56:00,1.1592,1.1594,1.1591,1.1591,11821.5,51
2025-07-28 17:58:00,1.1592,1.1593,1.1591,1.1593,13459.9,75
2025-07-28 18:00:00,1.1592,1.1594,1.1591,1.1592,14924.9,73
2025-07-28 18:02:00,1.1592,1.1592,1.159,1.159,30404.9,94
2025-07-28 18:04:00,1.159,1.1592,1.1587,1.1588,96301.1,173
2025-07-28 18:06:00,1.1587,1.1589,1.1586,1.1586,27305.2,75
2025-07-28 18:08:00,1.1587,1.1588,1.1586,1.1587,21943.7,83
2025-07-28 18:10:00,1.1586,1.1589,1.1586,1.1589,22333.6,57
2025-07-28 18:12:00,1.1589,1.1589,1.1586,1.1588,21140.2,68
2025-07-28 18:14:00,1.1587,1.1589,1.1586,1.1589,18517.0,51
2025-07-28 18:16:00,1.1588,1.159,1.1587,1.1589,12698.300000000001,32
2025-07-28 18:18:00,1.1589,1.1591,1.1588,1.1589,49260.3,121
2025-07-28 18:20:00,1.1589,1.1592,1.1589,1.1592,46858.2,62
2025-07-28 18:22:00,1.1592,1.1593,1.1591,1.1593,86301.7,227
2025-07-28 18:24:00,1.1591,1.1593,1.159,1.1591,8752.4,32
2025-07-28 18:26:00,1.1591,1.1594,1.1591,1.1594,19173.7,51
2025-07-28 18:28:00,1.1592,1.1593,1.1591,1.1593,16693.2,48
2025-07-28 18:30:00,1.1592,1.1593,1.1591,1.1593,25201.6,111
2025-07-28 18:32:00,1.1592,1.1594,1.1591,1.1594,22567.2,72
2025-07-28 18:34:00,1.1594,1.1595,1.1592,1.1594,15439.5,65
2025-07-28 18:36:00,1.1593,1.1595,1.1592,1.1595,20602.2,65
2025-07-28 18:38:00,1.1595,1.1596,1.1593,1.1595,26454.5,105
2025-07-28 18:40:00,1.1595,1.1595,1.1593,1.1594,20948.2,41
2025-07-28 18:42:00,1.1595,1.1595,1.1593,1.1594,14659.2,68
2025-07-28 18:44:00,1.1594,1.1595,1.1592,1.1593,9514.3,52
2025-07-28 18:46:00,1.1593,1.1594,1.1591,1.1592,7935.0,60
2025-07-28 18:48:00,1.1591,1.1593,1.159,1.1592,14359.7,59
2025-07-28 18:50:00,1.1591,1.1593,1.159,1.1591,8120.6,34
2025-07-28 18:52:00,1.1591,1.1595,1.1591,1.1593,9135.3,35
2025-07-28 18:54:00,1.1593,1.1594,1.1591,1.1594,15399.5,61
2025-07-28 18:56:00,1.1593,1.1595,1.1592,1.1594,13602.6,61
2025-07-28 18:58:00,1.1594,1.1596,1.1594,1.1594,16315.8,74
2025-07-28 19:00:00,1.1594,1.1597,1.1594,1.1594,29569.3,87
2025-07-28 19:02:00,1.1595,1.1595,1.1593,1.1595,54946.3,125
2025-07-28 19:04:00,1.1595,1.1595,1.1591,1.1592,92283.8,84
2025-07-28 19:06:00,1.1593,1.1593,1.159,1.159,45309.7,62
2025-07-28 19:08:00,1.159,1.1594,1.159,1.1592,23515.1,70
2025-07-28 19:10:00,1.1593,1.1594,1.1592,1.1593,9625.9,54
2025-07-28 19:12:00,1.1593,1.1594,1.1591,1.1592,13329.7,47
2025-07-28 19:14:00,1.1591,1.1592,1.159,1.159,24312.9,102
2025-07-28 19:16:00,1.159,1.1592,1.159,1.1591,9514.3,35
2025-07-28 19:18:00,1.159,1.1592,1.159,1.159,16646.1,58
2025-07-28 19:20:00,1.1591,1.1593,1.159,1.159,15829.8,62
2025-07-28 19:22:00,1.159,1.1593,1.159,1.1592,11073.7,52
2025-07-28 19:24:00,1.1592,1.1593,1.1591,1.1593,229593.2,272
2025-07-28 19:26:00,1.1593,1.1594,1.1592,1.1594,10852.6,40
2025-07-28 19:28:00,1.1593,1.1593,1.1591,1.1592,14162.0,44
2025-07-28 19:30:00,1.1591,1.1593,1.159,1.1592,34935.6,77
2025-07-28 19:32:00,1.1593,1.1595,1.1591,1.1592,35030.9,69
2025-07-28 19:34:00,1.1592,1.1593,1.1591,1.1593,14999.4,47
2025-07-28 19:36:00,1.1593,1.1594,1.1592,1.1594,7095.700000000001,26
2025-07-28 19:38:00,1.1595,1.1596,1.1594,1.1595,9160.3,40
2025-07-28 19:40:00,1.1594,1.1595,1.1594,1.1594,5936.1,25
2025-07-28 19:42:00,1.1594,1.1596,1.1594,1.1595,15428.7,66
2025-07-28 19:44:00,1.1594,1.1594,1.1592,1.1592,24659.9,89
2025-07-28 19:46:00,1.1592,1.1595,1.1592,1.1593,15354.800000000001,43
2025-07-28 19:48:00,1.1593,1.1596,1.1592,1.1593,23994.5,53
2025-07-28 19:50:00,1.1593,1.1594,1.1592,1.1593,11963.5,27
2025-07-28 19:52:00,1.1593,1.1594,1.1592,1.1593,17749.899999999998,60
2025-07-28 19:54:00,1.1593,1.1596,1.1593,1.1596,6834.8,30
2025-07-28 19:56:00,1.1594,1.1594,1.1592,1.1593,2371.8,14
2025-07-28 19:58:00,1.1593,1.1594,1.1592,1.1593,1835.4,13
2025-07-28 20:00:00,1.1594,1.1595,1.1593,1.1594,8983.6,34
2025-07-28 20:02:00,1.1594,1.1594,1.1592,1.1593,3375.5,15
2025-07-28 20:04:00,1.1593,1.1596,1.1593,1.1594,17519.8,39
2025-07-28 20:06:00,1.1594,1.1595,1.1593,1.1595,9673.599999999999,19
2025-07-28 20:08:00,1.1593,1.1595,1.1593,1.1595,4851.9,29
2025-07-28 20:10:00,1.1593,1.1596,1.1592,1.1592,30847.8,93
2025-07-28 20:12:00,1.1593,1.1595,1.1592,1.1592,13032.5,46
2025-07-28 20:14:00,1.1593,1.1594,1.1592,1.1593,39659.799999999996,50
2025-07-28 20:16:00,1.1593,1.1594,1.1593,1.1594,11926.9,57
2025-07-28 20:18:00,1.1593,1.1596,1.1593,1.1596,6333.7,32
2025-07-28 20:20:00,1.1596,1.1596,1.1594,1.1596,5015.5,36
2025-07-28 20:22:00,1.1596,1.1597,1.1594,1.1595,12489.2,55
2025-07-28 20:24:00,1.1595,1.1597,1.1594,1.1596,9034.7,41
2025-07-28 20:26:00,1.1597,1.1597,1.1595,1.1597,14052.8,76
2025-07-28 20:28:00,1.1596,1.1597,1.1594,1.1595,24514.2,71
2025-07-28 20:30:00,1.1595,1.1596,1.1595,1.1596,15122.3,47
2025-07-28 20:32:00,1.1595,1.1597,1.1595,1.1595,14938.0,44
2025-07-28 20:34:00,1.1595,1.1596,1.1594,1.1594,10560.1,30
2025-07-28 20:36:00,1.1594,1.1596,1.1594,1.1595,16972.7,64
2025-07-28 20:38:00,1.1595,1.1597,1.1595,1.1597,9989.2,34
2025-07-28 20:40:00,1.1595,1.1597,1.1595,1.1596,10520.3,42
2025-07-28 20:42:00,1.1596,1.1596,1.1594,1.1596,6107.7,40
2025-07-28 20:44:00,1.1596,1.1596,1.1594,1.1596,18343.5,50
2025-07-28 20:46:00,1.1595,1.1597,1.1594,1.1596,17711.8,62
2025-07-28 20:48:00,1.1596,1.1596,1.1594,1.1595,13314.800000000001,49
2025-07-28 20:50:00,1.1594,1.1595,1.1592,1.1592,12564.1,41
2025-07-28 20:52:00,1.1591,1.1592,1.159,1.1591,10753.3,39
2025-07-28 20:54:00,1.1591,1.1592,1.1591,1.1591,12712.4,56
2025-07-28 20:56:00,1.1591,1.1592,1.1591,1.1591,6927.1,46
2025-07-28 20:58:00,1.1592,1.1593,1.1589,1.1593,24346.1,95
2025-07-28 21:00:00,1.1594,1.1595,1.1593,1.1595,10342.5,51
2025-07-28 21:02:00,1.1594,1.1594,1.1592,1.1594,7539.6,36
2025-07-28 21:04:00,1.1594,1.1595,1.1593,1.1593,17713.2,46
2025-07-28 21:06:00,1.1595,1.1595,1.1593,1.1595,13832.0,46
2025-07-28 21:08:00,1.1595,1.1596,1.1594,1.1595,20697.8,68
2025-07-28 21:10:00,1.1595,1.1596,1.1594,1.1594,9158.8,51
2025-07-28 21:12:00,1.1596,1.1596,1.1594,1.1594,15151.3,40
2025-07-28 21:14:00,1.1594,1.1596,1.1594,1.1596,8137.7,36
2025-07-28 21:16:00,1.1596,1.1596,1.1593,1.1593,6961.3,34
2025-07-28 21:18:00,1.1595,1.1595,1.1593,1.1595,11554.3,112
2025-07-28 21:20:00,1.1595,1.1595,1.1592,1.1593,25510.1,90
2025-07-28 21:22:00,1.1593,1.1595,1.1593,1.1595,5244.1,40
2025-07-28 21:24:00,1.1593,1.1595,1.1593,1.1593,11401.4,45
2025-07-28 21:26:00,1.1593,1.1595,1.1593,1.1593,6665.9,32
2025-07-28 21:28:00,1.1593,1.1595,1.1593,1.1594,2941.2000000000003,24
2025-07-28 21:30:00,1.1593,1.1594,1.1593,1.1594,7306.8,38
2025-07-28 21:32:00,1.1593,1.1595,1.1593,1.1593,5446.0,28
2025-07-28 21:34:00,1.1595,1.1595,1.1593,1.1593,2802.7999999999997,19
2025-07-28 21:36:00,1.1595,1.1595,1.1592,1.1593,17456.1,42
2025-07-28 21:38:00,1.1593,1.1594,1.1593,1.1593,7686.6,41
2025-07-28 21:40:00,1.1593,1.1595,1.1593,1.1593,40594.4,65
2025-07-28 21:42:00,1.1593,1.1594,1.1593,1.1594,58382.9,97
2025-07-28 21:44:00,1.1594,1.1595,1.1593,1.1594,9864.2,37
2025-07-28 21:46:00,1.1595,1.1595,1.1594,1.1594,4491.1,22
2025-07-28 21:48:00,1.1594,1.1595,1.1593,1.1594,10192.3,28
2025-07-28 21:50:00,1.1593,1.1594,1.1592,1.1593,42790.5,65
2025-07-28 21:52:00,1.1593,1.1594,1.1592,1.1594,7863.2,26
2025-07-28 21:54:00,1.1594,1.1595,1.1593,1.1595,8992.5,29
2025-07-28 21:56:00,1.1595,1.1595,1.1593,1.1593,4377.7,29
2025-07-28 21:58:00,1.1593,1.1595,1.1593,1.1594,14398.9,38
2025-07-28 22:00:00,1.1594,1.1594,1.159,1.1593,38203.6,70
2025-07-28 22:02:00,1.1593,1.1594,1.1591,1.1592,20955.0,39
2025-07-28 22:04:00,1.1593,1.1595,1.1592,1.1595,11746.0,35
2025-07-28 22:06:00,1.1594,1.1597,1.1594,1.1595,19952.5,44
2025-07-28 22:08:00,1.1595,1.1597,1.1595,1.1596,8179.5,47
2025-07-28 22:10:00,1.1597,1.1597,1.1596,1.1596,14260.1,33
2025-07-28 22:12:00,1.1596,1.1597,1.1595,1.1597,7861.5,25
2025-07-28 22:14:00,1.1596,1.1597,1.1593,1.1594,14407.2,43
2025-07-28 22:16:00,1.1594,1.1596,1.1594,1.1594,9919.3,52
2025-07-28 22:18:00,1.1596,1.1597,1.1594,1.1595,4790.0,31
2025-07-28 22:20:00,1.1597,1.1598,1.1595,1.1596,16248.4,30
2025-07-28 22:22:00,1.1597,1.1597,1.1595,1.1596,14110.1,69
2025-07-28 22:24:00,1.1596,1.1597,1.1595,1.1596,7279.6,23
2025-07-28 22:26:00,1.1597,1.1597,1.1596,1.1596,11142.2,19
2025-07-28 22:28:00,1.1596,1.1597,1.1596,1.1596,4634.1,17
2025-07-28 22:30:00,1.1596,1.1597,1.1594,1.1596,7237.2,34
2025-07-28 22:32:00,1.1595,1.1597,1.1594,1.1597,5026.7,31
2025-07-28 22:34:00,1.1596,1.1597,1.1595,1.1596,23774.6,90
2025-07-28 22:36:00,1.1596,1.1597,1.1595,1.1597,8881.1,25
2025-07-28 22:38:00,1.1596,1.1597,1.1596,1.1597,8506.8,31
2025-07-28 22:40:00,1.1596,1.1597,1.1594,1.1596,28734.4,113
2025-07-28 22:42:00,1.1595,1.1596,1.1593,1.1594,32710.4,126
2025-07-28 22:44:00,1.1593,1.1595,1.1593,1.1594,10114.6,28
2025-07-28 22:46:00,1.1593,1.1594,1.1593,1.1593,2304.1,20
2025-07-28 22:48:00,1.1593,1.1594,1.1593,1.1593,4322.4,17
2025-07-28 22:50:00,1.1594,1.1596,1.1593,1.1593,10636.4,19
2025-07-28 22:52:00,1.1593,1.1594,1.1593,1.1593,2501.2999999999997,15
2025-07-28 22:54:00,1.1593,1.1594,1.1593,1.1594,11495.5,57
2025-07-28 22:56:00,1.1594,1.1595,1.1594,1.1595,4677.1,29
2025-07-28 22:58:00,1.1594,1.1595,1.1593,1.1595,4528.8,29
2025-07-28 23:00:00,1.1593,1.1596,1.1593,1.1595,8227.2,29
2025-07-28 23:02:00,1.1595,1.1596,1.1594,1.1595,6616.9,33
2025-07-28 23:04:00,1.1594,1.1596,1.1594,1.1595,7753.1,27
2025-07-28 23:06:00,1.1595,1.1596,1.1595,1.1596,2098.4,12
2025-07-28 23:08:00,1.1595,1.1596,1.1593,1.1594,32466.3,107
2025-07-28 23:10:00,1.1595,1.1596,1.1594,1.1596,2946.2000000000003,19
2025-07-28 23:12:00,1.1596,1.1596,1.1595,1.1596,7834.8,42
2025-07-28 23:14:00,1.1595,1.1596,1.1595,1.1595,14203.1,34
2025-07-28 23:16:00,1.1595,1.1597,1.1595,1.1596,19041.5,41
2025-07-28 23:18:00,1.1596,1.1596,1.1595,1.1595,20568.3,27
2025-07-28 23:20:00,1.1595,1.1595,1.1593,1.1593,11160.9,38
2025-07-28 23:22:00,1.1593,1.1594,1.1591,1.1591,20134.3,43
2025-07-28 23:24:00,1.1591,1.1593,1.1591,1.1592,11403.7,38
2025-07-28 23:26:00,1.1593,1.1593,1.1592,1.1592,5972.1,32
2025-07-28 23:28:00,1.1592,1.1593,1.159,1.1592,8587.5,29
2025-07-28 23:30:00,1.1591,1.1592,1.159,1.1591,28099.899999999998,54
2025-07-28 23:32:00,1.1591,1.1592,1.159,1.159,9748.8,31
2025-07-28 23:34:00,1.1592,1.1592,1.159,1.1592,5796.0,27
2025-07-28 23:36:00,1.1591,1.1592,1.1591,1.1592,5129.7,26
2025-07-28 23:38:00,1.1591,1.1594,1.1591,1.1593,9339.800000000001,31
2025-07-28 23:40:00,1.1592,1.1595,1.1592,1.1594,4498.0,27
2025-07-28 23:42:00,1.1595,1.1595,1.1593,1.1594,7794.8,34
2025-07-28 23:44:00,1.1595,1.1595,1.1593,1.1594,6233.9,26
2025-07-28 23:46:00,1.1594,1.1595,1.1593,1.1594,5063.9,26
2025-07-28 23:48:00,1.1593,1.1595,1.1593,1.1595,2182.4,10
2025-07-28 23:50:00,1.1595,1.1596,1.1595,1.1595,19407.4,48
2025-07-28 23:52:00,1.1595,1.1597,1.1595,1.1595,4363.5,27
2025-07-28 23:54:00,1.1596,1.1597,1.1595,1.1596,9689.2,22
2025-07-28 23:56:00,1.1596,1.1598,1.1595,1.1597,33848.5,60
2025-07-28 23:58:00,1.1597,1.1598,1.1596,1.1597,15902.4,61
2025-07-29 00:00:00,1.1597,1.1598,1.1596,1.1596,15440.2,61
2025-07-29 00:02:00,1.1596,1.1599,1.1596,1.1597,9037.4,27
2025-07-29 00:04:00,1.1597,1.1598,1.1596,1.1597,16612.5,36
2025-07-29 00:06:00,1.1597,1.1597,1.1596,1.1597,4662.2,17
2025-07-29 00:08:00,1.1596,1.1597,1.1595,1.1596,16442.1,44
2025-07-29 00:10:00,1.1595,1.1596,1.1594,1.1594,9503.3,33
2025-07-29 00:12:00,1.1596,1.1596,1.1594,1.1594,3660.6,19
2025-07-29 00:14:00,1.1595,1.1596,1.1594,1.1595,10909.1,28
2025-07-29 00:16:00,1.1595,1.1597,1.1593,1.1594,31226.1,109
2025-07-29 00:18:00,1.1594,1.1596,1.1593,1.1595,7908.4,37
2025-07-29 00:20:00,1.1595,1.1596,1.1594,1.1595,9480.0,31
2025-07-29 00:22:00,1.1595,1.1596,1.1595,1.1596,5625.1,19
2025-07-29 00:24:00,1.1595,1.1595,1.1592,1.1593,16214.1,42
2025-07-29 00:26:00,1.1592,1.1592,1.1591,1.1592,30695.100000000002,36
2025-07-29 00:28:00,1.1591,1.1593,1.159,1.1592,9593.8,32
2025-07-29 00:30:00,1.1592,1.1595,1.1591,1.1594,27530.9,215
2025-07-29 00:32:00,1.1594,1.1595,1.1594,1.1594,12162.3,36
2025-07-29 00:34:00,1.1594,1.1596,1.1593,1.1594,66365.9,171
2025-07-29 00:36:00,1.1594,1.1596,1.1593,1.1595,22512.9,120
2025-07-29 00:38:00,1.1595,1.1595,1.1593,1.1593,15164.2,44
2025-07-29 00:40:00,1.1593,1.1595,1.1593,1.1593,44375.5,126
2025-07-29 00:42:00,1.1594,1.1595,1.1593,1.1594,73364.4,153
2025-07-29 00:44:00,1.1594,1.1597,1.1594,1.1596,30197.4,72
2025-07-29 00:46:00,1.1595,1.1595,1.1593,1.1593,13297.5,38
2025-07-29 00:48:00,1.1594,1.1594,1.1592,1.1593,12568.4,39
2025-07-29 00:50:00,1.1592,1.1593,1.159,1.159,7991.3,26
2025-07-29 00:52:00,1.159,1.1592,1.159,1.1592,11060.9,29
2025-07-29 00:54:00,1.1591,1.1591,1.1588,1.1589,11344.6,33
2025-07-29 00:56:00,1.1588,1.159,1.1588,1.159,5407.8,20
2025-07-29 00:58:00,1.159,1.159,1.1588,1.1588,9338.5,37
2025-07-29 01:00:00,1.1589,1.1591,1.1589,1.159,18075.7,98
2025-07-29 01:02:00,1.1591,1.1591,1.1589,1.159,16639.8,39
2025-07-29 01:04:00,1.1591,1.1591,1.159,1.1591,6066.8,21
2025-07-29 01:06:00,1.159,1.159,1.1588,1.159,2382.2,17
2025-07-29 01:08:00,1.1589,1.1591,1.1588,1.1589,9102.3,28
2025-07-29 01:10:00,1.1589,1.1591,1.1589,1.1591,6257.9,23
2025-07-29 01:12:00,1.159,1.1592,1.159,1.1592,5697.8,23
2025-07-29 01:14:00,1.159,1.1591,1.1589,1.159,6359.1,28
2025-07-29 01:16:00,1.159,1.1594,1.159,1.1593,6611.2,43
2025-07-29 01:18:00,1.1593,1.1594,1.1593,1.1593,6576.5,24
2025-07-29 01:20:00,1.1593,1.1596,1.1593,1.1595,18453.8,75
2025-07-29 01:22:00,1.1595,1.1597,1.1595,1.1596,7991.7,33
2025-07-29 01:24:00,1.1595,1.1595,1.1592,1.1592,8451.8,39
2025-07-29 01:26:00,1.1593,1.1593,1.1591,1.1592,8441.3,29
2025-07-29 01:28:00,1.1592,1.1593,1.1591,1.1593,9792.8,20
2025-07-29 01:30:00,1.1593,1.1596,1.1593,1.1595,13494.5,109
2025-07-29 01:32:00,1.1596,1.1596,1.1595,1.1595,4249.5,20
2025-07-29 01:34:00,1.1596,1.1596,1.1594,1.1595,6900.0,24
2025-07-29 01:36:00,1.1594,1.1596,1.1594,1.1596,7588.9,31
2025-07-29 01:38:00,1.1596,1.1598,1.1594,1.1598,4579.5,18
2025-07-29 01:40:00,1.1599,1.16,1.1598,1.1599,9082.5,30
2025-07-29 01:42:00,1.1599,1.16,1.1599,1.1599,4731.8,18
2025-07-29 01:44:00,1.16,1.16,1.1598,1.1599,11684.0,34
2025-07-29 01:46:00,1.1599,1.1601,1.1598,1.1601,3932.7,20
2025-07-29 01:48:00,1.1599,1.1601,1.1599,1.16,4828.4,16
2025-07-29 01:50:00,1.1599,1.16,1.1598,1.16,6689.3,26
2025-07-29 01:52:00,1.16,1.16,1.1595,1.1597,5562.9,30
2025-07-29 01:54:00,1.1596,1.1597,1.1595,1.1595,9615.4,23
2025-07-29 01:56:00,1.1595,1.1595,1.1592,1.1594,13628.8,54
2025-07-29 01:58:00,1.1593,1.1594,1.1591,1.1594,20213.6,50
2025-07-29 02:00:00,1.1593,1.1596,1.1593,1.1596,22192.5,127
2025-07-29 02:02:00,1.1596,1.1597,1.1595,1.1596,3913.5,20
2025-07-29 02:04:00,1.1597,1.1597,1.1595,1.1597,11180.7,31
2025-07-29 02:06:00,1.1596,1.1597,1.1595,1.1597,17008.3,32
2025-07-29 02:08:00,1.1597,1.1598,1.1596,1.1597,6809.4,32
2025-07-29 02:10:00,1.1597,1.1599,1.1597,1.1599,5372.599999999999,18
2025-07-29 02:12:00,1.1598,1.1598,1.1597,1.1598,4895.799999999999,8
2025-07-29 02:14:00,1.1597,1.1599,1.1597,1.1597,14247.0,45
2025-07-29 02:16:00,1.1598,1.1598,1.1596,1.1597,18305.3,43
2025-07-29 02:18:00,1.1597,1.1599,1.1597,1.1597,114919.5,202
2025-07-29 02:20:00,1.1597,1.1598,1.1597,1.1598,71703.5,81
2025-07-29 02:22:00,1.1599,1.1599,1.1598,1.1598,12704.3,25
2025-07-29 02:24:00,1.1599,1.16,1.1596,1.1596,15352.0,37
2025-07-29 02:26:00,1.1597,1.1598,1.1596,1.1596,11950.9,25
2025-07-29 02:28:00,1.1597,1.1599,1.1597,1.1598,515.0,12
2025-07-29 02:30:00,1.1599,1.1601,1.1598,1.16,34200.1,200
2025-07-29 02:32:00,1.1599,1.1601,1.1599,1.16,6351.7,42
2025-07-29 02:34:00,1.1599,1.1601,1.1599,1.1599,7583.3,18
2025-07-29 02:36:00,1.1599,1.1599,1.1598,1.1598,6406.599999999999,26
2025-07-29 02:38:00,1.1598,1.1599,1.1597,1.1598,24795.1,33
2025-07-29 02:40:00,1.1598,1.1599,1.1597,1.1597,9422.5,27
2025-07-29 02:42:00,1.1598,1.1598,1.1596,1.1596,18317.5,40
2025-07-29 02:44:00,1.1596,1.1598,1.1595,1.1597,7574.7,25
2025-07-29 02:46:00,1.1597,1.1599,1.1596,1.1599,1412.8,21
2025-07-29 02:48:00,1.1598,1.1599,1.1597,1.1599,3079.8,24
2025-07-29 02:50:00,1.1598,1.1598,1.1597,1.1597,2468.6,20
2025-07-29 02:52:00,1.1597,1.1598,1.1596,1.1597,16201.2,23
2025-07-29 02:54:00,1.1598,1.1599,1.1597,1.1598,7207.1,26
2025-07-29 02:56:00,1.1597,1.1598,1.1596,1.1597,6384.5,41
2025-07-29 02:58:00,1.1597,1.1599,1.1597,1.1599,10493.199999999999,25
2025-07-29 03:00:00,1.1599,1.1599,1.1598,1.1599,4946.2,29
2025-07-29 03:02:00,1.1599,1.16,1.1597,1.1597,9834.4,29
2025-07-29 03:04:00,1.1598,1.1599,1.1597,1.1597,4517.2,15
2025-07-29 03:06:00,1.1597,1.1597,1.1596,1.1596,2197.2,9
2025-07-29 03:08:00,1.1596,1.1596,1.1594,1.1595,10297.1,27
2025-07-29 03:10:00,1.1595,1.1596,1.1594,1.1596,2663.1,17
2025-07-29 03:12:00,1.1595,1.1595,1.1594,1.1594,4300.7,20
2025-07-29 03:14:00,1.1594,1.1595,1.1593,1.1594,15504.4,20
2025-07-29 03:16:00,1.1595,1.1595,1.1593,1.1594,14109.9,36
2025-07-29 03:18:00,1.1593,1.1594,1.1593,1.1593,16553.9,50
2025-07-29 03:20:00,1.1594,1.1594,1.1593,1.1593,6161.1,19
2025-07-29 03:22:00,1.1594,1.1594,1.1592,1.1594,29616.3,47
2025-07-29 03:24:00,1.1594,1.1594,1.1593,1.1594,16447.1,31
2025-07-29 03:26:00,1.1594,1.1594,1.1593,1.1594,15657.6,43
2025-07-29 03:28:00,1.1593,1.1594,1.1593,1.1594,56613.0,85
2025-07-29 03:30:00,1.1594,1.1594,1.1593,1.1593,12436.9,39
2025-07-29 03:32:00,1.1594,1.1594,1.159,1.159,109519.5,142
2025-07-29 03:34:00,1.1591,1.1591,1.1588,1.1589,15959.6,31
2025-07-29 03:36:00,1.1589,1.1589,1.1588,1.1589,7027.8,5
2025-07-29 03:38:00,1.1589,1.1589,1.1586,1.1586,7866.3,20
2025-07-29 03:40:00,1.1586,1.1589,1.1586,1.1587,18960.4,28
2025-07-29 03:42:00,1.1587,1.1589,1.1586,1.1589,5444.599999999999,28
2025-07-29 03:44:00,1.1588,1.1589,1.1588,1.1588,4311.2,25
2025-07-29 03:46:00,1.1587,1.159,1.1587,1.159,18195.7,40
2025-07-29 03:48:00,1.1589,1.159,1.1589,1.1589,2433.1,17
2025-07-29 03:50:00,1.159,1.159,1.1588,1.1588,5319.9,15
2025-07-29 03:52:00,1.1589,1.1589,1.1587,1.1587,7535.6,30
2025-07-29 03:54:00,1.1589,1.1589,1.1587,1.1589,4226.9,16
2025-07-29 03:56:00,1.1589,1.159,1.1588,1.159,10816.300000000001,34
2025-07-29 03:58:00,1.159,1.159,1.1589,1.1589,2444.2999999999997,11
2025-07-29 04:00:00,1.1588,1.1588,1.1587,1.1587,4356.6,14
2025-07-29 04:02:00,1.1587,1.1588,1.1585,1.1586,22028.0,36
2025-07-29 04:04:00,1.1587,1.1589,1.1586,1.1589,6472.5,23
2025-07-29 04:06:00,1.1589,1.159,1.1588,1.1588,24995.399999999998,38
2025-07-29 04:08:00,1.1588,1.1588,1.1587,1.1587,7704.4,21
2025-07-29 04:10:00,1.1587,1.1588,1.1585,1.1586,7143.0,20
2025-07-29 04:12:00,1.1585,1.1586,1.1585,1.1586,3354.5,18
2025-07-29 04:14:00,1.1585,1.1586,1.1584,1.1585,10270.1,33
2025-07-29 04:16:00,1.1585,1.1586,1.1581,1.1581,17879.8,35
2025-07-29 04:18:00,1.1582,1.1582,1.158,1.1581,9653.6,37
2025-07-29 04:20:00,1.1582,1.1585,1.1581,1.1585,4497.0,14
2025-07-29 04:22:00,1.1585,1.1585,1.1583,1.1584,4474.599999999999,16
2025-07-29 04:24:00,1.1584,1.1585,1.1583,1.1584,2567.2,21
2025-07-29 04:26:00,1.1584,1.1585,1.1582,1.1583,7633.2,20
2025-07-29 04:28:00,1.1582,1.1584,1.1582,1.1582,5907.5,29
2025-07-29 04:30:00,1.1582,1.1584,1.1582,1.1584,7125.5,28
2025-07-29 04:32:00,1.1584,1.1584,1.1582,1.1582,3901.0,17
2025-07-29 04:34:00,1.1582,1.1582,1.1581,1.1581,7883.700000000001,39
2025-07-29 04:36:00,1.1582,1.1582,1.1581,1.1581,1856.0,16
2025-07-29 04:38:00,1.1582,1.1583,1.1581,1.1583,3287.5,15
2025-07-29 04:40:00,1.1583,1.1585,1.1582,1.1584,6845.7,31
2025-07-29 04:42:00,1.1583,1.1585,1.1583,1.1585,7452.7,35
2025-07-29 04:44:00,1.1585,1.1586,1.1583,1.1584,21372.4,78
2025-07-29 04:46:00,1.1584,1.1586,1.1583,1.1586,6978.2,36
2025-07-29 04:48:00,1.1585,1.1586,1.1585,1.1586,1961.2,17
2025-07-29 04:50:00,1.1585,1.1586,1.1583,1.1585,6273.5,38
2025-07-29 04:52:00,1.1585,1.1586,1.1583,1.1586,13468.8,26
2025-07-29 04:54:00,1.1585,1.1589,1.1585,1.1589,11631.5,31
2025-07-29 04:56:00,1.1588,1.1593,1.1588,1.1592,18573.0,56
2025-07-29 04:58:00,1.1592,1.1592,1.1589,1.1591,4897.4,26
2025-07-29 05:00:00,1.1591,1.1592,1.1588,1.1589,50764.2,53
2025-07-29 05:02:00,1.1588,1.1589,1.1588,1.1588,7538.700000000001,32
2025-07-29 05:04:00,1.1589,1.1589,1.1587,1.1589,15862.6,44
2025-07-29 05:06:00,1.1588,1.159,1.1588,1.1589,8229.9,29
2025-07-29 05:08:00,1.1589,1.159,1.1588,1.1589,9938.0,40
2025-07-29 05:10:00,1.1589,1.1589,1.1586,1.1588,10473.3,34
2025-07-29 05:12:00,1.1587,1.1587,1.1585,1.1587,7580.8,18
2025-07-29 05:14:00,1.1585,1.1587,1.1585,1.1585,2754.4,18
2025-07-29 05:16:00,1.1585,1.1587,1.1585,1.1587,8601.699999999999,39
2025-07-29 05:18:00,1.1587,1.1588,1.1586,1.1586,3953.1,34
2025-07-29 05:20:00,1.1588,1.1589,1.1586,1.1588,5126.7,36
2025-07-29 05:22:00,1.1588,1.159,1.1588,1.159,6615.5,35
2025-07-29 05:24:00,1.1589,1.1591,1.1589,1.159,8835.9,31
2025-07-29 05:26:00,1.1591,1.1591,1.159,1.159,10638.2,41
2025-07-29 05:28:00,1.1591,1.1591,1.1589,1.1589,6359.2,42
2025-07-29 05:30:00,1.1589,1.1591,1.1589,1.1591,11454.2,50
2025-07-29 05:32:00,1.159,1.1592,1.159,1.1591,10019.8,37
2025-07-29 05:34:00,1.1592,1.1594,1.1591,1.1592,7904.2,64
2025-07-29 05:36:00,1.1593,1.1594,1.159,1.1591,21437.899999999998,44
2025-07-29 05:38:00,1.159,1.1591,1.1589,1.159,11190.0,34
2025-07-29 05:40:00,1.1591,1.1591,1.1588,1.1589,10485.5,27
2025-07-29 05:42:00,1.1588,1.159,1.1588,1.1589,10254.2,40
2025-07-29 05:44:00,1.1589,1.159,1.1588,1.1589,13250.0,54
2025-07-29 05:46:00,1.1589,1.1589,1.1585,1.1587,16003.1,49
2025-07-29 05:48:00,1.1588,1.1588,1.1585,1.1586,13148.8,47
2025-07-29 05:50:00,1.1586,1.1587,1.1585,1.1585,7601.8,35
2025-07-29 05:52:00,1.1586,1.1587,1.1585,1.1586,16569.5,51
2025-07-29 05:54:00,1.1586,1.1586,1.1585,1.1585,229540.0,194
2025-07-29 05:56:00,1.1584,1.1585,1.1583,1.1584,16398.5,42
2025-07-29 05:58:00,1.1583,1.1584,1.1581,1.1581,31479.9,84
2025-07-29 06:00:00,1.1582,1.1582,1.158,1.1581,17262.8,42
2025-07-29 06:02:00,1.1581,1.1581,1.1578,1.158,15713.2,47
2025-07-29 06:04:00,1.1579,1.158,1.1578,1.1578,12143.5,57
2025-07-29 06:06:00,1.1579,1.1582,1.1578,1.1582,23514.3,39
2025-07-29 06:08:00,1.1582,1.1583,1.1581,1.1581,10740.5,47
2025-07-29 06:10:00,1.1583,1.1583,1.158,1.1582,13203.9,48
2025-07-29 06:12:00,1.1582,1.1586,1.1581,1.1585,37014.7,124
2025-07-29 06:14:00,1.1586,1.1586,1.1583,1.1583,40336.0,108
2025-07-29 06:16:00,1.1584,1.1585,1.1582,1.1584,28231.5,66
2025-07-29 06:18:00,1.1584,1.1584,1.1582,1.1584,40468.0,76
2025-07-29 06:20:00,1.1584,1.1586,1.1583,1.1584,28206.1,64
2025-07-29 06:22:00,1.1585,1.1585,1.1582,1.1584,50101.5,69
2025-07-29 06:24:00,1.1584,1.1584,1.158,1.1581,43659.6,85
2025-07-29 06:26:00,1.1581,1.1582,1.1578,1.1578,42298.1,96
2025-07-29 06:28:00,1.1579,1.158,1.1576,1.1576,43727.1,102
2025-07-29 06:30:00,1.1576,1.1576,1.1574,1.1575,26393.600000000002,77
2025-07-29 06:32:00,1.1574,1.1575,1.157,1.157,41067.9,97
2025-07-29 06:34:00,1.1569,1.157,1.1561,1.1563,89049.1,142
2025-07-29 06:36:00,1.1563,1.1566,1.1561,1.1566,45169.8,80
2025-07-29 06:38:00,1.1566,1.1567,1.1564,1.1564,48585.5,176
2025-07-29 06:40:00,1.1566,1.1568,1.1562,1.1563,48519.1,166
2025-07-29 06:42:00,1.1564,1.1568,1.1563,1.1567,39901.3,90
2025-07-29 06:44:00,1.1568,1.157,1.1565,1.1566,31011.399999999998,86
2025-07-29 06:46:00,1.1566,1.1567,1.1561,1.1562,55515.9,123
2025-07-29 06:48:00,1.156,1.1564,1.1558,1.1559,76317.3,173
2025-07-29 06:50:00,1.1559,1.1561,1.1557,1.156,75496.5,122
2025-07-29 06:52:00,1.156,1.1561,1.1558,1.1558,65032.4,84
2025-07-29 06:54:00,1.1558,1.1558,1.1551,1.1551,166187.9,356
2025-07-29 06:56:00,1.1552,1.1553,1.155,1.155,87220.0,138
2025-07-29 06:58:00,1.155,1.1551,1.1545,1.1546,83814.4,132
2025-07-29 07:00:00,1.1546,1.155,1.1545,1.1548,61564.7,90
2025-07-29 07:02:00,1.1549,1.1551,1.1546,1.1551,40451.7,92
2025-07-29 07:04:00,1.1551,1.1554,1.1549,1.1551,32581.6,107
2025-07-29 07:06:00,1.155,1.1552,1.1547,1.1548,68945.5,151
2025-07-29 07:08:00,1.1548,1.1549,1.1545,1.1545,46318.4,98
2025-07-29 07:10:00,1.1545,1.1546,1.1541,1.1541,49870.9,144
2025-07-29 07:12:00,1.1543,1.1545,1.154,1.154,36640.7,82
2025-07-29 07:14:00,1.1541,1.1541,1.1539,1.1541,44403.0,99
2025-07-29 07:16:00,1.154,1.1543,1.1539,1.1542,53135.3,251
2025-07-29 07:18:00,1.1542,1.1544,1.1541,1.1543,10026.9,26
2025-07-29 07:20:00,1.1543,1.155,1.1543,1.1548,26738.7,86
2025-07-29 07:22:00,1.1548,1.1552,1.1548,1.1552,33521.2,62
2025-07-29 07:24:00,1.1552,1.1554,1.1551,1.1554,5950.8,31
2025-07-29 07:26:00,1.1554,1.1554,1.155,1.1551,45606.7,190
2025-07-29 07:28:00,1.1551,1.1551,1.1545,1.1547,37430.9,123
2025-07-29 07:30:00,1.1545,1.1547,1.1542,1.1547,23616.2,79
2025-07-29 07:32:00,1.1546,1.155,1.1545,1.1545,38823.8,86
2025-07-29 07:34:00,1.1544,1.1545,1.1543,1.1544,34835.6,87
2025-07-29 07:36:00,1.1542,1.1543,1.154,1.154,16555.5,49
2025-07-29 07:38:00,1.154,1.1544,1.1539,1.1543,47356.5,71
2025-07-29 07:40:00,1.1543,1.1548,1.1542,1.1545,228777.30000000002,191
2025-07-29 07:42:00,1.1545,1.1546,1.1543,1.1546,50384.4,96
2025-07-29 07:44:00,1.1545,1.1549,1.1544,1.1548,151004.1,136
2025-07-29 07:46:00,1.1549,1.155,1.1546,1.155,123793.4,174
2025-07-29 07:48:00,1.155,1.1553,1.1548,1.1551,57800.1,111
2025-07-29 07:50:00,1.1551,1.1554,1.1551,1.1554,34374.6,58
2025-07-29 07:52:00,1.1554,1.1555,1.1552,1.1555,37563.5,95
2025-07-29 07:54:00,1.1553,1.1556,1.1552,1.1555,73969.2,110
2025-07-29 07:56:00,1.1555,1.1557,1.1553,1.1556,100620.5,206
2025-07-29 07:58:00,1.1556,1.1559,1.1556,1.1558,66268.5,91
2025-07-29 08:00:00,1.1559,1.156,1.1557,1.1559,55453.3,72
2025-07-29 08:02:00,1.1559,1.1566,1.1558,1.1564,85767.0,119
2025-07-29 08:04:00,1.1564,1.1565,1.1561,1.1563,41149.7,84
2025-07-29 08:06:00,1.1563,1.1566,1.1562,1.1564,22398.5,64
2025-07-29 08:08:00,1.1564,1.1565,1.1563,1.1565,23240.100000000002,65
2025-07-29 08:10:00,1.1566,1.1567,1.1564,1.1564,22682.6,53
2025-07-29 08:12:00,1.1565,1.1568,1.1564,1.1568,30089.9,61
2025-07-29 08:14:00,1.1568,1.1571,1.1568,1.1571,29395.3,56
2025-07-29 08:16:00,1.1571,1.1573,1.1569,1.1571,35993.799999999996,73
2025-07-29 08:18:00,1.1571,1.1574,1.1571,1.1573,17529.5,45
2025-07-29 08:20:00,1.1574,1.1575,1.1571,1.1573,27378.7,54
2025-07-29 08:22:00,1.1573,1.1573,1.1571,1.1572,9815.6,28
2025-07-29 08:24:00,1.1573,1.1574,1.1571,1.1573,22552.9,61
2025-07-29 08:26:00,1.1572,1.1573,1.1571,1.1571,15663.7,42
2025-07-29 08:28:00,1.1572,1.1573,1.1571,1.1573,16530.1,71
2025-07-29 08:30:00,1.1573,1.1573,1.1566,1.1568,105772.8,175
2025-07-29 08:32:00,1.1567,1.1572,1.1567,1.1572,34983.7,69
2025-07-29 08:34:00,1.1571,1.1573,1.157,1.1573,31896.2,55
2025-07-29 08:36:00,1.1573,1.1574,1.1571,1.1572,10199.8,24
2025-07-29 08:38:00,1.1572,1.1572,1.1569,1.157,17133.8,47
2025-07-29 08:40:00,1.157,1.1571,1.1569,1.1571,31333.3,53
2025-07-29 08:42:00,1.157,1.1571,1.1569,1.1569,20403.0,49
2025-07-29 08:44:00,1.1568,1.1571,1.1568,1.1571,30498.5,64
2025-07-29 08:46:00,1.1571,1.1571,1.1568,1.1569,37745.3,51
2025-07-29 08:48:00,1.1569,1.157,1.1567,1.1568,84482.8,95
2025-07-29 08:50:00,1.1569,1.1572,1.1567,1.1571,13711.4,45
2025-07-29 08:52:00,1.1572,1.1574,1.1571,1.1573,33858.9,74
2025-07-29 08:54:00,1.1572,1.1573,1.1571,1.1573,40853.6,71
2025-07-29 08:56:00,1.1572,1.1574,1.1571,1.1572,27368.3,69
2025-07-29 08:58:00,1.1572,1.1574,1.1572,1.1573,18357.4,46
2025-07-29 09:00:00,1.1574,1.1579,1.1573,1.1579,52007.5,86
2025-07-29 09:02:00,1.1579,1.158,1.1576,1.1577,24653.5,51
2025-07-29 09:04:00,1.1577,1.1577,1.1573,1.1575,40736.9,102
2025-07-29 09:06:00,1.1573,1.1575,1.157,1.157,56667.1,69
2025-07-29 09:08:00,1.157,1.1571,1.157,1.1571,14449.9,43
2025-07-29 09:10:00,1.1571,1.1574,1.157,1.1573,23970.8,87
2025-07-29 09:12:00,1.1573,1.1575,1.1572,1.1573,17160.0,55
2025-07-29 09:14:00,1.1573,1.1574,1.1571,1.1574,21170.5,78
2025-07-29 09:16:00,1.1575,1.1578,1.1574,1.1578,30203.9,70
2025-07-29 09:18:00,1.1578,1.1579,1.1576,1.1578,29976.600000000002,86
2025-07-29 09:20:00,1.1578,1.1582,1.1577,1.1582,19415.8,69
2025-07-29 09:22:00,1.1581,1.1582,1.158,1.1581,21166.9,61
2025-07-29 09:24:00,1.1581,1.1583,1.158,1.1582,10758.7,39
2025-07-29 09:26:00,1.1582,1.1585,1.1581,1.1583,21626.8,71
2025-07-29 09:28:00,1.1583,1.1587,1.1582,1.1586,11312.5,49
2025-07-29 09:30:00,1.1585,1.1587,1.1585,1.1585,14564.300000000001,72
2025-07-29 09:32:00,1.1586,1.1589,1.1586,1.1588,20100.1,82
2025-07-29 09:34:00,1.1589,1.1589,1.1585,1.1585,19493.4,53
2025-07-29 09:36:00,1.1585,1.1588,1.1585,1.1587,28274.1,110
2025-07-29 09:38:00,1.1588,1.1588,1.1585,1.1585,14660.6,46
2025-07-29 09:40:00,1.1586,1.1586,1.1583,1.1585,22474.6,87
2025-07-29 09:42:00,1.1586,1.1587,1.1585,1.1587,5087.0,29
2025-07-29 09:44:00,1.1587,1.159,1.1587,1.159,15547.4,50
2025-07-29 09:46:00,1.1589,1.159,1.1585,1.1586,21818.2,58
2025-07-29 09:48:00,1.1585,1.1585,1.1583,1.1584,15236.3,49
2025-07-29 09:50:00,1.1584,1.1584,1.1581,1.1582,10021.6,62
2025-07-29 09:52:00,1.1583,1.1583,1.158,1.1581,46412.9,76
2025-07-29 09:54:00,1.158,1.1583,1.1578,1.1582,43275.2,82
2025-07-29 09:56:00,1.1583,1.1583,1.1579,1.1582,17026.8,62
2025-07-29 09:58:00,1.1581,1.1582,1.158,1.1582,10362.9,38
2025-07-29 10:00:00,1.1581,1.1583,1.1579,1.1582,24280.0,69
2025-07-29 10:02:00,1.1582,1.1583,1.158,1.1581,28511.8,86
2025-07-29 10:04:00,1.1582,1.1583,1.158,1.1582,16586.100000000002,57
2025-07-29 10:06:00,1.1582,1.1583,1.158,1.1581,13575.4,62
2025-07-29 10:08:00,1.1582,1.1582,1.1579,1.1579,25703.6,67
2025-07-29 10:10:00,1.1579,1.158,1.1578,1.158,46739.6,73
2025-07-29 10:12:00,1.1579,1.1582,1.1579,1.158,19526.8,44
2025-07-29 10:14:00,1.1581,1.1583,1.158,1.1582,42044.299999999996,101
2025-07-29 10:16:00,1.1581,1.1583,1.1581,1.1583,15360.7,61
2025-07-29 10:18:00,1.1582,1.1585,1.1582,1.1585,17466.9,66
2025-07-29 10:20:00,1.1584,1.1586,1.1581,1.1582,26016.399999999998,67
2025-07-29 10:22:00,1.1582,1.1584,1.158,1.1583,48375.9,104
2025-07-29 10:24:00,1.1583,1.1586,1.1583,1.1586,36164.5,90
2025-07-29 10:26:00,1.1586,1.1589,1.1585,1.1589,29051.7,69
2025-07-29 10:28:00,1.1588,1.1591,1.1588,1.159,46537.5,60
2025-07-29 10:30:00,1.159,1.1591,1.1589,1.159,37033.7,74
2025-07-29 10:32:00,1.1588,1.159,1.1587,1.1587,33563.4,73
2025-07-29 10:34:00,1.1588,1.1589,1.1584,1.1585,84454.3,334
2025-07-29 10:36:00,1.1585,1.1587,1.1584,1.1586,24372.6,54
2025-07-29 10:38:00,1.1585,1.1587,1.1585,1.1586,21933.3,71
2025-07-29 10:40:00,1.1585,1.1585,1.1582,1.1582,11237.4,41
2025-07-29 10:42:00,1.1582,1.1583,1.1581,1.1582,11679.1,37
2025-07-29 10:44:00,1.1581,1.1583,1.1581,1.1581,18074.1,45
2025-07-29 10:46:00,1.1581,1.1583,1.1581,1.1583,18229.8,76
2025-07-29 10:48:00,1.1583,1.1583,1.158,1.158,35029.5,100
2025-07-29 10:50:00,1.158,1.1581,1.1578,1.1581,81228.6,158
2025-07-29 10:52:00,1.1579,1.1581,1.1579,1.158,34800.0,70
2025-07-29 10:54:00,1.1579,1.158,1.1577,1.1578,36617.5,99
2025-07-29 10:56:00,1.1577,1.158,1.1577,1.1578,34604.8,93
2025-07-29 10:58:00,1.1578,1.158,1.1577,1.1578,37064.6,87
2025-07-29 11:00:00,1.1578,1.1579,1.1577,1.1578,39632.8,85
2025-07-29 11:02:00,1.1578,1.1578,1.1574,1.1574,25324.3,73
2025-07-29 11:04:00,1.1575,1.1575,1.1572,1.1572,28740.1,126
2025-07-29 11:06:00,1.1574,1.1574,1.1571,1.1571,15721.2,50
2025-07-29 11:08:00,1.1572,1.1572,1.157,1.1571,26869.7,59
2025-07-29 11:10:00,1.1571,1.1574,1.157,1.1574,28925.3,92
2025-07-29 11:12:00,1.1572,1.1573,1.1571,1.1572,21477.6,58
2025-07-29 11:14:00,1.1571,1.1572,1.157,1.1571,18699.7,116
2025-07-29 11:16:00,1.1571,1.1572,1.1571,1.1571,6327.3,23
2025-07-29 11:18:00,1.1571,1.1571,1.1568,1.1569,35148.7,47
2025-07-29 11:20:00,1.1569,1.157,1.1568,1.1569,20576.1,78
2025-07-29 11:22:00,1.1569,1.1572,1.1569,1.1572,22100.600000000002,43
2025-07-29 11:24:00,1.1572,1.1572,1.157,1.157,7130.6,30
2025-07-29 11:26:00,1.157,1.1571,1.1568,1.1569,15851.300000000001,63
2025-07-29 11:28:00,1.1568,1.1569,1.1567,1.1568,9880.6,33
2025-07-29 11:30:00,1.1568,1.1568,1.1565,1.1566,28288.2,53
2025-07-29 11:32:00,1.1566,1.1566,1.1564,1.1565,13670.8,59
2025-07-29 11:34:00,1.1564,1.1565,1.1562,1.1564,15766.5,62
2025-07-29 11:36:00,1.1563,1.1563,1.1558,1.1559,25407.899999999998,72
2025-07-29 11:38:00,1.1559,1.1559,1.1552,1.1553,26594.6,68
2025-07-29 11:40:00,1.1553,1.1553,1.1551,1.1551,22616.8,42
2025-07-29 11:42:00,1.1551,1.1551,1.1546,1.155,27737.9,75
2025-07-29 11:44:00,1.1551,1.1553,1.1549,1.1553,27370.3,66
2025-07-29 11:46:00,1.1553,1.1555,1.1552,1.1552,43988.9,144
2025-07-29 11:48:00,1.1553,1.1553,1.155,1.1551,11171.4,48
2025-07-29 11:50:00,1.155,1.1552,1.1548,1.1552,32268.3,120
2025-07-29 11:52:00,1.1552,1.1552,1.155,1.155,22908.3,75
2025-07-29 11:54:00,1.1551,1.1551,1.1548,1.1549,14046.5,52
2025-07-29 11:56:00,1.1548,1.1549,1.1543,1.1546,57332.2,151
2025-07-29 11:58:00,1.1546,1.1547,1.1544,1.1546,21211.6,42
2025-07-29 12:00:00,1.1547,1.1547,1.1542,1.1544,13612.7,41
2025-07-29 12:02:00,1.1543,1.1546,1.1543,1.1544,20344.1,89
2025-07-29 12:04:00,1.1544,1.1547,1.1542,1.1546,44129.7,130
2025-07-29 12:06:00,1.1547,1.1547,1.1541,1.1542,23251.899999999998,80
2025-07-29 12:08:00,1.1542,1.1543,1.1538,1.154,21530.3,75
2025-07-29 12:10:00,1.1539,1.1543,1.1539,1.1542,30466.0,190
2025-07-29 12:12:00,1.1541,1.1543,1.154,1.1541,26129.6,59
2025-07-29 12:14:00,1.1541,1.1542,1.1539,1.154,48378.6,180
2025-07-29 12:16:00,1.1539,1.1543,1.1538,1.1541,56598.1,131
2025-07-29 12:18:00,1.1541,1.1541,1.1539,1.1539,54218.7,169
2025-07-29 12:20:00,1.1539,1.1539,1.1536,1.1539,39957.0,98
2025-07-29 12:22:00,1.1539,1.1542,1.1539,1.1541,56168.0,91
2025-07-29 12:24:00,1.1541,1.1541,1.1538,1.154,20683.4,39
2025-07-29 12:26:00,1.1539,1.1542,1.1539,1.1541,92880.6,208
2025-07-29 12:28:00,1.1541,1.1542,1.154,1.1541,26505.4,36
2025-07-29 12:30:00,1.1541,1.1541,1.154,1.1541,13302.3,31
2025-07-29 12:32:00,1.1541,1.1541,1.1539,1.1539,28156.600000000002,54
2025-07-29 12:34:00,1.154,1.154,1.1539,1.154,11431.1,22
2025-07-29 12:36:00,1.154,1.154,1.1536,1.1538,19473.2,49
2025-07-29 12:38:00,1.1538,1.154,1.1538,1.154,7482.8,28
2025-07-29 12:40:00,1.154,1.154,1.1538,1.1539,11608.2,37
2025-07-29 12:42:00,1.1538,1.1539,1.1538,1.1539,18107.8,49
2025-07-29 12:44:00,1.1538,1.154,1.1538,1.1539,21954.9,58
2025-07-29 12:46:00,1.1538,1.1539,1.1534,1.1536,41118.1,77
2025-07-29 12:48:00,1.1536,1.154,1.1536,1.154,16522.3,48
2025-07-29 12:50:00,1.1541,1.1542,1.1539,1.1542,12865.1,56
2025-07-29 12:52:00,1.1542,1.1542,1.1539,1.1539,20598.600000000002,65
2025-07-29 12:54:00,1.154,1.154,1.1537,1.1538,9952.0,39
2025-07-29 12:56:00,1.1538,1.1538,1.1534,1.1537,83700.5,96
2025-07-29 12:58:00,1.1535,1.1536,1.1533,1.1533,53241.8,71
2025-07-29 13:00:00,1.1534,1.1534,1.1531,1.1532,74671.4,124
2025-07-29 13:02:00,1.1532,1.1532,1.1531,1.1531,19052.9,47
2025-07-29 13:04:00,1.1532,1.1536,1.1532,1.1536,10904.6,35
2025-07-29 13:06:00,1.1535,1.1536,1.1533,1.1536,17243.4,53
2025-07-29 13:08:00,1.1536,1.1537,1.1532,1.1533,23868.9,61
2025-07-29 13:10:00,1.1533,1.1533,1.1526,1.1528,92954.4,165
2025-07-29 13:12:00,1.1528,1.1528,1.1525,1.1525,37103.4,87
2025-07-29 13:14:00,1.1526,1.1527,1.1524,1.1527,81146.5,195
2025-07-29 13:16:00,1.1527,1.1529,1.1526,1.1527,18569.8,43
2025-07-29 13:18:00,1.1528,1.1528,1.1526,1.1528,14579.1,61
2025-07-29 13:20:00,1.1528,1.1531,1.1525,1.1531,46920.7,129
2025-07-29 13:22:00,1.1531,1.1534,1.1529,1.1533,24575.7,110
2025-07-29 13:24:00,1.1533,1.1535,1.1533,1.1533,168214.3,340
2025-07-29 13:26:00,1.1533,1.1535,1.1532,1.1534,76121.2,124
2025-07-29 13:28:00,1.1534,1.1534,1.1532,1.1533,28897.0,72
2025-07-29 13:30:00,1.1533,1.1534,1.1531,1.1532,23992.5,43
2025-07-29 13:32:00,1.1532,1.1533,1.1529,1.153,30226.100000000002,69
2025-07-29 13:34:00,1.1529,1.153,1.1525,1.1527,52749.3,115
2025-07-29 13:36:00,1.1527,1.1532,1.1526,1.1531,27041.0,59
2025-07-29 13:38:00,1.1532,1.1533,1.1529,1.1532,16795.5,45
2025-07-29 13:40:00,1.1534,1.1537,1.1533,1.1536,21280.5,69
2025-07-29 13:42:00,1.1535,1.1536,1.1532,1.1533,31870.1,93
2025-07-29 13:44:00,1.1532,1.1536,1.1532,1.1534,15291.0,45
2025-07-29 13:46:00,1.1535,1.1539,1.1534,1.1538,20332.2,69
2025-07-29 13:48:00,1.1538,1.154,1.1537,1.154,32531.3,58
2025-07-29 13:50:00,1.154,1.1544,1.1539,1.1539,34329.5,113
2025-07-29 13:52:00,1.154,1.1541,1.1538,1.1541,55105.6,77
2025-07-29 13:54:00,1.1541,1.1541,1.1539,1.1541,17082.8,49
2025-07-29 13:56:00,1.154,1.1547,1.154,1.1547,46257.0,138
2025-07-29 13:58:00,1.1547,1.1549,1.1546,1.1548,20839.4,70
2025-07-29 14:00:00,1.1549,1.1552,1.1542,1.1543,89423.8,258
2025-07-29 14:02:00,1.1542,1.1542,1.1538,1.1539,41344.6,96
2025-07-29 14:04:00,1.154,1.1541,1.1536,1.1537,38077.5,139
2025-07-29 14:06:00,1.1538,1.1539,1.1533,1.1533,137909.7,325
2025-07-29 14:08:00,1.1533,1.1538,1.1532,1.1536,112298.8,374
2025-07-29 14:10:00,1.1534,1.1536,1.1531,1.1532,61754.3,94
2025-07-29 14:12:00,1.1532,1.1537,1.1532,1.1533,50826.6,180
2025-07-29 14:14:00,1.1534,1.1535,1.1531,1.1533,22807.7,76
2025-07-29 14:16:00,1.1533,1.1535,1.1525,1.1528,41403.5,110
2025-07-29 14:18:00,1.1528,1.1532,1.1526,1.1531,16468.0,72
2025-07-29 14:20:00,1.1531,1.1536,1.1531,1.1536,44542.9,126
2025-07-29 14:22:00,1.1536,1.154,1.1535,1.1539,41280.4,107
2025-07-29 14:24:00,1.154,1.1542,1.1538,1.1541,31773.4,115
2025-07-29 14:26:00,1.154,1.1541,1.1537,1.1538,68150.1,103
2025-07-29 14:28:00,1.1538,1.1538,1.1537,1.1538,100987.9,152
2025-07-29 14:30:00,1.1538,1.1538,1.1535,1.1535,38766.5,79
2025-07-29 14:32:00,1.1535,1.154,1.1535,1.1536,51837.9,327
2025-07-29 14:34:00,1.1536,1.1541,1.1536,1.1539,46604.7,264
2025-07-29 14:36:00,1.1538,1.1543,1.1538,1.1538,13302.5,132
2025-07-29 14:38:00,1.1538,1.1543,1.1536,1.1541,52690.299999999996,195
2025-07-29 14:40:00,1.1541,1.1545,1.1541,1.1542,33266.7,143
2025-07-29 14:42:00,1.1541,1.1542,1.1538,1.1538,15112.2,58
2025-07-29 14:44:00,1.1538,1.154,1.1535,1.1535,54651.9,537
2025-07-29 14:46:00,1.1536,1.1538,1.1536,1.1536,19442.7,54
2025-07-29 14:48:00,1.1536,1.1537,1.1532,1.1535,60149.8,139
2025-07-29 14:50:00,1.1537,1.1537,1.153,1.1532,116060.59999999999,483
2025-07-29 14:52:00,1.1531,1.1532,1.1527,1.1527,179653.0,608
2025-07-29 14:54:00,1.1527,1.1529,1.1526,1.1527,85735.3,284
2025-07-29 14:56:00,1.1527,1.1528,1.1524,1.1524,74535.0,216
2025-07-29 14:58:00,1.1525,1.1525,1.1522,1.1524,21549.9,67
2025-07-29 15:00:00,1.1522,1.1524,1.1521,1.1521,24744.2,127
2025-07-29 15:02:00,1.1522,1.1526,1.1521,1.1524,23835.4,66
2025-07-29 15:04:00,1.1524,1.1527,1.1523,1.1525,37102.2,73
2025-07-29 15:06:00,1.1524,1.1527,1.1524,1.1525,57803.1,124
2025-07-29 15:08:00,1.1526,1.153,1.1525,1.1528,35389.2,86
2025-07-29 15:10:00,1.1528,1.1529,1.1527,1.1528,22786.5,46
2025-07-29 15:12:00,1.1529,1.1531,1.1528,1.153,14974.6,41
2025-07-29 15:14:00,1.153,1.153,1.1527,1.1529,13135.8,36
2025-07-29 15:16:00,1.1528,1.1531,1.1528,1.1528,16342.6,57
2025-07-29 15:18:00,1.153,1.1534,1.153,1.1531,39622.9,92
2025-07-29 15:20:00,1.1532,1.1532,1.1528,1.153,30214.8,57
2025-07-29 15:22:00,1.153,1.153,1.1526,1.1528,51808.4,109
2025-07-29 15:24:00,1.1528,1.153,1.1528,1.1528,12923.9,49
2025-07-29 15:26:00,1.1528,1.153,1.1528,1.1528,19587.5,69
2025-07-29 15:28:00,1.1528,1.1535,1.1527,1.1535,40131.2,88
2025-07-29 15:30:00,1.1536,1.1539,1.1534,1.1536,51810.7,98
2025-07-29 15:32:00,1.1538,1.1539,1.1535,1.1536,25367.4,79
2025-07-29 15:34:00,1.1536,1.1538,1.1531,1.1532,14537.300000000001,43
2025-07-29 15:36:00,1.1532,1.1534,1.1531,1.1533,26892.5,40
2025-07-29 15:38:00,1.1533,1.1533,1.1531,1.1532,9306.0,35
2025-07-29 15:40:00,1.1531,1.1536,1.1531,1.1535,20079.5,50
2025-07-29 15:42:00,1.1534,1.1536,1.1529,1.153,43608.9,82
2025-07-29 15:44:00,1.153,1.1533,1.1528,1.1532,18149.8,54
2025-07-29 15:46:00,1.1532,1.1534,1.1531,1.1531,18907.6,67
2025-07-29 15:48:00,1.1532,1.1534,1.153,1.1533,39325.6,75
2025-07-29 15:50:00,1.1534,1.1536,1.1533,1.1534,32380.0,166
2025-07-29 15:52:00,1.1533,1.1534,1.1531,1.1532,25317.3,69
2025-07-29 15:54:00,1.1533,1.1534,1.1531,1.1532,24031.6,73
2025-07-29 15:56:00,1.1532,1.1533,1.1526,1.1526,35019.8,101
2025-07-29 15:58:00,1.1526,1.1533,1.1526,1.1533,28219.2,66
2025-07-29 16:00:00,1.1532,1.1536,1.1531,1.1534,24849.0,77
2025-07-29 16:02:00,1.1535,1.1537,1.1534,1.1534,18996.5,57
2025-07-29 16:04:00,1.1534,1.1538,1.1534,1.1538,22352.2,58
2025-07-29 16:06:00,1.1536,1.1538,1.1536,1.1538,28742.8,59
2025-07-29 16:08:00,1.1537,1.1538,1.1534,1.1535,21781.9,74
2025-07-29 16:10:00,1.1535,1.1536,1.1533,1.1535,12865.0,79
2025-07-29 16:12:00,1.1536,1.1539,1.1536,1.1538,30777.0,82
2025-07-29 16:14:00,1.1539,1.1542,1.1538,1.1542,14186.6,56
2025-07-29 16:16:00,1.1541,1.1545,1.1541,1.1545,69264.4,133
2025-07-29 16:18:00,1.1545,1.1546,1.1543,1.1543,78798.6,168
2025-07-29 16:20:00,1.1543,1.1545,1.1542,1.1543,24494.7,69
2025-07-29 16:22:00,1.1542,1.1545,1.1541,1.1545,36909.4,72
2025-07-29 16:24:00,1.1544,1.1545,1.1542,1.1543,21826.4,87
2025-07-29 16:26:00,1.1543,1.1545,1.1543,1.1545,21853.8,70
2025-07-29 16:28:00,1.1545,1.1547,1.1543,1.1544,33668.5,63
2025-07-29 16:30:00,1.1544,1.1545,1.1542,1.1545,30563.7,82
2025-07-29 16:32:00,1.1544,1.1546,1.1543,1.1543,39116.5,106
2025-07-29 16:34:00,1.1544,1.1545,1.1542,1.1544,28960.2,89
2025-07-29 16:36:00,1.1544,1.1546,1.1544,1.1546,75570.3,250
2025-07-29 16:38:00,1.1546,1.1547,1.1543,1.1546,49184.0,137
2025-07-29 16:40:00,1.1545,1.1548,1.1545,1.1547,26747.5,86
2025-07-29 16:42:00,1.1547,1.1547,1.1544,1.1546,41553.0,221
2025-07-29 16:44:00,1.1546,1.1551,1.1545,1.1549,40297.8,65
2025-07-29 16:46:00,1.155,1.1551,1.1548,1.1549,24471.2,45
2025-07-29 16:48:00,1.1548,1.1549,1.1546,1.1547,23336.7,57
2025-07-29 16:50:00,1.1546,1.1548,1.1544,1.1544,21648.2,87
2025-07-29 16:52:00,1.1543,1.1544,1.1542,1.1544,19061.3,74
2025-07-29 16:54:00,1.1544,1.1546,1.1541,1.1541,33214.6,78
2025-07-29 16:56:00,1.1541,1.1542,1.1541,1.1541,15466.0,75
2025-07-29 16:58:00,1.1541,1.1542,1.154,1.1542,13783.7,55
2025-07-29 17:00:00,1.1542,1.1542,1.1539,1.154,22642.3,70
2025-07-29 17:02:00,1.1541,1.1543,1.154,1.1542,54998.2,109
2025-07-29 17:04:00,1.1542,1.1542,1.1538,1.1538,22901.6,102
2025-07-29 17:06:00,1.1539,1.1542,1.1537,1.154,37564.0,117
2025-07-29 17:08:00,1.1541,1.1542,1.1539,1.1539,20723.8,71
2025-07-29 17:10:00,1.1539,1.1543,1.1539,1.1542,17813.5,70
2025-07-29 17:12:00,1.1543,1.1547,1.1542,1.1547,13299.8,41
2025-07-29 17:14:00,1.1545,1.1548,1.1544,1.1548,45453.6,85
2025-07-29 17:16:00,1.1546,1.1551,1.1546,1.155,14693.3,59
2025-07-29 17:18:00,1.155,1.1557,1.155,1.1555,29465.9,80
2025-07-29 17:20:00,1.1555,1.1555,1.1552,1.1554,19013.6,52
2025-07-29 17:22:00,1.1554,1.1556,1.1553,1.1553,29299.8,86
2025-07-29 17:24:00,1.1555,1.1556,1.1552,1.1552,17599.2,56
2025-07-29 17:26:00,1.1552,1.1554,1.1551,1.1553,24669.0,81
2025-07-29 17:28:00,1.1552,1.1552,1.155,1.155,29362.6,85
2025-07-29 17:30:00,1.1551,1.1552,1.1548,1.155,22026.9,65
2025-07-29 17:32:00,1.155,1.1551,1.1548,1.155,12911.2,40
2025-07-29 17:34:00,1.155,1.155,1.1548,1.1548,18697.600000000002,78
2025-07-29 17:36:00,1.1549,1.1549,1.1547,1.1547,8249.8,42
2025-07-29 17:38:00,1.1547,1.1548,1.1545,1.1546,20765.5,79
2025-07-29 17:40:00,1.1547,1.1548,1.1545,1.1547,9113.8,37
2025-07-29 17:42:00,1.1547,1.1548,1.1546,1.1547,10255.3,40
2025-07-29 17:44:00,1.1546,1.1548,1.1545,1.1546,14484.5,48
2025-07-29 17:46:00,1.1548,1.1548,1.1545,1.1548,17420.7,70
2025-07-29 17:48:00,1.1546,1.1549,1.1546,1.1549,6643.3,51
2025-07-29 17:50:00,1.1548,1.1549,1.1545,1.1545,20502.2,62
2025-07-29 17:52:00,1.1545,1.1547,1.1545,1.1547,23475.9,64
2025-07-29 17:54:00,1.1547,1.1548,1.1545,1.1546,20536.5,63
2025-07-29 17:56:00,1.1546,1.1547,1.1542,1.1542,8908.6,45
2025-07-29 17:58:00,1.1543,1.1543,1.154,1.1542,17642.0,73
2025-07-29 18:00:00,1.1541,1.1544,1.1541,1.1544,24465.8,68
2025-07-29 18:02:00,1.1544,1.1545,1.1541,1.1542,17546.5,52
2025-07-29 18:04:00,1.1542,1.1543,1.154,1.1541,26882.0,71
2025-07-29 18:06:00,1.1541,1.1542,1.1539,1.154,27545.3,57
2025-07-29 18:08:00,1.1541,1.1542,1.1539,1.154,16041.8,55
2025-07-29 18:10:00,1.154,1.1543,1.154,1.1543,24711.4,80
2025-07-29 18:12:00,1.1541,1.1544,1.1541,1.1542,21485.3,73
2025-07-29 18:14:00,1.1542,1.1543,1.1541,1.1542,17324.6,53
2025-07-29 18:16:00,1.1543,1.1544,1.1542,1.1544,12497.1,44
2025-07-29 18:18:00,1.1544,1.1547,1.1544,1.1544,7992.2,38
2025-07-29 18:20:00,1.1546,1.1546,1.1544,1.1544,15036.6,45
2025-07-29 18:22:00,1.1545,1.1546,1.1543,1.1543,9374.0,44
2025-07-29 18:24:00,1.1544,1.1545,1.1542,1.1543,1898.5,18
2025-07-29 18:26:00,1.1543,1.1544,1.1542,1.1542,3369.3,22
2025-07-29 18:28:00,1.1544,1.1546,1.1544,1.1545,13970.800000000001,49
2025-07-29 18:30:00,1.1544,1.1546,1.1544,1.1544,12186.7,43
2025-07-29 18:32:00,1.1545,1.1546,1.1544,1.1545,9052.1,38
2025-07-29 18:34:00,1.1545,1.1546,1.1543,1.1546,13651.4,49
2025-07-29 18:36:00,1.1545,1.1547,1.1544,1.1547,15413.1,60
2025-07-29 18:38:00,1.1547,1.1547,1.1545,1.1546,15075.2,33
2025-07-29 18:40:00,1.1546,1.1549,1.1546,1.1548,6388.3,28
2025-07-29 18:42:00,1.1548,1.1549,1.1547,1.1548,7848.9,36
2025-07-29 18:44:00,1.1548,1.1548,1.1547,1.1547,9707.7,38
2025-07-29 18:46:00,1.1548,1.1548,1.1547,1.1547,3643.3,23
2025-07-29 18:48:00,1.1547,1.155,1.1547,1.155,6025.6,35
2025-07-29 18:50:00,1.1549,1.1551,1.1547,1.1547,12270.1,70
2025-07-29 18:52:00,1.1548,1.155,1.1547,1.1549,10578.2,38
2025-07-29 18:54:00,1.1548,1.155,1.1548,1.1549,9176.9,52
2025-07-29 18:56:00,1.1549,1.1551,1.1548,1.1551,13801.2,78
2025-07-29 18:58:00,1.1551,1.1553,1.1549,1.1551,26432.4,82
2025-07-29 19:00:00,1.1552,1.1553,1.155,1.1551,12541.4,49
2025-07-29 19:02:00,1.155,1.1552,1.155,1.155,9133.9,35
2025-07-29 19:04:00,1.155,1.1551,1.1549,1.155,10908.7,48
2025-07-29 19:06:00,1.1551,1.1552,1.155,1.1551,22923.2,148
2025-07-29 19:08:00,1.1552,1.1553,1.1551,1.1552,8746.8,33
2025-07-29 19:10:00,1.1552,1.1553,1.1551,1.1552,9682.1,43
2025-07-29 19:12:00,1.1551,1.1554,1.1551,1.1553,14171.2,55
2025-07-29 19:14:00,1.1553,1.1555,1.1552,1.1555,46459.1,82
2025-07-29 19:16:00,1.1553,1.1556,1.1552,1.1556,27454.0,77
2025-07-29 19:18:00,1.1554,1.1557,1.1554,1.1556,19348.9,48
2025-07-29 19:20:00,1.1557,1.1558,1.1556,1.1556,40044.3,75
2025-07-29 19:22:00,1.1556,1.1567,1.1555,1.1558,67448.4,169
2025-07-29 19:24:00,1.1557,1.156,1.1557,1.1558,10188.3,52
2025-07-29 19:26:00,1.1558,1.1559,1.1557,1.1557,17238.5,80
2025-07-29 19:28:00,1.1557,1.1558,1.1556,1.1558,7275.5,40
2025-07-29 19:30:00,1.1557,1.1557,1.1555,1.1557,7213.0,29
2025-07-29 19:32:00,1.1557,1.1557,1.1555,1.1557,5670.0,35
2025-07-29 19:34:00,1.1555,1.1556,1.1553,1.1554,21041.6,95
2025-07-29 19:36:00,1.1553,1.1555,1.1553,1.1554,9746.4,36
2025-07-29 19:38:00,1.1555,1.1555,1.1553,1.1555,9852.9,37
2025-07-29 19:40:00,1.1554,1.1555,1.1552,1.1554,27637.5,66
2025-07-29 19:42:00,1.1554,1.1556,1.1553,1.1554,8949.2,27
2025-07-29 19:44:00,1.1553,1.1554,1.1552,1.1553,7841.1,37
2025-07-29 19:46:00,1.1553,1.1555,1.1552,1.1553,15402.1,60
2025-07-29 19:48:00,1.1554,1.1554,1.1553,1.1553,12931.7,64
2025-07-29 19:50:00,1.1553,1.1555,1.1552,1.1553,15549.7,56
2025-07-29 19:52:00,1.1552,1.1554,1.1551,1.1554,14189.9,45
2025-07-29 19:54:00,1.1554,1.1554,1.155,1.1552,15188.9,49
2025-07-29 19:56:00,1.1552,1.1552,1.155,1.155,20948.7,39
2025-07-29 19:58:00,1.1551,1.1552,1.155,1.155,5007.8,28
2025-07-29 20:00:00,1.155,1.1552,1.155,1.155,11744.199999999999,51
2025-07-29 20:02:00,1.1551,1.1552,1.1549,1.1549,7915.0,33
2025-07-29 20:04:00,1.155,1.1552,1.1549,1.1552,15206.199999999999,52
2025-07-29 20:06:00,1.1551,1.1553,1.1551,1.1553,19193.8,41
2025-07-29 20:08:00,1.1553,1.1554,1.1552,1.1554,15226.3,46
2025-07-29 20:10:00,1.1553,1.1553,1.1549,1.155,47348.9,167
2025-07-29 20:12:00,1.1551,1.1552,1.155,1.1551,4871.3,24
2025-07-29 20:14:00,1.1551,1.1553,1.155,1.1552,19554.1,47
2025-07-29 20:16:00,1.1553,1.1553,1.1552,1.1553,8812.5,26
2025-07-29 20:18:00,1.1553,1.1555,1.1552,1.1552,30902.7,87
2025-07-29 20:20:00,1.1553,1.1553,1.1552,1.1553,7761.6,27
2025-07-29 20:22:00,1.1553,1.1553,1.1552,1.1553,9337.6,24
2025-07-29 20:24:00,1.1553,1.1553,1.155,1.1552,16742.2,57
2025-07-29 20:26:00,1.1552,1.1553,1.1551,1.1551,5737.9,21
2025-07-29 20:28:00,1.1551,1.1553,1.1551,1.1551,9015.0,43
2025-07-29 20:30:00,1.1552,1.1553,1.1549,1.1549,13639.3,59
2025-07-29 20:32:00,1.1551,1.1551,1.1549,1.155,22588.7,66
2025-07-29 20:34:00,1.155,1.1551,1.1548,1.1548,20492.4,105
2025-07-29 20:36:00,1.1549,1.155,1.1548,1.1548,9520.1,51
2025-07-29 20:38:00,1.155,1.155,1.1547,1.1549,4250.1,35
2025-07-29 20:40:00,1.1549,1.155,1.1547,1.1548,12746.0,43
2025-07-29 20:42:00,1.1549,1.155,1.1548,1.1549,14202.4,51
2025-07-29 20:44:00,1.1548,1.1549,1.1547,1.1547,13459.0,50
2025-07-29 20:46:00,1.1548,1.1548,1.1547,1.1548,13363.0,52
2025-07-29 20:48:00,1.1548,1.1549,1.1546,1.1549,16018.0,41
2025-07-29 20:50:00,1.1547,1.1549,1.1547,1.1547,9326.5,38
2025-07-29 20:52:00,1.1547,1.1548,1.1547,1.1547,8300.0,38
2025-07-29 20:54:00,1.1546,1.1548,1.1546,1.1548,6190.2,33
2025-07-29 20:56:00,1.1548,1.1548,1.1547,1.1547,9085.4,22
2025-07-29 20:58:00,1.1548,1.1549,1.1547,1.1548,12742.3,33
2025-07-29 21:00:00,1.1548,1.1549,1.1546,1.1546,22018.2,59
2025-07-29 21:02:00,1.1546,1.1549,1.1546,1.1547,9470.4,44
2025-07-29 21:04:00,1.1547,1.1549,1.1546,1.1549,17822.3,72
2025-07-29 21:06:00,1.1549,1.155,1.1548,1.1549,14237.9,41
2025-07-29 21:08:00,1.1549,1.1552,1.1549,1.1551,16613.5,55
2025-07-29 21:10:00,1.1552,1.1552,1.1551,1.1551,7657.4,43
2025-07-29 21:12:00,1.1551,1.1553,1.1551,1.1552,9057.7,32
2025-07-29 21:14:00,1.1552,1.1553,1.155,1.155,20377.0,36
2025-07-29 21:16:00,1.155,1.1551,1.155,1.1551,9139.5,36
2025-07-29 21:18:00,1.155,1.1552,1.155,1.1552,10495.5,35
2025-07-29 21:20:00,1.155,1.1552,1.155,1.155,13921.1,34
2025-07-29 21:22:00,1.1551,1.1552,1.155,1.1551,7373.900000000001,31
2025-07-29 21:24:00,1.1551,1.1552,1.1549,1.1551,14761.300000000001,33
2025-07-29 21:26:00,1.155,1.1551,1.1549,1.1549,11607.6,68
2025-07-29 21:28:00,1.155,1.1551,1.1549,1.1551,5999.9,25
2025-07-29 21:30:00,1.1551,1.1552,1.155,1.1551,4413.2,36
2025-07-29 21:32:00,1.1552,1.1552,1.155,1.155,11131.1,31
2025-07-29 21:34:00,1.155,1.1552,1.155,1.155,7941.2,38
2025-07-29 21:36:00,1.155,1.1552,1.1549,1.1549,8871.5,28
2025-07-29 21:38:00,1.155,1.155,1.1549,1.1549,6198.2,29
2025-07-29 21:40:00,1.1549,1.1551,1.1549,1.1549,10861.8,48
2025-07-29 21:42:00,1.155,1.1551,1.155,1.155,3283.8,29
2025-07-29 21:44:00,1.1551,1.1551,1.1549,1.155,8223.6,50
2025-07-29 21:46:00,1.1549,1.1551,1.1549,1.1549,5430.1,41
2025-07-29 21:48:00,1.1549,1.1551,1.1549,1.1551,2331.8,24
2025-07-29 21:50:00,1.1551,1.1551,1.155,1.155,4368.9,38
2025-07-29 21:52:00,1.155,1.1552,1.155,1.1551,4698.1,29
2025-07-29 21:54:00,1.155,1.1552,1.155,1.1551,5556.2,34
2025-07-29 21:56:00,1.155,1.1551,1.1549,1.1549,15452.6,52
2025-07-29 21:58:00,1.1551,1.1552,1.1549,1.1551,7276.5,42
2025-07-29 22:00:00,1.1551,1.1553,1.1551,1.1552,16445.9,50
2025-07-29 22:02:00,1.1552,1.1554,1.1551,1.1553,29830.6,95
2025-07-29 22:04:00,1.1553,1.1553,1.1551,1.1553,12645.2,52
2025-07-29 22:06:00,1.1552,1.1553,1.1551,1.1552,4835.8,36
2025-07-29 22:08:00,1.1553,1.1553,1.1552,1.1553,1434.3000000000002,13
2025-07-29 22:10:00,1.1553,1.1553,1.1553,1.1553,2245.1,12
2025-07-29 22:12:00,1.1552,1.1553,1.1551,1.1552,13086.3,56
2025-07-29 22:14:00,1.1552,1.1553,1.1551,1.1553,3659.0,21
2025-07-29 22:16:00,1.1551,1.1553,1.1551,1.1551,9674.4,37
2025-07-29 22:18:00,1.1552,1.1553,1.1551,1.1551,6383.4,52
2025-07-29 22:20:00,1.1552,1.1552,1.155,1.1551,6528.4,67
2025-07-29 22:22:00,1.1549,1.1552,1.1549,1.1551,6940.400000000001,41
2025-07-29 22:24:00,1.1551,1.1552,1.155,1.1552,8212.7,32
2025-07-29 22:26:00,1.1552,1.1552,1.155,1.155,3664.1,32
2025-07-29 22:28:00,1.1551,1.1552,1.155,1.1551,5483.6,23
2025-07-29 22:30:00,1.1551,1.1552,1.1549,1.1551,12369.2,65
2025-07-29 22:32:00,1.1552,1.1552,1.155,1.1551,2855.7,41
2025-07-29 22:34:00,1.155,1.1552,1.155,1.1551,1467.3999999999999,18
2025-07-29 22:36:00,1.1552,1.1552,1.155,1.1552,2942.6,44
2025-07-29 22:38:00,1.155,1.1552,1.155,1.1551,4902.5,42
2025-07-29 22:40:00,1.1551,1.1552,1.155,1.1552,9531.4,43
2025-07-29 22:42:00,1.1552,1.1552,1.155,1.1552,3233.9,25
2025-07-29 22:44:00,1.155,1.1552,1.155,1.1552,6157.5,36
2025-07-29 22:46:00,1.1551,1.1551,1.1549,1.155,5171.5,40
2025-07-29 22:48:00,1.1551,1.1551,1.1549,1.155,10864.8,51
2025-07-29 22:50:00,1.155,1.1551,1.155,1.155,1707.9,24
2025-07-29 22:52:00,1.155,1.1552,1.155,1.1551,5508.0,34
2025-07-29 22:54:00,1.1552,1.1553,1.1551,1.1553,2473.1,24
2025-07-29 22:56:00,1.1552,1.1554,1.1551,1.1551,2266.3,24
2025-07-29 22:58:00,1.1552,1.1553,1.1552,1.1552,8479.5,22
2025-07-29 23:00:00,1.1552,1.1553,1.1551,1.1553,14727.8,42
2025-07-29 23:02:00,1.1552,1.1553,1.1551,1.1551,6496.1,35
2025-07-29 23:04:00,1.1551,1.1553,1.1551,1.1552,3535.2000000000003,19
2025-07-29 23:06:00,1.1552,1.1553,1.1552,1.1552,1597.4,17
2025-07-29 23:08:00,1.1552,1.1554,1.1552,1.1554,4482.8,30
2025-07-29 23:10:00,1.1553,1.1554,1.1552,1.1553,7502.7,23
2025-07-29 23:12:00,1.1553,1.1553,1.1551,1.1552,10978.3,40
2025-07-29 23:14:00,1.1551,1.1553,1.1551,1.1553,1184.9,13
2025-07-29 23:16:00,1.1552,1.1553,1.1551,1.1552,1601.7,22
2025-07-29 23:18:00,1.1552,1.1553,1.1551,1.1552,5828.1,26
2025-07-29 23:20:00,1.1552,1.1553,1.1551,1.1552,2766.0,32
2025-07-29 23:22:00,1.1552,1.1553,1.1551,1.1552,2627.7,34
2025-07-29 23:24:00,1.1552,1.1553,1.1551,1.1552,6554.099999999999,35
2025-07-29 23:26:00,1.1552,1.1553,1.1551,1.1552,3858.6,29
2025-07-29 23:28:00,1.1552,1.1552,1.1551,1.1551,2904.7,19
2025-07-29 23:30:00,1.1551,1.1552,1.1549,1.155,21626.6,60
2025-07-29 23:32:00,1.155,1.1551,1.1549,1.1551,2958.2,26
2025-07-29 23:34:00,1.155,1.1551,1.1549,1.155,9777.2,32
2025-07-29 23:36:00,1.1551,1.1551,1.155,1.155,2501.6,23
2025-07-29 23:38:00,1.1551,1.1553,1.155,1.1552,4918.6,36
2025-07-29 23:40:00,1.1552,1.1553,1.1551,1.1551,5605.4,25
2025-07-29 23:42:00,1.155,1.1552,1.155,1.155,1614.3999999999999,15
2025-07-29 23:44:00,1.1551,1.1551,1.1548,1.1549,2562.5,24
2025-07-29 23:46:00,1.1548,1.155,1.1548,1.155,6837.6,37
2025-07-29 23:48:00,1.155,1.1551,1.155,1.1551,3486.3,31
2025-07-29 23:50:00,1.155,1.1551,1.155,1.155,2317.0,20
2025-07-29 23:52:00,1.1551,1.1551,1.1549,1.155,7631.6,31
2025-07-29 23:54:00,1.1551,1.1552,1.155,1.1551,5297.3,13
2025-07-29 23:56:00,1.1551,1.1552,1.155,1.1551,6608.7,19
2025-07-29 23:58:00,1.155,1.1552,1.155,1.1552,5714.5,31
2025-07-30 00:00:00,1.1552,1.1554,1.1552,1.1553,6021.099999999999,25
2025-07-30 00:02:00,1.1553,1.1555,1.1552,1.1552,15320.400000000001,40
2025-07-30 00:04:00,1.1552,1.1553,1.1552,1.1553,7999.0,57
2025-07-30 00:06:00,1.1553,1.1554,1.1552,1.1552,7656.4,20
2025-07-30 00:08:00,1.1552,1.1554,1.1552,1.1553,8233.1,19
2025-07-30 00:10:00,1.1553,1.1554,1.1553,1.1554,4418.7,26
2025-07-30 00:12:00,1.1554,1.1557,1.1554,1.1556,7100.9,24
2025-07-30 00:14:00,1.1556,1.1557,1.1556,1.1557,3076.7999999999997,27
2025-07-30 00:16:00,1.1557,1.1559,1.1556,1.1559,2970.2,18
2025-07-30 00:18:00,1.1559,1.156,1.1558,1.1559,6275.4,27
2025-07-30 00:20:00,1.1559,1.1561,1.1558,1.1559,3350.9,15
2025-07-30 00:22:00,1.1559,1.156,1.1558,1.1558,5229.4,31
2025-07-30 00:24:00,1.1558,1.1559,1.1558,1.1559,3915.7,30
2025-07-30 00:26:00,1.1559,1.156,1.1559,1.1559,5307.2,30
2025-07-30 00:28:00,1.1559,1.156,1.1559,1.1559,3770.3,46
2025-07-30 00:30:00,1.156,1.1562,1.156,1.1561,16172.3,135
2025-07-30 00:32:00,1.1561,1.1565,1.1561,1.1563,8565.2,38
2025-07-30 00:34:00,1.1563,1.1565,1.1563,1.1564,14021.2,62
2025-07-30 00:36:00,1.1564,1.1564,1.1563,1.1563,6750.8,21
2025-07-30 00:38:00,1.1563,1.1564,1.1562,1.1562,3707.9,21
2025-07-30 00:40:00,1.1563,1.1564,1.1562,1.1563,5842.8,22
2025-07-30 00:42:00,1.1563,1.1564,1.1562,1.1564,10148.300000000001,100
2025-07-30 00:44:00,1.1564,1.1564,1.1563,1.1564,3743.1,27
2025-07-30 00:46:00,1.1564,1.1565,1.1563,1.1564,3004.7,25
2025-07-30 00:48:00,1.1565,1.1566,1.1563,1.1564,4599.8,25
2025-07-30 00:50:00,1.1564,1.1565,1.1563,1.1565,5240.7,22
2025-07-30 00:52:00,1.1565,1.1565,1.1562,1.1562,1885.5,14
2025-07-30 00:54:00,1.1564,1.1567,1.1564,1.1567,4859.700000000001,15
2025-07-30 00:56:00,1.1566,1.1567,1.1565,1.1567,4615.2,18
2025-07-30 00:58:00,1.1567,1.1567,1.1566,1.1567,2233.2999999999997,12
2025-07-30 01:00:00,1.1567,1.1569,1.1567,1.1569,13916.3,85
2025-07-30 01:02:00,1.1569,1.1572,1.1569,1.1571,1403.4,13
2025-07-30 01:04:00,1.1572,1.1572,1.157,1.1572,749.0,10
2025-07-30 01:06:00,1.1572,1.1572,1.157,1.1571,4113.1,11
2025-07-30 01:08:00,1.157,1.1571,1.157,1.1571,382.0,4
2025-07-30 01:10:00,1.157,1.1571,1.1569,1.157,3300.7,13
2025-07-30 01:12:00,1.157,1.1571,1.157,1.157,2748.9,11
2025-07-30 01:14:00,1.1571,1.1572,1.157,1.157,19316.600000000002,13
2025-07-30 01:16:00,1.1571,1.1571,1.157,1.157,2362.1,14
2025-07-30 01:18:00,1.1571,1.1571,1.157,1.1571,2626.9,31
2025-07-30 01:20:00,1.157,1.1571,1.1566,1.1567,6446.7,37
2025-07-30 01:22:00,1.1566,1.1567,1.1563,1.1563,2223.5,16
2025-07-30 01:24:00,1.1564,1.1564,1.1563,1.1563,2959.9,10
2025-07-30 01:26:00,1.1564,1.1566,1.1563,1.1565,4632.9,15
2025-07-30 01:28:00,1.1565,1.1565,1.1565,1.1565,485.8,5
2025-07-30 01:30:00,1.1564,1.1564,1.1561,1.1564,22873.3,49
2025-07-30 01:32:00,1.1564,1.1565,1.1563,1.1564,1669.7,10
2025-07-30 01:34:00,1.1565,1.1566,1.1565,1.1565,1294.5,12
2025-07-30 01:36:00,1.1566,1.1569,1.1566,1.1569,2276.5,15
2025-07-30 01:38:00,1.1569,1.1569,1.1569,1.1569,1536.1,9
2025-07-30 01:40:00,1.1569,1.157,1.1569,1.1569,1346.9,9
2025-07-30 01:42:00,1.1569,1.157,1.1569,1.1569,1538.6000000000001,10
2025-07-30 01:44:00,1.1569,1.157,1.1567,1.1567,8909.0,24
2025-07-30 01:46:00,1.1567,1.1567,1.1566,1.1567,9844.2,32
2025-07-30 01:48:00,1.1567,1.1568,1.1567,1.1568,5254.7,19
2025-07-30 01:50:00,1.1567,1.1567,1.1565,1.1567,7390.9,22
2025-07-30 01:52:00,1.1566,1.1567,1.1564,1.1565,7394.6,47
2025-07-30 01:54:00,1.1565,1.1568,1.1564,1.1567,6291.8,32
2025-07-30 01:56:00,1.1567,1.1567,1.1565,1.1566,2919.1,29
2025-07-30 01:58:00,1.1566,1.1566,1.1565,1.1565,3686.8,17
2025-07-30 02:00:00,1.1566,1.1567,1.1564,1.1565,21348.6,86
2025-07-30 02:02:00,1.1564,1.1565,1.1564,1.1565,678.4,10
2025-07-30 02:04:00,1.1566,1.1567,1.1566,1.1566,3762.4,16
2025-07-30 02:06:00,1.1566,1.1567,1.1565,1.1566,1104.9,12
2025-07-30 02:08:00,1.1567,1.1567,1.1566,1.1567,719.6,14
2025-07-30 02:10:00,1.1567,1.1569,1.1567,1.1568,6769.7,14
2025-07-30 02:12:00,1.1568,1.1569,1.1568,1.1569,3291.8,13
2025-07-30 02:14:00,1.1568,1.157,1.1567,1.1569,5450.6,27
2025-07-30 02:16:00,1.1569,1.157,1.1569,1.1569,780.9,6
2025-07-30 02:18:00,1.157,1.157,1.1569,1.1569,10876.6,20
2025-07-30 02:20:00,1.1568,1.1568,1.1566,1.1568,6096.0,23
2025-07-30 02:22:00,1.1568,1.157,1.1568,1.157,1436.2,11
2025-07-30 02:24:00,1.1569,1.157,1.1568,1.157,3695.2,20
2025-07-30 02:26:00,1.1569,1.1569,1.1567,1.1568,3982.4,20
2025-07-30 02:28:00,1.1567,1.1567,1.1566,1.1566,3991.2,20
2025-07-30 02:30:00,1.1565,1.1566,1.1564,1.1566,43737.4,240
2025-07-30 02:32:00,1.1566,1.1566,1.1564,1.1565,6690.1,23
2025-07-30 02:34:00,1.1564,1.1566,1.1563,1.1565,7855.8,25
2025-07-30 02:36:00,1.1564,1.1565,1.1564,1.1564,1954.7,18
2025-07-30 02:38:00,1.1565,1.1565,1.1562,1.1562,3190.4,19
2025-07-30 02:40:00,1.1563,1.1564,1.1562,1.1564,9735.0,28
2025-07-30 02:42:00,1.1564,1.1564,1.1563,1.1564,2082.7,16
2025-07-30 02:44:00,1.1564,1.1564,1.1562,1.1563,2645.3,14
2025-07-30 02:46:00,1.1563,1.1563,1.1562,1.1562,3049.8,14
2025-07-30 02:48:00,1.1562,1.1566,1.1562,1.1565,4502.2,24
2025-07-30 02:50:00,1.1566,1.1567,1.1565,1.1567,2316.6,15
2025-07-30 02:52:00,1.1567,1.1567,1.1566,1.1567,292.6,8
2025-07-30 02:54:00,1.1567,1.1567,1.1566,1.1566,273.59999999999997,3
2025-07-30 02:56:00,1.1566,1.1566,1.1565,1.1565,1342.2,8
2025-07-30 02:58:00,1.1565,1.1565,1.1565,1.1565,1523.7,8
2025-07-30 03:00:00,1.1565,1.1567,1.1565,1.1567,1065.0,12
2025-07-30 03:02:00,1.1568,1.1568,1.1567,1.1568,8638.2,15
2025-07-30 03:04:00,1.1567,1.1568,1.1567,1.1567,2287.5,15
2025-07-30 03:06:00,1.1567,1.1567,1.1566,1.1567,2653.6,16
2025-07-30 03:08:00,1.1567,1.1569,1.1567,1.1568,2953.5,14
2025-07-30 03:10:00,1.1569,1.1569,1.1569,1.1569,1303.2,6
2025-07-30 03:12:00,1.157,1.157,1.1569,1.1569,2235.9,10
2025-07-30 03:14:00,1.1569,1.1569,1.1567,1.1567,6320.7,27
2025-07-30 03:16:00,1.1568,1.1569,1.1568,1.1568,2838.2,21
2025-07-30 03:18:00,1.1568,1.1569,1.1567,1.1567,4364.7,22
2025-07-30 03:20:00,1.1568,1.1568,1.1567,1.1567,2932.1,17
2025-07-30 03:22:00,1.1567,1.1569,1.1567,1.1568,2554.2999999999997,17
2025-07-30 03:24:00,1.1568,1.1568,1.1567,1.1568,3485.0,10
2025-07-30 03:26:00,1.1567,1.1568,1.1566,1.1567,3644.1000000000004,19
2025-07-30 03:28:00,1.1567,1.1567,1.1565,1.1565,4818.1,14
2025-07-30 03:30:00,1.1565,1.1565,1.1565,1.1565,3150.6,25
2025-07-30 03:32:00,1.1565,1.1566,1.1564,1.1566,824.6,7
2025-07-30 03:34:00,1.1564,1.1565,1.1564,1.1565,261.3,4
2025-07-30 03:36:00,1.1564,1.1564,1.156,1.156,20761.5,59
2025-07-30 03:38:00,1.1561,1.1561,1.156,1.1561,1944.0,10
2025-07-30 03:40:00,1.156,1.1561,1.156,1.1561,949.9000000000001,5
2025-07-30 03:42:00,1.156,1.1561,1.156,1.1561,1185.4,11
2025-07-30 03:44:00,1.1562,1.1562,1.156,1.156,2586.9,19
2025-07-30 03:46:00,1.1561,1.1562,1.156,1.1561,2329.7,21
2025-07-30 03:48:00,1.1562,1.1562,1.1561,1.1561,350.9,7
2025-07-30 03:50:00,1.1561,1.1562,1.1561,1.1562,5832.7,13
2025-07-30 03:52:00,1.1561,1.1562,1.156,1.1561,5399.3,30
2025-07-30 03:54:00,1.1561,1.1563,1.1561,1.1562,3540.4,19
2025-07-30 03:56:00,1.1562,1.1563,1.1561,1.1562,5841.7,21
2025-07-30 03:58:00,1.1563,1.1564,1.1561,1.1561,7869.1,26
2025-07-30 04:00:00,1.1561,1.1561,1.156,1.156,2695.8,16
2025-07-30 04:02:00,1.156,1.156,1.1557,1.1557,17230.6,26
2025-07-30 04:04:00,1.1556,1.1557,1.1555,1.1556,3098.9,21
2025-07-30 04:06:00,1.1557,1.1557,1.1555,1.1555,7233.5,22
2025-07-30 04:08:00,1.1555,1.1556,1.1554,1.1554,4752.6,21
2025-07-30 04:10:00,1.1554,1.1555,1.1553,1.1555,7656.2,34
2025-07-30 04:12:00,1.1554,1.1556,1.1553,1.1556,5337.5,17
2025-07-30 04:14:00,1.1556,1.1556,1.1556,1.1556,3831.3999999999996,11
2025-07-30 04:16:00,1.1556,1.1557,1.1555,1.1557,5656.6,22
2025-07-30 04:18:00,1.1556,1.1557,1.1555,1.1556,2895.6,18
2025-07-30 04:20:00,1.1555,1.1556,1.1555,1.1556,1769.8999999999999,23
2025-07-30 04:22:00,1.1556,1.1556,1.1554,1.1555,1973.8000000000002,18
2025-07-30 04:24:00,1.1554,1.1555,1.1554,1.1554,1270.8,14
2025-07-30 04:26:00,1.1554,1.1555,1.1554,1.1554,6352.9,47
2025-07-30 04:28:00,1.1556,1.1557,1.1555,1.1557,2234.6,23
2025-07-30 04:30:00,1.1556,1.1557,1.1555,1.1557,7330.8,37
2025-07-30 04:32:00,1.1556,1.1558,1.1556,1.1557,4213.6,27
2025-07-30 04:34:00,1.1558,1.1559,1.1557,1.1557,5927.6,37
2025-07-30 04:36:00,1.1557,1.1559,1.1555,1.1556,26319.5,133
2025-07-30 04:38:00,1.1557,1.1558,1.1555,1.1557,21890.6,66
2025-07-30 04:40:00,1.1557,1.1558,1.1556,1.1557,8740.5,45
2025-07-30 04:42:00,1.1557,1.1557,1.1556,1.1556,3461.1,13
2025-07-30 04:44:00,1.1556,1.1557,1.1555,1.1557,3537.3,8
2025-07-30 04:46:00,1.1557,1.1558,1.1557,1.1558,9682.5,25
2025-07-30 04:48:00,1.1557,1.1557,1.1554,1.1556,7887.5,24
2025-07-30 04:50:00,1.1555,1.1555,1.1553,1.1553,9825.0,31
2025-07-30 04:52:00,1.1552,1.1554,1.1552,1.1552,1092.8,15
2025-07-30 04:54:00,1.1552,1.1554,1.1552,1.1552,3599.1,16
2025-07-30 04:56:00,1.1553,1.1554,1.1552,1.1552,4606.0,19
2025-07-30 04:58:00,1.1552,1.1553,1.1552,1.1553,2767.4,15
2025-07-30 05:00:00,1.1553,1.1553,1.1551,1.1552,3629.0,16
2025-07-30 05:02:00,1.1551,1.1553,1.1551,1.1553,3353.0,16
2025-07-30 05:04:00,1.1553,1.1554,1.1552,1.1554,13725.0,19
2025-07-30 05:06:00,1.1553,1.1554,1.1552,1.1554,6539.1,19
2025-07-30 05:08:00,1.1553,1.1554,1.1553,1.1554,6463.5,38
2025-07-30 05:10:00,1.1553,1.1555,1.1553,1.1553,8619.9,32
2025-07-30 05:12:00,1.1554,1.1555,1.1552,1.1553,5417.7,41
2025-07-30 05:14:00,1.1553,1.1553,1.1551,1.1552,8321.2,29
2025-07-30 05:16:00,1.1552,1.1553,1.155,1.1553,13348.5,40
2025-07-30 05:18:00,1.1553,1.1553,1.1552,1.1553,4865.8,15
2025-07-30 05:20:00,1.1554,1.1555,1.1553,1.1554,13296.8,54
2025-07-30 05:22:00,1.1554,1.1556,1.1554,1.1556,9391.8,31
2025-07-30 05:24:00,1.1556,1.1557,1.1553,1.1555,6181.3,43
2025-07-30 05:26:00,1.1555,1.1556,1.1553,1.1555,13650.8,39
2025-07-30 05:28:00,1.1554,1.1555,1.1553,1.1555,6376.8,35
2025-07-30 05:30:00,1.1555,1.1558,1.1554,1.1557,8924.9,60
2025-07-30 05:32:00,1.1557,1.1559,1.1556,1.1558,14441.0,92
2025-07-30 05:34:00,1.1558,1.1559,1.1557,1.1558,11307.1,48
2025-07-30 05:36:00,1.1558,1.1559,1.1558,1.1559,2778.9,23
2025-07-30 05:38:00,1.1559,1.156,1.1557,1.1557,7257.9,34
2025-07-30 05:40:00,1.1557,1.1558,1.1556,1.1557,6744.1,66
2025-07-30 05:42:00,1.1559,1.1559,1.1558,1.1559,7422.5,46
2025-07-30 05:44:00,1.1559,1.1559,1.1555,1.1555,9564.0,58
2025-07-30 05:46:00,1.1556,1.1557,1.1555,1.1555,22195.0,78
2025-07-30 05:48:00,1.1555,1.1556,1.1553,1.1555,14684.2,49
2025-07-30 05:50:00,1.1555,1.1556,1.1553,1.1553,15684.3,69
2025-07-30 05:52:00,1.1553,1.1556,1.1553,1.1554,11977.0,52
2025-07-30 05:54:00,1.1554,1.1555,1.1552,1.1553,26646.1,85
2025-07-30 05:56:00,1.1552,1.1554,1.1551,1.1551,11543.1,50
2025-07-30 05:58:00,1.1551,1.1552,1.155,1.1552,8823.4,40
2025-07-30 06:00:00,1.1552,1.1553,1.1549,1.155,13589.5,50
2025-07-30 06:02:00,1.155,1.1551,1.1546,1.1547,20630.0,63
2025-07-30 06:04:00,1.1547,1.1547,1.1543,1.1546,40083.8,136
2025-07-30 06:06:00,1.1546,1.1546,1.1544,1.1545,9810.3,46
2025-07-30 06:08:00,1.1546,1.1547,1.1545,1.1547,24540.1,42
2025-07-30 06:10:00,1.1547,1.1548,1.1546,1.1547,13099.5,56
2025-07-30 06:12:00,1.1547,1.1551,1.1547,1.155,22622.8,49
2025-07-30 06:14:00,1.1549,1.155,1.1547,1.1549,16552.1,51
2025-07-30 06:16:00,1.1549,1.1551,1.1548,1.155,3028.4,23
2025-07-30 06:18:00,1.1551,1.1552,1.1549,1.1549,13372.6,39
2025-07-30 06:20:00,1.155,1.1553,1.155,1.1552,7295.6,38
2025-07-30 06:22:00,1.1552,1.1553,1.1549,1.155,14172.6,68
2025-07-30 06:24:00,1.155,1.1553,1.1549,1.155,13367.800000000001,38
2025-07-30 06:26:00,1.1552,1.1553,1.155,1.1553,4339.3,24
2025-07-30 06:28:00,1.1552,1.1553,1.1552,1.1553,5012.1,34
2025-07-30 06:30:00,1.1552,1.1556,1.1552,1.1556,12951.4,61
2025-07-30 06:32:00,1.1556,1.1556,1.1553,1.1553,13194.300000000001,38
2025-07-30 06:34:00,1.1554,1.1554,1.1552,1.1554,12369.7,28
2025-07-30 06:36:00,1.1553,1.1554,1.1552,1.1554,6449.4,34
2025-07-30 06:38:00,1.1554,1.1555,1.1553,1.1555,4146.7,24
2025-07-30 06:40:00,1.1555,1.1557,1.1555,1.1557,10099.8,85
2025-07-30 06:42:00,1.1557,1.1559,1.1556,1.1558,24259.2,63
2025-07-30 06:44:00,1.1558,1.1558,1.1554,1.1555,70181.9,87
2025-07-30 06:46:00,1.1556,1.1558,1.1555,1.1555,29193.4,61
2025-07-30 06:48:00,1.1556,1.1557,1.1554,1.1554,11824.0,47
2025-07-30 06:50:00,1.1554,1.1556,1.1554,1.1556,11397.9,28
2025-07-30 06:52:00,1.1556,1.1561,1.1556,1.1561,9306.1,42
2025-07-30 06:54:00,1.156,1.1562,1.1559,1.156,13024.1,77
2025-07-30 06:56:00,1.1559,1.1561,1.1559,1.156,20577.2,56
2025-07-30 06:58:00,1.1559,1.156,1.1559,1.1559,3935.4,38
2025-07-30 07:00:00,1.1559,1.1559,1.1558,1.1559,14259.8,58
2025-07-30 07:02:00,1.1559,1.1563,1.1559,1.1563,25537.4,72
2025-07-30 07:04:00,1.1562,1.1564,1.1562,1.1564,20858.5,70
2025-07-30 07:06:00,1.1564,1.1568,1.1564,1.1566,23557.5,96
2025-07-30 07:08:00,1.1567,1.1568,1.1566,1.1567,10408.7,60
2025-07-30 07:10:00,1.1568,1.157,1.1566,1.1568,21125.7,90
2025-07-30 07:12:00,1.1566,1.1567,1.1564,1.1567,23657.9,51
2025-07-30 07:14:00,1.1566,1.1567,1.1565,1.1565,8152.0,33
2025-07-30 07:16:00,1.1566,1.1568,1.1564,1.1566,15599.5,45
2025-07-30 07:18:00,1.1565,1.1565,1.1562,1.1564,28420.399999999998,74
2025-07-30 07:20:00,1.1565,1.1565,1.1563,1.1563,7627.7,29
2025-07-30 07:22:00,1.1564,1.1567,1.1563,1.1567,16477.2,63
2025-07-30 07:24:00,1.1567,1.1567,1.1564,1.1565,14785.4,54
2025-07-30 07:26:00,1.1565,1.1565,1.1563,1.1563,7684.9,45
2025-07-30 07:28:00,1.1564,1.1566,1.1563,1.1566,15135.4,84
2025-07-30 07:30:00,1.1567,1.1567,1.1565,1.1567,18665.3,60
2025-07-30 07:32:00,1.1568,1.157,1.1566,1.1569,19787.0,48
2025-07-30 07:34:00,1.1569,1.1569,1.1566,1.1567,21353.5,40
2025-07-30 07:36:00,1.1567,1.1568,1.1561,1.1562,23699.0,92
2025-07-30 07:38:00,1.1562,1.1562,1.156,1.1561,10876.1,58
2025-07-30 07:40:00,1.1561,1.1563,1.1559,1.156,25926.6,91
2025-07-30 07:42:00,1.156,1.156,1.1558,1.1559,7816.0,48
2025-07-30 07:44:00,1.1558,1.1563,1.1558,1.1563,19272.0,60
2025-07-30 07:46:00,1.1561,1.1563,1.156,1.1561,22507.7,49
2025-07-30 07:48:00,1.1561,1.1561,1.1557,1.1558,16317.0,50
2025-07-30 07:50:00,1.1559,1.1559,1.1556,1.1558,19849.3,86
2025-07-30 07:52:00,1.1558,1.1559,1.1557,1.1558,7522.4,38
2025-07-30 07:54:00,1.1558,1.1558,1.1555,1.1556,14865.9,64
2025-07-30 07:56:00,1.1555,1.1559,1.1554,1.1559,16174.8,34
2025-07-30 07:58:00,1.1557,1.1559,1.1557,1.1558,11774.4,37
2025-07-30 08:00:00,1.1557,1.156,1.1556,1.1558,112504.0,114
2025-07-30 08:02:00,1.1557,1.1557,1.1554,1.1555,9095.1,37
2025-07-30 08:04:00,1.1556,1.1557,1.1555,1.1556,2370.4,15
2025-07-30 08:06:00,1.1556,1.1558,1.1556,1.1558,18012.1,57
2025-07-30 08:08:00,1.1558,1.156,1.1557,1.1559,11455.4,58
2025-07-30 08:10:00,1.1558,1.1561,1.1558,1.156,13551.0,54
2025-07-30 08:12:00,1.156,1.1561,1.1555,1.1555,18189.6,67
2025-07-30 08:14:00,1.1555,1.1557,1.1553,1.1553,10668.5,65
2025-07-30 08:16:00,1.1555,1.1557,1.1553,1.1554,17310.0,60
2025-07-30 08:18:00,1.1554,1.1556,1.1554,1.1556,20452.0,45
2025-07-30 08:20:00,1.1556,1.1556,1.1552,1.1554,21306.1,47
2025-07-30 08:22:00,1.1552,1.1555,1.1552,1.1554,18604.8,52
2025-07-30 08:24:00,1.1554,1.1559,1.1554,1.1557,20083.9,67
2025-07-30 08:26:00,1.1557,1.1559,1.1556,1.1558,6014.7,33
2025-07-30 08:28:00,1.1557,1.1559,1.1557,1.1557,11615.1,56
2025-07-30 08:30:00,1.1557,1.156,1.1557,1.1558,32124.8,133
2025-07-30 08:32:00,1.1558,1.1559,1.1558,1.1559,8582.0,40
2025-07-30 08:34:00,1.1559,1.156,1.1559,1.156,2717.5,21
2025-07-30 08:36:00,1.1559,1.1561,1.1559,1.1561,10208.0,32
2025-07-30 08:38:00,1.1561,1.1561,1.1558,1.1559,8479.1,40
2025-07-30 08:40:00,1.156,1.1561,1.1558,1.1559,15862.8,39
2025-07-30 08:42:00,1.1559,1.1561,1.1559,1.156,24253.0,42
2025-07-30 08:44:00,1.156,1.1562,1.1559,1.1561,18818.8,46
2025-07-30 08:46:00,1.1562,1.1562,1.156,1.1561,14234.6,31
2025-07-30 08:48:00,1.1561,1.1563,1.156,1.1561,7296.0,37
2025-07-30 08:50:00,1.1562,1.1562,1.156,1.1561,18972.100000000002,37
2025-07-30 08:52:00,1.1561,1.1562,1.1559,1.1559,18581.5,52
2025-07-30 08:54:00,1.1559,1.1562,1.1559,1.1561,6270.1,31
2025-07-30 08:56:00,1.1562,1.1562,1.156,1.1561,19993.1,34
2025-07-30 08:58:00,1.1561,1.1561,1.1559,1.156,10464.1,47
2025-07-30 09:00:00,1.1559,1.1561,1.1559,1.156,17413.2,64
2025-07-30 09:02:00,1.1561,1.1561,1.1557,1.1557,16708.5,58
2025-07-30 09:04:00,1.1558,1.1561,1.1558,1.156,20854.100000000002,39
2025-07-30 09:06:00,1.156,1.1562,1.1559,1.1562,13640.4,44
2025-07-30 09:08:00,1.1561,1.1563,1.1561,1.1561,15007.5,54
2025-07-30 09:10:00,1.1561,1.1562,1.156,1.1561,16646.4,66
2025-07-30 09:12:00,1.156,1.1562,1.156,1.1562,19406.9,74
2025-07-30 09:14:00,1.156,1.1562,1.1558,1.1559,21274.1,77
2025-07-30 09:16:00,1.1559,1.1559,1.1557,1.1559,5393.4,32
2025-07-30 09:18:00,1.1558,1.1559,1.1557,1.1559,7374.3,36
2025-07-30 09:20:00,1.1559,1.1559,1.1557,1.1557,12841.6,34
2025-07-30 09:22:00,1.1557,1.1559,1.1556,1.1559,6975.2,14
2025-07-30 09:24:00,1.1559,1.1559,1.1558,1.1558,4900.8,28
2025-07-30 09:26:00,1.1559,1.1559,1.1556,1.1556,12487.0,56
2025-07-30 09:28:00,1.1556,1.1558,1.1555,1.1556,116663.7,66
2025-07-30 09:30:00,1.1556,1.1556,1.1553,1.1556,32626.4,109
2025-07-30 09:32:00,1.1556,1.1557,1.1554,1.1556,9824.1,47
2025-07-30 09:34:00,1.1556,1.1557,1.1553,1.1554,23334.9,47
2025-07-30 09:36:00,1.1554,1.1554,1.1551,1.1553,20472.1,62
2025-07-30 09:38:00,1.1553,1.1554,1.1552,1.1554,17376.1,58
2025-07-30 09:40:00,1.1552,1.1555,1.1552,1.1552,27007.100000000002,72
2025-07-30 09:42:00,1.1552,1.1554,1.1552,1.1553,7481.099999999999,61
2025-07-30 09:44:00,1.1553,1.1555,1.1551,1.1555,12649.9,42
2025-07-30 09:46:00,1.1555,1.1556,1.1549,1.155,25080.0,50
2025-07-30 09:48:00,1.155,1.1553,1.155,1.155,9925.9,40
2025-07-30 09:50:00,1.155,1.155,1.1547,1.1549,9362.0,37
2025-07-30 09:52:00,1.1549,1.155,1.1548,1.1549,16695.2,63
2025-07-30 09:54:00,1.1548,1.1552,1.1547,1.155,10566.0,49
2025-07-30 09:56:00,1.155,1.1553,1.155,1.1553,22256.0,51
2025-07-30 09:58:00,1.1553,1.1555,1.1553,1.1555,12141.800000000001,42
2025-07-30 10:00:00,1.1553,1.1557,1.1553,1.1556,15686.4,52
2025-07-30 10:02:00,1.1556,1.1558,1.1555,1.1556,12441.900000000001,54
2025-07-30 10:04:00,1.1557,1.1559,1.1557,1.1558,3579.1,27
2025-07-30 10:06:00,1.1558,1.1558,1.1555,1.1556,9321.4,38
2025-07-30 10:08:00,1.1556,1.1556,1.1553,1.1554,10351.0,51
2025-07-30 10:10:00,1.1554,1.1555,1.1552,1.1552,6297.2,38
2025-07-30 10:12:00,1.1552,1.1554,1.1551,1.1553,9063.7,37
2025-07-30 10:14:00,1.1553,1.1554,1.1551,1.1553,6017.9,32
2025-07-30 10:16:00,1.1554,1.1554,1.1551,1.1553,19521.8,64
2025-07-30 10:18:00,1.1553,1.1554,1.1552,1.1552,11742.0,40
2025-07-30 10:20:00,1.1552,1.1552,1.1549,1.1551,6934.400000000001,35
2025-07-30 10:22:00,1.155,1.155,1.1548,1.155,19531.5,49
2025-07-30 10:24:00,1.155,1.155,1.1545,1.1547,15596.800000000001,70
2025-07-30 10:26:00,1.1547,1.1547,1.1545,1.1547,8197.2,51
2025-07-30 10:28:00,1.1546,1.1546,1.1544,1.1546,8117.5,48
2025-07-30 10:30:00,1.1546,1.1546,1.1544,1.1545,6937.6,41
2025-07-30 10:32:00,1.1546,1.1547,1.1545,1.1545,6347.3,38
2025-07-30 10:34:00,1.1545,1.1547,1.1545,1.1546,13227.9,60
2025-07-30 10:36:00,1.1546,1.1547,1.1543,1.1543,238783.7,422
2025-07-30 10:38:00,1.1544,1.1544,1.1542,1.1542,30735.5,54
2025-07-30 10:40:00,1.1541,1.1543,1.1541,1.1542,47673.6,111
2025-07-30 10:42:00,1.1543,1.1544,1.1542,1.1542,32394.6,63
2025-07-30 10:44:00,1.1543,1.1544,1.1541,1.1543,44355.0,73
2025-07-30 10:46:00,1.1541,1.1544,1.1541,1.1543,14711.8,41
2025-07-30 10:48:00,1.1543,1.1544,1.1541,1.1543,14589.0,45
2025-07-30 10:50:00,1.1543,1.1543,1.1541,1.1542,21639.8,68
2025-07-30 10:52:00,1.1542,1.1543,1.1541,1.1542,23619.7,60
2025-07-30 10:54:00,1.1541,1.1542,1.1541,1.1541,16955.7,49
2025-07-30 10:56:00,1.1542,1.1545,1.1541,1.1544,22774.5,55
2025-07-30 10:58:00,1.1544,1.1544,1.1541,1.1541,32354.3,132
2025-07-30 11:00:00,1.1542,1.1544,1.1541,1.1543,34782.2,81
2025-07-30 11:02:00,1.1544,1.1544,1.1541,1.1542,15209.6,49
2025-07-30 11:04:00,1.1541,1.1542,1.1541,1.1541,11589.9,50
2025-07-30 11:06:00,1.1541,1.1542,1.1541,1.1542,14790.4,37
2025-07-30 11:08:00,1.1541,1.1542,1.1541,1.1541,71454.2,147
2025-07-30 11:10:00,1.1541,1.1542,1.1541,1.1541,94138.0,81
2025-07-30 11:12:00,1.1541,1.1542,1.1541,1.1542,57202.6,51
2025-07-30 11:14:00,1.1541,1.1542,1.1541,1.1541,67696.0,118
2025-07-30 11:16:00,1.1541,1.1542,1.1538,1.1539,85331.3,231
2025-07-30 11:18:00,1.1538,1.154,1.1536,1.1536,77962.2,202
2025-07-30 11:20:00,1.1536,1.1537,1.1534,1.1534,44988.0,104
2025-07-30 11:22:00,1.1534,1.1535,1.1533,1.1533,13964.5,53
2025-07-30 11:24:00,1.1534,1.1535,1.1533,1.1533,49985.5,133
2025-07-30 11:26:00,1.1533,1.1535,1.1533,1.1534,20404.8,78
2025-07-30 11:28:00,1.1533,1.1534,1.1531,1.1532,45509.3,71
2025-07-30 11:30:00,1.1532,1.1533,1.1531,1.1532,12315.4,51
2025-07-30 11:32:00,1.1531,1.1533,1.1529,1.1529,16133.5,52
2025-07-30 11:34:00,1.153,1.153,1.1527,1.1527,10211.9,40
2025-07-30 11:36:00,1.1528,1.153,1.1527,1.1527,30931.2,70
2025-07-30 11:38:00,1.1527,1.1529,1.1526,1.1528,27060.9,92
2025-07-30 11:40:00,1.1528,1.153,1.1528,1.1528,16771.4,64
2025-07-30 11:42:00,1.1528,1.1529,1.1526,1.1526,16138.1,64
2025-07-30 11:44:00,1.1526,1.1528,1.1526,1.1527,28012.5,70
2025-07-30 11:46:00,1.1527,1.1528,1.1526,1.1528,13554.6,31
2025-07-30 11:48:00,1.1528,1.1529,1.1527,1.1529,45727.9,108
2025-07-30 11:50:00,1.1529,1.1529,1.1526,1.1528,106604.2,130
2025-07-30 11:52:00,1.1527,1.1529,1.1526,1.1528,38506.0,95
2025-07-30 11:54:00,1.1529,1.153,1.1527,1.1529,26469.7,89
2025-07-30 11:56:00,1.1528,1.1531,1.1527,1.1531,51713.0,86
2025-07-30 11:58:00,1.153,1.1533,1.153,1.1533,19254.5,52
2025-07-30 12:00:00,1.1532,1.1536,1.1532,1.1534,27271.8,86
2025-07-30 12:02:00,1.1534,1.1536,1.1534,1.1534,37099.9,54
2025-07-30 12:04:00,1.1534,1.1536,1.1533,1.1534,14066.3,79
2025-07-30 12:06:00,1.1535,1.1536,1.1532,1.1533,20272.6,74
2025-07-30 12:08:00,1.1533,1.1534,1.1528,1.1529,16641.9,66
2025-07-30 12:10:00,1.1529,1.1529,1.1527,1.1527,16160.4,70
2025-07-30 12:12:00,1.1527,1.1528,1.1523,1.1524,39004.7,86
2025-07-30 12:14:00,1.1523,1.1524,1.1517,1.1519,326479.7,312
2025-07-30 12:16:00,1.1519,1.1523,1.1519,1.152,37457.2,76
2025-07-30 12:18:00,1.1521,1.1524,1.1518,1.1519,97676.8,209
2025-07-30 12:20:00,1.1518,1.1525,1.1518,1.1523,83651.3,136
2025-07-30 12:22:00,1.1524,1.1524,1.152,1.1521,51830.7,109
2025-07-30 12:24:00,1.152,1.1521,1.1516,1.1516,46098.5,137
2025-07-30 12:26:00,1.1517,1.1517,1.1511,1.1513,26098.7,76
2025-07-30 12:28:00,1.1514,1.1514,1.1511,1.1511,48198.2,153
2025-07-30 12:30:00,1.1512,1.1513,1.1509,1.151,31370.6,86
2025-07-30 12:32:00,1.1509,1.1509,1.15,1.1502,147883.1,195
2025-07-30 12:34:00,1.1502,1.1504,1.1498,1.1499,344004.7,311
2025-07-30 12:36:00,1.1498,1.1499,1.1493,1.1494,428638.9,270
2025-07-30 12:38:00,1.1494,1.1498,1.1494,1.1497,40843.7,167
2025-07-30 12:40:00,1.1497,1.1498,1.1494,1.1494,20263.600000000002,92
2025-07-30 12:42:00,1.1494,1.1499,1.1492,1.1494,80854.7,233
2025-07-30 12:44:00,1.1493,1.1496,1.1493,1.1496,29093.0,94
2025-07-30 12:46:00,1.1495,1.1497,1.1495,1.1496,20838.2,53
2025-07-30 12:48:00,1.1497,1.1497,1.1495,1.1495,38136.8,59
2025-07-30 12:50:00,1.1493,1.1496,1.1492,1.1493,40736.8,78
2025-07-30 12:52:00,1.1494,1.1494,1.1488,1.1488,33199.7,71
2025-07-30 12:54:00,1.1489,1.1489,1.1483,1.1483,35046.2,102
2025-07-30 12:56:00,1.1485,1.1486,1.1482,1.1483,28747.9,94
2025-07-30 12:58:00,1.1482,1.1483,1.1478,1.1479,45759.9,68
2025-07-30 13:00:00,1.1478,1.148,1.1476,1.148,97360.90000000001,242
2025-07-30 13:02:00,1.148,1.1484,1.1478,1.148,76275.3,209
2025-07-30 13:04:00,1.1479,1.1484,1.1479,1.1484,61331.7,221
2025-07-30 13:06:00,1.1482,1.1485,1.1482,1.1482,62255.6,110
2025-07-30 13:08:00,1.1482,1.1483,1.1479,1.1481,16438.3,79
2025-07-30 13:10:00,1.1481,1.1481,1.1475,1.1477,42398.1,98
2025-07-30 13:12:00,1.1477,1.1477,1.1469,1.147,71784.4,173
2025-07-30 13:14:00,1.147,1.1472,1.1469,1.1469,48009.4,93
2025-07-30 13:16:00,1.1469,1.1472,1.1468,1.1472,24846.7,83
2025-07-30 13:18:00,1.1472,1.1476,1.1471,1.1475,17086.3,51
2025-07-30 13:20:00,1.1477,1.1477,1.1472,1.1474,23948.9,55
2025-07-30 13:22:00,1.1474,1.1475,1.1469,1.147,24398.2,104
2025-07-30 13:24:00,1.147,1.1473,1.1469,1.1472,38404.4,108
2025-07-30 13:26:00,1.1472,1.1473,1.1471,1.1472,20592.3,74
2025-07-30 13:28:00,1.1471,1.1471,1.1468,1.1468,32880.3,90
2025-07-30 13:30:00,1.1468,1.1469,1.1466,1.1467,16300.1,65
2025-07-30 13:32:00,1.1467,1.1472,1.1467,1.1472,60404.8,125
2025-07-30 13:34:00,1.1472,1.1474,1.147,1.1473,41979.2,138
2025-07-30 13:36:00,1.1472,1.1474,1.1471,1.1473,43021.1,122
2025-07-30 13:38:00,1.1473,1.1473,1.147,1.1471,43831.0,87
2025-07-30 13:40:00,1.147,1.1471,1.147,1.147,14109.1,44
2025-07-30 13:42:00,1.147,1.1471,1.147,1.1471,45217.1,120
2025-07-30 13:44:00,1.1471,1.1471,1.147,1.147,16297.1,48
2025-07-30 13:46:00,1.147,1.1471,1.147,1.1471,33057.6,57
2025-07-30 13:48:00,1.147,1.1472,1.147,1.1472,27346.100000000002,45
2025-07-30 13:50:00,1.1472,1.1473,1.147,1.1471,29887.9,125
2025-07-30 13:52:00,1.147,1.147,1.1461,1.1462,155536.4,222
2025-07-30 13:54:00,1.1464,1.1464,1.146,1.1462,48731.0,98
2025-07-30 13:56:00,1.1462,1.1466,1.146,1.1465,58888.6,127
2025-07-30 13:58:00,1.1466,1.1473,1.1465,1.1473,29931.8,79
2025-07-30 14:00:00,1.147,1.1476,1.147,1.1475,33742.7,130
2025-07-30 14:02:00,1.1475,1.1476,1.1472,1.1473,98750.8,212
2025-07-30 14:04:00,1.1473,1.1473,1.1469,1.1471,128431.9,149
2025-07-30 14:06:00,1.1472,1.1474,1.1472,1.1474,9606.9,41
2025-07-30 14:08:00,1.1475,1.1476,1.1474,1.1474,20399.1,53
2025-07-30 14:10:00,1.1475,1.1477,1.1473,1.1476,14473.0,47
2025-07-30 14:12:00,1.1476,1.1479,1.1476,1.1477,24950.0,65
2025-07-30 14:14:00,1.1478,1.1479,1.1474,1.1479,42393.3,68
2025-07-30 14:16:00,1.1478,1.148,1.1477,1.148,170570.2,222
2025-07-30 14:18:00,1.1479,1.148,1.1477,1.1477,208006.0,213
2025-07-30 14:20:00,1.1478,1.148,1.1477,1.1479,27440.2,59
2025-07-30 14:22:00,1.1479,1.1479,1.1477,1.1477,39711.2,78
2025-07-30 14:24:00,1.1477,1.1479,1.1476,1.1478,63632.6,129
2025-07-30 14:26:00,1.1477,1.1478,1.1475,1.1475,16907.2,56
2025-07-30 14:28:00,1.1476,1.1479,1.1475,1.1478,20050.2,72
2025-07-30 14:30:00,1.148,1.1481,1.1479,1.148,27368.9,62
2025-07-30 14:32:00,1.1481,1.1482,1.1479,1.1481,19878.6,45
2025-07-30 14:34:00,1.1481,1.1482,1.1478,1.1479,22817.6,82
2025-07-30 14:36:00,1.1479,1.1482,1.1479,1.1479,15495.6,60
2025-07-30 14:38:00,1.148,1.148,1.1478,1.1479,39672.5,76
2025-07-30 14:40:00,1.1479,1.1481,1.1477,1.1479,133039.4,137
2025-07-30 14:42:00,1.1479,1.1481,1.1478,1.1478,17084.1,51
2025-07-30 14:44:00,1.1479,1.1481,1.1479,1.148,15008.4,36
2025-07-30 14:46:00,1.1479,1.1484,1.1479,1.1482,62396.1,91
2025-07-30 14:48:00,1.1481,1.1483,1.1481,1.1482,37791.7,82
2025-07-30 14:50:00,1.1481,1.1485,1.1479,1.1485,146475.5,384
2025-07-30 14:52:00,1.1484,1.1486,1.1483,1.1484,375492.1,368
2025-07-30 14:54:00,1.1484,1.1485,1.1483,1.1485,37272.4,83
2025-07-30 14:56:00,1.1486,1.1487,1.1483,1.1485,26395.4,90
2025-07-30 14:58:00,1.1484,1.1486,1.1483,1.1486,42057.5,76
2025-07-30 15:00:00,1.1484,1.1487,1.1483,1.1486,117466.6,185
2025-07-30 15:02:00,1.1486,1.1487,1.1484,1.1486,67724.9,99
2025-07-30 15:04:00,1.1486,1.1486,1.1483,1.1484,32082.9,81
2025-07-30 15:06:00,1.1485,1.1485,1.148,1.1482,26371.0,70
2025-07-30 15:08:00,1.1484,1.1484,1.1481,1.1484,8833.5,39
2025-07-30 15:10:00,1.1484,1.1487,1.1482,1.1487,33690.4,44
2025-07-30 15:12:00,1.1486,1.149,1.1486,1.149,21518.7,54
2025-07-30 15:14:00,1.149,1.1491,1.1488,1.149,20433.5,64
2025-07-30 15:16:00,1.149,1.149,1.1487,1.149,20157.9,50
2025-07-30 15:18:00,1.149,1.149,1.1489,1.1489,20537.2,58
2025-07-30 15:20:00,1.1489,1.1489,1.1486,1.1486,61660.2,90
2025-07-30 15:22:00,1.1487,1.1488,1.1486,1.1488,18538.0,46
2025-07-30 15:24:00,1.1487,1.1488,1.1486,1.1487,19959.3,57
2025-07-30 15:26:00,1.1487,1.1487,1.1485,1.1486,11794.6,40
2025-07-30 15:28:00,1.1485,1.1486,1.1483,1.1485,16842.5,56
2025-07-30 15:30:00,1.1485,1.1485,1.1481,1.1483,41837.0,104
2025-07-30 15:32:00,1.1483,1.1483,1.1479,1.1479,25043.8,96
2025-07-30 15:34:00,1.148,1.1481,1.1479,1.1479,11182.5,48
2025-07-30 15:36:00,1.148,1.1481,1.1479,1.1479,21136.7,86
2025-07-30 15:38:00,1.148,1.148,1.1477,1.1478,60060.799999999996,113
2025-07-30 15:40:00,1.1478,1.148,1.1477,1.1477,22865.4,60
2025-07-30 15:42:00,1.1478,1.148,1.1477,1.1477,27302.2,68
2025-07-30 15:44:00,1.1478,1.1478,1.1475,1.1478,18173.4,54
2025-07-30 15:46:00,1.1478,1.148,1.1477,1.1478,37635.1,92
2025-07-30 15:48:00,1.1478,1.1479,1.1475,1.1475,26150.7,61
2025-07-30 15:50:00,1.1475,1.1477,1.1471,1.1472,62279.4,154
2025-07-30 15:52:00,1.1473,1.1473,1.1471,1.1471,8694.0,45
2025-07-30 15:54:00,1.1471,1.1471,1.1468,1.1469,34989.700000000004,80
2025-07-30 15:56:00,1.1469,1.1471,1.1469,1.1471,7633.4,26
2025-07-30 15:58:00,1.147,1.1474,1.147,1.1474,13635.699999999999,40
2025-07-30 16:00:00,1.1473,1.1476,1.1473,1.1476,18554.7,41
2025-07-30 16:02:00,1.1476,1.1476,1.1474,1.1475,17996.5,62
2025-07-30 16:04:00,1.1475,1.1477,1.1474,1.1477,23967.0,57
2025-07-30 16:06:00,1.1476,1.1477,1.1474,1.1475,18058.2,52
2025-07-30 16:08:00,1.1474,1.1475,1.1473,1.1474,200369.6,186
2025-07-30 16:10:00,1.1474,1.1475,1.1472,1.1472,188795.5,174
2025-07-30 16:12:00,1.1472,1.1473,1.147,1.1471,25649.3,59
2025-07-30 16:14:00,1.1473,1.1475,1.1472,1.1474,9574.9,43
2025-07-30 16:16:00,1.1474,1.1476,1.1473,1.1475,27860.4,117
2025-07-30 16:18:00,1.1476,1.1479,1.1474,1.1477,36423.3,136
2025-07-30 16:20:00,1.1477,1.1479,1.1477,1.1478,19832.4,104
2025-07-30 16:22:00,1.1478,1.1479,1.1477,1.1478,25280.4,109
2025-07-30 16:24:00,1.1478,1.148,1.1478,1.1478,12987.1,74
2025-07-30 16:26:00,1.1478,1.1479,1.1475,1.1477,47226.3,115
2025-07-30 16:28:00,1.1477,1.1477,1.1475,1.1476,9716.8,43
2025-07-30 16:30:00,1.1476,1.1476,1.1475,1.1475,8238.2,40
2025-07-30 16:32:00,1.1476,1.1476,1.1474,1.1475,19240.100000000002,43
2025-07-30 16:34:00,1.1474,1.1476,1.1474,1.1474,15082.0,56
2025-07-30 16:36:00,1.1476,1.1476,1.1474,1.1475,19427.0,47
2025-07-30 16:38:00,1.1474,1.1476,1.1474,1.1474,8896.3,36
2025-07-30 16:40:00,1.1475,1.1476,1.1474,1.1474,7437.0,34
2025-07-30 16:42:00,1.1475,1.1475,1.1473,1.1474,12896.9,40
2025-07-30 16:44:00,1.1475,1.1476,1.1473,1.1475,13402.7,40
2025-07-30 16:46:00,1.1475,1.1476,1.1474,1.1476,12094.7,51
2025-07-30 16:48:00,1.1476,1.1477,1.1474,1.1476,14196.5,54
2025-07-30 16:50:00,1.1475,1.1478,1.1475,1.1477,7989.7,37
2025-07-30 16:52:00,1.1477,1.1479,1.1476,1.1476,12541.7,28
2025-07-30 16:54:00,1.1478,1.148,1.1477,1.1479,10621.7,42
2025-07-30 16:56:00,1.1479,1.1479,1.1476,1.1476,19288.2,30
2025-07-30 16:58:00,1.1476,1.1478,1.1475,1.1478,29809.4,71
2025-07-30 17:00:00,1.1477,1.1481,1.1477,1.148,74464.1,96
2025-07-30 17:02:00,1.148,1.1481,1.1479,1.1481,11415.3,46
2025-07-30 17:04:00,1.1481,1.1483,1.1479,1.1481,4925.4,34
2025-07-30 17:06:00,1.1481,1.1485,1.1481,1.1484,11275.7,44
2025-07-30 17:08:00,1.1484,1.1485,1.1483,1.1483,14773.9,35
2025-07-30 17:10:00,1.1484,1.1484,1.1483,1.1484,5902.3,29
2025-07-30 17:12:00,1.1484,1.1485,1.1483,1.1485,9660.6,33
2025-07-30 17:14:00,1.1485,1.1485,1.1483,1.1484,19377.3,53
2025-07-30 17:16:00,1.1483,1.1484,1.1483,1.1483,4946.3,34
2025-07-30 17:18:00,1.1483,1.1484,1.1481,1.1481,19557.2,72
2025-07-30 17:20:00,1.1481,1.1482,1.148,1.1482,20279.8,49
2025-07-30 17:22:00,1.1482,1.1484,1.148,1.1483,10019.5,37
2025-07-30 17:24:00,1.1483,1.1483,1.1481,1.1482,9608.9,48
2025-07-30 17:26:00,1.1483,1.1483,1.1481,1.1483,11674.8,40
2025-07-30 17:28:00,1.1482,1.1483,1.148,1.1482,20886.4,49
2025-07-30 17:30:00,1.148,1.1482,1.148,1.1481,6825.0,30
2025-07-30 17:32:00,1.1482,1.1482,1.1481,1.1482,7832.0,30
2025-07-30 17:34:00,1.1482,1.1482,1.1481,1.1482,12385.3,46
2025-07-30 17:36:00,1.1481,1.1482,1.148,1.1482,15254.9,41
2025-07-30 17:38:00,1.1481,1.1482,1.1479,1.1481,16868.9,95
2025-07-30 17:40:00,1.148,1.1482,1.148,1.1482,12932.9,34
2025-07-30 17:42:00,1.1482,1.1483,1.1481,1.1481,18931.2,61
2025-07-30 17:44:00,1.1482,1.1482,1.1479,1.1479,7186.2,28
2025-07-30 17:46:00,1.1481,1.1482,1.148,1.1481,13129.2,38
2025-07-30 17:48:00,1.1481,1.1483,1.1481,1.1481,9148.2,39
2025-07-30 17:50:00,1.1482,1.1486,1.1482,1.1484,15953.6,42
2025-07-30 17:52:00,1.1486,1.1487,1.1483,1.1485,28239.600000000002,96
2025-07-30 17:54:00,1.1486,1.1487,1.1484,1.1487,11802.8,46
2025-07-30 17:56:00,1.1486,1.1486,1.1483,1.1485,24799.2,48
2025-07-30 17:58:00,1.1484,1.1488,1.1484,1.1486,18041.2,45
2025-07-30 18:00:00,1.1487,1.1495,1.1486,1.149,124231.2,229
2025-07-30 18:02:00,1.1489,1.149,1.1485,1.1488,143466.1,224
2025-07-30 18:04:00,1.1489,1.1495,1.1487,1.1489,65290.9,182
2025-07-30 18:06:00,1.1491,1.1494,1.149,1.1494,51534.1,78
2025-07-30 18:08:00,1.1494,1.1498,1.1493,1.1497,36287.2,56
2025-07-30 18:10:00,1.1497,1.1503,1.1497,1.1499,38422.4,94
2025-07-30 18:12:00,1.1499,1.15,1.1492,1.1492,53531.4,89
2025-07-30 18:14:00,1.1493,1.1493,1.1489,1.1491,42099.1,89
2025-07-30 18:16:00,1.149,1.1491,1.1487,1.1489,42890.4,120
2025-07-30 18:18:00,1.1488,1.149,1.1487,1.1488,20411.5,71
2025-07-30 18:20:00,1.1488,1.1491,1.1488,1.1488,23645.5,77
2025-07-30 18:22:00,1.1489,1.149,1.1487,1.1487,25903.8,127
2025-07-30 18:24:00,1.1487,1.1488,1.1483,1.1484,43069.7,129
2025-07-30 18:26:00,1.1484,1.1492,1.1484,1.149,65618.0,122
2025-07-30 18:28:00,1.149,1.1493,1.1489,1.149,24158.3,72
2025-07-30 18:30:00,1.1491,1.1494,1.149,1.1493,30725.7,94
2025-07-30 18:32:00,1.1492,1.1493,1.1486,1.1486,46866.3,131
2025-07-30 18:34:00,1.1486,1.1503,1.1485,1.1503,514411.3,723
2025-07-30 18:36:00,1.1502,1.1504,1.1485,1.1485,407607.2,730
2025-07-30 18:38:00,1.1486,1.1489,1.1482,1.1482,41367.2,119
2025-07-30 18:40:00,1.1483,1.1483,1.1473,1.1476,124497.6,204
2025-07-30 18:42:00,1.1475,1.1477,1.1464,1.1469,125586.6,313
2025-07-30 18:44:00,1.1468,1.1469,1.1463,1.1465,50818.3,130
2025-07-30 18:46:00,1.1466,1.1466,1.1458,1.146,114742.2,250
2025-07-30 18:48:00,1.146,1.1461,1.1452,1.1452,167346.4,350
2025-07-30 18:50:00,1.1452,1.1453,1.1446,1.1449,132341.3,314
2025-07-30 18:52:00,1.1448,1.1448,1.1439,1.1439,90751.1,153
2025-07-30 18:54:00,1.144,1.1447,1.1438,1.1446,66713.5,190
2025-07-30 18:56:00,1.1446,1.1447,1.1437,1.1441,150699.6,283
2025-07-30 18:58:00,1.144,1.1441,1.1434,1.1434,75327.7,183
2025-07-30 19:00:00,1.1433,1.144,1.1433,1.1438,131003.6,273
2025-07-30 19:02:00,1.1438,1.144,1.1432,1.1433,94639.9,257
2025-07-30 19:04:00,1.1432,1.1434,1.1421,1.1423,164480.5,598
2025-07-30 19:06:00,1.1421,1.143,1.1418,1.1426,285023.6,615
2025-07-30 19:08:00,1.1426,1.1433,1.1424,1.1431,125733.09999999999,231
2025-07-30 19:10:00,1.1432,1.1436,1.1429,1.1434,83120.2,166
2025-07-30 19:12:00,1.1433,1.1437,1.1433,1.1435,83967.2,155
2025-07-30 19:14:00,1.1437,1.1438,1.143,1.1431,90588.7,196
2025-07-30 19:16:00,1.1432,1.1432,1.1427,1.1428,121266.6,331
2025-07-30 19:18:00,1.1428,1.1428,1.1422,1.1425,107204.8,316
2025-07-30 19:20:00,1.1425,1.1425,1.1417,1.142,28493.6,83
2025-07-30 19:22:00,1.1418,1.142,1.1416,1.142,46164.9,86
2025-07-30 19:24:00,1.1419,1.1423,1.1417,1.1422,115675.2,158
2025-07-30 19:26:00,1.1422,1.1423,1.1418,1.1418,91046.9,275
2025-07-30 19:28:00,1.1419,1.1419,1.1415,1.1417,34174.4,100
2025-07-30 19:30:00,1.1417,1.1423,1.1417,1.1422,114025.3,220
2025-07-30 19:32:00,1.1422,1.1423,1.1418,1.1419,44796.4,115
2025-07-30 19:34:00,1.1419,1.1423,1.1419,1.1421,41365.2,121
2025-07-30 19:36:00,1.1421,1.1424,1.1417,1.1418,39037.3,70
2025-07-30 19:38:00,1.1417,1.1419,1.1417,1.1419,22849.9,51
2025-07-30 19:40:00,1.142,1.1427,1.142,1.1427,191483.9,179
2025-07-30 19:42:00,1.1426,1.1427,1.1423,1.1424,99522.6,163
2025-07-30 19:44:00,1.1424,1.1425,1.1424,1.1424,50787.7,86
2025-07-30 19:46:00,1.1425,1.1427,1.1425,1.1426,27617.4,64
2025-07-30 19:48:00,1.1425,1.1425,1.1421,1.1423,48367.0,113
2025-07-30 19:50:00,1.1422,1.1425,1.1421,1.1425,51403.2,156
2025-07-30 19:52:00,1.1424,1.1426,1.1423,1.1424,26183.6,67
2025-07-30 19:54:00,1.1425,1.1426,1.1422,1.1422,26244.4,62
2025-07-30 19:56:00,1.1423,1.1425,1.1421,1.1424,29012.5,52
2025-07-30 19:58:00,1.1424,1.1424,1.1421,1.1422,25517.0,61
2025-07-30 20:00:00,1.1423,1.1427,1.1423,1.1425,22566.7,60
2025-07-30 20:02:00,1.1424,1.1427,1.1424,1.1425,62000.7,99
2025-07-30 20:04:00,1.1425,1.1431,1.1424,1.1431,39921.9,102
2025-07-30 20:06:00,1.1431,1.1431,1.1427,1.1427,58123.2,91
2025-07-30 20:08:00,1.1428,1.1429,1.1425,1.1426,88759.6,116
2025-07-30 20:10:00,1.1426,1.1426,1.1419,1.142,70893.9,127
2025-07-30 20:12:00,1.142,1.1421,1.1417,1.1418,25186.6,62
2025-07-30 20:14:00,1.1418,1.1418,1.1416,1.1418,35572.6,87
2025-07-30 20:16:00,1.1416,1.1418,1.1415,1.1418,49831.5,94
2025-07-30 20:18:00,1.1416,1.1417,1.1412,1.1412,37875.5,76
2025-07-30 20:20:00,1.1412,1.1413,1.1411,1.1413,27167.3,75
2025-07-30 20:22:00,1.1411,1.1413,1.1403,1.1404,72790.7,117
2025-07-30 20:24:00,1.1406,1.1409,1.1406,1.1407,39616.9,96
2025-07-30 20:26:00,1.1407,1.1409,1.1406,1.1408,24696.4,57
2025-07-30 20:28:00,1.1408,1.1408,1.1405,1.1407,68863.59999999999,57
2025-07-30 20:30:00,1.1407,1.1411,1.1407,1.1411,22820.3,42
2025-07-30 20:32:00,1.1411,1.1413,1.141,1.1412,24339.899999999998,76
2025-07-30 20:34:00,1.1411,1.1414,1.141,1.1414,19433.0,63
2025-07-30 20:36:00,1.1414,1.1414,1.1411,1.1412,25289.0,55
2025-07-30 20:38:00,1.1412,1.1412,1.1408,1.1408,26313.4,72
2025-07-30 20:40:00,1.1408,1.1413,1.1408,1.141,11606.5,53
2025-07-30 20:42:00,1.1412,1.1412,1.141,1.1412,4058.3,28
2025-07-30 20:44:00,1.1412,1.1412,1.1409,1.1409,14734.5,45
2025-07-30 20:46:00,1.1411,1.1413,1.1408,1.141,30901.1,87
2025-07-30 20:48:00,1.141,1.141,1.1408,1.1408,6958.7,28
2025-07-30 20:50:00,1.141,1.141,1.1408,1.141,18443.2,52
2025-07-30 20:52:00,1.141,1.1411,1.1408,1.1411,52792.5,87
2025-07-30 20:54:00,1.141,1.141,1.1405,1.1405,32071.5,74
2025-07-30 20:56:00,1.1406,1.1408,1.1405,1.1407,20003.8,51
2025-07-30 20:58:00,1.1407,1.1409,1.1406,1.1409,12624.1,51
2025-07-30 21:00:00,1.141,1.141,1.1407,1.1408,21609.3,37
2025-07-30 21:02:00,1.1408,1.1409,1.1408,1.1409,9826.3,23
2025-07-30 21:04:00,1.1409,1.1411,1.1408,1.141,10753.3,35
2025-07-30 21:06:00,1.141,1.1413,1.141,1.1411,8130.8,28
2025-07-30 21:08:00,1.1412,1.1412,1.1407,1.1409,17566.1,74
2025-07-30 21:10:00,1.1408,1.1409,1.1408,1.1408,5091.5,32
2025-07-30 21:12:00,1.1409,1.1409,1.1408,1.1409,1369.1,15
2025-07-30 21:14:00,1.1408,1.1409,1.1408,1.1408,4033.7,24
2025-07-30 21:16:00,1.1409,1.1409,1.1408,1.1409,1977.0,22
2025-07-30 21:18:00,1.1409,1.1409,1.1407,1.1407,9745.6,35
2025-07-30 21:20:00,1.1408,1.1409,1.1407,1.1409,11985.5,38
2025-07-30 21:22:00,1.1409,1.1409,1.1407,1.1409,34412.9,79
2025-07-30 21:24:00,1.1409,1.1409,1.1408,1.1408,20213.4,42
2025-07-30 21:26:00,1.1408,1.1412,1.1407,1.1408,8822.1,38
2025-07-30 21:28:00,1.1409,1.1411,1.1408,1.1411,21378.5,69
2025-07-30 21:30:00,1.1411,1.1412,1.141,1.1411,15841.9,49
2025-07-30 21:32:00,1.1412,1.1412,1.1409,1.141,11268.8,35
2025-07-30 21:34:00,1.1411,1.1411,1.141,1.1411,19414.8,52
2025-07-30 21:36:00,1.141,1.1411,1.1409,1.141,19658.0,60
2025-07-30 21:38:00,1.141,1.1412,1.1409,1.1411,8011.5,39
2025-07-30 21:40:00,1.1412,1.1412,1.141,1.1411,16328.5,38
2025-07-30 21:42:00,1.141,1.1411,1.1409,1.141,19641.2,82
2025-07-30 21:44:00,1.141,1.141,1.1408,1.1409,17173.199999999997,41
2025-07-30 21:46:00,1.1408,1.1409,1.1408,1.1408,27271.3,78
2025-07-30 21:48:00,1.1409,1.141,1.1408,1.141,12029.6,35
2025-07-30 21:50:00,1.141,1.141,1.1408,1.141,17094.0,39
2025-07-30 21:52:00,1.141,1.141,1.1408,1.141,12375.2,33
2025-07-30 21:54:00,1.1409,1.141,1.1409,1.141,17239.1,32
2025-07-30 21:56:00,1.141,1.1411,1.141,1.141,13231.1,21
2025-07-30 21:58:00,1.1411,1.1411,1.1409,1.1411,9692.8,21
2025-07-30 22:00:00,1.1411,1.1413,1.1409,1.1413,51863.8,52
2025-07-30 22:02:00,1.1413,1.1417,1.1413,1.1416,16775.0,62
2025-07-30 22:04:00,1.1416,1.1418,1.1416,1.1418,11196.0,44
2025-07-30 22:06:00,1.1416,1.1418,1.1415,1.1415,37527.6,55
2025-07-30 22:08:00,1.1415,1.1417,1.1414,1.1417,14650.6,45
2025-07-30 22:10:00,1.1417,1.1419,1.1415,1.1418,8093.4,48
2025-07-30 22:12:00,1.1418,1.1418,1.1417,1.1418,3450.5,18
2025-07-30 22:14:00,1.1418,1.1418,1.1417,1.1418,8794.7,25
2025-07-30 22:16:00,1.1419,1.1421,1.1419,1.142,16497.4,29
2025-07-30 22:18:00,1.1421,1.1421,1.1419,1.142,4259.9,22
2025-07-30 22:20:00,1.142,1.142,1.1418,1.1418,15407.8,48
2025-07-30 22:22:00,1.1419,1.1419,1.1416,1.1418,24579.0,63
2025-07-30 22:24:00,1.1418,1.1418,1.1416,1.1418,3150.9,16
2025-07-30 22:26:00,1.1416,1.1419,1.1416,1.1417,3410.6,22
2025-07-30 22:28:00,1.1417,1.142,1.1417,1.142,6476.1,24
2025-07-30 22:30:00,1.142,1.1422,1.142,1.1421,50788.1,95
2025-07-30 22:32:00,1.1421,1.1422,1.142,1.142,20128.5,49
2025-07-30 22:34:00,1.1422,1.1423,1.142,1.1422,22252.6,84
2025-07-30 22:36:00,1.1422,1.1423,1.142,1.1423,14292.1,32
2025-07-30 22:38:00,1.1423,1.1423,1.1421,1.1423,4036.0,26
2025-07-30 22:40:00,1.1423,1.1423,1.1422,1.1423,3060.8,15
2025-07-30 22:42:00,1.1422,1.1423,1.142,1.1421,23640.0,47
2025-07-30 22:44:00,1.1421,1.1423,1.142,1.1421,20999.4,36
2025-07-30 22:46:00,1.1422,1.1424,1.1422,1.1424,3659.5,23
2025-07-30 22:48:00,1.1424,1.1425,1.1423,1.1423,3211.2,24
2025-07-30 22:50:00,1.1425,1.1425,1.1423,1.1424,3786.3999999999996,11
2025-07-30 22:52:00,1.1425,1.1425,1.1424,1.1425,1288.8,7
2025-07-30 22:54:00,1.1425,1.1425,1.1424,1.1425,23181.0,32
2025-07-30 22:56:00,1.1425,1.1426,1.1424,1.1426,9647.5,29
2025-07-30 22:58:00,1.1426,1.1426,1.1424,1.1425,14649.1,40
2025-07-30 23:00:00,1.1424,1.1425,1.1424,1.1425,9907.9,34
2025-07-30 23:02:00,1.1425,1.1426,1.1424,1.1426,14097.0,33
2025-07-30 23:04:00,1.1426,1.1427,1.1425,1.1427,25492.4,56
2025-07-30 23:06:00,1.1427,1.1427,1.1424,1.1426,22666.600000000002,28
2025-07-30 23:08:00,1.1426,1.1426,1.1424,1.1424,7736.799999999999,19
2025-07-30 23:10:00,1.1425,1.1425,1.1424,1.1424,20397.9,27
2025-07-30 23:12:00,1.1424,1.1424,1.1422,1.1423,14052.2,30
2025-07-30 23:14:00,1.1423,1.1423,1.1422,1.1423,27510.399999999998,57
2025-07-30 23:16:00,1.1424,1.1425,1.1422,1.1425,13009.7,40
2025-07-30 23:18:00,1.1424,1.1425,1.1424,1.1424,7495.299999999999,13
2025-07-30 23:20:00,1.1423,1.1425,1.1423,1.1425,1933.0,17
2025-07-30 23:22:00,1.1425,1.1425,1.1424,1.1424,4338.1,22
2025-07-30 23:24:00,1.1425,1.1425,1.1425,1.1425,24606.9,22
2025-07-30 23:26:00,1.1425,1.1426,1.1424,1.1426,2502.5,10
2025-07-30 23:28:00,1.1426,1.1427,1.1425,1.1426,33370.1,27
2025-07-30 23:30:00,1.1426,1.1429,1.1425,1.1429,51733.5,70
2025-07-30 23:32:00,1.1429,1.1429,1.1427,1.1428,26685.7,37
2025-07-30 23:34:00,1.1428,1.1428,1.1427,1.1427,114607.0,58
2025-07-30 23:36:00,1.1428,1.1429,1.1427,1.1429,37127.1,46
2025-07-30 23:38:00,1.1429,1.1431,1.1428,1.1431,14349.7,45
2025-07-30 23:40:00,1.1431,1.1432,1.1429,1.1431,5310.7,15
2025-07-30 23:42:00,1.1431,1.1431,1.1429,1.1431,5367.0,16
2025-07-30 23:44:00,1.1431,1.1433,1.143,1.1433,29362.899999999998,21
2025-07-30 23:46:00,1.1432,1.1433,1.1431,1.1433,29277.4,40
2025-07-30 23:48:00,1.1433,1.1434,1.1433,1.1434,42294.1,29
2025-07-30 23:50:00,1.1434,1.1434,1.1432,1.1432,41517.7,63
2025-07-30 23:52:00,1.1433,1.1433,1.1432,1.1432,20761.6,45
2025-07-30 23:54:00,1.1433,1.1434,1.1433,1.1434,51653.6,38
2025-07-30 23:56:00,1.1434,1.1434,1.1433,1.1434,3534.1,16
2025-07-30 23:58:00,1.1434,1.1434,1.1432,1.1433,6807.3,28
2025-07-31 00:00:00,1.1432,1.1437,1.1432,1.1436,13477.9,32
2025-07-31 00:02:00,1.1437,1.1438,1.1434,1.1435,35921.1,81
2025-07-31 00:04:00,1.1436,1.1436,1.1435,1.1436,15586.3,24
2025-07-31 00:06:00,1.1436,1.1439,1.1435,1.1436,22270.4,52
2025-07-31 00:08:00,1.1438,1.1439,1.1437,1.1438,2589.2999999999997,22
2025-07-31 00:10:00,1.1439,1.1439,1.1436,1.1437,8862.6,40
2025-07-31 00:12:00,1.1439,1.1439,1.1438,1.1438,1650.6,13
2025-07-31 00:14:00,1.1439,1.144,1.1438,1.1439,65275.2,61
2025-07-31 00:16:00,1.1439,1.144,1.1437,1.1437,31366.8,49
2025-07-31 00:18:00,1.1437,1.1439,1.1437,1.1439,14013.4,30
2025-07-31 00:20:00,1.1438,1.144,1.1438,1.1439,41186.7,34
2025-07-31 00:22:00,1.1439,1.1441,1.1438,1.1438,2061.4,7
2025-07-31 00:24:00,1.1439,1.1442,1.1439,1.1442,6727.7,16
2025-07-31 00:26:00,1.1442,1.1442,1.1437,1.1438,55193.7,116
2025-07-31 00:28:00,1.1438,1.1439,1.1437,1.1437,37536.0,92
2025-07-31 00:30:00,1.1439,1.1441,1.1438,1.1441,36425.9,226
2025-07-31 00:32:00,1.1441,1.1441,1.144,1.144,12372.7,22
2025-07-31 00:34:00,1.144,1.1441,1.1438,1.1441,27995.7,37
2025-07-31 00:36:00,1.1439,1.1441,1.1438,1.1438,24452.3,28
2025-07-31 00:38:00,1.1438,1.1441,1.1438,1.1441,139458.0,71
2025-07-31 00:40:00,1.1441,1.1443,1.144,1.1442,147387.2,163
2025-07-31 00:42:00,1.1442,1.1443,1.1441,1.1443,10048.4,27
2025-07-31 00:44:00,1.1443,1.1443,1.1441,1.1441,19546.2,26
2025-07-31 00:46:00,1.1441,1.1446,1.1441,1.1446,72701.2,89
2025-07-31 00:48:00,1.1446,1.1446,1.1445,1.1445,120427.6,111
2025-07-31 00:50:00,1.1446,1.1446,1.1445,1.1446,20974.6,27
2025-07-31 00:52:00,1.1445,1.1445,1.1444,1.1444,25355.100000000002,53
2025-07-31 00:54:00,1.1444,1.1446,1.1444,1.1446,21155.2,22
2025-07-31 00:56:00,1.1445,1.1446,1.1444,1.1445,17340.1,15
2025-07-31 00:58:00,1.1446,1.1446,1.1445,1.1446,12516.9,27
2025-07-31 01:00:00,1.1446,1.1447,1.1445,1.1447,29639.4,100
2025-07-31 01:02:00,1.1447,1.1447,1.1445,1.1446,5688.2,21
2025-07-31 01:04:00,1.1447,1.1447,1.1445,1.1446,7583.4,15
2025-07-31 01:06:00,1.1445,1.1446,1.1444,1.1445,18937.7,30
2025-07-31 01:08:00,1.1444,1.1445,1.1444,1.1444,10441.1,32
2025-07-31 01:10:00,1.1444,1.1445,1.1444,1.1444,5684.8,10
2025-07-31 01:12:00,1.1444,1.1445,1.1444,1.1444,1131.0,6
2025-07-31 01:14:00,1.1444,1.1445,1.1444,1.1445,154.9,6
2025-07-31 01:16:00,1.1444,1.1445,1.1444,1.1444,41127.0,75
2025-07-31 01:18:00,1.1444,1.1445,1.1444,1.1444,55539.5,68
2025-07-31 01:20:00,1.1444,1.1445,1.1444,1.1444,8296.6,17
2025-07-31 01:22:00,1.1444,1.1445,1.1444,1.1444,13197.300000000001,24
2025-07-31 01:24:00,1.1444,1.1446,1.1444,1.1446,10024.3,62
2025-07-31 01:26:00,1.1445,1.1445,1.1444,1.1444,1058.4,6
2025-07-31 01:28:00,1.1445,1.1445,1.1444,1.1445,5097.1,15
2025-07-31 01:30:00,1.1446,1.1446,1.1445,1.1446,4172.9,8
2025-07-31 01:32:00,1.1446,1.1446,1.1445,1.1445,7227.0,12
2025-07-31 01:34:00,1.1444,1.1445,1.1444,1.1444,1053.0,8
2025-07-31 01:36:00,1.1445,1.1447,1.1445,1.1446,11321.0,15
2025-07-31 01:38:00,1.1445,1.1446,1.1445,1.1446,3429.0,15
2025-07-31 01:40:00,1.1445,1.1447,1.1445,1.1446,4640.5,13
2025-07-31 01:42:00,1.1447,1.1447,1.1446,1.1446,9065.3,27
2025-07-31 01:44:00,1.1448,1.1448,1.1447,1.1447,3026.8,10
2025-07-31 01:46:00,1.1448,1.1448,1.1445,1.1446,21178.6,60
2025-07-31 01:48:00,1.1446,1.1446,1.1444,1.1445,2269.3,15
2025-07-31 01:50:00,1.1445,1.1445,1.1444,1.1445,14628.0,47
2025-07-31 01:52:00,1.1445,1.1445,1.1444,1.1445,8098.4,31
2025-07-31 01:54:00,1.1444,1.1445,1.1444,1.1444,28358.3,64
2025-07-31 01:56:00,1.1444,1.1445,1.1444,1.1444,55790.8,90
2025-07-31 01:58:00,1.1444,1.1445,1.1444,1.1445,13204.1,11
2025-07-31 02:00:00,1.1445,1.1445,1.1444,1.1445,21626.600000000002,116
2025-07-31 02:02:00,1.1445,1.1445,1.1444,1.1444,7263.3,22
2025-07-31 02:04:00,1.1445,1.1445,1.1444,1.1444,7321.9,32
2025-07-31 02:06:00,1.1445,1.1445,1.1444,1.1444,10595.1,18
2025-07-31 02:08:00,1.1444,1.1445,1.1444,1.1445,661.0999999999999,8
2025-07-31 02:10:00,1.1445,1.1445,1.1444,1.1445,4391.0,28
2025-07-31 02:12:00,1.1445,1.1445,1.1444,1.1444,2592.0,17
2025-07-31 02:14:00,1.1445,1.1445,1.1444,1.1445,2948.6,12
2025-07-31 02:16:00,1.1445,1.1445,1.1444,1.1445,5916.7,18
2025-07-31 02:18:00,1.1445,1.1445,1.1444,1.1444,2717.1,15
2025-07-31 02:20:00,1.1444,1.1445,1.1444,1.1445,1192.7,8
2025-07-31 02:22:00,1.1444,1.1445,1.1444,1.1444,613.2,12
2025-07-31 02:24:00,1.1444,1.1445,1.1444,1.1444,8168.499999999999,13
2025-07-31 02:26:00,1.1445,1.1445,1.1444,1.1444,23322.1,39
2025-07-31 02:28:00,1.1444,1.1445,1.1444,1.1444,44212.3,57
2025-07-31 02:30:00,1.1445,1.1445,1.1444,1.1444,40763.3,221
2025-07-31 02:32:00,1.1444,1.1445,1.144,1.144,84019.7,95
2025-07-31 02:34:00,1.1441,1.1441,1.1437,1.1437,7971.8,15
2025-07-31 02:36:00,1.1438,1.1438,1.1436,1.1437,16746.1,55
2025-07-31 02:38:00,1.1437,1.1439,1.1436,1.1437,11992.5,54
2025-07-31 02:40:00,1.1437,1.144,1.1436,1.1436,11183.4,35
2025-07-31 02:42:00,1.1436,1.1438,1.1435,1.1436,13125.3,32
2025-07-31 02:44:00,1.1436,1.1438,1.1435,1.1436,25010.2,30
2025-07-31 02:46:00,1.1436,1.1439,1.1436,1.1436,12082.7,31
2025-07-31 02:48:00,1.1437,1.1438,1.1436,1.1436,4559.0,23
2025-07-31 02:50:00,1.1438,1.1438,1.1436,1.1437,35665.1,67
2025-07-31 02:52:00,1.1437,1.1439,1.1436,1.1439,11672.8,37
2025-07-31 02:54:00,1.1439,1.144,1.1438,1.1439,12797.2,18
2025-07-31 02:56:00,1.1441,1.1441,1.144,1.144,12105.7,16
2025-07-31 02:58:00,1.144,1.1444,1.144,1.1443,11347.4,34
2025-07-31 03:00:00,1.1443,1.1445,1.1443,1.1444,2869.7,15
2025-07-31 03:02:00,1.1443,1.1444,1.1442,1.1444,2292.5,13
2025-07-31 03:04:00,1.1444,1.1445,1.1437,1.1437,138701.2,166
2025-07-31 03:06:00,1.1436,1.1437,1.1433,1.1434,42218.1,44
2025-07-31 03:08:00,1.1434,1.1435,1.1433,1.1435,9294.9,19
2025-07-31 03:10:00,1.1435,1.1438,1.1435,1.1438,297.20000000000005,7
2025-07-31 03:12:00,1.1436,1.1436,1.1436,1.1436,695.2,10
2025-07-31 03:14:00,1.1437,1.1438,1.1436,1.1436,3250.7000000000003,15
2025-07-31 03:16:00,1.1437,1.1437,1.1432,1.1433,19375.1,31
2025-07-31 03:18:00,1.1434,1.1435,1.1433,1.1435,2752.1,9
2025-07-31 03:20:00,1.1434,1.1436,1.1433,1.1436,4452.9,16
2025-07-31 03:22:00,1.1434,1.1437,1.1431,1.1431,17118.7,39
2025-07-31 03:24:00,1.1431,1.1432,1.1429,1.1429,55018.5,83
2025-07-31 03:26:00,1.1429,1.1429,1.1424,1.1425,86852.6,154
2025-07-31 03:28:00,1.1425,1.1428,1.1425,1.1426,6685.9,19
2025-07-31 03:30:00,1.1426,1.1427,1.1425,1.1425,47211.299999999996,48
2025-07-31 03:32:00,1.1425,1.1426,1.1424,1.1424,3001.5,10
2025-07-31 03:34:00,1.1427,1.1428,1.1424,1.1428,18596.0,25
2025-07-31 03:36:00,1.1428,1.1428,1.1424,1.1426,20811.3,43
2025-07-31 03:38:00,1.1426,1.1427,1.1422,1.1422,14851.599999999999,16
2025-07-31 03:40:00,1.1423,1.1424,1.1422,1.1424,10983.0,32
2025-07-31 03:42:00,1.1425,1.1427,1.1425,1.1427,10068.300000000001,19
2025-07-31 03:44:00,1.1429,1.143,1.1429,1.143,8081.2,8
2025-07-31 03:46:00,1.143,1.1431,1.143,1.1431,10109.9,23
2025-07-31 03:48:00,1.1431,1.1432,1.1431,1.1432,2444.5,14
2025-07-31 03:50:00,1.1432,1.1432,1.1431,1.1431,6989.4,16
2025-07-31 03:52:00,1.1431,1.1432,1.1429,1.1432,21878.2,59
2025-07-31 03:54:00,1.143,1.1432,1.143,1.1432,11637.699999999999,23
2025-07-31 03:56:00,1.1432,1.1433,1.1431,1.1433,1078.5,11
2025-07-31 03:58:00,1.1434,1.1435,1.1433,1.1434,3461.0,17
2025-07-31 04:00:00,1.1435,1.1435,1.1433,1.1433,4245.6,14
2025-07-31 04:02:00,1.1433,1.1433,1.1432,1.1432,4291.3,7
2025-07-31 04:04:00,1.1431,1.1433,1.143,1.1432,5622.4,23
2025-07-31 04:06:00,1.1432,1.1432,1.143,1.1432,11712.8,38
2025-07-31 04:08:00,1.1432,1.1433,1.1431,1.1433,2677.9,17
2025-07-31 04:10:00,1.1433,1.1433,1.1433,1.1433,1841.0,9
2025-07-31 04:12:00,1.1432,1.1433,1.1432,1.1433,3431.2,12
2025-07-31 04:14:00,1.1433,1.1434,1.1433,1.1433,4221.0,10
2025-07-31 04:16:00,1.1433,1.1433,1.1431,1.1433,8265.0,31
2025-07-31 04:18:00,1.1432,1.1433,1.1431,1.1431,26069.8,34
2025-07-31 04:20:00,1.1432,1.1432,1.143,1.1431,7794.0,24
2025-07-31 04:22:00,1.143,1.1432,1.143,1.1432,1934.6000000000001,7
2025-07-31 04:24:00,1.1432,1.1432,1.1431,1.1432,8685.7,20
2025-07-31 04:26:00,1.1432,1.1432,1.1431,1.1431,6167.2,23
2025-07-31 04:28:00,1.1432,1.1432,1.1431,1.1431,11887.3,37
2025-07-31 04:30:00,1.1432,1.1432,1.1429,1.1431,36868.2,77
2025-07-31 04:32:00,1.1431,1.1433,1.143,1.1433,9754.0,39
2025-07-31 04:34:00,1.1432,1.1435,1.1432,1.1435,17345.4,42
2025-07-31 04:36:00,1.1435,1.1436,1.1434,1.1435,16173.3,36
2025-07-31 04:38:00,1.1436,1.1436,1.1434,1.1436,18608.4,65
2025-07-31 04:40:00,1.1436,1.1437,1.1435,1.1435,25925.1,45
2025-07-31 04:42:00,1.1436,1.1437,1.1436,1.1437,2815.9,11
2025-07-31 04:44:00,1.1436,1.1437,1.1436,1.1437,2235.6,13
2025-07-31 04:46:00,1.1436,1.1437,1.1435,1.1435,24484.7,105
2025-07-31 04:48:00,1.1435,1.1438,1.1435,1.1437,5041.1,21
2025-07-31 04:50:00,1.1437,1.1439,1.1437,1.1437,6461.9,18
2025-07-31 04:52:00,1.1437,1.1439,1.1437,1.1439,4916.099999999999,16
2025-07-31 04:54:00,1.144,1.1442,1.1439,1.1441,15926.0,56
2025-07-31 04:56:00,1.1442,1.1443,1.144,1.144,10401.9,26
2025-07-31 04:58:00,1.144,1.1445,1.144,1.1445,14466.6,40
2025-07-31 05:00:00,1.1444,1.1445,1.1443,1.1445,25249.0,34
2025-07-31 05:02:00,1.1445,1.1446,1.1443,1.1444,23566.7,44
2025-07-31 05:04:00,1.1445,1.1446,1.1443,1.1444,6058.2,21
2025-07-31 05:06:00,1.1444,1.1445,1.1441,1.1443,16865.1,44
2025-07-31 05:08:00,1.1443,1.1444,1.1442,1.1442,8889.2,32
2025-07-31 05:10:00,1.1443,1.1446,1.1442,1.1446,5323.0,33
2025-07-31 05:12:00,1.1446,1.1447,1.1445,1.1447,7713.3,25
2025-07-31 05:14:00,1.1445,1.1448,1.1445,1.1446,13291.1,17
2025-07-31 05:16:00,1.1446,1.1448,1.1446,1.1448,4405.8,12
2025-07-31 05:18:00,1.1447,1.1448,1.1446,1.1447,8448.0,23
2025-07-31 05:20:00,1.1447,1.1448,1.1446,1.1448,7490.2,24
2025-07-31 05:22:00,1.1447,1.1451,1.1447,1.1451,25193.2,33
2025-07-31 05:24:00,1.1451,1.1451,1.145,1.145,6084.900000000001,14
2025-07-31 05:26:00,1.145,1.1451,1.1449,1.1451,7736.3,21
2025-07-31 05:28:00,1.145,1.1451,1.1448,1.1449,13375.9,28
2025-07-31 05:30:00,1.1448,1.1448,1.1446,1.1446,17105.3,29
2025-07-31 05:32:00,1.1446,1.1447,1.1441,1.1445,70101.6,111
2025-07-31 05:34:00,1.1445,1.1447,1.1445,1.1446,6062.7,15
2025-07-31 05:36:00,1.1445,1.1448,1.1444,1.1446,3380.8,12
2025-07-31 05:38:00,1.1447,1.1448,1.1446,1.1447,30215.0,60
2025-07-31 05:40:00,1.1448,1.1448,1.1446,1.1448,3543.7,15
2025-07-31 05:42:00,1.1448,1.1448,1.1446,1.1446,57272.6,69
2025-07-31 05:44:00,1.1445,1.1446,1.1444,1.1445,51545.200000000004,41
2025-07-31 05:46:00,1.1444,1.1444,1.144,1.1441,11285.4,43
2025-07-31 05:48:00,1.1441,1.1443,1.144,1.1441,7544.7,25
2025-07-31 05:50:00,1.144,1.1442,1.144,1.1441,2633.4,19
2025-07-31 05:52:00,1.1441,1.1441,1.1439,1.144,15013.5,33
2025-07-31 05:54:00,1.144,1.1443,1.1439,1.1441,6613.7,22
2025-07-31 05:56:00,1.1442,1.1444,1.1441,1.1444,1596.2,10
2025-07-31 05:58:00,1.1444,1.1445,1.1443,1.1445,18962.5,30
2025-07-31 06:00:00,1.1445,1.1445,1.1443,1.1444,86053.3,75
2025-07-31 06:02:00,1.1446,1.1448,1.1444,1.1446,11849.4,23
2025-07-31 06:04:00,1.1447,1.145,1.1446,1.145,13157.3,23
2025-07-31 06:06:00,1.1449,1.1451,1.1447,1.1448,23005.1,84
2025-07-31 06:08:00,1.1448,1.1448,1.1446,1.1448,10866.8,30
2025-07-31 06:10:00,1.1446,1.145,1.1446,1.145,11144.3,30
2025-07-31 06:12:00,1.145,1.145,1.1443,1.1443,84915.3,121
2025-07-31 06:14:00,1.1445,1.1449,1.1444,1.1449,18244.9,49
2025-07-31 06:16:00,1.1449,1.1453,1.1447,1.1453,24721.7,54
2025-07-31 06:18:00,1.1452,1.1456,1.1452,1.1454,17953.2,42
2025-07-31 06:20:00,1.1456,1.1458,1.1455,1.1457,12330.6,34
2025-07-31 06:22:00,1.1457,1.1457,1.1455,1.1456,11417.1,18
2025-07-31 06:24:00,1.1457,1.1461,1.1456,1.1461,23637.2,54
2025-07-31 06:26:00,1.146,1.1461,1.1459,1.1461,10731.6,43
2025-07-31 06:28:00,1.146,1.1461,1.146,1.1461,8256.2,36
2025-07-31 06:30:00,1.146,1.1461,1.146,1.1461,4782.0,23
2025-07-31 06:32:00,1.146,1.146,1.1459,1.146,9151.8,20
2025-07-31 06:34:00,1.1459,1.1461,1.1459,1.146,17062.5,37
2025-07-31 06:36:00,1.1459,1.146,1.1456,1.1458,28663.8,56
2025-07-31 06:38:00,1.1456,1.1458,1.1454,1.1454,7746.7,30
2025-07-31 06:40:00,1.1456,1.146,1.1455,1.1459,14057.6,44
2025-07-31 06:42:00,1.1459,1.1461,1.1459,1.146,10401.7,29
2025-07-31 06:44:00,1.1461,1.1462,1.1459,1.1459,20419.0,57
2025-07-31 06:46:00,1.1459,1.1462,1.1459,1.1461,15387.6,31
2025-07-31 06:48:00,1.1462,1.1466,1.1461,1.1466,23902.899999999998,64
2025-07-31 06:50:00,1.1466,1.1466,1.1463,1.1463,38813.8,86
2025-07-31 06:52:00,1.1463,1.1463,1.1461,1.1463,50642.200000000004,41
2025-07-31 06:54:00,1.1462,1.1466,1.1462,1.1463,27690.7,40
2025-07-31 06:56:00,1.1464,1.1467,1.1464,1.1466,23309.2,64
2025-07-31 06:58:00,1.1466,1.1468,1.1466,1.1466,8543.3,31
2025-07-31 07:00:00,1.1466,1.1466,1.1464,1.1465,54869.7,46
2025-07-31 07:02:00,1.1465,1.1465,1.1461,1.1463,16807.0,59
2025-07-31 07:04:00,1.1462,1.1464,1.1459,1.146,18893.7,48
2025-07-31 07:06:00,1.146,1.1462,1.1459,1.1459,13066.300000000001,41
2025-07-31 07:08:00,1.1458,1.1462,1.1458,1.1461,18102.4,62
2025-07-31 07:10:00,1.146,1.1464,1.146,1.1464,16149.1,46
2025-07-31 07:12:00,1.1463,1.1465,1.1462,1.1462,17333.100000000002,53
2025-07-31 07:14:00,1.1462,1.1466,1.1462,1.1463,35896.5,60
2025-07-31 07:16:00,1.1463,1.1463,1.1459,1.146,23282.1,76
2025-07-31 07:18:00,1.146,1.1462,1.1459,1.1461,14581.4,50
2025-07-31 07:20:00,1.1461,1.1463,1.1459,1.1459,19045.6,44
2025-07-31 07:22:00,1.1459,1.1461,1.1457,1.1458,16008.2,59
2025-07-31 07:24:00,1.1457,1.1459,1.1454,1.1455,86799.6,59
2025-07-31 07:26:00,1.1454,1.1454,1.1453,1.1453,21417.6,39
2025-07-31 07:28:00,1.1453,1.1454,1.145,1.145,13896.0,35
2025-07-31 07:30:00,1.145,1.1453,1.1449,1.1451,17724.899999999998,61
2025-07-31 07:32:00,1.1452,1.1455,1.145,1.1454,15747.1,51
2025-07-31 07:34:00,1.1454,1.1454,1.1451,1.1451,33552.1,62
2025-07-31 07:36:00,1.1451,1.1452,1.145,1.145,8728.7,24
2025-07-31 07:38:00,1.1451,1.1451,1.1447,1.1449,22702.8,49
2025-07-31 07:40:00,1.1449,1.1452,1.1449,1.1452,21069.100000000002,49
2025-07-31 07:42:00,1.1451,1.1453,1.1449,1.1451,11284.4,39
2025-07-31 07:44:00,1.1449,1.1451,1.1444,1.1445,18629.2,62
2025-07-31 07:46:00,1.1445,1.1449,1.1445,1.1448,16841.2,58
2025-07-31 07:48:00,1.1449,1.1451,1.1449,1.1451,15026.8,39
2025-07-31 07:50:00,1.1452,1.1453,1.1451,1.1453,24560.800000000003,70
2025-07-31 07:52:00,1.1452,1.1453,1.1452,1.1452,5634.099999999999,41
2025-07-31 07:54:00,1.1453,1.1455,1.1451,1.1455,42441.3,70
2025-07-31 07:56:00,1.1455,1.1456,1.1453,1.1455,16222.8,41
2025-07-31 07:58:00,1.1456,1.1456,1.1454,1.1455,19933.8,63
2025-07-31 08:00:00,1.1455,1.1456,1.1455,1.1455,6189.3,46
2025-07-31 08:02:00,1.1456,1.1456,1.1451,1.1452,64140.0,140
2025-07-31 08:04:00,1.1452,1.1454,1.145,1.1454,59179.7,90
2025-07-31 08:06:00,1.1455,1.1456,1.1452,1.1456,10577.4,38
2025-07-31 08:08:00,1.1457,1.146,1.1456,1.1456,40023.2,94
2025-07-31 08:10:00,1.1456,1.1457,1.1453,1.1454,30987.6,42
2025-07-31 08:12:00,1.1455,1.1456,1.1454,1.1455,15225.2,40
2025-07-31 08:14:00,1.1456,1.1456,1.1451,1.1451,34340.0,76
2025-07-31 08:16:00,1.1453,1.1454,1.145,1.1451,11180.0,39
2025-07-31 08:18:00,1.1451,1.1455,1.1451,1.1455,10597.3,40
2025-07-31 08:20:00,1.1453,1.1455,1.1453,1.1454,10232.0,43
2025-07-31 08:22:00,1.1454,1.1454,1.1452,1.1453,17331.4,46
2025-07-31 08:24:00,1.1453,1.1453,1.1449,1.1451,13176.2,37
2025-07-31 08:26:00,1.1452,1.1453,1.1449,1.145,12276.7,33
2025-07-31 08:28:00,1.1451,1.1453,1.1449,1.1452,12998.6,39
2025-07-31 08:30:00,1.1452,1.1456,1.1452,1.1455,38533.4,148
2025-07-31 08:32:00,1.1455,1.1457,1.1455,1.1455,12307.699999999999,30
2025-07-31 08:34:00,1.1456,1.1457,1.1455,1.1457,7867.2,24
2025-07-31 08:36:00,1.1457,1.1457,1.1456,1.1456,4953.2,17
2025-07-31 08:38:00,1.1455,1.1455,1.1453,1.1453,12987.3,28
2025-07-31 08:40:00,1.1454,1.1454,1.1452,1.1453,12411.9,34
2025-07-31 08:42:00,1.1453,1.1453,1.1449,1.145,17726.0,48
2025-07-31 08:44:00,1.145,1.145,1.1449,1.145,19173.3,41
2025-07-31 08:46:00,1.145,1.145,1.1449,1.145,11719.0,34
2025-07-31 08:48:00,1.145,1.145,1.1449,1.145,15663.7,26
2025-07-31 08:50:00,1.145,1.1451,1.145,1.145,12881.7,33
2025-07-31 08:52:00,1.145,1.1451,1.1449,1.145,10662.9,29
2025-07-31 08:54:00,1.1451,1.1451,1.145,1.1451,100293.8,116
2025-07-31 08:56:00,1.1451,1.1457,1.145,1.1457,116194.7,311
2025-07-31 08:58:00,1.1457,1.1458,1.1456,1.1457,16315.2,37
2025-07-31 09:00:00,1.1458,1.1458,1.1454,1.1454,55158.6,74
2025-07-31 09:02:00,1.1454,1.1456,1.1453,1.1455,11557.2,40
2025-07-31 09:04:00,1.1455,1.1455,1.1452,1.1452,24813.4,45
2025-07-31 09:06:00,1.1453,1.1454,1.145,1.1451,32730.1,85
2025-07-31 09:08:00,1.1451,1.1453,1.145,1.1453,23908.2,47
2025-07-31 09:10:00,1.1453,1.1453,1.1451,1.1452,15127.8,39
2025-07-31 09:12:00,1.1453,1.1453,1.1451,1.1453,14110.7,45
2025-07-31 09:14:00,1.1452,1.1454,1.1451,1.1454,12465.3,52
2025-07-31 09:16:00,1.1454,1.1454,1.1452,1.1453,5623.5,27
2025-07-31 09:18:00,1.1453,1.1454,1.145,1.1451,20878.899999999998,65
2025-07-31 09:20:00,1.1451,1.1451,1.1447,1.1448,29907.7,71
2025-07-31 09:22:00,1.1449,1.1449,1.1445,1.1448,14305.4,58
2025-07-31 09:24:00,1.1448,1.145,1.1446,1.1448,12973.2,67
2025-07-31 09:26:00,1.1448,1.1449,1.1446,1.1448,22539.3,73
2025-07-31 09:28:00,1.1447,1.145,1.1447,1.1449,17078.8,65
2025-07-31 09:30:00,1.1449,1.145,1.1447,1.1447,22776.5,77
2025-07-31 09:32:00,1.1448,1.1452,1.1447,1.145,23258.5,52
2025-07-31 09:34:00,1.145,1.1451,1.1447,1.1449,50096.4,57
2025-07-31 09:36:00,1.145,1.1451,1.1448,1.145,17312.3,59
2025-07-31 09:38:00,1.145,1.145,1.1445,1.1445,109341.0,71
2025-07-31 09:40:00,1.1445,1.1447,1.1445,1.1446,10153.1,35
2025-07-31 09:42:00,1.1446,1.1446,1.1444,1.1446,19907.7,43
2025-07-31 09:44:00,1.1446,1.1447,1.1445,1.1447,5714.7,35
2025-07-31 09:46:00,1.1447,1.1448,1.1445,1.1447,14588.2,40
2025-07-31 09:48:00,1.1447,1.1448,1.1445,1.1447,8232.4,32
2025-07-31 09:50:00,1.1446,1.1447,1.1444,1.1446,24584.1,62
2025-07-31 09:52:00,1.1445,1.1447,1.1443,1.1444,43439.1,168
2025-07-31 09:54:00,1.1444,1.1445,1.1443,1.1444,37610.9,64
2025-07-31 09:56:00,1.1443,1.1444,1.1442,1.1442,51058.5,100
2025-07-31 09:58:00,1.1443,1.1444,1.144,1.144,34591.5,71
2025-07-31 10:00:00,1.1441,1.1441,1.1439,1.144,67657.3,80
2025-07-31 10:02:00,1.144,1.144,1.1439,1.144,29210.1,65
2025-07-31 10:04:00,1.144,1.144,1.1438,1.1439,44912.9,59
2025-07-31 10:06:00,1.144,1.1441,1.1438,1.1439,36082.8,68
2025-07-31 10:08:00,1.1439,1.1443,1.1439,1.1441,27455.5,85
2025-07-31 10:10:00,1.1443,1.1443,1.144,1.1441,24003.5,58
2025-07-31 10:12:00,1.1441,1.1442,1.144,1.144,12352.1,34
2025-07-31 10:14:00,1.144,1.1442,1.144,1.1442,13356.3,39
2025-07-31 10:16:00,1.1441,1.1442,1.144,1.1441,8150.6,40
2025-07-31 10:18:00,1.1441,1.1442,1.144,1.1442,15871.3,32
2025-07-31 10:20:00,1.1442,1.1443,1.1441,1.1441,12253.8,42
2025-07-31 10:22:00,1.144,1.1441,1.1437,1.1439,51941.3,58
2025-07-31 10:24:00,1.1439,1.144,1.1438,1.144,18121.1,47
2025-07-31 10:26:00,1.144,1.144,1.1437,1.1437,20743.4,65
2025-07-31 10:28:00,1.1437,1.1437,1.1434,1.1435,16798.6,42
2025-07-31 10:30:00,1.1435,1.1435,1.1433,1.1434,29150.1,69
2025-07-31 10:32:00,1.1433,1.1434,1.1431,1.1432,43488.3,83
2025-07-31 10:34:00,1.1432,1.1432,1.1428,1.1431,33421.6,88
2025-07-31 10:36:00,1.143,1.1432,1.1429,1.143,37806.0,83
2025-07-31 10:38:00,1.143,1.1434,1.143,1.1433,22196.8,49
2025-07-31 10:40:00,1.1435,1.1436,1.1434,1.1434,7165.4,36
2025-07-31 10:42:00,1.1436,1.1437,1.1434,1.1435,24369.2,52
2025-07-31 10:44:00,1.1437,1.1438,1.1435,1.1436,15854.199999999999,38
2025-07-31 10:46:00,1.1436,1.1438,1.1436,1.1437,9297.7,29
2025-07-31 10:48:00,1.1437,1.1437,1.1435,1.1435,13499.2,48
2025-07-31 10:50:00,1.1436,1.1438,1.1435,1.1438,14581.3,43
2025-07-31 10:52:00,1.1438,1.144,1.1437,1.144,9214.8,41
2025-07-31 10:54:00,1.144,1.1441,1.1439,1.1439,7977.200000000001,20
2025-07-31 10:56:00,1.144,1.1444,1.1439,1.1444,22152.1,74
2025-07-31 10:58:00,1.1445,1.1445,1.1442,1.1442,22111.8,44
2025-07-31 11:00:00,1.1442,1.1443,1.1439,1.1441,30101.1,41
2025-07-31 11:02:00,1.1441,1.1441,1.1438,1.144,60476.299999999996,168
2025-07-31 11:04:00,1.1439,1.1442,1.1439,1.1442,28931.7,70
2025-07-31 11:06:00,1.1441,1.1444,1.144,1.1443,25480.9,66
2025-07-31 11:08:00,1.1442,1.1444,1.1441,1.1444,22180.1,48
2025-07-31 11:10:00,1.1444,1.1446,1.1443,1.1445,13659.7,35
2025-07-31 11:12:00,1.1445,1.1449,1.1445,1.1447,31797.7,47
2025-07-31 11:14:00,1.1447,1.1448,1.1445,1.1447,8851.5,40
2025-07-31 11:16:00,1.1448,1.1449,1.1446,1.1447,10408.4,35
2025-07-31 11:18:00,1.1447,1.1448,1.1445,1.1447,19615.8,51
2025-07-31 11:20:00,1.1447,1.1447,1.1442,1.1444,24827.4,45
2025-07-31 11:22:00,1.1444,1.1444,1.1441,1.1442,23898.1,44
2025-07-31 11:24:00,1.1442,1.1442,1.1439,1.144,14684.3,42
2025-07-31 11:26:00,1.1441,1.1442,1.144,1.1441,7388.3,27
2025-07-31 11:28:00,1.1442,1.1443,1.1441,1.1442,22573.5,54
2025-07-31 11:30:00,1.1442,1.1446,1.1441,1.1444,25133.1,55
2025-07-31 11:32:00,1.1443,1.1448,1.1443,1.1447,33439.7,58
2025-07-31 11:34:00,1.1446,1.1448,1.1445,1.1448,22982.3,44
2025-07-31 11:36:00,1.1446,1.1451,1.1446,1.1451,28818.0,55
2025-07-31 11:38:00,1.145,1.1451,1.1449,1.145,21852.7,44
2025-07-31 11:40:00,1.145,1.1451,1.1448,1.1449,23613.4,57
2025-07-31 11:42:00,1.1448,1.1449,1.1447,1.1447,18834.8,42
2025-07-31 11:44:00,1.1449,1.145,1.1447,1.1449,17534.2,72
2025-07-31 11:46:00,1.1448,1.1449,1.1447,1.1447,20665.6,44
2025-07-31 11:48:00,1.1447,1.1447,1.1444,1.1446,12423.7,36
2025-07-31 11:50:00,1.1445,1.1445,1.1442,1.1443,58374.4,50
2025-07-31 11:52:00,1.1443,1.1445,1.1442,1.1445,19860.5,66
2025-07-31 11:54:00,1.1445,1.1449,1.1445,1.1448,13400.5,64
2025-07-31 11:56:00,1.1448,1.1452,1.1448,1.1451,28456.399999999998,56
2025-07-31 11:58:00,1.1452,1.1454,1.1451,1.1453,15779.2,69
2025-07-31 12:00:00,1.1454,1.1454,1.1451,1.1453,14283.3,43
2025-07-31 12:02:00,1.1452,1.1456,1.1452,1.1455,24366.0,47
2025-07-31 12:04:00,1.1455,1.1456,1.1453,1.1455,10603.5,34
2025-07-31 12:06:00,1.1454,1.1455,1.1452,1.1453,16391.4,48
2025-07-31 12:08:00,1.1452,1.1453,1.1449,1.1451,22901.6,63
2025-07-31 12:10:00,1.1451,1.1451,1.1449,1.145,23676.7,51
2025-07-31 12:12:00,1.1449,1.1452,1.1449,1.1449,16953.8,47
2025-07-31 12:14:00,1.1449,1.1451,1.1447,1.1451,33164.4,115
2025-07-31 12:16:00,1.1451,1.1452,1.1447,1.1449,19242.7,44
2025-07-31 12:18:00,1.1449,1.1449,1.1445,1.1445,30665.5,96
2025-07-31 12:20:00,1.1445,1.1449,1.1444,1.1447,24555.5,100
2025-07-31 12:22:00,1.1448,1.145,1.1448,1.145,16570.6,54
2025-07-31 12:24:00,1.145,1.145,1.1448,1.1449,22498.2,66
2025-07-31 12:26:00,1.145,1.1452,1.1449,1.1451,16772.4,58
2025-07-31 12:28:00,1.1451,1.1451,1.1448,1.1449,40002.2,165
2025-07-31 12:30:00,1.1449,1.1449,1.1442,1.1445,63996.8,129
2025-07-31 12:32:00,1.1446,1.1447,1.144,1.1442,112924.0,238
2025-07-31 12:34:00,1.1442,1.1443,1.144,1.144,22465.8,94
2025-07-31 12:36:00,1.1441,1.1441,1.1439,1.144,22251.600000000002,51
2025-07-31 12:38:00,1.1439,1.1444,1.1439,1.1443,40713.3,118
2025-07-31 12:40:00,1.1443,1.1446,1.1443,1.1445,26610.2,89
2025-07-31 12:42:00,1.1445,1.1445,1.144,1.144,49233.6,87
2025-07-31 12:44:00,1.1441,1.1441,1.1437,1.1437,19360.7,54
2025-07-31 12:46:00,1.1438,1.1439,1.1435,1.1436,18773.6,64
2025-07-31 12:48:00,1.1436,1.1436,1.1431,1.1434,30307.0,82
2025-07-31 12:50:00,1.1434,1.1436,1.1433,1.1436,41411.9,56
2025-07-31 12:52:00,1.1434,1.1435,1.1431,1.1432,47203.3,62
2025-07-31 12:54:00,1.1432,1.1435,1.1431,1.1435,18504.8,71
2025-07-31 12:56:00,1.1434,1.1436,1.1432,1.1436,18717.2,84
2025-07-31 12:58:00,1.1435,1.1437,1.1434,1.1435,23576.600000000002,51
2025-07-31 13:00:00,1.1434,1.1436,1.1432,1.1432,36989.2,74
2025-07-31 13:02:00,1.1433,1.1434,1.1428,1.143,41570.7,145
2025-07-31 13:04:00,1.143,1.1434,1.1428,1.1429,84780.1,227
2025-07-31 13:06:00,1.1429,1.143,1.1426,1.1429,37320.8,132
2025-07-31 13:08:00,1.1428,1.1428,1.142,1.1421,27198.3,100
2025-07-31 13:10:00,1.1421,1.1423,1.1421,1.1423,23991.8,56
2025-07-31 13:12:00,1.1423,1.1424,1.1421,1.1423,34768.4,92
2025-07-31 13:14:00,1.1423,1.1424,1.1421,1.1424,17339.6,64
2025-07-31 13:16:00,1.1424,1.1425,1.1417,1.1417,54464.0,88
2025-07-31 13:18:00,1.1417,1.1422,1.1417,1.1421,93123.2,125
2025-07-31 13:20:00,1.142,1.1421,1.1418,1.142,48240.9,100
2025-07-31 13:22:00,1.1419,1.1422,1.1418,1.1421,31447.5,58
2025-07-31 13:24:00,1.1421,1.1421,1.1418,1.1418,11501.8,46
2025-07-31 13:26:00,1.1419,1.142,1.1416,1.1417,19308.0,72
2025-07-31 13:28:00,1.1416,1.1418,1.1414,1.1415,18900.8,66
2025-07-31 13:30:00,1.1415,1.1417,1.1415,1.1416,14119.7,62
2025-07-31 13:32:00,1.1417,1.1418,1.1415,1.1416,17554.0,56
2025-07-31 13:34:00,1.1416,1.1417,1.1413,1.1414,62578.2,139
2025-07-31 13:36:00,1.1414,1.1417,1.1413,1.1416,33899.9,64
2025-07-31 13:38:00,1.1415,1.1421,1.1414,1.1418,28725.1,96
2025-07-31 13:40:00,1.142,1.1422,1.1416,1.1417,84227.2,97
2025-07-31 13:42:00,1.1417,1.1419,1.1415,1.1418,146748.1,127
2025-07-31 13:44:00,1.1418,1.142,1.1417,1.1418,20965.8,63
2025-07-31 13:46:00,1.1418,1.142,1.1417,1.1418,22113.399999999998,63
2025-07-31 13:48:00,1.1417,1.1421,1.1417,1.142,21600.9,51
2025-07-31 13:50:00,1.142,1.1422,1.1418,1.1419,77560.59999999999,76
2025-07-31 13:52:00,1.1419,1.1419,1.1416,1.1418,75655.7,75
2025-07-31 13:54:00,1.1419,1.142,1.1416,1.1418,23523.4,61
2025-07-31 13:56:00,1.1417,1.1419,1.1415,1.1417,28837.9,109
2025-07-31 13:58:00,1.1416,1.1417,1.1415,1.1417,130271.8,141
2025-07-31 14:00:00,1.1417,1.1418,1.1415,1.1416,49031.1,72
2025-07-31 14:02:00,1.1415,1.1417,1.1414,1.1415,29996.2,63
2025-07-31 14:04:00,1.1414,1.1417,1.1414,1.1416,17692.2,49
2025-07-31 14:06:00,1.1416,1.1416,1.1413,1.1414,22200.600000000002,67
2025-07-31 14:08:00,1.1413,1.1415,1.1412,1.1415,31578.8,73
2025-07-31 14:10:00,1.1414,1.1419,1.1414,1.1418,14602.1,41
2025-07-31 14:12:00,1.1418,1.1421,1.1417,1.1421,58634.0,134
2025-07-31 14:14:00,1.1422,1.1425,1.1421,1.1425,23606.1,61
2025-07-31 14:16:00,1.1425,1.1429,1.1424,1.1426,54745.9,138
2025-07-31 14:18:00,1.1425,1.1429,1.1425,1.1425,55622.4,174
2025-07-31 14:20:00,1.1426,1.1428,1.1423,1.1423,54389.1,177
2025-07-31 14:22:00,1.1422,1.1423,1.142,1.1423,53279.1,138
2025-07-31 14:24:00,1.1424,1.1426,1.1424,1.1425,49649.7,90
2025-07-31 14:26:00,1.1424,1.1429,1.1424,1.1427,55773.3,154
2025-07-31 14:28:00,1.1427,1.143,1.1427,1.143,36266.1,84
2025-07-31 14:30:00,1.1429,1.1436,1.1429,1.1434,95008.6,137
2025-07-31 14:32:00,1.1435,1.1437,1.1431,1.1431,35535.2,67
2025-07-31 14:34:00,1.1431,1.1436,1.143,1.1436,37263.4,97
2025-07-31 14:36:00,1.1436,1.1437,1.1435,1.1436,33957.5,67
2025-07-31 14:38:00,1.1437,1.1439,1.1436,1.1438,19471.5,40
2025-07-31 14:40:00,1.1437,1.144,1.1436,1.144,20440.6,76
2025-07-31 14:42:00,1.144,1.1443,1.1439,1.1443,51496.9,143
2025-07-31 14:44:00,1.1442,1.1444,1.1441,1.1442,24682.6,69
2025-07-31 14:46:00,1.1442,1.1443,1.1439,1.1441,58959.4,134
2025-07-31 14:48:00,1.1442,1.1445,1.1441,1.1443,39752.0,125
2025-07-31 14:50:00,1.1443,1.1448,1.1442,1.1447,29824.3,76
2025-07-31 14:52:00,1.1447,1.1449,1.1445,1.1448,38402.5,136
2025-07-31 14:54:00,1.1448,1.145,1.1444,1.1446,41439.5,102
2025-07-31 14:56:00,1.1445,1.1448,1.1444,1.1447,34428.6,113
2025-07-31 14:58:00,1.1446,1.1448,1.1444,1.1446,31487.2,97
2025-07-31 15:00:00,1.1445,1.1446,1.1442,1.1444,24244.3,45
2025-07-31 15:02:00,1.1444,1.1445,1.1442,1.1444,34964.299999999996,52
2025-07-31 15:04:00,1.1444,1.1448,1.1443,1.1443,38635.6,109
2025-07-31 15:06:00,1.1443,1.1448,1.1443,1.1447,24580.1,92
2025-07-31 15:08:00,1.1447,1.1448,1.1445,1.1445,21621.4,59
2025-07-31 15:10:00,1.1445,1.1446,1.1438,1.144,56959.9,133
2025-07-31 15:12:00,1.144,1.1446,1.1439,1.1446,50448.0,118
2025-07-31 15:14:00,1.1444,1.1447,1.1444,1.1446,43388.3,72
2025-07-31 15:16:00,1.1446,1.145,1.1445,1.1447,65615.5,155
2025-07-31 15:18:00,1.1448,1.145,1.1444,1.1444,45157.2,104
2025-07-31 15:20:00,1.1445,1.1446,1.1443,1.1444,20392.1,89
2025-07-31 15:22:00,1.1444,1.1444,1.144,1.1441,35005.2,82
2025-07-31 15:24:00,1.1441,1.1442,1.1436,1.1437,27087.4,99
2025-07-31 15:26:00,1.1436,1.1437,1.1435,1.1435,30519.8,75
2025-07-31 15:28:00,1.1435,1.1435,1.1432,1.1435,30146.2,136
2025-07-31 15:30:00,1.1434,1.1437,1.1433,1.1435,19906.1,64
2025-07-31 15:32:00,1.1436,1.1438,1.1435,1.1435,46921.6,70
2025-07-31 15:34:00,1.1435,1.1441,1.1435,1.1441,70513.2,114
2025-07-31 15:36:00,1.1442,1.1442,1.144,1.144,14058.7,47
2025-07-31 15:38:00,1.1441,1.1442,1.1439,1.144,20502.4,60
2025-07-31 15:40:00,1.1441,1.1441,1.1436,1.1436,34403.7,93
2025-07-31 15:42:00,1.1437,1.1437,1.1431,1.1432,31047.9,73
2025-07-31 15:44:00,1.1432,1.1435,1.1432,1.1433,21845.5,43
2025-07-31 15:46:00,1.1434,1.1434,1.1431,1.1431,25788.3,64
2025-07-31 15:48:00,1.1432,1.1436,1.1432,1.1432,33370.8,105
2025-07-31 15:50:00,1.1433,1.1434,1.143,1.1433,34110.7,93
2025-07-31 15:52:00,1.1433,1.1434,1.1431,1.1433,19109.2,61
2025-07-31 15:54:00,1.1433,1.1439,1.1433,1.1439,28621.4,92
2025-07-31 15:56:00,1.1439,1.144,1.1433,1.1435,28292.0,70
2025-07-31 15:58:00,1.1435,1.1435,1.143,1.1432,31638.5,60
2025-07-31 16:00:00,1.143,1.1434,1.1428,1.1431,28101.7,87
2025-07-31 16:02:00,1.1431,1.1432,1.1428,1.1428,29080.7,65
2025-07-31 16:04:00,1.1429,1.143,1.1428,1.1428,18142.8,57
2025-07-31 16:06:00,1.1429,1.143,1.1427,1.1429,5023.0,30
2025-07-31 16:08:00,1.143,1.143,1.1427,1.1429,13483.2,59
2025-07-31 16:10:00,1.1429,1.1429,1.1423,1.1425,11979.9,81
2025-07-31 16:12:00,1.1425,1.1429,1.1423,1.1428,26326.8,68
2025-07-31 16:14:00,1.1427,1.143,1.1426,1.1429,30729.6,161
2025-07-31 16:16:00,1.143,1.1431,1.1428,1.1429,20058.5,87
2025-07-31 16:18:00,1.1429,1.1429,1.1425,1.1426,14279.6,40
2025-07-31 16:20:00,1.1425,1.1427,1.1424,1.1426,16938.600000000002,67
2025-07-31 16:22:00,1.1425,1.1429,1.1425,1.1428,22126.8,81
2025-07-31 16:24:00,1.1427,1.143,1.1427,1.143,7350.0,35
2025-07-31 16:26:00,1.1428,1.143,1.1425,1.1425,13787.1,126
2025-07-31 16:28:00,1.1425,1.1427,1.1425,1.1425,17758.6,98
2025-07-31 16:30:00,1.1425,1.1428,1.1424,1.1427,30325.2,114
2025-07-31 16:32:00,1.1426,1.1427,1.1425,1.1426,19350.3,58
2025-07-31 16:34:00,1.1426,1.143,1.1425,1.1429,42133.5,75
2025-07-31 16:36:00,1.143,1.143,1.1427,1.143,161144.0,164
2025-07-31 16:38:00,1.1429,1.1431,1.1428,1.143,30267.899999999998,71
2025-07-31 16:40:00,1.1429,1.143,1.1425,1.1427,41994.3,111
2025-07-31 16:42:00,1.1427,1.1428,1.1426,1.1427,19814.3,65
2025-07-31 16:44:00,1.1428,1.1428,1.1425,1.1426,24895.2,62
2025-07-31 16:46:00,1.1427,1.1427,1.1424,1.1425,24237.4,114
2025-07-31 16:48:00,1.1424,1.1426,1.1424,1.1425,14372.9,121
2025-07-31 16:50:00,1.1425,1.1428,1.1425,1.1427,7386.5,105
2025-07-31 16:52:00,1.1427,1.1427,1.1424,1.1426,19965.8,72
2025-07-31 16:54:00,1.1425,1.1428,1.1425,1.1428,18972.9,56
2025-07-31 16:56:00,1.1428,1.1428,1.1424,1.1425,20674.1,57
2025-07-31 16:58:00,1.1425,1.1426,1.1424,1.1426,10208.3,52
2025-07-31 17:00:00,1.1426,1.1426,1.1424,1.1424,7591.6,33
2025-07-31 17:02:00,1.1425,1.1426,1.1423,1.1425,25068.5,58
2025-07-31 17:04:00,1.1425,1.1426,1.1423,1.1425,23236.6,65
2025-07-31 17:06:00,1.1424,1.1425,1.1423,1.1424,12313.9,48
2025-07-31 17:08:00,1.1424,1.1426,1.1423,1.1424,11908.800000000001,48
2025-07-31 17:10:00,1.1425,1.1426,1.1424,1.1424,10773.0,39
2025-07-31 17:12:00,1.1424,1.1425,1.1422,1.1422,8422.4,40
2025-07-31 17:14:00,1.1422,1.1423,1.142,1.1423,21146.1,47
2025-07-31 17:16:00,1.1423,1.1424,1.1421,1.1422,19166.5,56
2025-07-31 17:18:00,1.1423,1.1424,1.1422,1.1423,11305.6,52
2025-07-31 17:20:00,1.1423,1.1425,1.1421,1.1422,22998.4,76
2025-07-31 17:22:00,1.1422,1.1423,1.1418,1.1423,15732.8,55
2025-07-31 17:24:00,1.1422,1.1425,1.1422,1.1423,19477.8,54
2025-07-31 17:26:00,1.1424,1.1425,1.1422,1.1424,62537.6,84
2025-07-31 17:28:00,1.1422,1.1426,1.1422,1.1423,33426.8,89
2025-07-31 17:30:00,1.1425,1.1425,1.1423,1.1425,28875.5,96
2025-07-31 17:32:00,1.1425,1.1425,1.1422,1.1422,22548.1,71
2025-07-31 17:34:00,1.1422,1.1425,1.1421,1.1423,20366.1,62
2025-07-31 17:36:00,1.1423,1.1426,1.1423,1.1424,20528.9,56
2025-07-31 17:38:00,1.1425,1.1426,1.1423,1.1424,12556.800000000001,54
2025-07-31 17:40:00,1.1425,1.1426,1.1423,1.1425,20875.6,75
2025-07-31 17:42:00,1.1424,1.1425,1.1423,1.1424,17214.8,45
2025-07-31 17:44:00,1.1423,1.1425,1.1423,1.1424,19736.8,72
2025-07-31 17:46:00,1.1424,1.1426,1.1423,1.1425,21579.9,83
2025-07-31 17:48:00,1.1426,1.1426,1.1421,1.1421,17073.1,65
2025-07-31 17:50:00,1.1422,1.1422,1.1419,1.1419,14063.3,64
2025-07-31 17:52:00,1.142,1.1423,1.1419,1.1421,34261.0,65
2025-07-31 17:54:00,1.1421,1.1423,1.142,1.142,15615.3,70
2025-07-31 17:56:00,1.1421,1.1422,1.142,1.1422,10003.9,44
2025-07-31 17:58:00,1.1421,1.1422,1.142,1.142,20078.3,46
2025-07-31 18:00:00,1.1422,1.1422,1.1416,1.1418,15814.8,68
2025-07-31 18:02:00,1.1418,1.1419,1.1416,1.1418,13106.4,60
2025-07-31 18:04:00,1.1418,1.1421,1.1417,1.1419,26345.7,86
2025-07-31 18:06:00,1.1419,1.1422,1.1419,1.1422,27929.3,101
2025-07-31 18:08:00,1.1422,1.1424,1.1421,1.1423,43771.8,121
2025-07-31 18:10:00,1.1424,1.1424,1.1422,1.1423,17536.4,72
2025-07-31 18:12:00,1.1422,1.1423,1.1422,1.1422,11082.4,60
2025-07-31 18:14:00,1.1423,1.1423,1.1421,1.1423,11324.4,40
2025-07-31 18:16:00,1.1422,1.1425,1.1422,1.1423,9970.300000000001,40
2025-07-31 18:18:00,1.1423,1.1425,1.1423,1.1425,9782.9,33
2025-07-31 18:20:00,1.1424,1.1428,1.1424,1.1427,23298.2,52
2025-07-31 18:22:00,1.1426,1.1429,1.1426,1.1427,15814.9,51
2025-07-31 18:24:00,1.1428,1.1429,1.1427,1.1428,11499.6,53
2025-07-31 18:26:00,1.1428,1.1431,1.1428,1.143,56181.8,56
2025-07-31 18:28:00,1.143,1.1431,1.1428,1.1428,44095.6,59
2025-07-31 18:30:00,1.1429,1.143,1.1426,1.1428,28352.100000000002,39
2025-07-31 18:32:00,1.1428,1.1431,1.1428,1.143,8879.5,39
2025-07-31 18:34:00,1.1431,1.1433,1.143,1.1432,7819.1,44
2025-07-31 18:36:00,1.1432,1.1434,1.1431,1.1433,10925.3,46
2025-07-31 18:38:00,1.1432,1.1433,1.1432,1.1433,6843.8,27
2025-07-31 18:40:00,1.1433,1.1433,1.1431,1.1433,4824.7,27
2025-07-31 18:42:00,1.1432,1.1433,1.1429,1.1431,12910.800000000001,42
2025-07-31 18:44:00,1.1431,1.1432,1.143,1.1431,6153.3,33
2025-07-31 18:46:00,1.1431,1.1432,1.1431,1.1431,9263.1,34
2025-07-31 18:48:00,1.1431,1.1432,1.1428,1.1429,11999.1,52
2025-07-31 18:50:00,1.1429,1.1429,1.1427,1.1428,11224.3,51
2025-07-31 18:52:00,1.1429,1.143,1.1427,1.1427,6674.4,30
2025-07-31 18:54:00,1.1428,1.1428,1.1426,1.1426,11344.6,69
2025-07-31 18:56:00,1.1426,1.1427,1.1425,1.1426,24716.4,49
2025-07-31 18:58:00,1.1428,1.143,1.1426,1.1428,5417.4,33
2025-07-31 19:00:00,1.143,1.1433,1.1429,1.1433,11249.699999999999,62
2025-07-31 19:02:00,1.1432,1.1434,1.143,1.143,22308.100000000002,74
2025-07-31 19:04:00,1.1431,1.1432,1.1428,1.1431,29679.5,106
2025-07-31 19:06:00,1.1431,1.1433,1.143,1.1431,14840.0,58
2025-07-31 19:08:00,1.143,1.1432,1.1429,1.1431,24439.3,88
2025-07-31 19:10:00,1.1429,1.1432,1.1429,1.1432,18529.6,64
2025-07-31 19:12:00,1.1432,1.1434,1.1429,1.143,69444.1,112
2025-07-31 19:14:00,1.1431,1.1431,1.1428,1.1429,80369.1,129
2025-07-31 19:16:00,1.1428,1.1429,1.1428,1.1428,13938.5,39
2025-07-31 19:18:00,1.1428,1.1429,1.1427,1.1428,20676.5,54
2025-07-31 19:20:00,1.1429,1.1429,1.1427,1.1428,26061.6,48
2025-07-31 19:22:00,1.1429,1.143,1.1428,1.143,10982.2,40
2025-07-31 19:24:00,1.1428,1.143,1.1428,1.1429,19226.8,86
2025-07-31 19:26:00,1.1429,1.1431,1.1428,1.1429,38326.1,65
2025-07-31 19:28:00,1.143,1.1431,1.1429,1.1431,16885.9,36
2025-07-31 19:30:00,1.1429,1.1431,1.1428,1.1431,19779.3,52
2025-07-31 19:32:00,1.143,1.1431,1.1428,1.1429,13836.1,36
2025-07-31 19:34:00,1.143,1.1431,1.1428,1.143,32888.0,43
2025-07-31 19:36:00,1.143,1.1432,1.1428,1.1431,126689.9,64
2025-07-31 19:38:00,1.1431,1.1432,1.143,1.143,14182.4,43
2025-07-31 19:40:00,1.143,1.1431,1.1429,1.1429,22998.6,60
2025-07-31 19:42:00,1.143,1.1431,1.1429,1.1431,22424.0,71
2025-07-31 19:44:00,1.1431,1.1432,1.143,1.1432,35336.5,118
2025-07-31 19:46:00,1.1432,1.1433,1.1431,1.1431,32241.9,50
2025-07-31 19:48:00,1.1432,1.1432,1.1429,1.143,64453.0,177
2025-07-31 19:50:00,1.1429,1.1431,1.1429,1.1429,53506.2,86
2025-07-31 19:52:00,1.1429,1.1429,1.1423,1.1423,67145.90000000001,105
2025-07-31 19:54:00,1.1422,1.1424,1.1419,1.1419,23994.8,53
2025-07-31 19:56:00,1.142,1.1422,1.1417,1.1417,38239.6,49
2025-07-31 19:58:00,1.1418,1.1418,1.1415,1.1415,24313.0,33
2025-07-31 20:00:00,1.1416,1.1416,1.1413,1.1414,22134.3,74
2025-07-31 20:02:00,1.1414,1.1417,1.1413,1.1416,61286.200000000004,58
2025-07-31 20:04:00,1.1416,1.1421,1.1416,1.1419,26088.5,75
2025-07-31 20:06:00,1.142,1.1421,1.1418,1.1418,31155.6,69
2025-07-31 20:08:00,1.1418,1.142,1.1415,1.1415,48249.0,90
2025-07-31 20:10:00,1.1416,1.1417,1.1414,1.1416,22854.5,59
2025-07-31 20:12:00,1.1415,1.1417,1.1414,1.1414,46514.0,84
2025-07-31 20:14:00,1.1415,1.1416,1.1413,1.1414,32557.3,38
2025-07-31 20:16:00,1.1414,1.1417,1.1414,1.1416,13598.0,40
2025-07-31 20:18:00,1.1417,1.1417,1.1414,1.1415,28136.8,50
2025-07-31 20:20:00,1.1416,1.1418,1.1415,1.1416,13639.7,39
2025-07-31 20:22:00,1.1415,1.1416,1.1415,1.1416,21191.6,34
2025-07-31 20:24:00,1.1416,1.1416,1.1414,1.1414,12310.4,48
2025-07-31 20:26:00,1.1415,1.1416,1.1413,1.1415,31581.1,46
2025-07-31 20:28:00,1.1415,1.1415,1.1413,1.1414,16384.9,24
2025-07-31 20:30:00,1.1413,1.1414,1.1412,1.1412,185681.6,202
2025-07-31 20:32:00,1.1413,1.1414,1.1412,1.1414,37822.3,60
2025-07-31 20:34:00,1.1413,1.1413,1.1412,1.1413,33423.5,37
2025-07-31 20:36:00,1.1412,1.1413,1.1411,1.1413,16396.4,36
2025-07-31 20:38:00,1.1413,1.1413,1.1411,1.1412,17596.6,45
2025-07-31 20:40:00,1.1412,1.1413,1.141,1.1412,31558.3,48
2025-07-31 20:42:00,1.1411,1.1413,1.141,1.141,23412.5,55
2025-07-31 20:44:00,1.141,1.1412,1.1408,1.1408,16639.6,46
2025-07-31 20:46:00,1.141,1.1411,1.1408,1.141,28825.9,36
2025-07-31 20:48:00,1.141,1.1413,1.141,1.1412,42122.2,75
2025-07-31 20:50:00,1.1412,1.1415,1.1411,1.1415,18774.8,43
2025-07-31 20:52:00,1.1415,1.1415,1.1412,1.1412,8080.3,40
2025-07-31 20:54:00,1.1414,1.1416,1.1412,1.1415,36055.799999999996,53
2025-07-31 20:56:00,1.1415,1.1418,1.1414,1.1415,30316.9,96
2025-07-31 20:58:00,1.1416,1.1416,1.1413,1.1413,6671.8,28
2025-07-31 21:00:00,1.1414,1.1415,1.1413,1.1414,10349.2,61
2025-07-31 21:02:00,1.1415,1.1415,1.1413,1.1414,15778.9,44
2025-07-31 21:04:00,1.1415,1.1416,1.1414,1.1415,19362.8,53
2025-07-31 21:06:00,1.1416,1.1418,1.1415,1.1417,14869.9,43
2025-07-31 21:08:00,1.1417,1.1418,1.1417,1.1418,6233.8,38
2025-07-31 21:10:00,1.1417,1.1418,1.1416,1.1417,18749.6,52
2025-07-31 21:12:00,1.1417,1.1418,1.1415,1.1417,19097.9,55
2025-07-31 21:14:00,1.1416,1.1417,1.1415,1.1415,9041.5,51
2025-07-31 21:16:00,1.1415,1.1416,1.1415,1.1415,38211.9,40
2025-07-31 21:18:00,1.1415,1.1416,1.1415,1.1415,27334.0,42
2025-07-31 21:20:00,1.1415,1.1416,1.1414,1.1414,20644.8,52
2025-07-31 21:22:00,1.1414,1.1416,1.1414,1.1414,10348.4,41
2025-07-31 21:24:00,1.1414,1.1416,1.1414,1.1415,17899.9,48
2025-07-31 21:26:00,1.1415,1.1417,1.1414,1.1416,34717.7,62
2025-07-31 21:28:00,1.1416,1.1417,1.1415,1.1416,12970.6,33
2025-07-31 21:30:00,1.1417,1.1417,1.1415,1.1417,12238.5,62
2025-07-31 21:32:00,1.1417,1.1419,1.1416,1.1418,74521.6,107
2025-07-31 21:34:00,1.1418,1.1419,1.1416,1.1416,25693.5,57
2025-07-31 21:36:00,1.1416,1.1418,1.1416,1.1416,7023.2,35
2025-07-31 21:38:00,1.1416,1.1417,1.1416,1.1416,17566.4,34
2025-07-31 21:40:00,1.1417,1.1418,1.1416,1.1416,21680.0,46
2025-07-31 21:42:00,1.1417,1.1417,1.1416,1.1416,36207.3,56
2025-07-31 21:44:00,1.1416,1.1418,1.1415,1.1418,21179.0,43
2025-07-31 21:46:00,1.1417,1.1417,1.1416,1.1416,19029.0,56
2025-07-31 21:48:00,1.1416,1.1417,1.1416,1.1416,23732.9,41
2025-07-31 21:50:00,1.1416,1.1417,1.1415,1.1415,18234.7,32
2025-07-31 21:52:00,1.1415,1.1416,1.1413,1.1413,200768.3,210
2025-07-31 21:54:00,1.1415,1.1415,1.1413,1.1414,42627.4,60
2025-07-31 21:56:00,1.1415,1.1417,1.1413,1.1414,134215.3,119
2025-07-31 21:58:00,1.1413,1.1415,1.1412,1.1412,31331.9,55
2025-07-31 22:00:00,1.1412,1.1416,1.1412,1.1416,33220.4,69
2025-07-31 22:02:00,1.1414,1.1414,1.1412,1.1413,9394.3,40
2025-07-31 22:04:00,1.1413,1.1414,1.1411,1.1412,19726.3,44
2025-07-31 22:06:00,1.1414,1.1415,1.1412,1.1413,21362.0,73
2025-07-31 22:08:00,1.1413,1.1415,1.1413,1.1413,17171.100000000002,46
2025-07-31 22:10:00,1.1413,1.1416,1.1413,1.1413,40384.9,80
2025-07-31 22:12:00,1.1413,1.1414,1.1412,1.1414,12218.6,49
2025-07-31 22:14:00,1.1412,1.1413,1.1412,1.1413,11775.5,40
2025-07-31 22:16:00,1.1412,1.1414,1.1412,1.1414,29153.100000000002,32
2025-07-31 22:18:00,1.1412,1.1414,1.1412,1.1414,12619.2,54
2025-07-31 22:20:00,1.1414,1.1415,1.1412,1.1413,20284.899999999998,49
2025-07-31 22:22:00,1.1414,1.1414,1.1412,1.1412,12346.7,35
2025-07-31 22:24:00,1.1413,1.1414,1.1411,1.1412,7787.099999999999,40
2025-07-31 22:26:00,1.1414,1.1414,1.1412,1.1413,5328.4,21
2025-07-31 22:28:00,1.1414,1.1415,1.1413,1.1413,8218.3,27
2025-07-31 22:30:00,1.1414,1.1416,1.1412,1.1416,14005.6,67
2025-07-31 22:32:00,1.1417,1.1418,1.1416,1.1417,15962.3,52
2025-07-31 22:34:00,1.1418,1.1419,1.1417,1.1418,13284.6,36
2025-07-31 22:36:00,1.1416,1.1418,1.1415,1.1417,20491.8,37
2025-07-31 22:38:00,1.1415,1.1419,1.1415,1.1417,20123.0,56
2025-07-31 22:40:00,1.1417,1.1419,1.1416,1.1418,11443.1,39
2025-07-31 22:42:00,1.1418,1.1418,1.1416,1.1416,8644.4,32
2025-07-31 22:44:00,1.1418,1.1419,1.1416,1.1417,8875.6,43
2025-07-31 22:46:00,1.1417,1.1419,1.1417,1.1417,12098.4,41
2025-07-31 22:48:00,1.1418,1.1419,1.1416,1.1416,12919.0,69
2025-07-31 22:50:00,1.1416,1.1417,1.1415,1.1416,24008.9,50
2025-07-31 22:52:00,1.1415,1.1415,1.1413,1.1414,10791.9,25
2025-07-31 22:54:00,1.1414,1.1415,1.1413,1.1415,11874.6,32
2025-07-31 22:56:00,1.1414,1.1414,1.1412,1.1412,11573.2,36
2025-07-31 22:58:00,1.1413,1.1414,1.1411,1.1413,20808.9,36
2025-07-31 23:00:00,1.1413,1.1416,1.1412,1.1415,40402.5,63
2025-07-31 23:02:00,1.1415,1.1418,1.1415,1.1417,19854.600000000002,58
2025-07-31 23:04:00,1.1418,1.1419,1.1415,1.1415,26273.1,61
2025-07-31 23:06:00,1.1415,1.1417,1.1414,1.1416,2762.1,28
2025-07-31 23:08:00,1.1415,1.1419,1.1414,1.1417,6289.3,31
2025-07-31 23:10:00,1.1418,1.142,1.1416,1.1416,21157.3,36
2025-07-31 23:12:00,1.1417,1.1418,1.1414,1.1414,13505.1,34
2025-07-31 23:14:00,1.1415,1.1416,1.1411,1.1413,13315.5,22
2025-07-31 23:16:00,1.1411,1.1412,1.1409,1.1409,2514.3,9
2025-07-31 23:18:00,1.1411,1.1412,1.141,1.1411,3282.6,16
2025-07-31 23:20:00,1.141,1.141,1.1407,1.1408,11455.9,47
2025-07-31 23:22:00,1.1409,1.1411,1.1408,1.141,8420.5,21
2025-07-31 23:24:00,1.1411,1.1413,1.141,1.1413,24679.3,37
2025-07-31 23:26:00,1.1412,1.1412,1.141,1.1412,4987.8,26
2025-07-31 23:28:00,1.1412,1.1416,1.1412,1.1414,6736.0,31
2025-07-31 23:30:00,1.1413,1.1414,1.141,1.1412,10681.8,47
2025-07-31 23:32:00,1.1411,1.1413,1.1409,1.141,52785.5,140
2025-07-31 23:34:00,1.1409,1.1411,1.1408,1.1411,9875.699999999999,30
2025-07-31 23:36:00,1.1411,1.1412,1.1409,1.1409,8504.5,29
2025-07-31 23:38:00,1.1409,1.141,1.1408,1.1409,7098.9,21
2025-07-31 23:40:00,1.1409,1.141,1.1406,1.1408,39373.1,116
2025-07-31 23:42:00,1.1408,1.1415,1.1407,1.1414,11294.5,64
2025-07-31 23:44:00,1.1415,1.1417,1.1414,1.1417,14041.7,31
2025-07-31 23:46:00,1.1417,1.1418,1.1417,1.1417,14356.9,40
2025-07-31 23:48:00,1.1417,1.142,1.1417,1.1419,11767.0,29
2025-07-31 23:50:00,1.1419,1.1421,1.1419,1.1419,8668.199999999999,33
2025-07-31 23:52:00,1.1419,1.1421,1.1419,1.1421,17706.0,53
2025-07-31 23:54:00,1.142,1.1421,1.142,1.142,4540.0,17
2025-07-31 23:56:00,1.1419,1.142,1.1418,1.1418,4619.9,19
2025-07-31 23:58:00,1.1418,1.1419,1.1417,1.1418,5214.1,22
